unsigned char RoundedMplus1c_Bold_reduced_ttf[] = {
  0x00, 0x01, 0x00, 0x00, 0x00, 0x12, 0x01, 0x00, 0x00, 0x04, 0x00, 0x20,
  0x44, 0x53, 0x49, 0x47, 0x00, 0x00, 0x00, 0x01, 0x00, 0x02, 0x24, 0x04,
  0x00, 0x00, 0x00, 0x08, 0x47, 0x44, 0x45, 0x46, 0x1f, 0x9a, 0x1b, 0x41,
  0x00, 0x01, 0xed, 0xa4, 0x00, 0x00, 0x00, 0xba, 0x47, 0x50, 0x4f, 0x53,
  0x4d, 0x10, 0x4b, 0x34, 0x00, 0x01, 0xee, 0x60, 0x00, 0x00, 0x2f, 0xba,
  0x47, 0x53, 0x55, 0x42, 0x20, 0x47, 0x72, 0x26, 0x00, 0x02, 0x1e, 0x1c,
  0x00, 0x00, 0x05, 0xe8, 0x4f, 0x53, 0x2f, 0x32, 0x62, 0x7d, 0x1e, 0xfe,
  0x00, 0x00, 0x01, 0xa8, 0x00, 0x00, 0x00, 0x60, 0x63, 0x6d, 0x61, 0x70,
  0xf1, 0x83, 0xfc, 0x91, 0x00, 0x00, 0x0a, 0x44, 0x00, 0x00, 0x04, 0xfc,
  0x63, 0x76, 0x74, 0x20, 0x16, 0xec, 0x06, 0xf1, 0x00, 0x00, 0x1e, 0x0c,
  0x00, 0x00, 0x00, 0x60, 0x66, 0x70, 0x67, 0x6d, 0x62, 0x2e, 0xff, 0x7d,
  0x00, 0x00, 0x0f, 0x40, 0x00, 0x00, 0x0e, 0x0c, 0x67, 0x61, 0x73, 0x70,
  0x00, 0x00, 0x00, 0x10, 0x00, 0x01, 0xed, 0x9c, 0x00, 0x00, 0x00, 0x08,
  0x67, 0x6c, 0x79, 0x66, 0xe4, 0x86, 0x55, 0xbe, 0x00, 0x00, 0x22, 0x8c,
  0x00, 0x01, 0xb8, 0x18, 0x68, 0x65, 0x61, 0x64, 0x1d, 0x70, 0x76, 0x9c,
  0x00, 0x00, 0x01, 0x2c, 0x00, 0x00, 0x00, 0x36, 0x68, 0x68, 0x65, 0x61,
  0x08, 0x0d, 0x03, 0xbd, 0x00, 0x00, 0x01, 0x64, 0x00, 0x00, 0x00, 0x24,
  0x68, 0x6d, 0x74, 0x78, 0xac, 0x65, 0x5e, 0x92, 0x00, 0x00, 0x02, 0x08,
  0x00, 0x00, 0x08, 0x3c, 0x6c, 0x6f, 0x63, 0x61, 0x73, 0x29, 0xe1, 0x78,
  0x00, 0x00, 0x1e, 0x6c, 0x00, 0x00, 0x04, 0x20, 0x6d, 0x61, 0x78, 0x70,
  0x03, 0x74, 0x0e, 0xd4, 0x00, 0x00, 0x01, 0x88, 0x00, 0x00, 0x00, 0x20,
  0x6e, 0x61, 0x6d, 0x65, 0x67, 0xc3, 0x8d, 0x11, 0x00, 0x01, 0xda, 0xa4,
  0x00, 0x00, 0x04, 0x60, 0x70, 0x6f, 0x73, 0x74, 0xe3, 0x72, 0xd9, 0xf0,
  0x00, 0x01, 0xdf, 0x04, 0x00, 0x00, 0x0e, 0x97, 0x70, 0x72, 0x65, 0x70,
  0xdb, 0xa4, 0x56, 0x0e, 0x00, 0x00, 0x1d, 0x4c, 0x00, 0x00, 0x00, 0xbd,
  0x00, 0x01, 0x00, 0x00, 0x00, 0x01, 0x00, 0x83, 0x8d, 0xa9, 0x91, 0xe8,
  0x5f, 0x0f, 0x3c, 0xf5, 0x00, 0x0f, 0x03, 0xe8, 0x00, 0x00, 0x00, 0x00,
  0xdc, 0xeb, 0xd2, 0xbb, 0x00, 0x00, 0x00, 0x00, 0xdd, 0x3e, 0x5e, 0xbb,
  0xff, 0x6c, 0xfe, 0xf9, 0x04, 0xb6, 0x04, 0xc7, 0x00, 0x01, 0x00, 0x06,
  0x00, 0x02, 0x00, 0x00, 0x00, 0x00, 0x00, 0x00, 0x00, 0x01, 0x00, 0x00,
  0x03, 0xe8, 0xfe, 0xf7, 0x00, 0x00, 0x04, 0xe9, 0xff, 0x6c, 0xfd, 0xcd,
  0x04, 0xb6, 0x00, 0x01, 0x00, 0x00, 0x00, 0x00, 0x00, 0x00, 0x00, 0x00,
  0x00, 0x00, 0x00, 0x00, 0x00, 0x00, 0x02, 0x0f, 0x00, 0x01, 0x00, 0x00,
  0x02, 0x0f, 0x00, 0x6f, 0x00, 0x07, 0x00, 0x00, 0x00, 0x00, 0x00, 0x02,
  0x00, 0x2a, 0x00, 0x57, 0x00, 0x8d, 0x00, 0x00, 0x00, 0xa6, 0x0e, 0x0c,
  0x00, 0x00, 0x00, 0x00, 0x00, 0x04, 0x02, 0x63, 0x02, 0xbc, 0x00, 0x05,
  0x00, 0x00, 0x02, 0x8a, 0x02, 0x58, 0x00, 0x00, 0x00, 0x4b, 0x02, 0x8a,
  0x02, 0x58, 0x00, 0x00, 0x01, 0x5e, 0x00, 0x32, 0x01, 0x3e, 0x00, 0x00,
  0x00, 0x00, 0x00, 0x00, 0x00, 0x00, 0x00, 0x00, 0x00, 0x00, 0xa0, 0x00,
  0x00, 0x6f, 0x00, 0x00, 0x00, 0x5b, 0x00, 0x00, 0x00, 0x00, 0x00, 0x00,
  0x00, 0x00, 0x4e, 0x4f, 0x4e, 0x45, 0x00, 0xa0, 0x00, 0x0d, 0x22, 0x65,
  0x03, 0xe8, 0xfe, 0xf7, 0x00, 0x00, 0x04, 0xed, 0x01, 0x09, 0x00, 0x00,
  0x01, 0x13, 0x00, 0x00, 0x00, 0x00, 0x02, 0x12, 0x02, 0xe4, 0x00, 0x00,
  0x00, 0x20, 0x00, 0x06, 0x01, 0xf4, 0x00, 0x00, 0x03, 0x01, 0x00, 0x1e,
  0x03, 0x01, 0x00, 0x1e, 0x03, 0x01, 0x00, 0x1e, 0x03, 0x01, 0x00, 0x1e,
  0x03, 0x01, 0x00, 0x1e, 0x03, 0x01, 0x00, 0x1e, 0x03, 0x01, 0x00, 0x1e,
  0x03, 0x01, 0x00, 0x1e, 0x03, 0x01, 0x00, 0x1e, 0x03, 0x01, 0x00, 0x1e,
  0x03, 0x01, 0x00, 0x1e, 0x03, 0x01, 0x00, 0x1e, 0x03, 0x01, 0x00, 0x1e,
  0x03, 0x01, 0x00, 0x1e, 0x03, 0x01, 0x00, 0x1e, 0x03, 0x01, 0x00, 0x1e,
  0x03, 0x01, 0x00, 0x1e, 0x03, 0x01, 0x00, 0x1e, 0x03, 0x01, 0x00, 0x1e,
  0x03, 0x01, 0x00, 0x1e, 0x03, 0x01, 0x00, 0x1e, 0x03, 0x01, 0x00, 0x1e,
  0x04, 0x12, 0x00, 0x1e, 0x02, 0xc5, 0x00, 0x44, 0x03, 0x0c, 0x00, 0x28,
  0x03, 0x0c, 0x00, 0x28, 0x03, 0x0c, 0x00, 0x28, 0x03, 0x0c, 0x00, 0x28,
  0x03, 0x0c, 0x00, 0x28, 0x02, 0xef, 0x00, 0x44, 0x03, 0x10, 0x00, 0x13,
  0x02, 0xf3, 0x00, 0x48, 0x03, 0x10, 0x00, 0x13, 0x02, 0x82, 0x00, 0x44,
  0x02, 0x86, 0x00, 0x48, 0x02, 0x86, 0x00, 0x48, 0x02, 0x86, 0x00, 0x48,
  0x02, 0x86, 0x00, 0x48, 0x02, 0x86, 0x00, 0x48, 0x02, 0x86, 0x00, 0x48,
  0x02, 0x86, 0x00, 0x48, 0x02, 0x86, 0x00, 0x48, 0x02, 0x86, 0x00, 0x48,
  0x02, 0x86, 0x00, 0x48, 0x02, 0x86, 0x00, 0x48, 0x02, 0x86, 0x00, 0x48,
  0x02, 0x86, 0x00, 0x48, 0x02, 0x86, 0x00, 0x48, 0x02, 0x86, 0x00, 0x48,
  0x02, 0x86, 0x00, 0x48, 0x02, 0x84, 0x00, 0x44, 0x03, 0x16, 0x00, 0x28,
  0x03, 0x16, 0x00, 0x28, 0x03, 0x16, 0x00, 0x28, 0x03, 0x16, 0x00, 0x28,
  0x03, 0x16, 0x00, 0x28, 0x02, 0xdc, 0x00, 0x44, 0x03, 0x11, 0x00, 0x12,
  0x01, 0x22, 0x00, 0x44, 0x01, 0x2a, 0x00, 0x48, 0x01, 0x2a, 0xff, 0xd8,
  0x01, 0x2a, 0xff, 0xcd, 0x01, 0x2a, 0x00, 0x3b, 0x01, 0x2a, 0x00, 0x46,
  0x01, 0x2a, 0xff, 0xf2, 0x01, 0x2a, 0x00, 0x1a, 0x01, 0x2a, 0xff, 0xf2,
  0x01, 0x2a, 0x00, 0x42, 0x01, 0x2a, 0xff, 0xeb, 0x01, 0xeb, 0x00, 0x28,
  0x02, 0xcc, 0x00, 0x44, 0x02, 0x83, 0x00, 0x44, 0x02, 0x87, 0x00, 0x48,
  0x02, 0x87, 0xff, 0xdb, 0x02, 0x94, 0xff, 0xff, 0x03, 0x78, 0x00, 0x44,
  0x02, 0xed, 0x00, 0x44, 0x02, 0xf5, 0x00, 0x48, 0x02, 0xf5, 0x00, 0x48,
  0x02, 0xf5, 0x00, 0x48, 0x03, 0x3c, 0x00, 0x28, 0x03, 0x3c, 0x00, 0x28,
  0x03, 0x3c, 0x00, 0x28, 0x03, 0x3c, 0x00, 0x28, 0x03, 0x3c, 0x00, 0x28,
  0x03, 0x3c, 0x00, 0x28, 0x03, 0x3c, 0x00, 0x28, 0x03, 0x3c, 0x00, 0x28,
  0x03, 0x3c, 0x00, 0x28, 0x03, 0x3c, 0x00, 0x28, 0x03, 0x3c, 0x00, 0x28,
  0x03, 0x3c, 0x00, 0x28, 0x03, 0x3c, 0x00, 0x28, 0x03, 0x3c, 0x00, 0x28,
  0x03, 0x3c, 0x00, 0x28, 0x03, 0x3c, 0x00, 0x28, 0x03, 0x3c, 0x00, 0x28,
  0x03, 0x3c, 0x00, 0x28, 0x03, 0x3c, 0x00, 0x28, 0x03, 0x3c, 0x00, 0x28,
  0x03, 0x3c, 0x00, 0x28, 0x03, 0x3c, 0x00, 0x28, 0x04, 0x12, 0x00, 0x28,
  0x02, 0xa7, 0x00, 0x44, 0x02, 0xa7, 0x00, 0x44, 0x03, 0x3a, 0x00, 0x28,
  0x02, 0xc8, 0x00, 0x44, 0x02, 0xcc, 0x00, 0x48, 0x02, 0xcc, 0x00, 0x48,
  0x02, 0x9a, 0x00, 0x28, 0x02, 0x9a, 0x00, 0x28, 0x02, 0x9a, 0x00, 0x28,
  0x02, 0x9a, 0x00, 0x28, 0x02, 0xc8, 0x00, 0x44, 0x02, 0xae, 0x00, 0x27,
  0x02, 0xae, 0x00, 0x27, 0x02, 0xae, 0x00, 0x27, 0x02, 0xae, 0x00, 0x27,
  0x02, 0xe2, 0x00, 0x44, 0x02, 0xea, 0x00, 0x48, 0x02, 0xea, 0x00, 0x48,
  0x02, 0xea, 0x00, 0x48, 0x02, 0xea, 0x00, 0x48, 0x02, 0xea, 0x00, 0x48,
  0x02, 0xea, 0x00, 0x48, 0x02, 0xea, 0x00, 0x48, 0x02, 0xea, 0x00, 0x48,
  0x02, 0xea, 0x00, 0x48, 0x02, 0xea, 0x00, 0x48, 0x02, 0xea, 0x00, 0x48,
  0x02, 0xea, 0x00, 0x48, 0x02, 0xea, 0x00, 0x48, 0x02, 0xea, 0x00, 0x48,
  0x02, 0xea, 0x00, 0x48, 0x02, 0xea, 0x00, 0x48, 0x02, 0xea, 0x00, 0x48,
  0x02, 0xe9, 0x00, 0x12, 0x04, 0x21, 0x00, 0x1c, 0x04, 0x09, 0x00, 0x10,
  0x04, 0x09, 0x00, 0x10, 0x04, 0x09, 0x00, 0x10, 0x04, 0x09, 0x00, 0x10,
  0x03, 0x01, 0x00, 0x31, 0x02, 0xce, 0x00, 0x16, 0x02, 0xce, 0x00, 0x16,
  0x02, 0xce, 0x00, 0x16, 0x02, 0xce, 0x00, 0x16, 0x02, 0xce, 0x00, 0x16,
  0x02, 0xce, 0x00, 0x16, 0x02, 0xce, 0x00, 0x16, 0x02, 0xce, 0x00, 0x16,
  0x02, 0x9b, 0x00, 0x31, 0x02, 0x9b, 0x00, 0x31, 0x02, 0x9b, 0x00, 0x31,
  0x02, 0x9b, 0x00, 0x31, 0x02, 0x92, 0x00, 0x33, 0x02, 0x97, 0x00, 0x35,
  0x02, 0x97, 0x00, 0x35, 0x02, 0x97, 0x00, 0x35, 0x02, 0x97, 0x00, 0x35,
  0x02, 0x97, 0x00, 0x35, 0x02, 0x97, 0x00, 0x35, 0x02, 0x97, 0x00, 0x35,
  0x02, 0x97, 0x00, 0x35, 0x02, 0x97, 0x00, 0x35, 0x02, 0x97, 0x00, 0x35,
  0x02, 0x97, 0x00, 0x35, 0x02, 0x97, 0x00, 0x35, 0x02, 0x97, 0x00, 0x35,
  0x02, 0x97, 0x00, 0x35, 0x02, 0x97, 0x00, 0x35, 0x02, 0x97, 0x00, 0x35,
  0x02, 0x97, 0x00, 0x35, 0x02, 0x97, 0x00, 0x35, 0x02, 0x97, 0x00, 0x35,
  0x02, 0x97, 0x00, 0x35, 0x02, 0x97, 0x00, 0x35, 0x03, 0xbc, 0x00, 0x2d,
  0x02, 0x9c, 0x00, 0x44, 0x02, 0x75, 0x00, 0x33, 0x02, 0x76, 0x00, 0x33,
  0x02, 0x76, 0x00, 0x33, 0x02, 0x76, 0x00, 0x33, 0x02, 0x76, 0x00, 0x33,
  0x02, 0x9c, 0x00, 0x33, 0x02, 0x93, 0x00, 0x33, 0x02, 0xf1, 0x00, 0x33,
  0x02, 0xac, 0x00, 0x33, 0x02, 0x6a, 0x00, 0x33, 0x02, 0x6a, 0x00, 0x33,
  0x02, 0x6a, 0x00, 0x33, 0x02, 0x6a, 0x00, 0x33, 0x02, 0x6a, 0x00, 0x33,
  0x02, 0x6a, 0x00, 0x33, 0x02, 0x6a, 0x00, 0x33, 0x02, 0x6a, 0x00, 0x33,
  0x02, 0x6a, 0x00, 0x33, 0x02, 0x6a, 0x00, 0x33, 0x02, 0x6a, 0x00, 0x33,
  0x02, 0x6a, 0x00, 0x33, 0x02, 0x6a, 0x00, 0x33, 0x02, 0x6a, 0x00, 0x33,
  0x02, 0x6a, 0x00, 0x33, 0x02, 0x6a, 0x00, 0x33, 0x02, 0x6a, 0x00, 0x33,
  0x01, 0x99, 0x00, 0x24, 0x02, 0x93, 0x00, 0x33, 0x02, 0x97, 0x00, 0x33,
  0x02, 0x97, 0x00, 0x33, 0x02, 0x97, 0x00, 0x33, 0x02, 0x97, 0x00, 0x33,
  0x02, 0x60, 0x00, 0x44, 0x02, 0x7e, 0x00, 0x08, 0x01, 0x28, 0x00, 0x3a,
  0x01, 0x2e, 0x00, 0x4b, 0x01, 0x2e, 0x00, 0x4b, 0x01, 0x2e, 0xff, 0xda,
  0x01, 0x2e, 0xff, 0xcf, 0x01, 0x2e, 0x00, 0x3d, 0x01, 0x2e, 0x00, 0x3e,
  0x01, 0x2e, 0xff, 0xf4, 0x01, 0x2e, 0x00, 0x1c, 0x01, 0x2e, 0xff, 0xf4,
  0x01, 0x2e, 0x00, 0x3d, 0x01, 0x2e, 0xff, 0xed, 0x01, 0x2d, 0xff, 0xd6,
  0x02, 0x57, 0x00, 0x44, 0x01, 0x20, 0x00, 0x44, 0x01, 0x28, 0x00, 0x48,
  0x01, 0x79, 0x00, 0x44, 0x01, 0x9e, 0x00, 0x12, 0x03, 0x80, 0x00, 0x3a,
  0x02, 0x56, 0x00, 0x3a, 0x02, 0x63, 0x00, 0x43, 0x02, 0x63, 0x00, 0x43,
  0x02, 0x63, 0x00, 0x43, 0x02, 0x92, 0x00, 0x33, 0x02, 0x92, 0x00, 0x33,
  0x02, 0x92, 0x00, 0x33, 0x02, 0x92, 0x00, 0x33, 0x02, 0x92, 0x00, 0x33,
  0x02, 0x92, 0x00, 0x33, 0x02, 0x92, 0x00, 0x33, 0x02, 0x92, 0x00, 0x33,
  0x02, 0x92, 0x00, 0x33, 0x02, 0x92, 0x00, 0x33, 0x02, 0x92, 0x00, 0x33,
  0x02, 0x92, 0x00, 0x33, 0x02, 0x9d, 0x00, 0x33, 0x02, 0x92, 0x00, 0x33,
  0x02, 0x92, 0x00, 0x33, 0x02, 0x92, 0x00, 0x33, 0x02, 0x92, 0x00, 0x33,
  0x02, 0x8b, 0x00, 0x33, 0x02, 0x92, 0x00, 0x33, 0x02, 0x92, 0x00, 0x33,
  0x02, 0x92, 0x00, 0x33, 0x02, 0x92, 0x00, 0x33, 0x03, 0xf6, 0x00, 0x33,
  0x02, 0x9c, 0x00, 0x44, 0x02, 0x9c, 0x00, 0x44, 0x02, 0x9c, 0x00, 0x33,
  0x01, 0xad, 0x00, 0x3a, 0x01, 0xbf, 0x00, 0x48, 0x01, 0xbf, 0x00, 0x23,
  0x02, 0x19, 0x00, 0x2e, 0x02, 0x1d, 0x00, 0x30, 0x02, 0x1d, 0x00, 0x30,
  0x02, 0x1d, 0x00, 0x30, 0x02, 0xc9, 0x00, 0x44, 0x01, 0xb6, 0x00, 0x1d,
  0x01, 0xb6, 0x00, 0x1d, 0x01, 0xbc, 0x00, 0x1d, 0x01, 0xb6, 0x00, 0x1d,
  0x02, 0x4c, 0x00, 0x3a, 0x02, 0x59, 0x00, 0x43, 0x02, 0x59, 0x00, 0x43,
  0x02, 0x59, 0x00, 0x43, 0x02, 0x59, 0x00, 0x43, 0x02, 0x59, 0x00, 0x43,
  0x02, 0x59, 0x00, 0x43, 0x02, 0x50, 0x00, 0x3a, 0x02, 0x59, 0x00, 0x43,
  0x02, 0x59, 0x00, 0x43, 0x02, 0x59, 0x00, 0x43, 0x02, 0x59, 0x00, 0x43,
  0x02, 0x59, 0x00, 0x43, 0x02, 0x59, 0x00, 0x43, 0x02, 0x59, 0x00, 0x43,
  0x02, 0x59, 0x00, 0x43, 0x02, 0x59, 0x00, 0x43, 0x02, 0x59, 0x00, 0x43,
  0x02, 0x52, 0x00, 0x17, 0x03, 0x74, 0x00, 0x17, 0x03, 0x74, 0x00, 0x17,
  0x03, 0x74, 0x00, 0x17, 0x03, 0x74, 0x00, 0x17, 0x03, 0x74, 0x00, 0x17,
  0x02, 0x60, 0x00, 0x28, 0x02, 0x55, 0x00, 0x1a, 0x02, 0x55, 0x00, 0x1a,
  0x02, 0x55, 0x00, 0x1a, 0x02, 0x55, 0x00, 0x1a, 0x02, 0x55, 0x00, 0x1a,
  0x02, 0x55, 0x00, 0x1a, 0x02, 0x55, 0x00, 0x1a, 0x02, 0x55, 0x00, 0x1a,
  0x02, 0x09, 0x00, 0x2c, 0x02, 0x09, 0x00, 0x2c, 0x02, 0x09, 0x00, 0x2c,
  0x02, 0x09, 0x00, 0x2c, 0x02, 0x46, 0x00, 0x2b, 0x02, 0x4f, 0x00, 0x30,
  0x02, 0x4f, 0x00, 0x30, 0x02, 0x4f, 0x00, 0x30, 0x02, 0x4f, 0x00, 0x30,
  0x02, 0x4f, 0x00, 0x30, 0x02, 0x4f, 0x00, 0x30, 0x02, 0x4f, 0x00, 0x30,
  0x02, 0x4f, 0x00, 0x30, 0x02, 0x4f, 0x00, 0x30, 0x02, 0x4f, 0x00, 0x30,
  0x02, 0x4f, 0x00, 0x30, 0x02, 0x4f, 0x00, 0x30, 0x02, 0x4f, 0x00, 0x30,
  0x02, 0x4f, 0x00, 0x30, 0x02, 0x4f, 0x00, 0x30, 0x02, 0x4f, 0x00, 0x30,
  0x02, 0x4f, 0x00, 0x30, 0x02, 0x4f, 0x00, 0x30, 0x02, 0x4f, 0x00, 0x30,
  0x02, 0x4f, 0x00, 0x30, 0x02, 0x4f, 0x00, 0x30, 0x03, 0x12, 0x00, 0x24,
  0x04, 0x3d, 0x00, 0x24, 0x02, 0xc4, 0x00, 0x24, 0x01, 0xad, 0x00, 0x33,
  0x01, 0xc9, 0x00, 0x33, 0x02, 0xbc, 0x00, 0x28, 0x01, 0xaf, 0x00, 0x2a,
  0x02, 0x98, 0x00, 0x37, 0x02, 0xa8, 0x00, 0x3c, 0x02, 0xd0, 0x00, 0x2a,
  0x02, 0xaa, 0x00, 0x3e, 0x02, 0xbc, 0x00, 0x3c, 0x02, 0x56, 0x00, 0x24,
  0x02, 0x9c, 0x00, 0x35, 0x02, 0xbc, 0x00, 0x3c, 0x01, 0xcc, 0x00, 0x31,
  0x02, 0x9c, 0x00, 0x35, 0x02, 0x9c, 0x00, 0x35, 0x01, 0x89, 0x00, 0x22,
  0x00, 0x77, 0x00, 0x0a, 0x00, 0xc5, 0xff, 0x86, 0x00, 0xc6, 0x00, 0x22,
  0x00, 0xc7, 0xff, 0x6c, 0x00, 0xcb, 0x00, 0x22, 0x01, 0x63, 0x00, 0x22,
  0x00, 0x84, 0x00, 0x02, 0x00, 0xcd, 0xff, 0x8e, 0x01, 0x63, 0x00, 0x1d,
  0x01, 0xd8, 0x00, 0x28, 0x01, 0x50, 0x00, 0x2a, 0x01, 0xc9, 0x00, 0x37,
  0x01, 0xd8, 0x00, 0x3c, 0x01, 0xdc, 0x00, 0x2a, 0x01, 0xcf, 0x00, 0x3e,
  0x01, 0xe1, 0x00, 0x3c, 0x01, 0x91, 0x00, 0x24, 0x01, 0xc5, 0x00, 0x35,
  0x01, 0xe1, 0x00, 0x3c, 0x01, 0x8f, 0x00, 0x28, 0x00, 0x77, 0x00, 0x0a,
  0x00, 0xc5, 0xff, 0x86, 0x00, 0xc6, 0x00, 0x22, 0x00, 0xc7, 0xff, 0x6c,
  0x00, 0xcb, 0x00, 0x22, 0x01, 0x63, 0x00, 0x22, 0x00, 0x84, 0x00, 0x02,
  0x00, 0xcd, 0xff, 0x8e, 0x01, 0x63, 0x00, 0x1d, 0x01, 0xd8, 0x00, 0x28,
  0x01, 0x50, 0x00, 0x2a, 0x01, 0xc9, 0x00, 0x37, 0x01, 0xd8, 0x00, 0x3c,
  0x01, 0xe6, 0x00, 0x34, 0x01, 0xc9, 0x00, 0x37, 0x01, 0xe1, 0x00, 0x3c,
  0x01, 0x99, 0x00, 0x24, 0x01, 0xc5, 0x00, 0x35, 0x01, 0xe1, 0x00, 0x3c,
  0x02, 0x45, 0x00, 0x1e, 0x03, 0x22, 0x00, 0x0a, 0x03, 0x27, 0x00, 0x0a,
  0x03, 0x3a, 0x00, 0x22, 0x03, 0x2b, 0x00, 0x0a, 0x03, 0x3e, 0x00, 0x22,
  0x03, 0x4c, 0x00, 0x22, 0x02, 0xe6, 0x00, 0x02, 0x02, 0x58, 0x00, 0x00,
  0x00, 0xe6, 0x00, 0x00, 0x00, 0xe6, 0x00, 0x00, 0x03, 0x6e, 0x00, 0x40,
  0x02, 0x80, 0x00, 0x3c, 0x03, 0x3f, 0x00, 0x5a, 0x01, 0x4f, 0x00, 0x52,
  0x01, 0x5a, 0x00, 0x55, 0x01, 0x4f, 0x00, 0x52, 0x01, 0x5a, 0x00, 0x55,
  0x03, 0x5f, 0x00, 0x58, 0x01, 0x55, 0x00, 0x58, 0x01, 0x55, 0x00, 0x58,
  0x02, 0x6d, 0x00, 0x34, 0x02, 0x6d, 0x00, 0x34, 0x01, 0x31, 0x00, 0x4f,
  0x02, 0x39, 0x00, 0x74, 0x02, 0x01, 0x00, 0x28, 0x03, 0x4d, 0x00, 0x2e,
  0x02, 0x1d, 0x00, 0x22, 0x02, 0x13, 0x00, 0x0c, 0x01, 0x4f, 0x00, 0x52,
  0x02, 0x5f, 0x00, 0x74, 0x02, 0x58, 0x00, 0x74, 0x02, 0xc0, 0x00, 0x74,
  0x03, 0x65, 0x00, 0x74, 0x02, 0xe0, 0x00, 0x74, 0x01, 0xc5, 0x00, 0x28,
  0x01, 0xc5, 0x00, 0x25, 0x01, 0xe0, 0x00, 0x1a, 0x01, 0xe0, 0x00, 0x28,
  0x01, 0xf8, 0x00, 0x44, 0x01, 0xf8, 0x00, 0x5c, 0x01, 0xce, 0x00, 0x30,
  0x01, 0xce, 0x00, 0x25, 0x01, 0xe0, 0x00, 0x1a, 0x01, 0xe0, 0x00, 0x28,
  0x02, 0x10, 0x00, 0x5c, 0x02, 0x10, 0x00, 0x5c, 0x01, 0x30, 0x00, 0x54,
  0x02, 0x34, 0x00, 0x55, 0x01, 0xbc, 0x00, 0x05, 0x01, 0xc8, 0x00, 0x2a,
  0x01, 0x06, 0x00, 0x24, 0x00, 0xea, 0x00, 0x22, 0x02, 0xe3, 0x00, 0x25,
  0x02, 0xe3, 0x00, 0x25, 0x01, 0xbe, 0x00, 0x22, 0x01, 0xbe, 0x00, 0x25,
  0x01, 0x87, 0x00, 0x3c, 0x00, 0xde, 0x00, 0x3c, 0x03, 0xfa, 0x00, 0x28,
  0x02, 0xfb, 0x00, 0x2e, 0x02, 0x37, 0x00, 0x04, 0x02, 0xc6, 0x00, 0x28,
  0x03, 0x23, 0x00, 0x28, 0x01, 0xb0, 0x00, 0x20, 0x03, 0x5a, 0x00, 0x27,
  0x01, 0xd7, 0x00, 0x33, 0x01, 0xb2, 0x00, 0x9a, 0x01, 0xb2, 0x00, 0x9a,
  0x02, 0xd2, 0x00, 0x74, 0x02, 0xd2, 0x00, 0x74, 0x02, 0x75, 0x00, 0x33,
  0x02, 0x9b, 0x00, 0x32, 0x02, 0x89, 0x00, 0x28, 0x02, 0x7d, 0x00, 0x3c,
  0x02, 0xb0, 0x00, 0x1c, 0x02, 0x9e, 0x00, 0x41, 0x02, 0xce, 0x00, 0x16,
  0x02, 0x14, 0x00, 0x12, 0x02, 0x8c, 0x00, 0x74, 0x02, 0x95, 0x00, 0x74,
  0x02, 0x74, 0x00, 0x74, 0x02, 0xca, 0x00, 0x74, 0x02, 0xf0, 0x00, 0x74,
  0x02, 0xf0, 0x00, 0x74, 0x02, 0x3d, 0x00, 0x4a, 0x02, 0x3d, 0x00, 0x4a,
  0x02, 0x48, 0x00, 0x4a, 0x02, 0x48, 0x00, 0x4a, 0x02, 0x9d, 0x00, 0x74,
  0x02, 0x53, 0x00, 0x74, 0x01, 0xea, 0x00, 0x40, 0x02, 0x8f, 0x00, 0x50,
  0x02, 0x64, 0x00, 0x74, 0x02, 0x80, 0x00, 0x2b, 0x03, 0x67, 0x00, 0x33,
  0x04, 0xe9, 0x00, 0x33, 0x00, 0x00, 0xff, 0xfa, 0x00, 0x00, 0xff, 0xfa,
  0x00, 0x00, 0xff, 0xfa, 0x00, 0x00, 0xff, 0xfa, 0x00, 0x00, 0x00, 0x18,
  0x00, 0x00, 0x00, 0x18, 0x00, 0x00, 0x00, 0x18, 0x00, 0x00, 0x00, 0x18,
  0x00, 0x00, 0x00, 0x4d, 0x00, 0x00, 0x00, 0x50, 0x00, 0x00, 0x00, 0x05,
  0x00, 0x00, 0x00, 0x10, 0x00, 0x00, 0x00, 0x22, 0x00, 0x00, 0x00, 0x18,
  0x00, 0x00, 0x00, 0x18, 0x00, 0x00, 0xff, 0xfa, 0x00, 0x00, 0x00, 0x33,
  0x00, 0x00, 0x00, 0x12, 0x00, 0x00, 0x00, 0x4f, 0x00, 0x00, 0x00, 0x23,
  0x00, 0x00, 0x00, 0x2c, 0x00, 0x00, 0x00, 0x6a, 0x00, 0x00, 0x00, 0x13,
  0x00, 0x00, 0x00, 0x28, 0x00, 0x00, 0xff, 0xf4, 0x00, 0x00, 0x00, 0x1d,
  0x01, 0xc1, 0x00, 0x2a, 0x00, 0xce, 0x00, 0x2a, 0x01, 0x20, 0x00, 0x1d,
  0x01, 0x20, 0x00, 0x1c, 0x02, 0x64, 0x00, 0x74, 0x01, 0xb6, 0x00, 0x13,
  0x01, 0xa8, 0x00, 0x04, 0x01, 0x76, 0x00, 0x33, 0x01, 0x8c, 0x00, 0x1c,
  0x01, 0x78, 0x00, 0x19, 0x01, 0x00, 0xff, 0xf4, 0x00, 0xeb, 0x00, 0x17,
  0x00, 0x00, 0x00, 0x02, 0x00, 0x00, 0x00, 0x03, 0x00, 0x00, 0x00, 0x14,
  0x00, 0x03, 0x00, 0x01, 0x00, 0x00, 0x00, 0x14, 0x00, 0x04, 0x04, 0xe8,
  0x00, 0x00, 0x00, 0x6c, 0x00, 0x40, 0x00, 0x05, 0x00, 0x2c, 0x00, 0x0d,
  0x00, 0x2f, 0x00, 0x39, 0x00, 0x7e, 0x01, 0x07, 0x01, 0x13, 0x01, 0x1b,
  0x01, 0x21, 0x01, 0x2b, 0x01, 0x31, 0x01, 0x3a, 0x01, 0x3e, 0x01, 0x44,
  0x01, 0x48, 0x01, 0x4d, 0x01, 0x55, 0x01, 0x5b, 0x01, 0x6b, 0x01, 0x7e,
  0x01, 0xa1, 0x01, 0xb0, 0x01, 0xe7, 0x02, 0xc7, 0x02, 0xdc, 0x03, 0x04,
  0x03, 0x0c, 0x03, 0x12, 0x03, 0x1b, 0x03, 0x23, 0x03, 0x28, 0x1e, 0x21,
  0x1e, 0x85, 0x1e, 0x9e, 0x1e, 0xf9, 0x20, 0x14, 0x20, 0x1a, 0x20, 0x1e,
  0x20, 0x22, 0x20, 0x26, 0x20, 0x30, 0x20, 0x3a, 0x20, 0x44, 0x20, 0x70,
  0x20, 0x79, 0x20, 0x89, 0x20, 0xac, 0x21, 0x22, 0x21, 0x5e, 0x22, 0x12,
  0x22, 0x15, 0x22, 0x48, 0x22, 0x60, 0x22, 0x65, 0xff, 0xff, 0x00, 0x00,
  0x00, 0x0d, 0x00, 0x20, 0x00, 0x30, 0x00, 0x3a, 0x00, 0xa0, 0x01, 0x0a,
  0x01, 0x16, 0x01, 0x1e, 0x01, 0x26, 0x01, 0x2e, 0x01, 0x39, 0x01, 0x3d,
  0x01, 0x41, 0x01, 0x47, 0x01, 0x4c, 0x01, 0x50, 0x01, 0x58, 0x01, 0x5e,
  0x01, 0x6e, 0x01, 0xa0, 0x01, 0xaf, 0x01, 0xe6, 0x02, 0xc6, 0x02, 0xd8,
  0x03, 0x00, 0x03, 0x06, 0x03, 0x12, 0x03, 0x1b, 0x03, 0x23, 0x03, 0x26,
  0x1e, 0x20, 0x1e, 0x80, 0x1e, 0x9e, 0x1e, 0xa0, 0x20, 0x13, 0x20, 0x18,
  0x20, 0x1c, 0x20, 0x20, 0x20, 0x26, 0x20, 0x30, 0x20, 0x39, 0x20, 0x44,
  0x20, 0x70, 0x20, 0x74, 0x20, 0x80, 0x20, 0xab, 0x21, 0x22, 0x21, 0x5b,
  0x22, 0x12, 0x22, 0x15, 0x22, 0x48, 0x22, 0x60, 0x22, 0x64, 0xff, 0xff,
  0x01, 0x83, 0x00, 0x00, 0x01, 0x23, 0x00, 0x00, 0x00, 0x00, 0x00, 0x00,
  0x00, 0x00, 0x00, 0x00, 0x00, 0x00, 0x00, 0x00, 0x00, 0x00, 0x00, 0x00,
  0x00, 0x00, 0x00, 0x00, 0x00, 0x00, 0x00, 0x00, 0x00, 0x00, 0x00, 0x00,
  0x00, 0x00, 0x00, 0x00, 0x00, 0x00, 0x00, 0x00, 0xff, 0x41, 0x00, 0x00,
  0x00, 0x00, 0x00, 0x00, 0xfe, 0xeb, 0xfe, 0xe3, 0xfe, 0xdc, 0xfe, 0xda,
  0x00, 0x00, 0x00, 0x00, 0xe1, 0xd4, 0x00, 0x00, 0xe1, 0x95, 0x00, 0x00,
  0x00, 0x00, 0x00, 0x00, 0xe1, 0x74, 0xe1, 0xb8, 0xe1, 0x86, 0xe1, 0x44,
  0xe1, 0x0e, 0xe1, 0x0e, 0xe0, 0xea, 0xe1, 0x27, 0xe0, 0xa7, 0xe0, 0x31,
  0xdf, 0xc6, 0xdf, 0xc1, 0xdf, 0x9a, 0xdf, 0x7c, 0x00, 0x00, 0x00, 0x01,
  0x00, 0x00, 0x00, 0x6a, 0x00, 0x00, 0x00, 0x86, 0x01, 0x0e, 0x01, 0xdc,
  0x01, 0xee, 0x01, 0xf8, 0x01, 0xfe, 0x02, 0x08, 0x02, 0x0e, 0x02, 0x10,
  0x02, 0x12, 0x02, 0x18, 0x02, 0x1a, 0x02, 0x1c, 0x02, 0x26, 0x02, 0x2c,
  0x02, 0x46, 0x02, 0x66, 0x02, 0x68, 0x02, 0x6a, 0x00, 0x00, 0x02, 0x6a,
  0x02, 0x72, 0x02, 0x7a, 0x00, 0x00, 0x00, 0x00, 0x00, 0x00, 0x00, 0x00,
  0x02, 0x7e, 0x02, 0x80, 0x00, 0x00, 0x02, 0x88, 0x00, 0x00, 0x03, 0x38,
  0x03, 0x3c, 0x03, 0x40, 0x00, 0x00, 0x00, 0x00, 0x00, 0x00, 0x00, 0x00,
  0x00, 0x00, 0x00, 0x00, 0x00, 0x00, 0x00, 0x00, 0x00, 0x00, 0x00, 0x00,
  0x00, 0x00, 0x00, 0x00, 0x00, 0x00, 0x00, 0x00, 0x03, 0x28, 0x00, 0x00,
  0x01, 0x91, 0x01, 0x9b, 0x01, 0xc1, 0x01, 0xa2, 0x01, 0xd1, 0x01, 0xe7,
  0x01, 0xc4, 0x01, 0xc2, 0x01, 0xab, 0x01, 0xac, 0x01, 0xa1, 0x01, 0xd7,
  0x01, 0x97, 0x01, 0xa6, 0x01, 0x96, 0x01, 0xa3, 0x01, 0x98, 0x01, 0x99,
  0x01, 0xde, 0x01, 0xdb, 0x01, 0xdd, 0x01, 0x9d, 0x01, 0xc3, 0x00, 0x01,
  0x00, 0x18, 0x00, 0x19, 0x00, 0x1e, 0x00, 0x22, 0x00, 0x33, 0x00, 0x34,
  0x00, 0x39, 0x00, 0x3b, 0x00, 0x46, 0x00, 0x47, 0x00, 0x48, 0x00, 0x4c,
  0x00, 0x4d, 0x00, 0x51, 0x00, 0x68, 0x00, 0x6a, 0x00, 0x6b, 0x00, 0x6e,
  0x00, 0x73, 0x00, 0x77, 0x00, 0x89, 0x00, 0x8a, 0x00, 0x8f, 0x00, 0x90,
  0x00, 0x98, 0x01, 0xaf, 0x01, 0xa4, 0x01, 0xb0, 0x01, 0xe5, 0x01, 0xaa,
  0x02, 0x05, 0x00, 0x9c, 0x00, 0xb3, 0x00, 0xb4, 0x00, 0xb9, 0x00, 0xbd,
  0x00, 0xce, 0x00, 0xcf, 0x00, 0xd4, 0x00, 0xd6, 0x00, 0xe2, 0x00, 0xe3,
  0x00, 0xe4, 0x00, 0xe8, 0x00, 0xe9, 0x00, 0xed, 0x01, 0x04, 0x01, 0x06,
  0x01, 0x07, 0x01, 0x0a, 0x01, 0x0f, 0x01, 0x13, 0x01, 0x25, 0x01, 0x26,
  0x01, 0x2b, 0x01, 0x2c, 0x01, 0x34, 0x01, 0xad, 0x01, 0xcb, 0x01, 0xae,
  0x01, 0xe3, 0x01, 0x92, 0x01, 0x9c, 0x01, 0xcf, 0x01, 0xd4, 0x01, 0xd0,
  0x01, 0xd5, 0x01, 0xcc, 0x01, 0xc6, 0x02, 0x03, 0x01, 0xc7, 0x01, 0x51,
  0x01, 0xbd, 0x01, 0xe4, 0x01, 0xa7, 0x01, 0xc8, 0x02, 0x0c, 0x01, 0xca,
  0x01, 0xe1, 0x01, 0x80, 0x01, 0x81, 0x02, 0x06, 0x01, 0xe6, 0x01, 0xc5,
  0x01, 0x9f, 0x02, 0x0d, 0x01, 0x7f, 0x01, 0x52, 0x01, 0xbe, 0x01, 0x8a,
  0x01, 0x89, 0x01, 0x8b, 0x01, 0x9e, 0x00, 0x11, 0x00, 0x02, 0x00, 0x09,
  0x00, 0x16, 0x00, 0x0f, 0x00, 0x15, 0x00, 0x17, 0x00, 0x1c, 0x00, 0x2e,
  0x00, 0x23, 0x00, 0x25, 0x00, 0x2b, 0x00, 0x41, 0x00, 0x3c, 0x00, 0x3d,
  0x00, 0x3e, 0x00, 0x1f, 0x00, 0x50, 0x00, 0x5b, 0x00, 0x52, 0x00, 0x53,
  0x00, 0x66, 0x00, 0x59, 0x01, 0xd9, 0x00, 0x65, 0x00, 0x7c, 0x00, 0x78,
  0x00, 0x79, 0x00, 0x7a, 0x00, 0x91, 0x00, 0x69, 0x01, 0x0e, 0x00, 0xac,
  0x00, 0x9d, 0x00, 0xa4, 0x00, 0xb1, 0x00, 0xaa, 0x00, 0xb0, 0x00, 0xb2,
  0x00, 0xb7, 0x00, 0xc9, 0x00, 0xbe, 0x00, 0xc0, 0x00, 0xc6, 0x00, 0xdd,
  0x00, 0xd8, 0x00, 0xd9, 0x00, 0xda, 0x00, 0xba, 0x00, 0xec, 0x00, 0xf7,
  0x00, 0xee, 0x00, 0xef, 0x01, 0x02, 0x00, 0xf5, 0x01, 0xda, 0x01, 0x01,
  0x01, 0x18, 0x01, 0x14, 0x01, 0x15, 0x01, 0x16, 0x01, 0x2d, 0x01, 0x05,
  0x01, 0x2f, 0x00, 0x13, 0x00, 0xae, 0x00, 0x03, 0x00, 0x9e, 0x00, 0x14,
  0x00, 0xaf, 0x00, 0x1a, 0x00, 0xb5, 0x00, 0x1d, 0x00, 0xb8, 0x00, 0x1b,
  0x00, 0xb6, 0x00, 0x20, 0x00, 0xbb, 0x00, 0x21, 0x00, 0xbc, 0x00, 0x30,
  0x00, 0xcb, 0x00, 0x2c, 0x00, 0xc7, 0x00, 0x31, 0x00, 0xcc, 0x00, 0x24,
  0x00, 0xbf, 0x00, 0x35, 0x00, 0xd0, 0x00, 0x37, 0x00, 0xd2, 0x00, 0x3a,
  0x00, 0xd5, 0x00, 0x45, 0x00, 0xe1, 0x00, 0x43, 0x00, 0xdf, 0x00, 0x44,
  0x00, 0xe0, 0x00, 0x3f, 0x00, 0xd7, 0x00, 0x49, 0x00, 0xe5, 0x00, 0x4a,
  0x00, 0xe6, 0x00, 0x4b, 0x00, 0xe7, 0x00, 0x4e, 0x00, 0xea, 0x00, 0x4f,
  0x00, 0xeb, 0x00, 0x64, 0x01, 0x00, 0x00, 0x63, 0x00, 0xff, 0x00, 0x67,
  0x01, 0x03, 0x00, 0x6c, 0x01, 0x08, 0x00, 0x6d, 0x01, 0x09, 0x00, 0x6f,
  0x01, 0x0b, 0x00, 0x71, 0x01, 0x0d, 0x00, 0x70, 0x01, 0x0c, 0x00, 0x76,
  0x01, 0x12, 0x00, 0x75, 0x01, 0x11, 0x00, 0x74, 0x01, 0x10, 0x00, 0x88,
  0x01, 0x24, 0x00, 0x85, 0x01, 0x21, 0x00, 0x87, 0x01, 0x23, 0x00, 0x84,
  0x01, 0x20, 0x00, 0x86, 0x01, 0x22, 0x00, 0x8c, 0x01, 0x28, 0x00, 0x92,
  0x01, 0x2e, 0x00, 0x93, 0x00, 0x99, 0x01, 0x35, 0x00, 0x9b, 0x01, 0x37,
  0x00, 0x9a, 0x01, 0x36, 0x00, 0x5d, 0x00, 0xf9, 0x00, 0x7e, 0x01, 0x1a,
  0x00, 0x36, 0x00, 0xd1, 0x02, 0x09, 0x02, 0x04, 0x02, 0x0a, 0x02, 0x0e,
  0x02, 0x0b, 0x01, 0xf3, 0x01, 0xf4, 0x01, 0xf6, 0x01, 0xfa, 0x01, 0xfb,
  0x01, 0xf8, 0x01, 0xf2, 0x01, 0xf1, 0x01, 0xfc, 0x01, 0xf9, 0x01, 0xf5,
  0x01, 0xf7, 0x00, 0x38, 0x00, 0xd3, 0x00, 0x8e, 0x01, 0x2a, 0x00, 0x8b,
  0x01, 0x27, 0x00, 0x8d, 0x01, 0x29, 0x00, 0x10, 0x00, 0xab, 0x00, 0x12,
  0x00, 0xad, 0x00, 0x0a, 0x00, 0xa5, 0x00, 0x0c, 0x00, 0xa7, 0x00, 0x0d,
  0x00, 0xa8, 0x00, 0x0e, 0x00, 0xa9, 0x00, 0x0b, 0x00, 0xa6, 0x00, 0x04,
  0x00, 0x9f, 0x00, 0x06, 0x00, 0xa1, 0x00, 0x07, 0x00, 0xa2, 0x00, 0x08,
  0x00, 0xa3, 0x00, 0x05, 0x00, 0xa0, 0x00, 0x2d, 0x00, 0xc8, 0x00, 0x2f,
  0x00, 0xca, 0x00, 0x32, 0x00, 0xcd, 0x00, 0x26, 0x00, 0xc1, 0x00, 0x28,
  0x00, 0xc3, 0x00, 0x29, 0x00, 0xc4, 0x00, 0x2a, 0x00, 0xc5, 0x00, 0x27,
  0x00, 0xc2, 0x00, 0x42, 0x00, 0xde, 0x00, 0x40, 0x00, 0xdc, 0x00, 0x5a,
  0x00, 0xf6, 0x00, 0x5c, 0x00, 0xf8, 0x00, 0x54, 0x00, 0xf0, 0x00, 0x56,
  0x00, 0xf2, 0x00, 0x57, 0x00, 0xf3, 0x00, 0x58, 0x00, 0xf4, 0x00, 0x55,
  0x00, 0xf1, 0x00, 0x5e, 0x00, 0xfa, 0x00, 0x60, 0x00, 0xfc, 0x00, 0x61,
  0x00, 0xfd, 0x00, 0x62, 0x00, 0xfe, 0x00, 0x5f, 0x00, 0xfb, 0x00, 0x7b,
  0x01, 0x17, 0x00, 0x7d, 0x01, 0x19, 0x00, 0x7f, 0x01, 0x1b, 0x00, 0x81,
  0x01, 0x1d, 0x00, 0x82, 0x01, 0x1e, 0x00, 0x83, 0x01, 0x1f, 0x00, 0x80,
  0x01, 0x1c, 0x00, 0x95, 0x01, 0x31, 0x00, 0x94, 0x01, 0x30, 0x00, 0x96,
  0x01, 0x32, 0x00, 0x97, 0x01, 0x33, 0x01, 0xbb, 0x01, 0xbc, 0x01, 0xb7,
  0x01, 0xb9, 0x01, 0xba, 0x01, 0xb8, 0x01, 0xcd, 0x01, 0xce, 0x01, 0xa0,
  0x01, 0xe0, 0x01, 0xdf, 0xb0, 0x00, 0x2c, 0x20, 0xb0, 0x00, 0x55, 0x58,
  0x45, 0x59, 0x20, 0x20, 0x4b, 0xb8, 0x00, 0x0e, 0x51, 0x4b, 0xb0, 0x06,
  0x53, 0x5a, 0x58, 0xb0, 0x34, 0x1b, 0xb0, 0x28, 0x59, 0x60, 0x66, 0x20,
  0x8a, 0x55, 0x58, 0xb0, 0x02, 0x25, 0x61, 0xb9, 0x08, 0x00, 0x08, 0x00,
  0x63, 0x63, 0x23, 0x62, 0x1b, 0x21, 0x21, 0xb0, 0x00, 0x59, 0xb0, 0x00,
  0x43, 0x23, 0x44, 0xb2, 0x00, 0x01, 0x00, 0x43, 0x60, 0x42, 0x2d, 0xb0,
  0x01, 0x2c, 0xb0, 0x20, 0x60, 0x66, 0x2d, 0xb0, 0x02, 0x2c, 0x23, 0x21,
  0x23, 0x21, 0x2d, 0xb0, 0x03, 0x2c, 0x20, 0x64, 0xb3, 0x03, 0x14, 0x15,
  0x00, 0x42, 0x43, 0xb0, 0x13, 0x43, 0x20, 0x60, 0x60, 0x42, 0xb1, 0x02,
  0x14, 0x43, 0x42, 0xb1, 0x25, 0x03, 0x43, 0xb0, 0x02, 0x43, 0x54, 0x78,
  0x20, 0xb0, 0x0c, 0x23, 0xb0, 0x02, 0x43, 0x43, 0x61, 0x64, 0xb0, 0x04,
  0x50, 0x78, 0xb2, 0x02, 0x02, 0x02, 0x43, 0x60, 0x42, 0xb0, 0x21, 0x65,
  0x1c, 0x21, 0xb0, 0x02, 0x43, 0x43, 0xb2, 0x0e, 0x15, 0x01, 0x42, 0x1c,
  0x20, 0xb0, 0x02, 0x43, 0x23, 0x42, 0xb2, 0x13, 0x01, 0x13, 0x43, 0x60,
  0x42, 0x23, 0xb0, 0x00, 0x50, 0x58, 0x65, 0x59, 0xb2, 0x16, 0x01, 0x02,
  0x43, 0x60, 0x42, 0x2d, 0xb0, 0x04, 0x2c, 0xb0, 0x03, 0x2b, 0xb0, 0x15,
  0x43, 0x58, 0x23, 0x21, 0x23, 0x21, 0xb0, 0x16, 0x43, 0x43, 0x23, 0xb0,
  0x00, 0x50, 0x58, 0x65, 0x59, 0x1b, 0x20, 0x64, 0x20, 0xb0, 0xc0, 0x50,
  0xb0, 0x04, 0x26, 0x5a, 0xb2, 0x28, 0x01, 0x0d, 0x43, 0x45, 0x63, 0x45,
  0xb0, 0x06, 0x45, 0x58, 0x21, 0xb0, 0x03, 0x25, 0x59, 0x52, 0x5b, 0x58,
  0x21, 0x23, 0x21, 0x1b, 0x8a, 0x58, 0x20, 0xb0, 0x50, 0x50, 0x58, 0x21,
  0xb0, 0x40, 0x59, 0x1b, 0x20, 0xb0, 0x38, 0x50, 0x58, 0x21, 0xb0, 0x38,
  0x59, 0x59, 0x20, 0xb1, 0x01, 0x0d, 0x43, 0x45, 0x63, 0x45, 0x61, 0x64,
  0xb0, 0x28, 0x50, 0x58, 0x21, 0xb1, 0x01, 0x0d, 0x43, 0x45, 0x63, 0x45,
  0x20, 0xb0, 0x30, 0x50, 0x58, 0x21, 0xb0, 0x30, 0x59, 0x1b, 0x20, 0xb0,
  0xc0, 0x50, 0x58, 0x20, 0x66, 0x20, 0x8a, 0x8a, 0x61, 0x20, 0xb0, 0x0a,
  0x50, 0x58, 0x60, 0x1b, 0x20, 0xb0, 0x20, 0x50, 0x58, 0x21, 0xb0, 0x0a,
  0x60, 0x1b, 0x20, 0xb0, 0x36, 0x50, 0x58, 0x21, 0xb0, 0x36, 0x60, 0x1b,
  0x60, 0x59, 0x59, 0x59, 0x1b, 0xb0, 0x02, 0x25, 0xb0, 0x0c, 0x43, 0x63,
  0xb0, 0x00, 0x52, 0x58, 0xb0, 0x00, 0x4b, 0xb0, 0x0a, 0x50, 0x58, 0x21,
  0xb0, 0x0c, 0x43, 0x1b, 0x4b, 0xb0, 0x1e, 0x50, 0x58, 0x21, 0xb0, 0x1e,
  0x4b, 0x61, 0xb8, 0x10, 0x00, 0x63, 0xb0, 0x0c, 0x43, 0x63, 0xb8, 0x05,
  0x00, 0x62, 0x59, 0x59, 0x64, 0x61, 0x59, 0xb0, 0x01, 0x2b, 0x59, 0x59,
  0x23, 0xb0, 0x00, 0x50, 0x58, 0x65, 0x59, 0x59, 0x20, 0x64, 0xb0, 0x16,
  0x43, 0x23, 0x42, 0x59, 0x2d, 0xb0, 0x05, 0x2c, 0x20, 0x45, 0x20, 0xb0,
  0x04, 0x25, 0x61, 0x64, 0x20, 0xb0, 0x07, 0x43, 0x50, 0x58, 0xb0, 0x07,
  0x23, 0x42, 0xb0, 0x08, 0x23, 0x42, 0x1b, 0x21, 0x21, 0x59, 0xb0, 0x01,
  0x60, 0x2d, 0xb0, 0x06, 0x2c, 0x23, 0x21, 0x23, 0x21, 0xb0, 0x03, 0x2b,
  0x20, 0x64, 0xb1, 0x07, 0x62, 0x42, 0x20, 0xb0, 0x08, 0x23, 0x42, 0xb0,
  0x06, 0x45, 0x58, 0x1b, 0xb1, 0x01, 0x0d, 0x43, 0x45, 0x63, 0xb1, 0x01,
  0x0d, 0x43, 0xb0, 0x03, 0x60, 0x45, 0x63, 0xb0, 0x05, 0x2a, 0x21, 0x20,
  0xb0, 0x08, 0x43, 0x20, 0x8a, 0x20, 0x8a, 0xb0, 0x01, 0x2b, 0xb1, 0x30,
  0x05, 0x25, 0xb0, 0x04, 0x26, 0x51, 0x58, 0x60, 0x50, 0x1b, 0x61, 0x52,
  0x59, 0x58, 0x23, 0x59, 0x21, 0x59, 0x20, 0xb0, 0x40, 0x53, 0x58, 0xb0,
  0x01, 0x2b, 0x1b, 0x21, 0xb0, 0x40, 0x59, 0x23, 0xb0, 0x00, 0x50, 0x58,
  0x65, 0x59, 0x2d, 0xb0, 0x07, 0x2c, 0xb0, 0x09, 0x43, 0x2b, 0xb2, 0x00,
  0x02, 0x00, 0x43, 0x60, 0x42, 0x2d, 0xb0, 0x08, 0x2c, 0xb0, 0x09, 0x23,
  0x42, 0x23, 0x20, 0xb0, 0x00, 0x23, 0x42, 0x61, 0xb0, 0x02, 0x62, 0x66,
  0xb0, 0x01, 0x63, 0xb0, 0x01, 0x60, 0xb0, 0x07, 0x2a, 0x2d, 0xb0, 0x09,
  0x2c, 0x20, 0x20, 0x45, 0x20, 0xb0, 0x0e, 0x43, 0x63, 0xb8, 0x04, 0x00,
  0x62, 0x20, 0xb0, 0x00, 0x50, 0x58, 0xb0, 0x40, 0x60, 0x59, 0x66, 0xb0,
  0x01, 0x63, 0x60, 0x44, 0xb0, 0x01, 0x60, 0x2d, 0xb0, 0x0a, 0x2c, 0xb2,
  0x09, 0x0e, 0x00, 0x43, 0x45, 0x42, 0x2a, 0x21, 0xb2, 0x00, 0x01, 0x00,
  0x43, 0x60, 0x42, 0x2d, 0xb0, 0x0b, 0x2c, 0xb0, 0x00, 0x43, 0x23, 0x44,
  0xb2, 0x00, 0x01, 0x00, 0x43, 0x60, 0x42, 0x2d, 0xb0, 0x0c, 0x2c, 0x20,
  0x20, 0x45, 0x20, 0xb0, 0x01, 0x2b, 0x23, 0xb0, 0x00, 0x43, 0xb0, 0x04,
  0x25, 0x60, 0x20, 0x45, 0x8a, 0x23, 0x61, 0x20, 0x64, 0x20, 0xb0, 0x20,
  0x50, 0x58, 0x21, 0xb0, 0x00, 0x1b, 0xb0, 0x30, 0x50, 0x58, 0xb0, 0x20,
  0x1b, 0xb0, 0x40, 0x59, 0x59, 0x23, 0xb0, 0x00, 0x50, 0x58, 0x65, 0x59,
  0xb0, 0x03, 0x25, 0x23, 0x61, 0x44, 0x44, 0xb0, 0x01, 0x60, 0x2d, 0xb0,
  0x0d, 0x2c, 0x20, 0x20, 0x45, 0x20, 0xb0, 0x01, 0x2b, 0x23, 0xb0, 0x00,
  0x43, 0xb0, 0x04, 0x25, 0x60, 0x20, 0x45, 0x8a, 0x23, 0x61, 0x20, 0x64,
  0xb0, 0x24, 0x50, 0x58, 0xb0, 0x00, 0x1b, 0xb0, 0x40, 0x59, 0x23, 0xb0,
  0x00, 0x50, 0x58, 0x65, 0x59, 0xb0, 0x03, 0x25, 0x23, 0x61, 0x44, 0x44,
  0xb0, 0x01, 0x60, 0x2d, 0xb0, 0x0e, 0x2c, 0x20, 0xb0, 0x00, 0x23, 0x42,
  0xb3, 0x0d, 0x0c, 0x00, 0x03, 0x45, 0x50, 0x58, 0x21, 0x1b, 0x23, 0x21,
  0x59, 0x2a, 0x21, 0x2d, 0xb0, 0x0f, 0x2c, 0xb1, 0x02, 0x02, 0x45, 0xb0,
  0x64, 0x61, 0x44, 0x2d, 0xb0, 0x10, 0x2c, 0xb0, 0x01, 0x60, 0x20, 0x20,
  0xb0, 0x0f, 0x43, 0x4a, 0xb0, 0x00, 0x50, 0x58, 0x20, 0xb0, 0x0f, 0x23,
  0x42, 0x59, 0xb0, 0x10, 0x43, 0x4a, 0xb0, 0x00, 0x52, 0x58, 0x20, 0xb0,
  0x10, 0x23, 0x42, 0x59, 0x2d, 0xb0, 0x11, 0x2c, 0x20, 0xb0, 0x10, 0x62,
  0x66, 0xb0, 0x01, 0x63, 0x20, 0xb8, 0x04, 0x00, 0x63, 0x8a, 0x23, 0x61,
  0xb0, 0x11, 0x43, 0x60, 0x20, 0x8a, 0x60, 0x20, 0xb0, 0x11, 0x23, 0x42,
  0x23, 0x2d, 0xb0, 0x12, 0x2c, 0x4b, 0x54, 0x58, 0xb1, 0x04, 0x64, 0x44,
  0x59, 0x24, 0xb0, 0x0d, 0x65, 0x23, 0x78, 0x2d, 0xb0, 0x13, 0x2c, 0x4b,
  0x51, 0x58, 0x4b, 0x53, 0x58, 0xb1, 0x04, 0x64, 0x44, 0x59, 0x1b, 0x21,
  0x59, 0x24, 0xb0, 0x13, 0x65, 0x23, 0x78, 0x2d, 0xb0, 0x14, 0x2c, 0xb1,
  0x00, 0x12, 0x43, 0x55, 0x58, 0xb1, 0x12, 0x12, 0x43, 0xb0, 0x01, 0x61,
  0x42, 0xb0, 0x11, 0x2b, 0x59, 0xb0, 0x00, 0x43, 0xb0, 0x02, 0x25, 0x42,
  0xb1, 0x0f, 0x02, 0x25, 0x42, 0xb1, 0x10, 0x02, 0x25, 0x42, 0xb0, 0x01,
  0x16, 0x23, 0x20, 0xb0, 0x03, 0x25, 0x50, 0x58, 0xb1, 0x01, 0x00, 0x43,
  0x60, 0xb0, 0x04, 0x25, 0x42, 0x8a, 0x8a, 0x20, 0x8a, 0x23, 0x61, 0xb0,
  0x10, 0x2a, 0x21, 0x23, 0xb0, 0x01, 0x61, 0x20, 0x8a, 0x23, 0x61, 0xb0,
  0x10, 0x2a, 0x21, 0x1b, 0xb1, 0x01, 0x00, 0x43, 0x60, 0xb0, 0x02, 0x25,
  0x42, 0xb0, 0x02, 0x25, 0x61, 0xb0, 0x10, 0x2a, 0x21, 0x59, 0xb0, 0x0f,
  0x43, 0x47, 0xb0, 0x10, 0x43, 0x47, 0x60, 0xb0, 0x02, 0x62, 0x20, 0xb0,
  0x00, 0x50, 0x58, 0xb0, 0x40, 0x60, 0x59, 0x66, 0xb0, 0x01, 0x63, 0x20,
  0xb0, 0x0e, 0x43, 0x63, 0xb8, 0x04, 0x00, 0x62, 0x20, 0xb0, 0x00, 0x50,
  0x58, 0xb0, 0x40, 0x60, 0x59, 0x66, 0xb0, 0x01, 0x63, 0x60, 0xb1, 0x00,
  0x00, 0x13, 0x23, 0x44, 0xb0, 0x01, 0x43, 0xb0, 0x00, 0x3e, 0xb2, 0x01,
  0x01, 0x01, 0x43, 0x60, 0x42, 0x2d, 0xb0, 0x15, 0x2c, 0x00, 0xb1, 0x00,
  0x02, 0x45, 0x54, 0x58, 0xb0, 0x12, 0x23, 0x42, 0x20, 0x45, 0xb0, 0x0e,
  0x23, 0x42, 0xb0, 0x0d, 0x23, 0xb0, 0x03, 0x60, 0x42, 0x20, 0x60, 0xb7,
  0x18, 0x18, 0x01, 0x00, 0x11, 0x00, 0x13, 0x00, 0x42, 0x42, 0x42, 0x8a,
  0x60, 0x20, 0xb0, 0x14, 0x23, 0x42, 0xb0, 0x01, 0x61, 0xb1, 0x14, 0x08,
  0x2b, 0xb0, 0x8b, 0x2b, 0x1b, 0x22, 0x59, 0x2d, 0xb0, 0x16, 0x2c, 0xb1,
  0x00, 0x15, 0x2b, 0x2d, 0xb0, 0x17, 0x2c, 0xb1, 0x01, 0x15, 0x2b, 0x2d,
  0xb0, 0x18, 0x2c, 0xb1, 0x02, 0x15, 0x2b, 0x2d, 0xb0, 0x19, 0x2c, 0xb1,
  0x03, 0x15, 0x2b, 0x2d, 0xb0, 0x1a, 0x2c, 0xb1, 0x04, 0x15, 0x2b, 0x2d,
  0xb0, 0x1b, 0x2c, 0xb1, 0x05, 0x15, 0x2b, 0x2d, 0xb0, 0x1c, 0x2c, 0xb1,
  0x06, 0x15, 0x2b, 0x2d, 0xb0, 0x1d, 0x2c, 0xb1, 0x07, 0x15, 0x2b, 0x2d,
  0xb0, 0x1e, 0x2c, 0xb1, 0x08, 0x15, 0x2b, 0x2d, 0xb0, 0x1f, 0x2c, 0xb1,
  0x09, 0x15, 0x2b, 0x2d, 0xb0, 0x2b, 0x2c, 0x23, 0x20, 0xb0, 0x10, 0x62,
  0x66, 0xb0, 0x01, 0x63, 0xb0, 0x06, 0x60, 0x4b, 0x54, 0x58, 0x23, 0x20,
  0x2e, 0xb0, 0x01, 0x5d, 0x1b, 0x21, 0x21, 0x59, 0x2d, 0xb0, 0x2c, 0x2c,
  0x23, 0x20, 0xb0, 0x10, 0x62, 0x66, 0xb0, 0x01, 0x63, 0xb0, 0x16, 0x60,
  0x4b, 0x54, 0x58, 0x23, 0x20, 0x2e, 0xb0, 0x01, 0x71, 0x1b, 0x21, 0x21,
  0x59, 0x2d, 0xb0, 0x2d, 0x2c, 0x23, 0x20, 0xb0, 0x10, 0x62, 0x66, 0xb0,
  0x01, 0x63, 0xb0, 0x26, 0x60, 0x4b, 0x54, 0x58, 0x23, 0x20, 0x2e, 0xb0,
  0x01, 0x72, 0x1b, 0x21, 0x21, 0x59, 0x2d, 0xb0, 0x20, 0x2c, 0x00, 0xb0,
  0x0f, 0x2b, 0xb1, 0x00, 0x02, 0x45, 0x54, 0x58, 0xb0, 0x12, 0x23, 0x42,
  0x20, 0x45, 0xb0, 0x0e, 0x23, 0x42, 0xb0, 0x0d, 0x23, 0xb0, 0x03, 0x60,
  0x42, 0x20, 0x60, 0xb0, 0x01, 0x61, 0xb5, 0x18, 0x18, 0x01, 0x00, 0x11,
  0x00, 0x42, 0x42, 0x8a, 0x60, 0xb1, 0x14, 0x08, 0x2b, 0xb0, 0x8b, 0x2b,
  0x1b, 0x22, 0x59, 0x2d, 0xb0, 0x21, 0x2c, 0xb1, 0x00, 0x20, 0x2b, 0x2d,
  0xb0, 0x22, 0x2c, 0xb1, 0x01, 0x20, 0x2b, 0x2d, 0xb0, 0x23, 0x2c, 0xb1,
  0x02, 0x20, 0x2b, 0x2d, 0xb0, 0x24, 0x2c, 0xb1, 0x03, 0x20, 0x2b, 0x2d,
  0xb0, 0x25, 0x2c, 0xb1, 0x04, 0x20, 0x2b, 0x2d, 0xb0, 0x26, 0x2c, 0xb1,
  0x05, 0x20, 0x2b, 0x2d, 0xb0, 0x27, 0x2c, 0xb1, 0x06, 0x20, 0x2b, 0x2d,
  0xb0, 0x28, 0x2c, 0xb1, 0x07, 0x20, 0x2b, 0x2d, 0xb0, 0x29, 0x2c, 0xb1,
  0x08, 0x20, 0x2b, 0x2d, 0xb0, 0x2a, 0x2c, 0xb1, 0x09, 0x20, 0x2b, 0x2d,
  0xb0, 0x2e, 0x2c, 0x20, 0x3c, 0xb0, 0x01, 0x60, 0x2d, 0xb0, 0x2f, 0x2c,
  0x20, 0x60, 0xb0, 0x18, 0x60, 0x20, 0x43, 0x23, 0xb0, 0x01, 0x60, 0x43,
  0xb0, 0x02, 0x25, 0x61, 0xb0, 0x01, 0x60, 0xb0, 0x2e, 0x2a, 0x21, 0x2d,
  0xb0, 0x30, 0x2c, 0xb0, 0x2f, 0x2b, 0xb0, 0x2f, 0x2a, 0x2d, 0xb0, 0x31,
  0x2c, 0x20, 0x20, 0x47, 0x20, 0x20, 0xb0, 0x0e, 0x43, 0x63, 0xb8, 0x04,
  0x00, 0x62, 0x20, 0xb0, 0x00, 0x50, 0x58, 0xb0, 0x40, 0x60, 0x59, 0x66,
  0xb0, 0x01, 0x63, 0x60, 0x23, 0x61, 0x38, 0x23, 0x20, 0x8a, 0x55, 0x58,
  0x20, 0x47, 0x20, 0x20, 0xb0, 0x0e, 0x43, 0x63, 0xb8, 0x04, 0x00, 0x62,
  0x20, 0xb0, 0x00, 0x50, 0x58, 0xb0, 0x40, 0x60, 0x59, 0x66, 0xb0, 0x01,
  0x63, 0x60, 0x23, 0x61, 0x38, 0x1b, 0x21, 0x59, 0x2d, 0xb0, 0x32, 0x2c,
  0x00, 0xb1, 0x00, 0x02, 0x45, 0x54, 0x58, 0xb1, 0x0e, 0x06, 0x45, 0x42,
  0xb0, 0x01, 0x16, 0xb0, 0x31, 0x2a, 0xb1, 0x05, 0x01, 0x15, 0x45, 0x58,
  0x30, 0x59, 0x1b, 0x22, 0x59, 0x2d, 0xb0, 0x33, 0x2c, 0x00, 0xb0, 0x0f,
  0x2b, 0xb1, 0x00, 0x02, 0x45, 0x54, 0x58, 0xb1, 0x0e, 0x06, 0x45, 0x42,
  0xb0, 0x01, 0x16, 0xb0, 0x31, 0x2a, 0xb1, 0x05, 0x01, 0x15, 0x45, 0x58,
  0x30, 0x59, 0x1b, 0x22, 0x59, 0x2d, 0xb0, 0x34, 0x2c, 0x20, 0x35, 0xb0,
  0x01, 0x60, 0x2d, 0xb0, 0x35, 0x2c, 0x00, 0xb1, 0x0e, 0x06, 0x45, 0x42,
  0xb0, 0x01, 0x45, 0x63, 0xb8, 0x04, 0x00, 0x62, 0x20, 0xb0, 0x00, 0x50,
  0x58, 0xb0, 0x40, 0x60, 0x59, 0x66, 0xb0, 0x01, 0x63, 0xb0, 0x01, 0x2b,
  0xb0, 0x0e, 0x43, 0x63, 0xb8, 0x04, 0x00, 0x62, 0x20, 0xb0, 0x00, 0x50,
  0x58, 0xb0, 0x40, 0x60, 0x59, 0x66, 0xb0, 0x01, 0x63, 0xb0, 0x01, 0x2b,
  0xb0, 0x00, 0x16, 0xb4, 0x00, 0x00, 0x00, 0x00, 0x00, 0x44, 0x3e, 0x23,
  0x38, 0xb1, 0x34, 0x01, 0x15, 0x2a, 0x21, 0x2d, 0xb0, 0x36, 0x2c, 0x20,
  0x3c, 0x20, 0x47, 0x20, 0xb0, 0x0e, 0x43, 0x63, 0xb8, 0x04, 0x00, 0x62,
  0x20, 0xb0, 0x00, 0x50, 0x58, 0xb0, 0x40, 0x60, 0x59, 0x66, 0xb0, 0x01,
  0x63, 0x60, 0xb0, 0x00, 0x43, 0x61, 0x38, 0x2d, 0xb0, 0x37, 0x2c, 0x2e,
  0x17, 0x3c, 0x2d, 0xb0, 0x38, 0x2c, 0x20, 0x3c, 0x20, 0x47, 0x20, 0xb0,
  0x0e, 0x43, 0x63, 0xb8, 0x04, 0x00, 0x62, 0x20, 0xb0, 0x00, 0x50, 0x58,
  0xb0, 0x40, 0x60, 0x59, 0x66, 0xb0, 0x01, 0x63, 0x60, 0xb0, 0x00, 0x43,
  0x61, 0xb0, 0x01, 0x43, 0x63, 0x38, 0x2d, 0xb0, 0x39, 0x2c, 0xb1, 0x02,
  0x00, 0x16, 0x25, 0x20, 0x2e, 0x20, 0x47, 0xb0, 0x00, 0x23, 0x42, 0xb0,
  0x02, 0x25, 0x49, 0x8a, 0x8a, 0x47, 0x23, 0x47, 0x23, 0x61, 0x20, 0x58,
  0x62, 0x1b, 0x21, 0x59, 0xb0, 0x01, 0x23, 0x42, 0xb2, 0x38, 0x01, 0x01,
  0x15, 0x14, 0x2a, 0x2d, 0xb0, 0x3a, 0x2c, 0xb0, 0x00, 0x16, 0xb0, 0x17,
  0x23, 0x42, 0xb0, 0x04, 0x25, 0xb0, 0x04, 0x25, 0x47, 0x23, 0x47, 0x23,
  0x61, 0xb1, 0x0c, 0x00, 0x42, 0xb0, 0x0b, 0x43, 0x2b, 0x65, 0x8a, 0x2e,
  0x23, 0x20, 0x20, 0x3c, 0x8a, 0x38, 0x2d, 0xb0, 0x3b, 0x2c, 0xb0, 0x00,
  0x16, 0xb0, 0x17, 0x23, 0x42, 0xb0, 0x04, 0x25, 0xb0, 0x04, 0x25, 0x20,
  0x2e, 0x47, 0x23, 0x47, 0x23, 0x61, 0x20, 0xb0, 0x06, 0x23, 0x42, 0xb1,
  0x0c, 0x00, 0x42, 0xb0, 0x0b, 0x43, 0x2b, 0x20, 0xb0, 0x60, 0x50, 0x58,
  0x20, 0xb0, 0x40, 0x51, 0x58, 0xb3, 0x04, 0x20, 0x05, 0x20, 0x1b, 0xb3,
  0x04, 0x26, 0x05, 0x1a, 0x59, 0x42, 0x42, 0x23, 0x20, 0xb0, 0x0a, 0x43,
  0x20, 0x8a, 0x23, 0x47, 0x23, 0x47, 0x23, 0x61, 0x23, 0x46, 0x60, 0xb0,
  0x06, 0x43, 0xb0, 0x02, 0x62, 0x20, 0xb0, 0x00, 0x50, 0x58, 0xb0, 0x40,
  0x60, 0x59, 0x66, 0xb0, 0x01, 0x63, 0x60, 0x20, 0xb0, 0x01, 0x2b, 0x20,
  0x8a, 0x8a, 0x61, 0x20, 0xb0, 0x04, 0x43, 0x60, 0x64, 0x23, 0xb0, 0x05,
  0x43, 0x61, 0x64, 0x50, 0x58, 0xb0, 0x04, 0x43, 0x61, 0x1b, 0xb0, 0x05,
  0x43, 0x60, 0x59, 0xb0, 0x03, 0x25, 0xb0, 0x02, 0x62, 0x20, 0xb0, 0x00,
  0x50, 0x58, 0xb0, 0x40, 0x60, 0x59, 0x66, 0xb0, 0x01, 0x63, 0x61, 0x23,
  0x20, 0x20, 0xb0, 0x04, 0x26, 0x23, 0x46, 0x61, 0x38, 0x1b, 0x23, 0xb0,
  0x0a, 0x43, 0x46, 0xb0, 0x02, 0x25, 0xb0, 0x0a, 0x43, 0x47, 0x23, 0x47,
  0x23, 0x61, 0x60, 0x20, 0xb0, 0x06, 0x43, 0xb0, 0x02, 0x62, 0x20, 0xb0,
  0x00, 0x50, 0x58, 0xb0, 0x40, 0x60, 0x59, 0x66, 0xb0, 0x01, 0x63, 0x60,
  0x23, 0x20, 0xb0, 0x01, 0x2b, 0x23, 0xb0, 0x06, 0x43, 0x60, 0xb0, 0x01,
  0x2b, 0xb0, 0x05, 0x25, 0x61, 0xb0, 0x05, 0x25, 0xb0, 0x02, 0x62, 0x20,
  0xb0, 0x00, 0x50, 0x58, 0xb0, 0x40, 0x60, 0x59, 0x66, 0xb0, 0x01, 0x63,
  0xb0, 0x04, 0x26, 0x61, 0x20, 0xb0, 0x04, 0x25, 0x60, 0x64, 0x23, 0xb0,
  0x03, 0x25, 0x60, 0x64, 0x50, 0x58, 0x21, 0x1b, 0x23, 0x21, 0x59, 0x23,
  0x20, 0x20, 0xb0, 0x04, 0x26, 0x23, 0x46, 0x61, 0x38, 0x59, 0x2d, 0xb0,
  0x3c, 0x2c, 0xb0, 0x00, 0x16, 0xb0, 0x17, 0x23, 0x42, 0x20, 0x20, 0x20,
  0xb0, 0x05, 0x26, 0x20, 0x2e, 0x47, 0x23, 0x47, 0x23, 0x61, 0x23, 0x3c,
  0x38, 0x2d, 0xb0, 0x3d, 0x2c, 0xb0, 0x00, 0x16, 0xb0, 0x17, 0x23, 0x42,
  0x20, 0xb0, 0x0a, 0x23, 0x42, 0x20, 0x20, 0x20, 0x46, 0x23, 0x47, 0xb0,
  0x01, 0x2b, 0x23, 0x61, 0x38, 0x2d, 0xb0, 0x3e, 0x2c, 0xb0, 0x00, 0x16,
  0xb0, 0x17, 0x23, 0x42, 0xb0, 0x03, 0x25, 0xb0, 0x02, 0x25, 0x47, 0x23,
  0x47, 0x23, 0x61, 0xb0, 0x00, 0x54, 0x58, 0x2e, 0x20, 0x3c, 0x23, 0x21,
  0x1b, 0xb0, 0x02, 0x25, 0xb0, 0x02, 0x25, 0x47, 0x23, 0x47, 0x23, 0x61,
  0x20, 0xb0, 0x05, 0x25, 0xb0, 0x04, 0x25, 0x47, 0x23, 0x47, 0x23, 0x61,
  0xb0, 0x06, 0x25, 0xb0, 0x05, 0x25, 0x49, 0xb0, 0x02, 0x25, 0x61, 0xb9,
  0x08, 0x00, 0x08, 0x00, 0x63, 0x63, 0x23, 0x20, 0x58, 0x62, 0x1b, 0x21,
  0x59, 0x63, 0xb8, 0x04, 0x00, 0x62, 0x20, 0xb0, 0x00, 0x50, 0x58, 0xb0,
  0x40, 0x60, 0x59, 0x66, 0xb0, 0x01, 0x63, 0x60, 0x23, 0x2e, 0x23, 0x20,
  0x20, 0x3c, 0x8a, 0x38, 0x23, 0x21, 0x59, 0x2d, 0xb0, 0x3f, 0x2c, 0xb0,
  0x00, 0x16, 0xb0, 0x17, 0x23, 0x42, 0x20, 0xb0, 0x0a, 0x43, 0x20, 0x2e,
  0x47, 0x23, 0x47, 0x23, 0x61, 0x20, 0x60, 0xb0, 0x20, 0x60, 0x66, 0xb0,
  0x02, 0x62, 0x20, 0xb0, 0x00, 0x50, 0x58, 0xb0, 0x40, 0x60, 0x59, 0x66,
  0xb0, 0x01, 0x63, 0x23, 0x20, 0x20, 0x3c, 0x8a, 0x38, 0x2d, 0xb0, 0x40,
  0x2c, 0x23, 0x20, 0x2e, 0x46, 0xb0, 0x02, 0x25, 0x46, 0xb0, 0x17, 0x43,
  0x58, 0x50, 0x1b, 0x52, 0x59, 0x58, 0x20, 0x3c, 0x59, 0x2e, 0xb1, 0x30,
  0x01, 0x14, 0x2b, 0x2d, 0xb0, 0x41, 0x2c, 0x23, 0x20, 0x2e, 0x46, 0xb0,
  0x02, 0x25, 0x46, 0xb0, 0x17, 0x43, 0x58, 0x52, 0x1b, 0x50, 0x59, 0x58,
  0x20, 0x3c, 0x59, 0x2e, 0xb1, 0x30, 0x01, 0x14, 0x2b, 0x2d, 0xb0, 0x42,
  0x2c, 0x23, 0x20, 0x2e, 0x46, 0xb0, 0x02, 0x25, 0x46, 0xb0, 0x17, 0x43,
  0x58, 0x50, 0x1b, 0x52, 0x59, 0x58, 0x20, 0x3c, 0x59, 0x23, 0x20, 0x2e,
  0x46, 0xb0, 0x02, 0x25, 0x46, 0xb0, 0x17, 0x43, 0x58, 0x52, 0x1b, 0x50,
  0x59, 0x58, 0x20, 0x3c, 0x59, 0x2e, 0xb1, 0x30, 0x01, 0x14, 0x2b, 0x2d,
  0xb0, 0x43, 0x2c, 0xb0, 0x3a, 0x2b, 0x23, 0x20, 0x2e, 0x46, 0xb0, 0x02,
  0x25, 0x46, 0xb0, 0x17, 0x43, 0x58, 0x50, 0x1b, 0x52, 0x59, 0x58, 0x20,
  0x3c, 0x59, 0x2e, 0xb1, 0x30, 0x01, 0x14, 0x2b, 0x2d, 0xb0, 0x44, 0x2c,
  0xb0, 0x3b, 0x2b, 0x8a, 0x20, 0x20, 0x3c, 0xb0, 0x06, 0x23, 0x42, 0x8a,
  0x38, 0x23, 0x20, 0x2e, 0x46, 0xb0, 0x02, 0x25, 0x46, 0xb0, 0x17, 0x43,
  0x58, 0x50, 0x1b, 0x52, 0x59, 0x58, 0x20, 0x3c, 0x59, 0x2e, 0xb1, 0x30,
  0x01, 0x14, 0x2b, 0xb0, 0x06, 0x43, 0x2e, 0xb0, 0x30, 0x2b, 0x2d, 0xb0,
  0x45, 0x2c, 0xb0, 0x00, 0x16, 0xb0, 0x04, 0x25, 0xb0, 0x04, 0x26, 0x20,
  0x20, 0x20, 0x46, 0x23, 0x47, 0x61, 0xb0, 0x0c, 0x23, 0x42, 0x2e, 0x47,
  0x23, 0x47, 0x23, 0x61, 0xb0, 0x0b, 0x43, 0x2b, 0x23, 0x20, 0x3c, 0x20,
  0x2e, 0x23, 0x38, 0xb1, 0x30, 0x01, 0x14, 0x2b, 0x2d, 0xb0, 0x46, 0x2c,
  0xb1, 0x0a, 0x04, 0x25, 0x42, 0xb0, 0x00, 0x16, 0xb0, 0x04, 0x25, 0xb0,
  0x04, 0x25, 0x20, 0x2e, 0x47, 0x23, 0x47, 0x23, 0x61, 0x20, 0xb0, 0x06,
  0x23, 0x42, 0xb1, 0x0c, 0x00, 0x42, 0xb0, 0x0b, 0x43, 0x2b, 0x20, 0xb0,
  0x60, 0x50, 0x58, 0x20, 0xb0, 0x40, 0x51, 0x58, 0xb3, 0x04, 0x20, 0x05,
  0x20, 0x1b, 0xb3, 0x04, 0x26, 0x05, 0x1a, 0x59, 0x42, 0x42, 0x23, 0x20,
  0x47, 0xb0, 0x06, 0x43, 0xb0, 0x02, 0x62, 0x20, 0xb0, 0x00, 0x50, 0x58,
  0xb0, 0x40, 0x60, 0x59, 0x66, 0xb0, 0x01, 0x63, 0x60, 0x20, 0xb0, 0x01,
  0x2b, 0x20, 0x8a, 0x8a, 0x61, 0x20, 0xb0, 0x04, 0x43, 0x60, 0x64, 0x23,
  0xb0, 0x05, 0x43, 0x61, 0x64, 0x50, 0x58, 0xb0, 0x04, 0x43, 0x61, 0x1b,
  0xb0, 0x05, 0x43, 0x60, 0x59, 0xb0, 0x03, 0x25, 0xb0, 0x02, 0x62, 0x20,
  0xb0, 0x00, 0x50, 0x58, 0xb0, 0x40, 0x60, 0x59, 0x66, 0xb0, 0x01, 0x63,
  0x61, 0xb0, 0x02, 0x25, 0x46, 0x61, 0x38, 0x23, 0x20, 0x3c, 0x23, 0x38,
  0x1b, 0x21, 0x20, 0x20, 0x46, 0x23, 0x47, 0xb0, 0x01, 0x2b, 0x23, 0x61,
  0x38, 0x21, 0x59, 0xb1, 0x30, 0x01, 0x14, 0x2b, 0x2d, 0xb0, 0x47, 0x2c,
  0xb1, 0x00, 0x3a, 0x2b, 0x2e, 0xb1, 0x30, 0x01, 0x14, 0x2b, 0x2d, 0xb0,
  0x48, 0x2c, 0xb1, 0x00, 0x3b, 0x2b, 0x21, 0x23, 0x20, 0x20, 0x3c, 0xb0,
  0x06, 0x23, 0x42, 0x23, 0x38, 0xb1, 0x30, 0x01, 0x14, 0x2b, 0xb0, 0x06,
  0x43, 0x2e, 0xb0, 0x30, 0x2b, 0x2d, 0xb0, 0x49, 0x2c, 0xb0, 0x00, 0x15,
  0x20, 0x47, 0xb0, 0x00, 0x23, 0x42, 0xb2, 0x00, 0x01, 0x01, 0x15, 0x14,
  0x13, 0x2e, 0xb0, 0x36, 0x2a, 0x2d, 0xb0, 0x4a, 0x2c, 0xb0, 0x00, 0x15,
  0x20, 0x47, 0xb0, 0x00, 0x23, 0x42, 0xb2, 0x00, 0x01, 0x01, 0x15, 0x14,
  0x13, 0x2e, 0xb0, 0x36, 0x2a, 0x2d, 0xb0, 0x4b, 0x2c, 0xb1, 0x00, 0x01,
  0x14, 0x13, 0xb0, 0x37, 0x2a, 0x2d, 0xb0, 0x4c, 0x2c, 0xb0, 0x39, 0x2a,
  0x2d, 0xb0, 0x4d, 0x2c, 0xb0, 0x00, 0x16, 0x45, 0x23, 0x20, 0x2e, 0x20,
  0x46, 0x8a, 0x23, 0x61, 0x38, 0xb1, 0x30, 0x01, 0x14, 0x2b, 0x2d, 0xb0,
  0x4e, 0x2c, 0xb0, 0x0a, 0x23, 0x42, 0xb0, 0x4d, 0x2b, 0x2d, 0xb0, 0x4f,
  0x2c, 0xb2, 0x00, 0x00, 0x46, 0x2b, 0x2d, 0xb0, 0x50, 0x2c, 0xb2, 0x00,
  0x01, 0x46, 0x2b, 0x2d, 0xb0, 0x51, 0x2c, 0xb2, 0x01, 0x00, 0x46, 0x2b,
  0x2d, 0xb0, 0x52, 0x2c, 0xb2, 0x01, 0x01, 0x46, 0x2b, 0x2d, 0xb0, 0x53,
  0x2c, 0xb2, 0x00, 0x00, 0x47, 0x2b, 0x2d, 0xb0, 0x54, 0x2c, 0xb2, 0x00,
  0x01, 0x47, 0x2b, 0x2d, 0xb0, 0x55, 0x2c, 0xb2, 0x01, 0x00, 0x47, 0x2b,
  0x2d, 0xb0, 0x56, 0x2c, 0xb2, 0x01, 0x01, 0x47, 0x2b, 0x2d, 0xb0, 0x57,
  0x2c, 0xb3, 0x00, 0x00, 0x00, 0x43, 0x2b, 0x2d, 0xb0, 0x58, 0x2c, 0xb3,
  0x00, 0x01, 0x00, 0x43, 0x2b, 0x2d, 0xb0, 0x59, 0x2c, 0xb3, 0x01, 0x00,
  0x00, 0x43, 0x2b, 0x2d, 0xb0, 0x5a, 0x2c, 0xb3, 0x01, 0x01, 0x00, 0x43,
  0x2b, 0x2d, 0xb0, 0x5b, 0x2c, 0xb3, 0x00, 0x00, 0x01, 0x43, 0x2b, 0x2d,
  0xb0, 0x5c, 0x2c, 0xb3, 0x00, 0x01, 0x01, 0x43, 0x2b, 0x2d, 0xb0, 0x5d,
  0x2c, 0xb3, 0x01, 0x00, 0x01, 0x43, 0x2b, 0x2d, 0xb0, 0x5e, 0x2c, 0xb3,
  0x01, 0x01, 0x01, 0x43, 0x2b, 0x2d, 0xb0, 0x5f, 0x2c, 0xb2, 0x00, 0x00,
  0x45, 0x2b, 0x2d, 0xb0, 0x60, 0x2c, 0xb2, 0x00, 0x01, 0x45, 0x2b, 0x2d,
  0xb0, 0x61, 0x2c, 0xb2, 0x01, 0x00, 0x45, 0x2b, 0x2d, 0xb0, 0x62, 0x2c,
  0xb2, 0x01, 0x01, 0x45, 0x2b, 0x2d, 0xb0, 0x63, 0x2c, 0xb2, 0x00, 0x00,
  0x48, 0x2b, 0x2d, 0xb0, 0x64, 0x2c, 0xb2, 0x00, 0x01, 0x48, 0x2b, 0x2d,
  0xb0, 0x65, 0x2c, 0xb2, 0x01, 0x00, 0x48, 0x2b, 0x2d, 0xb0, 0x66, 0x2c,
  0xb2, 0x01, 0x01, 0x48, 0x2b, 0x2d, 0xb0, 0x67, 0x2c, 0xb3, 0x00, 0x00,
  0x00, 0x44, 0x2b, 0x2d, 0xb0, 0x68, 0x2c, 0xb3, 0x00, 0x01, 0x00, 0x44,
  0x2b, 0x2d, 0xb0, 0x69, 0x2c, 0xb3, 0x01, 0x00, 0x00, 0x44, 0x2b, 0x2d,
  0xb0, 0x6a, 0x2c, 0xb3, 0x01, 0x01, 0x00, 0x44, 0x2b, 0x2d, 0xb0, 0x6b,
  0x2c, 0xb3, 0x00, 0x00, 0x01, 0x44, 0x2b, 0x2d, 0xb0, 0x6c, 0x2c, 0xb3,
  0x00, 0x01, 0x01, 0x44, 0x2b, 0x2d, 0xb0, 0x6d, 0x2c, 0xb3, 0x01, 0x00,
  0x01, 0x44, 0x2b, 0x2d, 0xb0, 0x6e, 0x2c, 0xb3, 0x01, 0x01, 0x01, 0x44,
  0x2b, 0x2d, 0xb0, 0x6f, 0x2c, 0xb1, 0x00, 0x3c, 0x2b, 0x2e, 0xb1, 0x30,
  0x01, 0x14, 0x2b, 0x2d, 0xb0, 0x70, 0x2c, 0xb1, 0x00, 0x3c, 0x2b, 0xb0,
  0x40, 0x2b, 0x2d, 0xb0, 0x71, 0x2c, 0xb1, 0x00, 0x3c, 0x2b, 0xb0, 0x41,
  0x2b, 0x2d, 0xb0, 0x72, 0x2c, 0xb0, 0x00, 0x16, 0xb1, 0x00, 0x3c, 0x2b,
  0xb0, 0x42, 0x2b, 0x2d, 0xb0, 0x73, 0x2c, 0xb1, 0x01, 0x3c, 0x2b, 0xb0,
  0x40, 0x2b, 0x2d, 0xb0, 0x74, 0x2c, 0xb1, 0x01, 0x3c, 0x2b, 0xb0, 0x41,
  0x2b, 0x2d, 0xb0, 0x75, 0x2c, 0xb0, 0x00, 0x16, 0xb1, 0x01, 0x3c, 0x2b,
  0xb0, 0x42, 0x2b, 0x2d, 0xb0, 0x76, 0x2c, 0xb1, 0x00, 0x3d, 0x2b, 0x2e,
  0xb1, 0x30, 0x01, 0x14, 0x2b, 0x2d, 0xb0, 0x77, 0x2c, 0xb1, 0x00, 0x3d,
  0x2b, 0xb0, 0x40, 0x2b, 0x2d, 0xb0, 0x78, 0x2c, 0xb1, 0x00, 0x3d, 0x2b,
  0xb0, 0x41, 0x2b, 0x2d, 0xb0, 0x79, 0x2c, 0xb1, 0x00, 0x3d, 0x2b, 0xb0,
  0x42, 0x2b, 0x2d, 0xb0, 0x7a, 0x2c, 0xb1, 0x01, 0x3d, 0x2b, 0xb0, 0x40,
  0x2b, 0x2d, 0xb0, 0x7b, 0x2c, 0xb1, 0x01, 0x3d, 0x2b, 0xb0, 0x41, 0x2b,
  0x2d, 0xb0, 0x7c, 0x2c, 0xb1, 0x01, 0x3d, 0x2b, 0xb0, 0x42, 0x2b, 0x2d,
  0xb0, 0x7d, 0x2c, 0xb1, 0x00, 0x3e, 0x2b, 0x2e, 0xb1, 0x30, 0x01, 0x14,
  0x2b, 0x2d, 0xb0, 0x7e, 0x2c, 0xb1, 0x00, 0x3e, 0x2b, 0xb0, 0x40, 0x2b,
  0x2d, 0xb0, 0x7f, 0x2c, 0xb1, 0x00, 0x3e, 0x2b, 0xb0, 0x41, 0x2b, 0x2d,
  0xb0, 0x80, 0x2c, 0xb1, 0x00, 0x3e, 0x2b, 0xb0, 0x42, 0x2b, 0x2d, 0xb0,
  0x81, 0x2c, 0xb1, 0x01, 0x3e, 0x2b, 0xb0, 0x40, 0x2b, 0x2d, 0xb0, 0x82,
  0x2c, 0xb1, 0x01, 0x3e, 0x2b, 0xb0, 0x41, 0x2b, 0x2d, 0xb0, 0x83, 0x2c,
  0xb1, 0x01, 0x3e, 0x2b, 0xb0, 0x42, 0x2b, 0x2d, 0xb0, 0x84, 0x2c, 0xb1,
  0x00, 0x3f, 0x2b, 0x2e, 0xb1, 0x30, 0x01, 0x14, 0x2b, 0x2d, 0xb0, 0x85,
  0x2c, 0xb1, 0x00, 0x3f, 0x2b, 0xb0, 0x40, 0x2b, 0x2d, 0xb0, 0x86, 0x2c,
  0xb1, 0x00, 0x3f, 0x2b, 0xb0, 0x41, 0x2b, 0x2d, 0xb0, 0x87, 0x2c, 0xb1,
  0x00, 0x3f, 0x2b, 0xb0, 0x42, 0x2b, 0x2d, 0xb0, 0x88, 0x2c, 0xb1, 0x01,
  0x3f, 0x2b, 0xb0, 0x40, 0x2b, 0x2d, 0xb0, 0x89, 0x2c, 0xb1, 0x01, 0x3f,
  0x2b, 0xb0, 0x41, 0x2b, 0x2d, 0xb0, 0x8a, 0x2c, 0xb1, 0x01, 0x3f, 0x2b,
  0xb0, 0x42, 0x2b, 0x2d, 0xb0, 0x8b, 0x2c, 0xb2, 0x0b, 0x00, 0x03, 0x45,
  0x50, 0x58, 0xb0, 0x06, 0x1b, 0xb2, 0x04, 0x02, 0x03, 0x45, 0x58, 0x23,
  0x21, 0x1b, 0x21, 0x59, 0x59, 0x42, 0x2b, 0xb0, 0x08, 0x65, 0xb0, 0x03,
  0x24, 0x50, 0x78, 0xb1, 0x05, 0x01, 0x15, 0x45, 0x58, 0x30, 0x59, 0x2d,
  0x00, 0x4b, 0xb8, 0x00, 0xc8, 0x52, 0x58, 0xb1, 0x01, 0x01, 0x8e, 0x59,
  0xb0, 0x01, 0xb9, 0x08, 0x00, 0x08, 0x00, 0x63, 0x70, 0xb1, 0x00, 0x07,
  0x42, 0xb4, 0x00, 0x00, 0x1d, 0x03, 0x00, 0x2a, 0xb1, 0x00, 0x07, 0x42,
  0xb7, 0x2a, 0x04, 0x22, 0x04, 0x12, 0x08, 0x03, 0x0a, 0x2a, 0xb1, 0x00,
  0x07, 0x42, 0xb7, 0x2e, 0x02, 0x26, 0x02, 0x1a, 0x06, 0x03, 0x0a, 0x2a,
  0xb1, 0x00, 0x0a, 0x42, 0xbc, 0x0a, 0xc0, 0x08, 0xc0, 0x04, 0xc0, 0x00,
  0x03, 0x00, 0x0b, 0x2a, 0xb1, 0x00, 0x0d, 0x42, 0xbc, 0x00, 0x40, 0x00,
  0x40, 0x00, 0x40, 0x00, 0x03, 0x00, 0x0b, 0x2a, 0xb9, 0x00, 0x03, 0x00,
  0x00, 0x44, 0xb1, 0x24, 0x01, 0x88, 0x51, 0x58, 0xb0, 0x40, 0x88, 0x58,
  0xb9, 0x00, 0x03, 0x00, 0x64, 0x44, 0xb1, 0x28, 0x01, 0x88, 0x51, 0x58,
  0xb8, 0x08, 0x00, 0x88, 0x58, 0xb9, 0x00, 0x03, 0x00, 0x00, 0x44, 0x59,
  0x1b, 0xb1, 0x27, 0x01, 0x88, 0x51, 0x58, 0xba, 0x08, 0x80, 0x00, 0x01,
  0x04, 0x40, 0x88, 0x63, 0x54, 0x58, 0xb9, 0x00, 0x03, 0x00, 0x00, 0x44,
  0x59, 0x59, 0x59, 0x59, 0x59, 0xb7, 0x2c, 0x02, 0x24, 0x02, 0x14, 0x06,
  0x03, 0x0e, 0x2a, 0xb8, 0x01, 0xff, 0x85, 0xb0, 0x04, 0x8d, 0xb1, 0x02,
  0x00, 0x44, 0xb3, 0x05, 0x64, 0x06, 0x00, 0x44, 0x44, 0x00, 0x00, 0x00,
  0x00, 0x00, 0x00, 0x00, 0x00, 0x00, 0x00, 0x00, 0x00, 0x00, 0x00, 0x00,
  0x00, 0x00, 0x00, 0x00, 0x00, 0x00, 0x00, 0x00, 0x00, 0x00, 0x00, 0x00,
  0x00, 0x00, 0x00, 0x00, 0x00, 0x00, 0x00, 0x00, 0x00, 0x99, 0x00, 0x99,
  0x00, 0x7c, 0x00, 0x7c, 0x02, 0xe4, 0x00, 0x00, 0x02, 0xf8, 0x02, 0x12,
  0x00, 0x00, 0xff, 0x3d, 0x02, 0xee, 0xff, 0xf6, 0x03, 0x08, 0x02, 0x1c,
  0xff, 0xf6, 0xff, 0x33, 0x00, 0x7c, 0x00, 0x7c, 0x00, 0x68, 0x00, 0x68,
  0x00, 0xdb, 0xff, 0x31, 0x00, 0xde, 0xff, 0x28, 0x00, 0x7c, 0x00, 0x7c,
  0x00, 0x68, 0x00, 0x68, 0x03, 0x43, 0x01, 0x98, 0x03, 0x46, 0x01, 0x8f,
  0x00, 0x00, 0x00, 0x00, 0x00, 0x30, 0x00, 0x6e, 0x00, 0xca, 0x01, 0x34,
  0x01, 0xa8, 0x02, 0x14, 0x02, 0xcc, 0x03, 0x84, 0x03, 0xce, 0x04, 0x28,
  0x04, 0x88, 0x05, 0x02, 0x05, 0xaa, 0x06, 0x52, 0x06, 0xb2, 0x06, 0xf8,
  0x07, 0x3a, 0x07, 0xc0, 0x08, 0x00, 0x08, 0x64, 0x08, 0xce, 0x09, 0x52,
  0x09, 0x96, 0x09, 0xf0, 0x0a, 0x4a, 0x0a, 0xb0, 0x0b, 0x22, 0x0b, 0xb0,
  0x0c, 0x24, 0x0c, 0x62, 0x0c, 0xac, 0x0d, 0x04, 0x0d, 0x4e, 0x0d, 0x7c,
  0x0d, 0xb8, 0x0e, 0x02, 0x0e, 0x4c, 0x0e, 0xa6, 0x0f, 0x08, 0x0f, 0x88,
  0x10, 0x34, 0x10, 0xe0, 0x11, 0x40, 0x11, 0x8c, 0x11, 0xd2, 0x12, 0x14,
  0x12, 0x9e, 0x12, 0xde, 0x13, 0x48, 0x13, 0xd0, 0x13, 0xfa, 0x14, 0x54,
  0x14, 0xd4, 0x15, 0x44, 0x15, 0xb6, 0x16, 0x1e, 0x16, 0x4a, 0x16, 0x8c,
  0x16, 0xa6, 0x16, 0xcc, 0x16, 0xfe, 0x17, 0x46, 0x17, 0x7a, 0x17, 0xaa,
  0x17, 0xd4, 0x18, 0x3c, 0x18, 0x66, 0x18, 0xb2, 0x19, 0x1a, 0x19, 0x4a,
  0x19, 0x76, 0x19, 0x94, 0x19, 0xc0, 0x19, 0xf8, 0x1a, 0x28, 0x1a, 0x5a,
  0x1a, 0x82, 0x1a, 0xb8, 0x1a, 0xfc, 0x1b, 0x76, 0x1b, 0xc2, 0x1c, 0x1c,
  0x1c, 0x80, 0x1c, 0xf4, 0x1d, 0x70, 0x1e, 0x06, 0x1e, 0xca, 0x1f, 0x8e,
  0x20, 0x08, 0x20, 0x6c, 0x20, 0xc8, 0x21, 0x68, 0x21, 0xc8, 0x22, 0x36,
  0x22, 0xae, 0x23, 0x1e, 0x23, 0xd6, 0x24, 0x8e, 0x24, 0xf0, 0x25, 0x4c,
  0x26, 0x22, 0x26, 0xc2, 0x27, 0x0e, 0x27, 0x4c, 0x27, 0x8e, 0x28, 0x0e,
  0x28, 0x52, 0x28, 0xa4, 0x29, 0x02, 0x29, 0x6a, 0x29, 0xde, 0x2a, 0x5e,
  0x2b, 0x22, 0x2b, 0x9c, 0x2b, 0xbe, 0x2b, 0xf0, 0x2c, 0x2c, 0x2c, 0x84,
  0x2c, 0xb8, 0x2c, 0xf8, 0x2d, 0x44, 0x2d, 0xa6, 0x2d, 0xf2, 0x2e, 0x36,
  0x2e, 0xba, 0x2e, 0xfe, 0x2f, 0x4e, 0x2f, 0xa8, 0x2f, 0xfa, 0x30, 0x94,
  0x31, 0x2c, 0x31, 0x74, 0x31, 0xb6, 0x32, 0x0c, 0x32, 0x76, 0x32, 0xfa,
  0x33, 0x1e, 0x33, 0x4e, 0x33, 0x8c, 0x33, 0xd6, 0x34, 0x38, 0x34, 0x7c,
  0x34, 0xaa, 0x34, 0xd2, 0x35, 0x06, 0x35, 0x48, 0x35, 0xa0, 0x35, 0xe0,
  0x36, 0x18, 0x36, 0x90, 0x37, 0x08, 0x37, 0x36, 0x37, 0x72, 0x37, 0xba,
  0x38, 0x04, 0x38, 0x80, 0x39, 0x22, 0x39, 0xea, 0x3a, 0xc8, 0x3b, 0xb0,
  0x3c, 0x92, 0x3d, 0xd2, 0x3f, 0x14, 0x3f, 0xcc, 0x40, 0x9c, 0x41, 0x74,
  0x42, 0x64, 0x43, 0x96, 0x44, 0xca, 0x45, 0x96, 0x46, 0x2e, 0x46, 0xd4,
  0x47, 0xb2, 0x48, 0x40, 0x49, 0x00, 0x49, 0xba, 0x4a, 0xbc, 0x4b, 0x8e,
  0x4c, 0x20, 0x4c, 0x76, 0x4c, 0xf6, 0x4d, 0x84, 0x4e, 0x0c, 0x4e, 0x98,
  0x4f, 0x2a, 0x4f, 0x9a, 0x50, 0x44, 0x50, 0xf2, 0x51, 0x48, 0x51, 0xc8,
  0x52, 0x58, 0x52, 0xe8, 0x53, 0x8c, 0x54, 0x38, 0x55, 0x02, 0x56, 0x02,
  0x57, 0x32, 0x57, 0xd8, 0x58, 0x66, 0x58, 0xd4, 0x59, 0x58, 0x5a, 0x0a,
  0x5a, 0x70, 0x5a, 0xe6, 0x5b, 0xe6, 0x5c, 0x38, 0x5c, 0xf4, 0x5e, 0x0c,
  0x5f, 0x12, 0x60, 0x12, 0x60, 0xe6, 0x61, 0x34, 0x61, 0x96, 0x61, 0xda,
  0x61, 0xf4, 0x62, 0x2a, 0x62, 0x70, 0x62, 0xcc, 0x63, 0x10, 0x63, 0x70,
  0x63, 0xaa, 0x64, 0x12, 0x64, 0x3c, 0x64, 0xbc, 0x65, 0x40, 0x65, 0x9e,
  0x65, 0xdc, 0x66, 0x00, 0x66, 0x36, 0x66, 0x6e, 0x66, 0xa6, 0x67, 0x0c,
  0x67, 0x58, 0x67, 0xc8, 0x68, 0x4e, 0x69, 0x1a, 0x69, 0x62, 0x69, 0xce,
  0x6a, 0x48, 0x6a, 0xd6, 0x6b, 0x6c, 0x6c, 0x1a, 0x6c, 0xfe, 0x6e, 0x0a,
  0x6e, 0x9a, 0x6e, 0xfa, 0x6f, 0x68, 0x70, 0x04, 0x70, 0x70, 0x71, 0x08,
  0x71, 0x90, 0x72, 0x2c, 0x72, 0xfc, 0x73, 0xf6, 0x74, 0x6a, 0x74, 0xc2,
  0x75, 0x28, 0x76, 0x02, 0x76, 0xd0, 0x77, 0x40, 0x77, 0xb2, 0x78, 0x30,
  0x78, 0x74, 0x78, 0xde, 0x79, 0x5a, 0x79, 0xbc, 0x7a, 0x48, 0x7a, 0xde,
  0x7b, 0x74, 0x7c, 0x08, 0x7c, 0x4a, 0x7c, 0x98, 0x7c, 0xea, 0x7d, 0x5e,
  0x7d, 0xb2, 0x7e, 0x2a, 0x7e, 0xb6, 0x7f, 0x58, 0x7f, 0xc8, 0x80, 0x44,
  0x80, 0xf6, 0x81, 0x5e, 0x81, 0xee, 0x82, 0x70, 0x83, 0x02, 0x83, 0xcc,
  0x84, 0xba, 0x85, 0x3c, 0x85, 0xa4, 0x86, 0x36, 0x86, 0xca, 0x87, 0x9c,
  0x87, 0xc0, 0x87, 0xf0, 0x88, 0x40, 0x88, 0xa0, 0x89, 0x16, 0x89, 0x6c,
  0x89, 0x98, 0x89, 0xd0, 0x8a, 0x2a, 0x8a, 0x90, 0x8b, 0x0e, 0x8b, 0x70,
  0x8b, 0xcc, 0x8c, 0x56, 0x8c, 0xfe, 0x8d, 0x2c, 0x8d, 0x7e, 0x8d, 0xde,
  0x8e, 0x3e, 0x8e, 0xbc, 0x8f, 0x64, 0x90, 0x30, 0x91, 0x10, 0x91, 0xfc,
  0x92, 0xde, 0x94, 0x1e, 0x95, 0x60, 0x96, 0x1e, 0x96, 0xf4, 0x97, 0xd2,
  0x98, 0xcc, 0x9a, 0x06, 0x9b, 0x42, 0x9c, 0x16, 0x9c, 0xb0, 0x9d, 0x5e,
  0x9e, 0x44, 0x9e, 0xd8, 0x9f, 0x94, 0xa0, 0x56, 0xa1, 0x60, 0xa1, 0xd4,
  0xa2, 0x8e, 0xa3, 0x22, 0xa3, 0x98, 0xa3, 0xda, 0xa4, 0x20, 0xa4, 0x4c,
  0xa4, 0x96, 0xa5, 0x06, 0xa5, 0x3a, 0xa5, 0x9e, 0xa6, 0x02, 0xa6, 0x30,
  0xa6, 0xaa, 0xa7, 0x0e, 0xa7, 0x36, 0xa7, 0xb2, 0xa8, 0x2e, 0xa8, 0x70,
  0xa8, 0x9a, 0xa8, 0xda, 0xa9, 0x40, 0xa9, 0x72, 0xa9, 0xe8, 0xaa, 0x42,
  0xaa, 0x6c, 0xaa, 0xdc, 0xab, 0x36, 0xab, 0x78, 0xab, 0xa2, 0xab, 0xe4,
  0xac, 0x50, 0xac, 0x82, 0xac, 0xfa, 0xad, 0x58, 0xad, 0x86, 0xad, 0xfa,
  0xae, 0x58, 0xae, 0x9c, 0xae, 0xca, 0xaf, 0x0c, 0xaf, 0x74, 0xaf, 0xaa,
  0xb0, 0x24, 0xb0, 0x82, 0xb0, 0xb0, 0xb1, 0x22, 0xb1, 0x7c, 0xb1, 0xbe,
  0xb1, 0xea, 0xb2, 0x2c, 0xb2, 0xb4, 0xb2, 0xe8, 0xb3, 0x60, 0xb3, 0xd4,
  0xb4, 0x02, 0xb4, 0x8c, 0xb4, 0xea, 0xb5, 0x06, 0xb5, 0x7a, 0xb5, 0xe4,
  0xb6, 0xba, 0xb7, 0x78, 0xb8, 0xae, 0xb9, 0xd4, 0xba, 0x96, 0xba, 0x96,
  0xba, 0x96, 0xba, 0x96, 0xba, 0xf4, 0xbb, 0x92, 0xbb, 0xac, 0xbb, 0xd0,
  0xbb, 0xfe, 0xbc, 0x3c, 0xbc, 0x82, 0xbc, 0xd0, 0xbd, 0x04, 0xbd, 0x38,
  0xbd, 0x92, 0xbe, 0x06, 0xbe, 0x2c, 0xbe, 0x56, 0xbe, 0x82, 0xbe, 0xd6,
  0xbe, 0xfc, 0xbf, 0x1e, 0xbf, 0x5c, 0xbf, 0x78, 0xbf, 0x94, 0xbf, 0xb0,
  0xbf, 0xcc, 0xbf, 0xec, 0xc0, 0x12, 0xc0, 0x38, 0xc0, 0x98, 0xc0, 0xf8,
  0xc1, 0x2e, 0xc1, 0x64, 0xc1, 0x8a, 0xc1, 0xb0, 0xc1, 0xfa, 0xc2, 0x44,
  0xc2, 0x68, 0xc2, 0x8c, 0xc2, 0xba, 0xc3, 0x06, 0xc3, 0x4e, 0xc3, 0x98,
  0xc3, 0xc4, 0xc3, 0xf0, 0xc4, 0x20, 0xc4, 0x50, 0xc4, 0x72, 0xc4, 0x92,
  0xc4, 0xb8, 0xc4, 0xd2, 0xc5, 0xbe, 0xc6, 0x5e, 0xc6, 0x8c, 0xc7, 0x4c,
  0xc7, 0xe6, 0xc8, 0x68, 0xc8, 0xb0, 0xc8, 0xf8, 0xc9, 0x14, 0xc9, 0x40,
  0xc9, 0x6c, 0xc9, 0xa6, 0xca, 0x04, 0xca, 0x72, 0xca, 0xf2, 0xcb, 0x90,
  0xcb, 0xfe, 0xcc, 0x5a, 0xcc, 0x9e, 0xcc, 0xb8, 0xcc, 0xe0, 0xcc, 0xfc,
  0xcd, 0x18, 0xcd, 0x66, 0xcd, 0x92, 0xcd, 0xd0, 0xcd, 0xe6, 0xcd, 0xfc,
  0xce, 0x2a, 0xce, 0x58, 0xce, 0x90, 0xcf, 0x36, 0xcf, 0x94, 0xcf, 0xb4,
  0xcf, 0xda, 0xd0, 0x2c, 0xd0, 0xf4, 0xd1, 0xf4, 0xd2, 0x4a, 0xd2, 0xa2,
  0xd3, 0x42, 0xd3, 0xe6, 0xd4, 0x2a, 0xd4, 0x82, 0xd5, 0x10, 0xd5, 0xa2,
  0xd5, 0xe2, 0xd6, 0x0c, 0xd6, 0x2c, 0xd6, 0x4a, 0xd6, 0x70, 0xd6, 0x96,
  0xd6, 0xbc, 0xd6, 0xf8, 0xd7, 0x40, 0xd7, 0x9e, 0xd7, 0xbe, 0xd8, 0x18,
  0xd8, 0x5a, 0xd8, 0x96, 0xd8, 0xc0, 0xd9, 0x02, 0xd9, 0x52, 0xd9, 0x8c,
  0xd9, 0xcc, 0xd9, 0xf6, 0xda, 0x16, 0xda, 0x34, 0xda, 0x5a, 0xda, 0x80,
  0xda, 0xbc, 0xdb, 0x04, 0xdb, 0x62, 0xdb, 0x82, 0xdb, 0xd2, 0xdc, 0x0c,
  0x00, 0x02, 0x00, 0x1e, 0x00, 0x00, 0x02, 0xe3, 0x02, 0xe4, 0x00, 0x07,
  0x00, 0x0a, 0x00, 0x2c, 0x40, 0x29, 0x0a, 0x01, 0x04, 0x00, 0x01, 0x4c,
  0x00, 0x04, 0x00, 0x02, 0x01, 0x04, 0x02, 0x68, 0x00, 0x00, 0x00, 0x14,
  0x4d, 0x05, 0x03, 0x02, 0x01, 0x01, 0x15, 0x01, 0x4e, 0x00, 0x00, 0x09,
  0x08, 0x00, 0x07, 0x00, 0x07, 0x11, 0x11, 0x11, 0x06, 0x07, 0x19, 0x2b,
  0x33, 0x13, 0x33, 0x13, 0x23, 0x27, 0x21, 0x07, 0x13, 0x33, 0x03, 0x1e,
  0xfc, 0xcd, 0xfc, 0xa2, 0x2f, 0xfe, 0xde, 0x30, 0x5b, 0xcc, 0x66, 0x02,
  0xe4, 0xfd, 0x1c, 0x91, 0x91, 0x01, 0x17, 0x01, 0x35, 0x00, 0x00, 0x00,
  0x00, 0x03, 0x00, 0x1e, 0x00, 0x00, 0x02, 0xe3, 0x03, 0xe2, 0x00, 0x03,
  0x00, 0x0b, 0x00, 0x0e, 0x00, 0x36, 0x40, 0x33, 0x0e, 0x01, 0x06, 0x02,
  0x01, 0x4c, 0x00, 0x01, 0x00, 0x00, 0x02, 0x01, 0x00, 0x67, 0x00, 0x06,
  0x00, 0x04, 0x03, 0x06, 0x04, 0x68, 0x00, 0x02, 0x02, 0x14, 0x4d, 0x07,
  0x05, 0x02, 0x03, 0x03, 0x15, 0x03, 0x4e, 0x04, 0x04, 0x0d, 0x0c, 0x04,
  0x0b, 0x04, 0x0b, 0x11, 0x11, 0x12, 0x11, 0x10, 0x08, 0x07, 0x1b, 0x2b,
  0x01, 0x27, 0x37, 0x33, 0x01, 0x13, 0x33, 0x13, 0x23, 0x27, 0x21, 0x07,
  0x13, 0x33, 0x03, 0x01, 0xba, 0x71, 0x51, 0x8d, 0xfd, 0xf7, 0xfc, 0xcd,
  0xfc, 0xa2, 0x30, 0xfe, 0xdf, 0x30, 0x5a, 0xcd, 0x66, 0x03, 0x2d, 0x01,
  0xb4, 0xfc, 0x1e, 0x02, 0xe4, 0xfd, 0x1c, 0x91, 0x91, 0x01, 0x17, 0x01,
  0x35, 0x00, 0x00, 0x00, 0x00, 0x03, 0x00, 0x1e, 0x00, 0x00, 0x02, 0xe3,
  0x03, 0xc4, 0x00, 0x17, 0x00, 0x1f, 0x00, 0x22, 0x00, 0x4a, 0x40, 0x47,
  0x22, 0x01, 0x08, 0x04, 0x01, 0x4c, 0x03, 0x01, 0x01, 0x02, 0x01, 0x85,
  0x00, 0x02, 0x09, 0x01, 0x00, 0x04, 0x02, 0x00, 0x69, 0x00, 0x08, 0x00,
  0x06, 0x05, 0x08, 0x06, 0x68, 0x00, 0x04, 0x04, 0x14, 0x4d, 0x0a, 0x07,
  0x02, 0x05, 0x05, 0x15, 0x05, 0x4e, 0x18, 0x18, 0x01, 0x00, 0x21, 0x20,
  0x18, 0x1f, 0x18, 0x1f, 0x1e, 0x1d, 0x1c, 0x1b, 0x1a, 0x19, 0x12, 0x10,
  0x0d, 0x0b, 0x07, 0x05, 0x00, 0x17, 0x01, 0x17, 0x0b, 0x07, 0x16, 0x2b,
  0x01, 0x22, 0x2e, 0x03, 0x31, 0x33, 0x30, 0x1e, 0x02, 0x33, 0x32, 0x3e,
  0x02, 0x31, 0x33, 0x30, 0x0e, 0x03, 0x01, 0x13, 0x33, 0x13, 0x23, 0x27,
  0x21, 0x07, 0x13, 0x33, 0x03, 0x01, 0x81, 0x37, 0x45, 0x26, 0x10, 0x03,
  0x64, 0x04, 0x0f, 0x21, 0x1d, 0x1d, 0x21, 0x0f, 0x03, 0x64, 0x03, 0x10,
  0x26, 0x44, 0xfe, 0x66, 0xfc, 0xcd, 0xfc, 0xa2, 0x30, 0xfe, 0xdf, 0x30,
  0x5a, 0xcd, 0x66, 0x03, 0x27, 0x20, 0x2e, 0x2f, 0x20, 0x16, 0x1b, 0x15,
  0x15, 0x1b, 0x16, 0x20, 0x2f, 0x2e, 0x20, 0xfc, 0xd9, 0x02, 0xe4, 0xfd,
  0x1c, 0x91, 0x91, 0x01, 0x17, 0x01, 0x35, 0x00, 0x00, 0x04, 0x00, 0x1e,
  0x00, 0x00, 0x02, 0xe3, 0x04, 0x98, 0x00, 0x03, 0x00, 0x1b, 0x00, 0x23,
  0x00, 0x26, 0x00, 0x57, 0x40, 0x54, 0x26, 0x01, 0x0a, 0x06, 0x01, 0x4c,
  0x05, 0x01, 0x03, 0x00, 0x04, 0x00, 0x03, 0x04, 0x80, 0x00, 0x01, 0x00,
  0x00, 0x03, 0x01, 0x00, 0x67, 0x00, 0x04, 0x0b, 0x01, 0x02, 0x06, 0x04,
  0x02, 0x69, 0x00, 0x0a, 0x00, 0x08, 0x07, 0x0a, 0x08, 0x68, 0x00, 0x06,
  0x06, 0x14, 0x4d, 0x0c, 0x09, 0x02, 0x07, 0x07, 0x15, 0x07, 0x4e, 0x1c,
  0x1c, 0x05, 0x04, 0x25, 0x24, 0x1c, 0x23, 0x1c, 0x23, 0x22, 0x21, 0x20,
  0x1f, 0x1e, 0x1d, 0x16, 0x14, 0x11, 0x0f, 0x0b, 0x09, 0x04, 0x1b, 0x05,
  0x1b, 0x11, 0x10, 0x0d, 0x07, 0x18, 0x2b, 0x01, 0x27, 0x37, 0x33, 0x03,
  0x22, 0x2e, 0x03, 0x31, 0x33, 0x30, 0x1e, 0x02, 0x33, 0x32, 0x3e, 0x02,
  0x31, 0x33, 0x30, 0x0e, 0x03, 0x01, 0x13, 0x33, 0x13, 0x23, 0x27, 0x21,
  0x07, 0x13, 0x33, 0x03, 0x01, 0xba, 0x71, 0x51, 0x8d, 0xa6, 0x37, 0x45,
  0x26, 0x10, 0x03, 0x64, 0x04, 0x0f, 0x21, 0x1d, 0x1d, 0x21, 0x0f, 0x03,
  0x64, 0x03, 0x10, 0x26, 0x44, 0xfe, 0x66, 0xfc, 0xcd, 0xfc, 0xa2, 0x30,
  0xfe, 0xdf, 0x30, 0x5a, 0xcd, 0x66, 0x03, 0xe3, 0x01, 0xb4, 0xfe, 0x8f,
  0x20, 0x2e, 0x2f, 0x20, 0x16, 0x1b, 0x15, 0x15, 0x1b, 0x16, 0x20, 0x2f,
  0x2e, 0x20, 0xfc, 0xd9, 0x02, 0xe4, 0xfd, 0x1c, 0x91, 0x91, 0x01, 0x17,
  0x01, 0x35, 0x00, 0x00, 0x00, 0x04, 0x00, 0x1e, 0xff, 0x09, 0x02, 0xe3,
  0x03, 0xc4, 0x00, 0x17, 0x00, 0x1f, 0x00, 0x22, 0x00, 0x2e, 0x00, 0x5a,
  0x40, 0x57, 0x22, 0x01, 0x08, 0x04, 0x01, 0x4c, 0x03, 0x01, 0x01, 0x02,
  0x01, 0x85, 0x00, 0x02, 0x0b, 0x01, 0x00, 0x04, 0x02, 0x00, 0x69, 0x00,
  0x08, 0x00, 0x06, 0x05, 0x08, 0x06, 0x68, 0x00, 0x0a, 0x0d, 0x01, 0x09,
  0x0a, 0x09, 0x65, 0x00, 0x04, 0x04, 0x14, 0x4d, 0x0c, 0x07, 0x02, 0x05,
  0x05, 0x15, 0x05, 0x4e, 0x24, 0x23, 0x18, 0x18, 0x01, 0x00, 0x2a, 0x28,
  0x23, 0x2e, 0x24, 0x2e, 0x21, 0x20, 0x18, 0x1f, 0x18, 0x1f, 0x1e, 0x1d,
  0x1c, 0x1b, 0x1a, 0x19, 0x12, 0x10, 0x0d, 0x0b, 0x07, 0x05, 0x00, 0x17,
  0x01, 0x17, 0x0e, 0x07, 0x16, 0x2b, 0x01, 0x22, 0x2e, 0x03, 0x31, 0x33,
  0x30, 0x1e, 0x02, 0x33, 0x32, 0x3e, 0x02, 0x31, 0x33, 0x30, 0x0e, 0x03,
  0x01, 0x13, 0x33, 0x13, 0x23, 0x27, 0x21, 0x07, 0x13, 0x33, 0x03, 0x11,
  0x22, 0x26, 0x35, 0x34, 0x36, 0x33, 0x32, 0x16, 0x15, 0x14, 0x06, 0x01,
  0x81, 0x37, 0x45, 0x26, 0x10, 0x03, 0x64, 0x04, 0x0f, 0x21, 0x1d, 0x1d,
  0x21, 0x0f, 0x03, 0x64, 0x03, 0x10, 0x26, 0x44, 0xfe, 0x66, 0xfc, 0xcd,
  0xfc, 0xa2, 0x30, 0xfe, 0xdf, 0x30, 0x5a, 0xcd, 0x66, 0x23, 0x2d, 0x2d,
  0x23, 0x22, 0x2d, 0x2d, 0x03, 0x27, 0x20, 0x2e, 0x2f, 0x20, 0x16, 0x1b,
  0x15, 0x15, 0x1b, 0x16, 0x20, 0x2f, 0x2e, 0x20, 0xfc, 0xd9, 0x02, 0xe4,
  0xfd, 0x1c, 0x91, 0x91, 0x01, 0x17, 0x01, 0x35, 0xfc, 0xbd, 0x2f, 0x21,
  0x21, 0x2e, 0x2e, 0x21, 0x21, 0x2f, 0x00, 0x00, 0x00, 0x04, 0x00, 0x1e,
  0x00, 0x00, 0x02, 0xe3, 0x04, 0x98, 0x00, 0x03, 0x00, 0x1b, 0x00, 0x23,
  0x00, 0x26, 0x00, 0x5d, 0x40, 0x5a, 0x26, 0x01, 0x0a, 0x06, 0x01, 0x4c,
  0x05, 0x01, 0x03, 0x01, 0x04, 0x01, 0x03, 0x04, 0x80, 0x00, 0x00, 0x0b,
  0x01, 0x01, 0x03, 0x00, 0x01, 0x67, 0x00, 0x04, 0x0c, 0x01, 0x02, 0x06,
  0x04, 0x02, 0x69, 0x00, 0x0a, 0x00, 0x08, 0x07, 0x0a, 0x08, 0x68, 0x00,
  0x06, 0x06, 0x14, 0x4d, 0x0d, 0x09, 0x02, 0x07, 0x07, 0x15, 0x07, 0x4e,
  0x1c, 0x1c, 0x05, 0x04, 0x00, 0x00, 0x25, 0x24, 0x1c, 0x23, 0x1c, 0x23,
  0x22, 0x21, 0x20, 0x1f, 0x1e, 0x1d, 0x16, 0x14, 0x11, 0x0f, 0x0b, 0x09,
  0x04, 0x1b, 0x05, 0x1b, 0x00, 0x03, 0x00, 0x03, 0x11, 0x0e, 0x07, 0x17,
  0x2b, 0x01, 0x27, 0x33, 0x17, 0x07, 0x22, 0x2e, 0x03, 0x31, 0x33, 0x30,
  0x1e, 0x02, 0x33, 0x32, 0x3e, 0x02, 0x31, 0x33, 0x30, 0x0e, 0x03, 0x01,
  0x13, 0x33, 0x13, 0x23, 0x27, 0x21, 0x07, 0x13, 0x33, 0x03, 0x01, 0x4b,
  0x6e, 0x8d, 0x51, 0x3b, 0x37, 0x45, 0x25, 0x10, 0x03, 0x63, 0x04, 0x0f,
  0x21, 0x1d, 0x1d, 0x21, 0x0f, 0x04, 0x63, 0x03, 0x10, 0x25, 0x45, 0xfe,
  0x67, 0xfc, 0xcd, 0xfc, 0xa2, 0x30, 0xfe, 0xdf, 0x30, 0x5a, 0xcd, 0x66,
  0x03, 0xe3, 0xb5, 0xb4, 0xbd, 0x20, 0x2e, 0x2f, 0x20, 0x16, 0x1b, 0x15,
  0x15, 0x1b, 0x16, 0x20, 0x2f, 0x2e, 0x20, 0xfc, 0xd9, 0x02, 0xe4, 0xfd,
  0x1c, 0x91, 0x91, 0x01, 0x17, 0x01, 0x35, 0x00, 0x00, 0x04, 0x00, 0x1e,
  0x00, 0x00, 0x02, 0xe3, 0x04, 0xc7, 0x00, 0x1c, 0x00, 0x34, 0x00, 0x3c,
  0x00, 0x3f, 0x00, 0xb6, 0xb5, 0x3f, 0x01, 0x0c, 0x08, 0x01, 0x4c, 0x4b,
  0xb0, 0x21, 0x50, 0x58, 0x40, 0x3d, 0x00, 0x01, 0x00, 0x03, 0x00, 0x01,
  0x72, 0x0d, 0x01, 0x03, 0x05, 0x00, 0x03, 0x05, 0x7e, 0x07, 0x01, 0x05,
  0x06, 0x00, 0x05, 0x06, 0x7e, 0x00, 0x02, 0x00, 0x00, 0x01, 0x02, 0x00,
  0x69, 0x00, 0x06, 0x0e, 0x01, 0x04, 0x08, 0x06, 0x04, 0x69, 0x00, 0x0c,
  0x00, 0x0a, 0x09, 0x0c, 0x0a, 0x68, 0x00, 0x08, 0x08, 0x14, 0x4d, 0x0f,
  0x0b, 0x02, 0x09, 0x09, 0x15, 0x09, 0x4e, 0x1b, 0x40, 0x3e, 0x00, 0x01,
  0x00, 0x03, 0x00, 0x01, 0x03, 0x80, 0x0d, 0x01, 0x03, 0x05, 0x00, 0x03,
  0x05, 0x7e, 0x07, 0x01, 0x05, 0x06, 0x00, 0x05, 0x06, 0x7e, 0x00, 0x02,
  0x00, 0x00, 0x01, 0x02, 0x00, 0x69, 0x00, 0x06, 0x0e, 0x01, 0x04, 0x08,
  0x06, 0x04, 0x69, 0x00, 0x0c, 0x00, 0x0a, 0x09, 0x0c, 0x0a, 0x68, 0x00,
  0x08, 0x08, 0x14, 0x4d, 0x0f, 0x0b, 0x02, 0x09, 0x09, 0x15, 0x09, 0x4e,
  0x59, 0x40, 0x26, 0x35, 0x35, 0x1e, 0x1d, 0x00, 0x00, 0x3e, 0x3d, 0x35,
  0x3c, 0x35, 0x3c, 0x3b, 0x3a, 0x39, 0x38, 0x37, 0x36, 0x2f, 0x2d, 0x2a,
  0x28, 0x24, 0x22, 0x1d, 0x34, 0x1e, 0x34, 0x00, 0x1c, 0x00, 0x1c, 0x23,
  0x22, 0x2a, 0x10, 0x07, 0x19, 0x2b, 0x01, 0x35, 0x34, 0x36, 0x37, 0x37,
  0x36, 0x36, 0x35, 0x34, 0x26, 0x23, 0x22, 0x06, 0x06, 0x15, 0x23, 0x34,
  0x36, 0x36, 0x33, 0x32, 0x16, 0x15, 0x14, 0x06, 0x07, 0x07, 0x15, 0x07,
  0x22, 0x2e, 0x03, 0x31, 0x33, 0x30, 0x1e, 0x02, 0x33, 0x32, 0x3e, 0x02,
  0x31, 0x33, 0x30, 0x0e, 0x03, 0x01, 0x13, 0x33, 0x13, 0x23, 0x27, 0x21,
  0x07, 0x13, 0x33, 0x03, 0x01, 0x55, 0x0b, 0x0e, 0x0f, 0x15, 0x16, 0x13,
  0x12, 0x12, 0x11, 0x04, 0x57, 0x19, 0x37, 0x2d, 0x3c, 0x47, 0x2f, 0x25,
  0x05, 0x2c, 0x37, 0x45, 0x25, 0x10, 0x03, 0x63, 0x04, 0x0f, 0x21, 0x1d,
  0x1d, 0x21, 0x0f, 0x04, 0x63, 0x03, 0x10, 0x25, 0x45, 0xfe, 0x67, 0xfc,
  0xcd, 0xfc, 0xa2, 0x30, 0xfe, 0xdf, 0x30, 0x5a, 0xcd, 0x66, 0x03, 0xd8,
  0x21, 0x0d, 0x16, 0x07, 0x08, 0x0a, 0x16, 0x0f, 0x0d, 0x13, 0x11, 0x14,
  0x02, 0x1b, 0x35, 0x24, 0x3f, 0x2b, 0x23, 0x31, 0x13, 0x02, 0x1c, 0xb1,
  0x20, 0x2e, 0x2f, 0x20, 0x16, 0x1b, 0x15, 0x15, 0x1b, 0x16, 0x20, 0x2f,
  0x2e, 0x20, 0xfc, 0xd9, 0x02, 0xe4, 0xfd, 0x1c, 0x91, 0x91, 0x01, 0x17,
  0x01, 0x35, 0x00, 0x00, 0x00, 0x04, 0x00, 0x1e, 0x00, 0x00, 0x02, 0xe3,
  0x04, 0x8b, 0x00, 0x18, 0x00, 0x30, 0x00, 0x38, 0x00, 0x3b, 0x00, 0xc4,
  0xb5, 0x3b, 0x01, 0x0e, 0x0a, 0x01, 0x4c, 0x4b, 0xb0, 0x26, 0x50, 0x58,
  0x40, 0x3a, 0x09, 0x01, 0x07, 0x00, 0x08, 0x00, 0x07, 0x08, 0x80, 0x05,
  0x01, 0x03, 0x00, 0x01, 0x00, 0x03, 0x01, 0x69, 0x00, 0x04, 0x02, 0x0f,
  0x02, 0x00, 0x07, 0x04, 0x00, 0x6a, 0x00, 0x08, 0x10, 0x01, 0x06, 0x0a,
  0x08, 0x06, 0x69, 0x00, 0x0e, 0x00, 0x0c, 0x0b, 0x0e, 0x0c, 0x68, 0x00,
  0x0a, 0x0a, 0x14, 0x4d, 0x11, 0x0d, 0x02, 0x0b, 0x0b, 0x15, 0x0b, 0x4e,
  0x1b, 0x40, 0x48, 0x00, 0x05, 0x03, 0x04, 0x03, 0x05, 0x04, 0x80, 0x00,
  0x02, 0x01, 0x00, 0x01, 0x02, 0x00, 0x80, 0x09, 0x01, 0x07, 0x00, 0x08,
  0x00, 0x07, 0x08, 0x80, 0x00, 0x03, 0x00, 0x01, 0x02, 0x03, 0x01, 0x69,
  0x00, 0x04, 0x0f, 0x01, 0x00, 0x07, 0x04, 0x00, 0x6a, 0x00, 0x08, 0x10,
  0x01, 0x06, 0x0a, 0x08, 0x06, 0x69, 0x00, 0x0e, 0x00, 0x0c, 0x0b, 0x0e,
  0x0c, 0x68, 0x00, 0x0a, 0x0a, 0x14, 0x4d, 0x11, 0x0d, 0x02, 0x0b, 0x0b,
  0x15, 0x0b, 0x4e, 0x59, 0x40, 0x2d, 0x31, 0x31, 0x1a, 0x19, 0x01, 0x00,
  0x3a, 0x39, 0x31, 0x38, 0x31, 0x38, 0x37, 0x36, 0x35, 0x34, 0x33, 0x32,
  0x2b, 0x29, 0x26, 0x24, 0x20, 0x1e, 0x19, 0x30, 0x1a, 0x30, 0x15, 0x14,
  0x13, 0x11, 0x0e, 0x0c, 0x09, 0x08, 0x06, 0x04, 0x00, 0x18, 0x01, 0x18,
  0x12, 0x07, 0x16, 0x2b, 0x01, 0x22, 0x2e, 0x02, 0x23, 0x22, 0x06, 0x15,
  0x23, 0x34, 0x36, 0x36, 0x33, 0x32, 0x1e, 0x02, 0x33, 0x32, 0x35, 0x33,
  0x14, 0x06, 0x06, 0x07, 0x22, 0x2e, 0x03, 0x31, 0x33, 0x30, 0x1e, 0x02,
  0x33, 0x32, 0x3e, 0x02, 0x31, 0x33, 0x30, 0x0e, 0x03, 0x01, 0x13, 0x33,
  0x13, 0x23, 0x27, 0x21, 0x07, 0x13, 0x33, 0x03, 0x01, 0xcb, 0x1b, 0x27,
  0x1e, 0x19, 0x0e, 0x10, 0x0c, 0x51, 0x0f, 0x2c, 0x29, 0x1c, 0x27, 0x1e,
  0x19, 0x0d, 0x1c, 0x51, 0x10, 0x2b, 0x73, 0x37, 0x45, 0x26, 0x10, 0x03,
  0x64, 0x04, 0x0f, 0x21, 0x1d, 0x1d, 0x21, 0x0f, 0x03, 0x64, 0x03, 0x10,
  0x26, 0x44, 0xfe, 0x66, 0xfc, 0xcd, 0xfc, 0xa2, 0x30, 0xfe, 0xdf, 0x30,
  0x5a, 0xcd, 0x66, 0x03, 0xf2, 0x12, 0x19, 0x13, 0x1e, 0x1a, 0x21, 0x44,
  0x2e, 0x13, 0x18, 0x13, 0x38, 0x21, 0x44, 0x2e, 0xcb, 0x20, 0x2e, 0x2f,
  0x20, 0x16, 0x1b, 0x15, 0x15, 0x1b, 0x16, 0x20, 0x2f, 0x2e, 0x20, 0xfc,
  0xd9, 0x02, 0xe4, 0xfd, 0x1c, 0x91, 0x91, 0x01, 0x17, 0x01, 0x35, 0x00,
  0x00, 0x03, 0x00, 0x1e, 0x00, 0x00, 0x02, 0xe3, 0x03, 0xc0, 0x00, 0x06,
  0x00, 0x0e, 0x00, 0x11, 0x00, 0x47, 0x40, 0x44, 0x05, 0x01, 0x01, 0x00,
  0x11, 0x01, 0x07, 0x03, 0x02, 0x4c, 0x00, 0x00, 0x01, 0x00, 0x85, 0x08,
  0x02, 0x02, 0x01, 0x03, 0x01, 0x85, 0x00, 0x07, 0x00, 0x05, 0x04, 0x07,
  0x05, 0x68, 0x00, 0x03, 0x03, 0x14, 0x4d, 0x09, 0x06, 0x02, 0x04, 0x04,
  0x15, 0x04, 0x4e, 0x07, 0x07, 0x00, 0x00, 0x10, 0x0f, 0x07, 0x0e, 0x07,
  0x0e, 0x0d, 0x0c, 0x0b, 0x0a, 0x09, 0x08, 0x00, 0x06, 0x00, 0x06, 0x11,
  0x11, 0x0a, 0x07, 0x18, 0x2b, 0x13, 0x37, 0x33, 0x17, 0x23, 0x27, 0x07,
  0x01, 0x13, 0x33, 0x13, 0x23, 0x27, 0x21, 0x07, 0x13, 0x33, 0x03, 0xc4,
  0x81, 0x79, 0x81, 0x77, 0x47, 0x46, 0xfe, 0xe3, 0xfc, 0xcd, 0xfc, 0xa2,
  0x30, 0xfe, 0xdf, 0x30, 0x5a, 0xcd, 0x66, 0x03, 0x26, 0x9a, 0x9a, 0x55,
  0x55, 0xfc, 0xda, 0x02, 0xe4, 0xfd, 0x1c, 0x91, 0x91, 0x01, 0x17, 0x01,
  0x35, 0x00, 0x00, 0x00, 0x00, 0x04, 0x00, 0x1e, 0x00, 0x00, 0x02, 0xe3,
  0x04, 0x5b, 0x00, 0x03, 0x00, 0x0a, 0x00, 0x12, 0x00, 0x15, 0x00, 0x57,
  0x40, 0x54, 0x09, 0x01, 0x03, 0x00, 0x15, 0x01, 0x09, 0x05, 0x02, 0x4c,
  0x00, 0x02, 0x01, 0x00, 0x01, 0x02, 0x00, 0x80, 0x0a, 0x04, 0x02, 0x03,
  0x00, 0x05, 0x00, 0x03, 0x05, 0x80, 0x00, 0x01, 0x00, 0x00, 0x03, 0x01,
  0x00, 0x67, 0x00, 0x09, 0x00, 0x07, 0x06, 0x09, 0x07, 0x68, 0x00, 0x05,
  0x05, 0x14, 0x4d, 0x0b, 0x08, 0x02, 0x06, 0x06, 0x15, 0x06, 0x4e, 0x0b,
  0x0b, 0x04, 0x04, 0x14, 0x13, 0x0b, 0x12, 0x0b, 0x12, 0x11, 0x10, 0x0f,
  0x0e, 0x0d, 0x0c, 0x04, 0x0a, 0x04, 0x0a, 0x11, 0x12, 0x11, 0x10, 0x0c,
  0x07, 0x1a, 0x2b, 0x01, 0x27, 0x37, 0x33, 0x01, 0x37, 0x33, 0x17, 0x23,
  0x27, 0x07, 0x01, 0x13, 0x33, 0x13, 0x23, 0x27, 0x21, 0x07, 0x13, 0x33,
  0x03, 0x02, 0x71, 0x71, 0x51, 0x8d, 0xfd, 0xe5, 0x81, 0x79, 0x81, 0x77,
  0x46, 0x47, 0xfe, 0xe4, 0xfc, 0xcd, 0xfc, 0xa2, 0x30, 0xfe, 0xdf, 0x30,
  0x5a, 0xcd, 0x66, 0x03, 0xa7, 0x01, 0xb3, 0xfe, 0xcb, 0x9a, 0x9a, 0x55,
  0x55, 0xfc, 0xda, 0x02, 0xe4, 0xfd, 0x1c, 0x91, 0x91, 0x01, 0x17, 0x01,
  0x35, 0x00, 0x00, 0x00, 0x00, 0x04, 0x00, 0x1e, 0xff, 0x09, 0x02, 0xe3,
  0x03, 0xc0, 0x00, 0x06, 0x00, 0x0e, 0x00, 0x11, 0x00, 0x1d, 0x00, 0x57,
  0x40, 0x54, 0x05, 0x01, 0x01, 0x00, 0x11, 0x01, 0x07, 0x03, 0x02, 0x4c,
  0x00, 0x00, 0x01, 0x00, 0x85, 0x0a, 0x02, 0x02, 0x01, 0x03, 0x01, 0x85,
  0x00, 0x07, 0x00, 0x05, 0x04, 0x07, 0x05, 0x68, 0x00, 0x09, 0x0c, 0x01,
  0x08, 0x09, 0x08, 0x65, 0x00, 0x03, 0x03, 0x14, 0x4d, 0x0b, 0x06, 0x02,
  0x04, 0x04, 0x15, 0x04, 0x4e, 0x13, 0x12, 0x07, 0x07, 0x00, 0x00, 0x19,
  0x17, 0x12, 0x1d, 0x13, 0x1d, 0x10, 0x0f, 0x07, 0x0e, 0x07, 0x0e, 0x0d,
  0x0c, 0x0b, 0x0a, 0x09, 0x08, 0x00, 0x06, 0x00, 0x06, 0x11, 0x11, 0x0d,
  0x07, 0x18, 0x2b, 0x13, 0x37, 0x33, 0x17, 0x23, 0x27, 0x07, 0x01, 0x13,
  0x33, 0x13, 0x23, 0x27, 0x21, 0x07, 0x13, 0x33, 0x03, 0x11, 0x22, 0x26,
  0x35, 0x34, 0x36, 0x33, 0x32, 0x16, 0x15, 0x14, 0x06, 0xc4, 0x81, 0x79,
  0x81, 0x77, 0x47, 0x46, 0xfe, 0xe3, 0xfc, 0xcd, 0xfc, 0xa2, 0x30, 0xfe,
  0xdf, 0x30, 0x5a, 0xcd, 0x66, 0x23, 0x2d, 0x2d, 0x23, 0x22, 0x2d, 0x2d,
  0x03, 0x26, 0x9a, 0x9a, 0x55, 0x55, 0xfc, 0xda, 0x02, 0xe4, 0xfd, 0x1c,
  0x91, 0x91, 0x01, 0x17, 0x01, 0x35, 0xfc, 0xbd, 0x2f, 0x21, 0x21, 0x2e,
  0x2e, 0x21, 0x21, 0x2f, 0x00, 0x04, 0x00, 0x1e, 0x00, 0x00, 0x02, 0xe3,
  0x04, 0x5b, 0x00, 0x03, 0x00, 0x0a, 0x00, 0x12, 0x00, 0x15, 0x00, 0x9b,
  0x40, 0x0a, 0x09, 0x01, 0x03, 0x01, 0x15, 0x01, 0x09, 0x05, 0x02, 0x4c,
  0x4b, 0xb0, 0x0a, 0x50, 0x58, 0x40, 0x2f, 0x00, 0x02, 0x00, 0x01, 0x00,
  0x02, 0x01, 0x80, 0x0b, 0x04, 0x02, 0x03, 0x01, 0x05, 0x01, 0x03, 0x72,
  0x00, 0x00, 0x0a, 0x01, 0x01, 0x03, 0x00, 0x01, 0x67, 0x00, 0x09, 0x00,
  0x07, 0x06, 0x09, 0x07, 0x68, 0x00, 0x05, 0x05, 0x14, 0x4d, 0x0c, 0x08,
  0x02, 0x06, 0x06, 0x15, 0x06, 0x4e, 0x1b, 0x40, 0x30, 0x00, 0x02, 0x00,
  0x01, 0x00, 0x02, 0x01, 0x80, 0x0b, 0x04, 0x02, 0x03, 0x01, 0x05, 0x01,
  0x03, 0x05, 0x80, 0x00, 0x00, 0x0a, 0x01, 0x01, 0x03, 0x00, 0x01, 0x67,
  0x00, 0x09, 0x00, 0x07, 0x06, 0x09, 0x07, 0x68, 0x00, 0x05, 0x05, 0x14,
  0x4d, 0x0c, 0x08, 0x02, 0x06, 0x06, 0x15, 0x06, 0x4e, 0x59, 0x40, 0x22,
  0x0b, 0x0b, 0x04, 0x04, 0x00, 0x00, 0x14, 0x13, 0x0b, 0x12, 0x0b, 0x12,
  0x11, 0x10, 0x0f, 0x0e, 0x0d, 0x0c, 0x04, 0x0a, 0x04, 0x0a, 0x08, 0x07,
  0x06, 0x05, 0x00, 0x03, 0x00, 0x03, 0x11, 0x0d, 0x07, 0x17, 0x2b, 0x01,
  0x27, 0x33, 0x17, 0x05, 0x37, 0x33, 0x17, 0x23, 0x27, 0x07, 0x01, 0x13,
  0x33, 0x13, 0x23, 0x27, 0x21, 0x07, 0x13, 0x33, 0x03, 0x02, 0x17, 0x6e,
  0x8e, 0x50, 0xfe, 0x3d, 0x81, 0x79, 0x81, 0x77, 0x47, 0x46, 0xfe, 0xe3,
  0xfc, 0xcd, 0xfc, 0xa2, 0x30, 0xfe, 0xdf, 0x30, 0x5a, 0xcd, 0x66, 0x03,
  0xa7, 0xb4, 0xb3, 0x82, 0x9a, 0x9a, 0x55, 0x55, 0xfc, 0xda, 0x02, 0xe4,
  0xfd, 0x1c, 0x91, 0x91, 0x01, 0x17, 0x01, 0x35, 0x00, 0x04, 0x00, 0x1e,
  0x00, 0x00, 0x02, 0xe3, 0x04, 0x86, 0x00, 0x1c, 0x00, 0x23, 0x00, 0x2b,
  0x00, 0x2e, 0x00, 0xb7, 0x40, 0x0a, 0x22, 0x01, 0x05, 0x03, 0x2e, 0x01,
  0x0b, 0x07, 0x02, 0x4c, 0x4b, 0xb0, 0x21, 0x50, 0x58, 0x40, 0x3c, 0x00,
  0x01, 0x00, 0x04, 0x00, 0x01, 0x72, 0x00, 0x04, 0x03, 0x00, 0x04, 0x03,
  0x7e, 0x0c, 0x01, 0x03, 0x05, 0x00, 0x03, 0x05, 0x7e, 0x0d, 0x06, 0x02,
  0x05, 0x07, 0x00, 0x05, 0x07, 0x7e, 0x00, 0x02, 0x00, 0x00, 0x01, 0x02,
  0x00, 0x69, 0x00, 0x0b, 0x00, 0x09, 0x08, 0x0b, 0x09, 0x68, 0x00, 0x07,
  0x07, 0x14, 0x4d, 0x0e, 0x0a, 0x02, 0x08, 0x08, 0x15, 0x08, 0x4e, 0x1b,
  0x40, 0x3d, 0x00, 0x01, 0x00, 0x04, 0x00, 0x01, 0x04, 0x80, 0x00, 0x04,
  0x03, 0x00, 0x04, 0x03, 0x7e, 0x0c, 0x01, 0x03, 0x05, 0x00, 0x03, 0x05,
  0x7e, 0x0d, 0x06, 0x02, 0x05, 0x07, 0x00, 0x05, 0x07, 0x7e, 0x00, 0x02,
  0x00, 0x00, 0x01, 0x02, 0x00, 0x69, 0x00, 0x0b, 0x00, 0x09, 0x08, 0x0b,
  0x09, 0x68, 0x00, 0x07, 0x07, 0x14, 0x4d, 0x0e, 0x0a, 0x02, 0x08, 0x08,
  0x15, 0x08, 0x4e, 0x59, 0x40, 0x24, 0x24, 0x24, 0x1d, 0x1d, 0x00, 0x00,
  0x2d, 0x2c, 0x24, 0x2b, 0x24, 0x2b, 0x2a, 0x29, 0x28, 0x27, 0x26, 0x25,
  0x1d, 0x23, 0x1d, 0x23, 0x21, 0x20, 0x1f, 0x1e, 0x00, 0x1c, 0x00, 0x1c,
  0x23, 0x22, 0x2a, 0x0f, 0x07, 0x19, 0x2b, 0x01, 0x35, 0x34, 0x36, 0x37,
  0x37, 0x36, 0x36, 0x35, 0x34, 0x26, 0x23, 0x22, 0x06, 0x06, 0x15, 0x23,
  0x26, 0x36, 0x36, 0x33, 0x32, 0x16, 0x15, 0x14, 0x06, 0x07, 0x07, 0x15,
  0x05, 0x37, 0x33, 0x17, 0x23, 0x27, 0x07, 0x01, 0x13, 0x33, 0x13, 0x23,
  0x27, 0x21, 0x07, 0x13, 0x33, 0x03, 0x02, 0x16, 0x0b, 0x0e, 0x0f, 0x15,
  0x16, 0x13, 0x12, 0x12, 0x11, 0x04, 0x57, 0x01, 0x19, 0x38, 0x2d, 0x3c,
  0x46, 0x2f, 0x24, 0x05, 0xfe, 0x53, 0x81, 0x79, 0x81, 0x77, 0x46, 0x47,
  0xfe, 0xe7, 0xfc, 0xcd, 0xfc, 0xa2, 0x30, 0xfe, 0xdf, 0x30, 0x5a, 0xcd,
  0x66, 0x03, 0x97, 0x21, 0x0d, 0x16, 0x07, 0x08, 0x0a, 0x16, 0x0f, 0x0d,
  0x13, 0x11, 0x14, 0x02, 0x1b, 0x35, 0x24, 0x3f, 0x2b, 0x23, 0x31, 0x13,
  0x02, 0x1c, 0x71, 0x9a, 0x9a, 0x55, 0x55, 0xfc, 0xda, 0x02, 0xe4, 0xfd,
  0x1c, 0x91, 0x91, 0x01, 0x17, 0x01, 0x35, 0x00, 0x00, 0x04, 0x00, 0x1e,
  0x00, 0x00, 0x02, 0xe3, 0x04, 0x7d, 0x00, 0x18, 0x00, 0x1f, 0x00, 0x27,
  0x00, 0x2a, 0x00, 0xc5, 0x40, 0x0a, 0x1e, 0x01, 0x07, 0x06, 0x2a, 0x01,
  0x0d, 0x09, 0x02, 0x4c, 0x4b, 0xb0, 0x26, 0x50, 0x58, 0x40, 0x39, 0x00,
  0x06, 0x00, 0x07, 0x00, 0x06, 0x07, 0x80, 0x0f, 0x08, 0x02, 0x07, 0x09,
  0x00, 0x07, 0x09, 0x7e, 0x05, 0x01, 0x03, 0x00, 0x01, 0x00, 0x03, 0x01,
  0x69, 0x00, 0x04, 0x02, 0x0e, 0x02, 0x00, 0x06, 0x04, 0x00, 0x6a, 0x00,
  0x0d, 0x00, 0x0b, 0x0a, 0x0d, 0x0b, 0x68, 0x00, 0x09, 0x09, 0x14, 0x4d,
  0x10, 0x0c, 0x02, 0x0a, 0x0a, 0x15, 0x0a, 0x4e, 0x1b, 0x40, 0x47, 0x00,
  0x05, 0x03, 0x04, 0x03, 0x05, 0x04, 0x80, 0x00, 0x02, 0x01, 0x00, 0x01,
  0x02, 0x00, 0x80, 0x00, 0x06, 0x00, 0x07, 0x00, 0x06, 0x07, 0x80, 0x0f,
  0x08, 0x02, 0x07, 0x09, 0x00, 0x07, 0x09, 0x7e, 0x00, 0x03, 0x00, 0x01,
  0x02, 0x03, 0x01, 0x69, 0x00, 0x04, 0x0e, 0x01, 0x00, 0x06, 0x04, 0x00,
  0x6a, 0x00, 0x0d, 0x00, 0x0b, 0x0a, 0x0d, 0x0b, 0x68, 0x00, 0x09, 0x09,
  0x14, 0x4d, 0x10, 0x0c, 0x02, 0x0a, 0x0a, 0x15, 0x0a, 0x4e, 0x59, 0x40,
  0x2b, 0x20, 0x20, 0x19, 0x19, 0x01, 0x00, 0x29, 0x28, 0x20, 0x27, 0x20,
  0x27, 0x26, 0x25, 0x24, 0x23, 0x22, 0x21, 0x19, 0x1f, 0x19, 0x1f, 0x1d,
  0x1c, 0x1b, 0x1a, 0x15, 0x14, 0x13, 0x11, 0x0e, 0x0c, 0x09, 0x08, 0x06,
  0x04, 0x00, 0x18, 0x01, 0x18, 0x11, 0x07, 0x16, 0x2b, 0x01, 0x22, 0x2e,
  0x02, 0x23, 0x22, 0x06, 0x15, 0x23, 0x34, 0x36, 0x36, 0x33, 0x32, 0x1e,
  0x02, 0x33, 0x32, 0x35, 0x33, 0x14, 0x06, 0x06, 0x05, 0x37, 0x33, 0x17,
  0x23, 0x27, 0x07, 0x01, 0x13, 0x33, 0x13, 0x23, 0x27, 0x21, 0x07, 0x13,
  0x33, 0x03, 0x01, 0xc8, 0x1b, 0x27, 0x1d, 0x19, 0x0e, 0x10, 0x0c, 0x52,
  0x10, 0x2c, 0x29, 0x1b, 0x28, 0x1e, 0x19, 0x0d, 0x1b, 0x52, 0x10, 0x2b,
  0xfe, 0xd1, 0x81, 0x79, 0x81, 0x77, 0x47, 0x46, 0xfe, 0xe4, 0xfc, 0xcd,
  0xfc, 0xa2, 0x30, 0xfe, 0xdf, 0x30, 0x5a, 0xcd, 0x66, 0x03, 0xe4, 0x13,
  0x18, 0x13, 0x1e, 0x1a, 0x21, 0x44, 0x2e, 0x13, 0x18, 0x12, 0x37, 0x21,
  0x44, 0x2e, 0xbe, 0x9a, 0x9a, 0x55, 0x55, 0xfc, 0xda, 0x02, 0xe4, 0xfd,
  0x1c, 0x91, 0x91, 0x01, 0x17, 0x01, 0x35, 0x00, 0x00, 0x04, 0x00, 0x1e,
  0x00, 0x00, 0x02, 0xe3, 0x03, 0xc7, 0x00, 0x0b, 0x00, 0x17, 0x00, 0x1f,
  0x00, 0x22, 0x00, 0x4b, 0x40, 0x48, 0x22, 0x01, 0x08, 0x04, 0x01, 0x4c,
  0x03, 0x01, 0x01, 0x0a, 0x02, 0x09, 0x03, 0x00, 0x04, 0x01, 0x00, 0x69,
  0x00, 0x08, 0x00, 0x06, 0x05, 0x08, 0x06, 0x68, 0x00, 0x04, 0x04, 0x14,
  0x4d, 0x0b, 0x07, 0x02, 0x05, 0x05, 0x15, 0x05, 0x4e, 0x18, 0x18, 0x0d,
  0x0c, 0x01, 0x00, 0x21, 0x20, 0x18, 0x1f, 0x18, 0x1f, 0x1e, 0x1d, 0x1c,
  0x1b, 0x1a, 0x19, 0x13, 0x11, 0x0c, 0x17, 0x0d, 0x17, 0x07, 0x05, 0x00,
  0x0b, 0x01, 0x0b, 0x0c, 0x07, 0x16, 0x2b, 0x01, 0x22, 0x26, 0x35, 0x34,
  0x36, 0x33, 0x32, 0x16, 0x15, 0x14, 0x06, 0x21, 0x22, 0x26, 0x35, 0x34,
  0x36, 0x33, 0x32, 0x16, 0x15, 0x14, 0x06, 0x01, 0x13, 0x33, 0x13, 0x23,
  0x27, 0x21, 0x07, 0x13, 0x33, 0x03, 0x01, 0xf2, 0x26, 0x30, 0x30, 0x26,
  0x25, 0x31, 0x31, 0xfe, 0xf8, 0x26, 0x30, 0x30, 0x26, 0x25, 0x31, 0x31,
  0xfe, 0xea, 0xfc, 0xcd, 0xfc, 0xa2, 0x30, 0xfe, 0xdf, 0x30, 0x5a, 0xcd,
  0x66, 0x03, 0x21, 0x31, 0x22, 0x23, 0x30, 0x30, 0x23, 0x22, 0x31, 0x31,
  0x22, 0x23, 0x30, 0x30, 0x23, 0x22, 0x31, 0xfc, 0xdf, 0x02, 0xe4, 0xfd,
  0x1c, 0x91, 0x91, 0x01, 0x17, 0x01, 0x35, 0x00, 0x00, 0x03, 0x00, 0x1e,
  0xff, 0x09, 0x02, 0xe3, 0x02, 0xe4, 0x00, 0x07, 0x00, 0x0a, 0x00, 0x16,
  0x00, 0x3c, 0x40, 0x39, 0x0a, 0x01, 0x04, 0x00, 0x01, 0x4c, 0x00, 0x04,
  0x00, 0x02, 0x01, 0x04, 0x02, 0x68, 0x00, 0x06, 0x08, 0x01, 0x05, 0x06,
  0x05, 0x65, 0x00, 0x00, 0x00, 0x14, 0x4d, 0x07, 0x03, 0x02, 0x01, 0x01,
  0x15, 0x01, 0x4e, 0x0c, 0x0b, 0x00, 0x00, 0x12, 0x10, 0x0b, 0x16, 0x0c,
  0x16, 0x09, 0x08, 0x00, 0x07, 0x00, 0x07, 0x11, 0x11, 0x11, 0x09, 0x07,
  0x19, 0x2b, 0x33, 0x13, 0x33, 0x13, 0x23, 0x27, 0x21, 0x07, 0x13, 0x33,
  0x03, 0x11, 0x22, 0x26, 0x35, 0x34, 0x36, 0x33, 0x32, 0x16, 0x15, 0x14,
  0x06, 0x1e, 0xfc, 0xcd, 0xfc, 0xa2, 0x30, 0xfe, 0xdf, 0x30, 0x5a, 0xcd,
  0x66, 0x23, 0x2d, 0x2d, 0x23, 0x22, 0x2d, 0x2d, 0x02, 0xe4, 0xfd, 0x1c,
  0x91, 0x91, 0x01, 0x17, 0x01, 0x35, 0xfc, 0xbd, 0x2f, 0x21, 0x21, 0x2e,
  0x2e, 0x21, 0x21, 0x2f, 0x00, 0x03, 0x00, 0x1e, 0x00, 0x00, 0x02, 0xe3,
  0x03, 0xe2, 0x00, 0x03, 0x00, 0x0b, 0x00, 0x0e, 0x00, 0x3f, 0x40, 0x3c,
  0x0e, 0x01, 0x06, 0x02, 0x01, 0x4c, 0x00, 0x00, 0x07, 0x01, 0x01, 0x02,
  0x00, 0x01, 0x67, 0x00, 0x06, 0x00, 0x04, 0x03, 0x06, 0x04, 0x68, 0x00,
  0x02, 0x02, 0x14, 0x4d, 0x08, 0x05, 0x02, 0x03, 0x03, 0x15, 0x03, 0x4e,
  0x04, 0x04, 0x00, 0x00, 0x0d, 0x0c, 0x04, 0x0b, 0x04, 0x0b, 0x0a, 0x09,
  0x08, 0x07, 0x06, 0x05, 0x00, 0x03, 0x00, 0x03, 0x11, 0x09, 0x07, 0x17,
  0x2b, 0x01, 0x27, 0x33, 0x17, 0x01, 0x13, 0x33, 0x13, 0x23, 0x27, 0x21,
  0x07, 0x13, 0x33, 0x03, 0x01, 0x4b, 0x6d, 0x8d, 0x51, 0xfe, 0x62, 0xfc,
  0xcd, 0xfc, 0xa2, 0x30, 0xfe, 0xdf, 0x30, 0x5a, 0xcd, 0x66, 0x03, 0x2d,
  0xb5, 0xb4, 0xfc, 0xd2, 0x02, 0xe4, 0xfd, 0x1c, 0x91, 0x91, 0x01, 0x17,
  0x01, 0x35, 0x00, 0x00, 0x00, 0x03, 0x00, 0x1e, 0x00, 0x00, 0x02, 0xe3,
  0x04, 0x11, 0x00, 0x1c, 0x00, 0x24, 0x00, 0x27, 0x00, 0x88, 0xb5, 0x27,
  0x01, 0x08, 0x04, 0x01, 0x4c, 0x4b, 0xb0, 0x21, 0x50, 0x58, 0x40, 0x2c,
  0x00, 0x01, 0x00, 0x03, 0x00, 0x01, 0x72, 0x09, 0x01, 0x03, 0x04, 0x00,
  0x03, 0x04, 0x7e, 0x00, 0x02, 0x00, 0x00, 0x01, 0x02, 0x00, 0x69, 0x00,
  0x08, 0x00, 0x06, 0x05, 0x08, 0x06, 0x68, 0x00, 0x04, 0x04, 0x14, 0x4d,
  0x0a, 0x07, 0x02, 0x05, 0x05, 0x15, 0x05, 0x4e, 0x1b, 0x40, 0x2d, 0x00,
  0x01, 0x00, 0x03, 0x00, 0x01, 0x03, 0x80, 0x09, 0x01, 0x03, 0x04, 0x00,
  0x03, 0x04, 0x7e, 0x00, 0x02, 0x00, 0x00, 0x01, 0x02, 0x00, 0x69, 0x00,
  0x08, 0x00, 0x06, 0x05, 0x08, 0x06, 0x68, 0x00, 0x04, 0x04, 0x14, 0x4d,
  0x0a, 0x07, 0x02, 0x05, 0x05, 0x15, 0x05, 0x4e, 0x59, 0x40, 0x1a, 0x1d,
  0x1d, 0x00, 0x00, 0x26, 0x25, 0x1d, 0x24, 0x1d, 0x24, 0x23, 0x22, 0x21,
  0x20, 0x1f, 0x1e, 0x00, 0x1c, 0x00, 0x1c, 0x23, 0x22, 0x2a, 0x0b, 0x07,
  0x19, 0x2b, 0x01, 0x35, 0x34, 0x36, 0x37, 0x37, 0x36, 0x36, 0x35, 0x34,
  0x26, 0x23, 0x22, 0x06, 0x06, 0x15, 0x23, 0x26, 0x36, 0x36, 0x33, 0x32,
  0x16, 0x15, 0x14, 0x06, 0x07, 0x07, 0x15, 0x01, 0x13, 0x33, 0x13, 0x23,
  0x27, 0x21, 0x07, 0x13, 0x33, 0x03, 0x01, 0x56, 0x0b, 0x0e, 0x0f, 0x15,
  0x16, 0x13, 0x12, 0x12, 0x11, 0x04, 0x57, 0x01, 0x19, 0x38, 0x2d, 0x3c,
  0x46, 0x2f, 0x24, 0x05, 0xfe, 0x71, 0xfc, 0xcd, 0xfc, 0xa2, 0x30, 0xfe,
  0xdf, 0x30, 0x5a, 0xcd, 0x66, 0x03, 0x22, 0x21, 0x0d, 0x17, 0x06, 0x08,
  0x0b, 0x15, 0x0f, 0x0d, 0x14, 0x12, 0x14, 0x02, 0x1b, 0x35, 0x24, 0x3f,
  0x2a, 0x24, 0x31, 0x12, 0x03, 0x1c, 0xfc, 0xde, 0x02, 0xe4, 0xfd, 0x1c,
  0x91, 0x91, 0x01, 0x17, 0x01, 0x35, 0x00, 0x00, 0x00, 0x03, 0x00, 0x1e,
  0x00, 0x00, 0x02, 0xe3, 0x03, 0x93, 0x00, 0x03, 0x00, 0x0b, 0x00, 0x0e,
  0x00, 0x3f, 0x40, 0x3c, 0x0e, 0x01, 0x06, 0x02, 0x01, 0x4c, 0x00, 0x00,
  0x07, 0x01, 0x01, 0x02, 0x00, 0x01, 0x67, 0x00, 0x06, 0x00, 0x04, 0x03,
  0x06, 0x04, 0x68, 0x00, 0x02, 0x02, 0x14, 0x4d, 0x08, 0x05, 0x02, 0x03,
  0x03, 0x15, 0x03, 0x4e, 0x04, 0x04, 0x00, 0x00, 0x0d, 0x0c, 0x04, 0x0b,
  0x04, 0x0b, 0x0a, 0x09, 0x08, 0x07, 0x06, 0x05, 0x00, 0x03, 0x00, 0x03,
  0x11, 0x09, 0x07, 0x17, 0x2b, 0x13, 0x35, 0x21, 0x15, 0x01, 0x13, 0x33,
  0x13, 0x23, 0x27, 0x21, 0x07, 0x13, 0x33, 0x03, 0xde, 0x01, 0x46, 0xfd,
  0xfa, 0xfc, 0xcd, 0xfc, 0xa2, 0x30, 0xfe, 0xdf, 0x30, 0x5a, 0xcd, 0x66,
  0x03, 0x39, 0x5a, 0x5a, 0xfc, 0xc7, 0x02, 0xe4, 0xfd, 0x1c, 0x91, 0x91,
  0x01, 0x17, 0x01, 0x35, 0x00, 0x02, 0x00, 0x1e, 0xff, 0x48, 0x03, 0x08,
  0x02, 0xe4, 0x00, 0x1b, 0x00, 0x1e, 0x00, 0x6a, 0x40, 0x0f, 0x1e, 0x01,
  0x06, 0x00, 0x0e, 0x01, 0x02, 0x01, 0x02, 0x4c, 0x03, 0x01, 0x03, 0x01,
  0x4b, 0x4b, 0xb0, 0x2e, 0x50, 0x58, 0x40, 0x1f, 0x00, 0x06, 0x00, 0x04,
  0x03, 0x06, 0x04, 0x68, 0x00, 0x00, 0x00, 0x14, 0x4d, 0x07, 0x05, 0x02,
  0x03, 0x03, 0x15, 0x4d, 0x00, 0x01, 0x01, 0x02, 0x61, 0x00, 0x02, 0x02,
  0x19, 0x02, 0x4e, 0x1b, 0x40, 0x1c, 0x00, 0x06, 0x00, 0x04, 0x03, 0x06,
  0x04, 0x68, 0x00, 0x01, 0x00, 0x02, 0x01, 0x02, 0x65, 0x00, 0x00, 0x00,
  0x14, 0x4d, 0x07, 0x05, 0x02, 0x03, 0x03, 0x15, 0x03, 0x4e, 0x59, 0x40,
  0x10, 0x00, 0x00, 0x1d, 0x1c, 0x00, 0x1b, 0x00, 0x1b, 0x11, 0x15, 0x25,
  0x27, 0x11, 0x08, 0x07, 0x1b, 0x2b, 0x33, 0x13, 0x33, 0x13, 0x30, 0x06,
  0x06, 0x15, 0x14, 0x16, 0x33, 0x32, 0x36, 0x31, 0x15, 0x30, 0x06, 0x23,
  0x22, 0x26, 0x35, 0x34, 0x36, 0x37, 0x23, 0x27, 0x21, 0x07, 0x13, 0x33,
  0x03, 0x1e, 0xfc, 0xcd, 0xfc, 0x1a, 0x19, 0x1a, 0x1c, 0x0d, 0x15, 0x21,
  0x19, 0x49, 0x43, 0x1e, 0x13, 0x32, 0x30, 0xfe, 0xdf, 0x30, 0x5a, 0xcd,
  0x66, 0x02, 0xe4, 0xfd, 0x1c, 0x0d, 0x1a, 0x13, 0x0f, 0x17, 0x03, 0x56,
  0x05, 0x3b, 0x29, 0x1e, 0x29, 0x0d, 0x91, 0x91, 0x01, 0x17, 0x01, 0x35,
  0x00, 0x04, 0x00, 0x1e, 0x00, 0x00, 0x02, 0xe3, 0x04, 0x2d, 0x00, 0x0f,
  0x00, 0x1b, 0x00, 0x23, 0x00, 0x26, 0x00, 0x51, 0x40, 0x4e, 0x26, 0x01,
  0x08, 0x04, 0x01, 0x4c, 0x00, 0x01, 0x00, 0x03, 0x02, 0x01, 0x03, 0x69,
  0x0a, 0x01, 0x02, 0x09, 0x01, 0x00, 0x04, 0x02, 0x00, 0x69, 0x00, 0x08,
  0x00, 0x06, 0x05, 0x08, 0x06, 0x68, 0x00, 0x04, 0x04, 0x14, 0x4d, 0x0b,
  0x07, 0x02, 0x05, 0x05, 0x15, 0x05, 0x4e, 0x1c, 0x1c, 0x11, 0x10, 0x01,
  0x00, 0x25, 0x24, 0x1c, 0x23, 0x1c, 0x23, 0x22, 0x21, 0x20, 0x1f, 0x1e,
  0x1d, 0x17, 0x15, 0x10, 0x1b, 0x11, 0x1b, 0x09, 0x07, 0x00, 0x0f, 0x01,
  0x0f, 0x0c, 0x07, 0x16, 0x2b, 0x01, 0x22, 0x26, 0x26, 0x35, 0x34, 0x36,
  0x36, 0x33, 0x32, 0x16, 0x16, 0x15, 0x14, 0x06, 0x06, 0x27, 0x32, 0x36,
  0x35, 0x34, 0x26, 0x23, 0x22, 0x06, 0x15, 0x14, 0x16, 0x01, 0x13, 0x33,
  0x13, 0x23, 0x27, 0x21, 0x07, 0x13, 0x33, 0x03, 0x01, 0x81, 0x26, 0x3e,
  0x24, 0x24, 0x3e, 0x26, 0x25, 0x3e, 0x25, 0x25, 0x3e, 0x25, 0x16, 0x20,
  0x20, 0x16, 0x17, 0x20, 0x20, 0xfe, 0xb4, 0xfc, 0xcd, 0xfc, 0xa2, 0x30,
  0xfe, 0xdf, 0x30, 0x5a, 0xcd, 0x66, 0x03, 0x1e, 0x24, 0x3e, 0x25, 0x26,
  0x3d, 0x25, 0x25, 0x3d, 0x26, 0x25, 0x3e, 0x24, 0x51, 0x1f, 0x17, 0x17,
  0x1f, 0x1f, 0x17, 0x17, 0x1f, 0xfc, 0x91, 0x02, 0xe4, 0xfd, 0x1c, 0x91,
  0x91, 0x01, 0x17, 0x01, 0x35, 0x00, 0x00, 0x00, 0x00, 0x03, 0x00, 0x1e,
  0x00, 0x00, 0x02, 0xe3, 0x03, 0xd1, 0x00, 0x18, 0x00, 0x20, 0x00, 0x23,
  0x00, 0x94, 0xb5, 0x23, 0x01, 0x0a, 0x06, 0x01, 0x4c, 0x4b, 0xb0, 0x26,
  0x50, 0x58, 0x40, 0x28, 0x05, 0x01, 0x03, 0x00, 0x01, 0x00, 0x03, 0x01,
  0x69, 0x00, 0x04, 0x02, 0x0b, 0x02, 0x00, 0x06, 0x04, 0x00, 0x6a, 0x00,
  0x0a, 0x00, 0x08, 0x07, 0x0a, 0x08, 0x68, 0x00, 0x06, 0x06, 0x14, 0x4d,
  0x0c, 0x09, 0x02, 0x07, 0x07, 0x15, 0x07, 0x4e, 0x1b, 0x40, 0x36, 0x00,
  0x05, 0x03, 0x04, 0x03, 0x05, 0x04, 0x80, 0x00, 0x02, 0x01, 0x00, 0x01,
  0x02, 0x00, 0x80, 0x00, 0x03, 0x00, 0x01, 0x02, 0x03, 0x01, 0x69, 0x00,
  0x04, 0x0b, 0x01, 0x00, 0x06, 0x04, 0x00, 0x6a, 0x00, 0x0a, 0x00, 0x08,
  0x07, 0x0a, 0x08, 0x68, 0x00, 0x06, 0x06, 0x14, 0x4d, 0x0c, 0x09, 0x02,
  0x07, 0x07, 0x15, 0x07, 0x4e, 0x59, 0x40, 0x21, 0x19, 0x19, 0x01, 0x00,
  0x22, 0x21, 0x19, 0x20, 0x19, 0x20, 0x1f, 0x1e, 0x1d, 0x1c, 0x1b, 0x1a,
  0x15, 0x14, 0x13, 0x11, 0x0e, 0x0c, 0x09, 0x08, 0x06, 0x04, 0x00, 0x18,
  0x01, 0x18, 0x0d, 0x07, 0x16, 0x2b, 0x01, 0x22, 0x2e, 0x02, 0x23, 0x22,
  0x06, 0x15, 0x23, 0x34, 0x36, 0x36, 0x33, 0x32, 0x1e, 0x02, 0x33, 0x32,
  0x35, 0x33, 0x14, 0x06, 0x06, 0x01, 0x13, 0x33, 0x13, 0x23, 0x27, 0x21,
  0x07, 0x13, 0x33, 0x03, 0x01, 0xcb, 0x1b, 0x27, 0x1e, 0x19, 0x0e, 0x10,
  0x0c, 0x51, 0x0f, 0x2c, 0x29, 0x1c, 0x27, 0x1e, 0x19, 0x0d, 0x1c, 0x51,
  0x10, 0x2b, 0xfe, 0x2a, 0xfc, 0xcd, 0xfc, 0xa2, 0x30, 0xfe, 0xdf, 0x30,
  0x5a, 0xcd, 0x66, 0x03, 0x38, 0x13, 0x18, 0x13, 0x1e, 0x1a, 0x21, 0x44,
  0x2e, 0x13, 0x18, 0x12, 0x37, 0x21, 0x44, 0x2e, 0xfc, 0xc8, 0x02, 0xe4,
  0xfd, 0x1c, 0x91, 0x91, 0x01, 0x17, 0x01, 0x35, 0x00, 0x02, 0x00, 0x1e,
  0x00, 0x00, 0x03, 0xd7, 0x02, 0xe4, 0x00, 0x0f, 0x00, 0x12, 0x00, 0x42,
  0x40, 0x3f, 0x12, 0x01, 0x02, 0x01, 0x01, 0x4c, 0x00, 0x02, 0x00, 0x03,
  0x08, 0x02, 0x03, 0x67, 0x00, 0x08, 0x00, 0x06, 0x04, 0x08, 0x06, 0x67,
  0x00, 0x01, 0x01, 0x00, 0x5f, 0x00, 0x00, 0x00, 0x14, 0x4d, 0x00, 0x04,
  0x04, 0x05, 0x5f, 0x09, 0x07, 0x02, 0x05, 0x05, 0x15, 0x05, 0x4e, 0x00,
  0x00, 0x11, 0x10, 0x00, 0x0f, 0x00, 0x0f, 0x11, 0x11, 0x11, 0x11, 0x11,
  0x11, 0x11, 0x0a, 0x07, 0x1d, 0x2b, 0x33, 0x01, 0x21, 0x15, 0x21, 0x15,
  0x21, 0x15, 0x21, 0x15, 0x21, 0x15, 0x21, 0x35, 0x23, 0x07, 0x13, 0x33,
  0x11, 0x1e, 0x01, 0x50, 0x02, 0x64, 0xfe, 0x9c, 0x01, 0x36, 0xfe, 0xca,
  0x01, 0x69, 0xfd, 0xfd, 0xd2, 0x42, 0x7e, 0x96, 0x02, 0xe4, 0x86, 0xa6,
  0x81, 0xb1, 0x86, 0x91, 0x91, 0x01, 0x15, 0x01, 0x48, 0x00, 0x00, 0x00,
  0x00, 0x03, 0x00, 0x44, 0x00, 0x00, 0x02, 0x97, 0x02, 0xe4, 0x00, 0x13,
  0x00, 0x1c, 0x00, 0x25, 0x00, 0x43, 0x40, 0x40, 0x0a, 0x01, 0x04, 0x03,
  0x01, 0x4c, 0x00, 0x03, 0x08, 0x01, 0x04, 0x05, 0x03, 0x04, 0x67, 0x07,
  0x01, 0x02, 0x02, 0x00, 0x5f, 0x00, 0x00, 0x00, 0x14, 0x4d, 0x00, 0x05,
  0x05, 0x01, 0x5f, 0x06, 0x01, 0x01, 0x01, 0x15, 0x01, 0x4e, 0x1e, 0x1d,
  0x15, 0x14, 0x00, 0x00, 0x21, 0x1f, 0x1d, 0x25, 0x1e, 0x25, 0x18, 0x16,
  0x14, 0x1c, 0x15, 0x1c, 0x00, 0x13, 0x00, 0x12, 0x21, 0x09, 0x07, 0x17,
  0x2b, 0x33, 0x11, 0x21, 0x32, 0x16, 0x16, 0x15, 0x14, 0x06, 0x06, 0x07,
  0x15, 0x1e, 0x02, 0x15, 0x14, 0x06, 0x06, 0x23, 0x03, 0x23, 0x15, 0x33,
  0x32, 0x36, 0x35, 0x34, 0x26, 0x03, 0x23, 0x15, 0x33, 0x32, 0x36, 0x35,
  0x34, 0x26, 0x44, 0x01, 0x56, 0x48, 0x63, 0x34, 0x24, 0x33, 0x18, 0x1b,
  0x42, 0x30, 0x31, 0x6d, 0x57, 0x22, 0xa2, 0xa2, 0x34, 0x30, 0x30, 0x28,
  0xae, 0xae, 0x3b, 0x35, 0x35, 0x02, 0xe4, 0x32, 0x53, 0x32, 0x31, 0x41,
  0x27, 0x07, 0x08, 0x06, 0x28, 0x4a, 0x3b, 0x34, 0x60, 0x3e, 0x02, 0x63,
  0xac, 0x32, 0x24, 0x23, 0x33, 0xfe, 0xde, 0xc0, 0x39, 0x28, 0x27, 0x38,
  0x00, 0x01, 0x00, 0x28, 0xff, 0xf6, 0x02, 0xe4, 0x02, 0xee, 0x00, 0x2d,
  0x00, 0x3b, 0x40, 0x38, 0x00, 0x02, 0x03, 0x05, 0x03, 0x02, 0x05, 0x80,
  0x00, 0x05, 0x04, 0x03, 0x05, 0x04, 0x7e, 0x00, 0x03, 0x03, 0x01, 0x61,
  0x00, 0x01, 0x01, 0x1a, 0x4d, 0x00, 0x04, 0x04, 0x00, 0x61, 0x06, 0x01,
  0x00, 0x00, 0x1b, 0x00, 0x4e, 0x01, 0x00, 0x27, 0x25, 0x21, 0x1f, 0x19,
  0x17, 0x12, 0x10, 0x0b, 0x09, 0x00, 0x2d, 0x01, 0x2d, 0x07, 0x07, 0x16,
  0x2b, 0x05, 0x22, 0x2e, 0x02, 0x35, 0x34, 0x3e, 0x02, 0x33, 0x32, 0x1e,
  0x04, 0x31, 0x23, 0x30, 0x2e, 0x03, 0x23, 0x22, 0x06, 0x06, 0x15, 0x14,
  0x16, 0x16, 0x33, 0x32, 0x3e, 0x03, 0x31, 0x33, 0x30, 0x0e, 0x04, 0x01,
  0x97, 0x5c, 0x89, 0x5c, 0x2e, 0x2e, 0x5c, 0x89, 0x5c, 0x4d, 0x6d, 0x49,
  0x2d, 0x16, 0x07, 0x99, 0x07, 0x14, 0x27, 0x41, 0x30, 0x45, 0x5d, 0x2f,
  0x2f, 0x5d, 0x45, 0x30, 0x41, 0x27, 0x14, 0x07, 0x99, 0x07, 0x16, 0x2d,
  0x49, 0x6d, 0x0a, 0x41, 0x6d, 0x88, 0x47, 0x46, 0x88, 0x6d, 0x40, 0x27,
  0x3d, 0x45, 0x3d, 0x27, 0x1b, 0x27, 0x26, 0x1b, 0x47, 0x6e, 0x3c, 0x3c,
  0x6f, 0x47, 0x1a, 0x27, 0x27, 0x1a, 0x27, 0x3d, 0x45, 0x3d, 0x27, 0x00,
  0x00, 0x02, 0x00, 0x28, 0xff, 0xf6, 0x02, 0xe4, 0x03, 0xe1, 0x00, 0x03,
  0x00, 0x31, 0x00, 0x45, 0x40, 0x42, 0x00, 0x04, 0x05, 0x07, 0x05, 0x04,
  0x07, 0x80, 0x00, 0x07, 0x06, 0x05, 0x07, 0x06, 0x7e, 0x00, 0x01, 0x00,
  0x00, 0x03, 0x01, 0x00, 0x67, 0x00, 0x05, 0x05, 0x03, 0x61, 0x00, 0x03,
  0x03, 0x1a, 0x4d, 0x00, 0x06, 0x06, 0x02, 0x61, 0x08, 0x01, 0x02, 0x02,
  0x1b, 0x02, 0x4e, 0x05, 0x04, 0x2b, 0x29, 0x25, 0x23, 0x1d, 0x1b, 0x16,
  0x14, 0x0f, 0x0d, 0x04, 0x31, 0x05, 0x31, 0x11, 0x10, 0x09, 0x07, 0x18,
  0x2b, 0x01, 0x27, 0x37, 0x33, 0x03, 0x22, 0x2e, 0x02, 0x35, 0x34, 0x3e,
  0x02, 0x33, 0x32, 0x1e, 0x04, 0x31, 0x23, 0x30, 0x2e, 0x03, 0x23, 0x22,
  0x06, 0x06, 0x15, 0x14, 0x16, 0x16, 0x33, 0x32, 0x3e, 0x03, 0x31, 0x33,
  0x30, 0x0e, 0x04, 0x01, 0xd0, 0x71, 0x51, 0x8d, 0xa6, 0x5c, 0x89, 0x5c,
  0x2e, 0x2e, 0x5c, 0x89, 0x5c, 0x4d, 0x6d, 0x49, 0x2d, 0x16, 0x07, 0x99,
  0x07, 0x14, 0x27, 0x41, 0x30, 0x45, 0x5d, 0x2f, 0x2f, 0x5d, 0x45, 0x30,
  0x41, 0x27, 0x14, 0x07, 0x99, 0x07, 0x16, 0x2d, 0x49, 0x6d, 0x03, 0x2c,
  0x01, 0xb4, 0xfc, 0x15, 0x41, 0x6d, 0x88, 0x47, 0x46, 0x88, 0x6d, 0x40,
  0x27, 0x3d, 0x45, 0x3d, 0x27, 0x1b, 0x27, 0x26, 0x1b, 0x47, 0x6e, 0x3c,
  0x3c, 0x6f, 0x47, 0x1a, 0x27, 0x27, 0x1a, 0x27, 0x3d, 0x45, 0x3d, 0x27,
  0x00, 0x02, 0x00, 0x28, 0xff, 0xf6, 0x02, 0xe4, 0x03, 0xd5, 0x00, 0x06,
  0x00, 0x34, 0x00, 0x54, 0x40, 0x51, 0x03, 0x01, 0x02, 0x00, 0x01, 0x4c,
  0x09, 0x01, 0x02, 0x00, 0x04, 0x00, 0x02, 0x04, 0x80, 0x00, 0x08, 0x05,
  0x07, 0x05, 0x08, 0x07, 0x80, 0x01, 0x01, 0x00, 0x00, 0x05, 0x08, 0x00,
  0x05, 0x67, 0x00, 0x06, 0x06, 0x04, 0x61, 0x00, 0x04, 0x04, 0x1a, 0x4d,
  0x00, 0x07, 0x07, 0x03, 0x62, 0x0a, 0x01, 0x03, 0x03, 0x1b, 0x03, 0x4e,
  0x08, 0x07, 0x00, 0x00, 0x2e, 0x2c, 0x28, 0x26, 0x20, 0x1e, 0x19, 0x17,
  0x12, 0x10, 0x07, 0x34, 0x08, 0x34, 0x00, 0x06, 0x00, 0x06, 0x12, 0x11,
  0x0b, 0x07, 0x18, 0x2b, 0x01, 0x27, 0x33, 0x17, 0x37, 0x33, 0x07, 0x03,
  0x22, 0x2e, 0x02, 0x35, 0x34, 0x3e, 0x02, 0x33, 0x32, 0x1e, 0x04, 0x31,
  0x23, 0x30, 0x2e, 0x03, 0x23, 0x22, 0x06, 0x06, 0x15, 0x14, 0x16, 0x16,
  0x33, 0x32, 0x3e, 0x03, 0x31, 0x33, 0x30, 0x0e, 0x04, 0x01, 0x5a, 0x81,
  0x77, 0x47, 0x46, 0x77, 0x81, 0x3c, 0x5c, 0x89, 0x5c, 0x2e, 0x2e, 0x5c,
  0x89, 0x5c, 0x4d, 0x6d, 0x49, 0x2d, 0x16, 0x07, 0x99, 0x07, 0x14, 0x27,
  0x41, 0x30, 0x45, 0x5d, 0x2f, 0x2f, 0x5d, 0x45, 0x30, 0x41, 0x27, 0x14,
  0x07, 0x99, 0x07, 0x16, 0x2d, 0x49, 0x6d, 0x03, 0x21, 0xb4, 0x68, 0x68,
  0xb4, 0xfc, 0xd5, 0x41, 0x6d, 0x88, 0x47, 0x46, 0x88, 0x6d, 0x40, 0x27,
  0x3d, 0x45, 0x3d, 0x27, 0x1b, 0x27, 0x26, 0x1b, 0x47, 0x6e, 0x3c, 0x3c,
  0x6f, 0x47, 0x1a, 0x27, 0x27, 0x1a, 0x27, 0x3d, 0x45, 0x3d, 0x27, 0x00,
  0x00, 0x01, 0x00, 0x28, 0xfe, 0xfb, 0x02, 0xe4, 0x02, 0xee, 0x00, 0x4a,
  0x00, 0x5c, 0x40, 0x59, 0x13, 0x01, 0x08, 0x06, 0x12, 0x01, 0x02, 0x08,
  0x04, 0x01, 0x01, 0x02, 0x03, 0x4c, 0x00, 0x04, 0x05, 0x07, 0x05, 0x04,
  0x07, 0x80, 0x00, 0x07, 0x06, 0x05, 0x07, 0x06, 0x7e, 0x00, 0x08, 0x06,
  0x02, 0x06, 0x08, 0x02, 0x80, 0x00, 0x06, 0x00, 0x02, 0x01, 0x06, 0x02,
  0x69, 0x00, 0x01, 0x09, 0x01, 0x00, 0x01, 0x00, 0x66, 0x00, 0x05, 0x05,
  0x03, 0x61, 0x00, 0x03, 0x03, 0x1a, 0x05, 0x4e, 0x01, 0x00, 0x45, 0x43,
  0x3a, 0x38, 0x34, 0x32, 0x2c, 0x2a, 0x25, 0x23, 0x1e, 0x1c, 0x0f, 0x0d,
  0x09, 0x07, 0x00, 0x4a, 0x01, 0x4a, 0x0a, 0x07, 0x16, 0x2b, 0x01, 0x22,
  0x26, 0x31, 0x35, 0x30, 0x16, 0x16, 0x33, 0x32, 0x36, 0x35, 0x34, 0x26,
  0x23, 0x22, 0x06, 0x31, 0x27, 0x37, 0x2e, 0x03, 0x35, 0x34, 0x3e, 0x02,
  0x33, 0x32, 0x1e, 0x04, 0x31, 0x23, 0x30, 0x2e, 0x03, 0x23, 0x22, 0x06,
  0x06, 0x15, 0x14, 0x16, 0x16, 0x33, 0x32, 0x3e, 0x03, 0x31, 0x33, 0x30,
  0x0e, 0x04, 0x07, 0x07, 0x36, 0x33, 0x32, 0x16, 0x15, 0x14, 0x06, 0x06,
  0x01, 0x83, 0x1c, 0x36, 0x19, 0x22, 0x0f, 0x2b, 0x1e, 0x16, 0x14, 0x17,
  0x20, 0x35, 0x2d, 0x4d, 0x73, 0x4c, 0x27, 0x2e, 0x5c, 0x89, 0x5c, 0x4d,
  0x6d, 0x49, 0x2d, 0x16, 0x07, 0x99, 0x07, 0x14, 0x27, 0x41, 0x30, 0x45,
  0x5d, 0x2f, 0x2f, 0x5d, 0x45, 0x30, 0x41, 0x27, 0x14, 0x07, 0x99, 0x07,
  0x14, 0x28, 0x42, 0x62, 0x45, 0x1b, 0x0d, 0x0e, 0x30, 0x39, 0x22, 0x46,
  0xfe, 0xfb, 0x07, 0x4e, 0x03, 0x03, 0x1c, 0x0e, 0x0e, 0x12, 0x13, 0x36,
  0x43, 0x0b, 0x47, 0x68, 0x7e, 0x41, 0x46, 0x88, 0x6d, 0x40, 0x27, 0x3d,
  0x45, 0x3d, 0x27, 0x1b, 0x27, 0x26, 0x1b, 0x47, 0x6e, 0x3c, 0x3c, 0x6f,
  0x47, 0x1a, 0x27, 0x27, 0x1a, 0x24, 0x3a, 0x42, 0x3d, 0x2a, 0x05, 0x25,
  0x02, 0x36, 0x2b, 0x1f, 0x37, 0x22, 0x00, 0x00, 0x00, 0x02, 0x00, 0x28,
  0xff, 0xf6, 0x02, 0xe4, 0x03, 0xd9, 0x00, 0x0b, 0x00, 0x39, 0x00, 0x4c,
  0x40, 0x49, 0x00, 0x04, 0x05, 0x07, 0x05, 0x04, 0x07, 0x80, 0x00, 0x07,
  0x06, 0x05, 0x07, 0x06, 0x7e, 0x00, 0x01, 0x08, 0x01, 0x00, 0x03, 0x01,
  0x00, 0x69, 0x00, 0x05, 0x05, 0x03, 0x61, 0x00, 0x03, 0x03, 0x1a, 0x4d,
  0x00, 0x06, 0x06, 0x02, 0x61, 0x09, 0x01, 0x02, 0x02, 0x1b, 0x02, 0x4e,
  0x0d, 0x0c, 0x01, 0x00, 0x33, 0x31, 0x2d, 0x2b, 0x25, 0x23, 0x1e, 0x1c,
  0x17, 0x15, 0x0c, 0x39, 0x0d, 0x39, 0x07, 0x05, 0x00, 0x0b, 0x01, 0x0b,
  0x0a, 0x07, 0x16, 0x2b, 0x01, 0x22, 0x26, 0x35, 0x34, 0x36, 0x33, 0x32,
  0x16, 0x15, 0x14, 0x06, 0x03, 0x22, 0x2e, 0x02, 0x35, 0x34, 0x3e, 0x02,
  0x33, 0x32, 0x1e, 0x04, 0x31, 0x23, 0x30, 0x2e, 0x03, 0x23, 0x22, 0x06,
  0x06, 0x15, 0x14, 0x16, 0x16, 0x33, 0x32, 0x3e, 0x03, 0x31, 0x33, 0x30,
  0x0e, 0x04, 0x01, 0x97, 0x28, 0x32, 0x32, 0x28, 0x27, 0x33, 0x33, 0x27,
  0x5c, 0x89, 0x5c, 0x2e, 0x2e, 0x5c, 0x89, 0x5c, 0x4d, 0x6d, 0x49, 0x2d,
  0x16, 0x07, 0x99, 0x07, 0x14, 0x27, 0x41, 0x30, 0x45, 0x5d, 0x2f, 0x2f,
  0x5d, 0x45, 0x30, 0x41, 0x27, 0x14, 0x07, 0x99, 0x07, 0x16, 0x2d, 0x49,
  0x6d, 0x03, 0x2b, 0x33, 0x24, 0x24, 0x33, 0x33, 0x24, 0x24, 0x33, 0xfc,
  0xcb, 0x41, 0x6d, 0x88, 0x47, 0x46, 0x88, 0x6d, 0x40, 0x27, 0x3d, 0x45,
  0x3d, 0x27, 0x1b, 0x27, 0x26, 0x1b, 0x47, 0x6e, 0x3c, 0x3c, 0x6f, 0x47,
  0x1a, 0x27, 0x27, 0x1a, 0x27, 0x3d, 0x45, 0x3d, 0x27, 0x00, 0x00, 0x00,
  0x00, 0x02, 0x00, 0x44, 0x00, 0x00, 0x02, 0xc7, 0x02, 0xe4, 0x00, 0x0c,
  0x00, 0x17, 0x00, 0x2c, 0x40, 0x29, 0x05, 0x01, 0x02, 0x02, 0x00, 0x5f,
  0x00, 0x00, 0x00, 0x14, 0x4d, 0x00, 0x03, 0x03, 0x01, 0x5f, 0x04, 0x01,
  0x01, 0x01, 0x15, 0x01, 0x4e, 0x0e, 0x0d, 0x00, 0x00, 0x11, 0x0f, 0x0d,
  0x17, 0x0e, 0x17, 0x00, 0x0c, 0x00, 0x0b, 0x21, 0x06, 0x07, 0x17, 0x2b,
  0x33, 0x11, 0x21, 0x32, 0x1e, 0x02, 0x15, 0x14, 0x0e, 0x02, 0x23, 0x03,
  0x23, 0x11, 0x33, 0x32, 0x36, 0x36, 0x35, 0x34, 0x26, 0x26, 0x44, 0x01,
  0x18, 0x5a, 0x89, 0x5a, 0x2e, 0x2e, 0x5a, 0x89, 0x5a, 0x07, 0x77, 0x77,
  0x49, 0x5f, 0x2f, 0x2f, 0x5f, 0x02, 0xe4, 0x3f, 0x6a, 0x84, 0x45, 0x45,
  0x84, 0x6a, 0x3f, 0x02, 0x5d, 0xfe, 0x2c, 0x44, 0x6c, 0x3a, 0x3a, 0x6b,
  0x45, 0x00, 0x00, 0x00, 0x00, 0x02, 0x00, 0x13, 0x00, 0x00, 0x02, 0xe8,
  0x02, 0xe4, 0x00, 0x10, 0x00, 0x1f, 0x00, 0x37, 0x40, 0x34, 0x07, 0x01,
  0x01, 0x04, 0x01, 0x00, 0x05, 0x01, 0x00, 0x67, 0x00, 0x06, 0x06, 0x02,
  0x5f, 0x00, 0x02, 0x02, 0x14, 0x4d, 0x00, 0x05, 0x05, 0x03, 0x5f, 0x08,
  0x01, 0x03, 0x03, 0x15, 0x03, 0x4e, 0x00, 0x00, 0x1f, 0x1e, 0x1d, 0x1b,
  0x15, 0x13, 0x12, 0x11, 0x00, 0x10, 0x00, 0x0f, 0x21, 0x11, 0x11, 0x09,
  0x07, 0x19, 0x2b, 0x33, 0x11, 0x23, 0x35, 0x33, 0x11, 0x21, 0x32, 0x1e,
  0x02, 0x15, 0x14, 0x0e, 0x02, 0x23, 0x13, 0x23, 0x15, 0x33, 0x32, 0x36,
  0x36, 0x35, 0x34, 0x26, 0x26, 0x23, 0x23, 0x15, 0x33, 0x66, 0x53, 0x53,
  0x01, 0x17, 0x5b, 0x88, 0x5b, 0x2d, 0x2d, 0x5b, 0x88, 0x5b, 0x0e, 0x8b,
  0x76, 0x49, 0x60, 0x2e, 0x2e, 0x60, 0x49, 0x76, 0x8b, 0x01, 0x34, 0x7c,
  0x01, 0x34, 0x3f, 0x6a, 0x84, 0x45, 0x45, 0x84, 0x6a, 0x3f, 0x01, 0x34,
  0xab, 0x44, 0x6c, 0x3a, 0x3a, 0x6b, 0x45, 0xad, 0x00, 0x03, 0x00, 0x48,
  0x00, 0x00, 0x02, 0xcb, 0x03, 0xd6, 0x00, 0x06, 0x00, 0x13, 0x00, 0x1e,
  0x00, 0x47, 0x40, 0x44, 0x03, 0x01, 0x02, 0x00, 0x01, 0x4c, 0x01, 0x01,
  0x00, 0x02, 0x00, 0x85, 0x07, 0x01, 0x02, 0x03, 0x02, 0x85, 0x09, 0x01,
  0x05, 0x05, 0x03, 0x5f, 0x00, 0x03, 0x03, 0x14, 0x4d, 0x00, 0x06, 0x06,
  0x04, 0x5f, 0x08, 0x01, 0x04, 0x04, 0x15, 0x04, 0x4e, 0x15, 0x14, 0x07,
  0x07, 0x00, 0x00, 0x18, 0x16, 0x14, 0x1e, 0x15, 0x1e, 0x07, 0x13, 0x07,
  0x12, 0x0a, 0x08, 0x00, 0x06, 0x00, 0x06, 0x12, 0x11, 0x0a, 0x07, 0x18,
  0x2b, 0x01, 0x27, 0x33, 0x17, 0x37, 0x33, 0x07, 0x01, 0x11, 0x21, 0x32,
  0x1e, 0x02, 0x15, 0x14, 0x0e, 0x02, 0x23, 0x03, 0x23, 0x11, 0x33, 0x32,
  0x36, 0x36, 0x35, 0x34, 0x26, 0x26, 0x01, 0x23, 0x81, 0x77, 0x47, 0x46,
  0x77, 0x81, 0xfe, 0xac, 0x01, 0x18, 0x5a, 0x89, 0x5a, 0x2e, 0x2e, 0x5a,
  0x89, 0x5a, 0x07, 0x77, 0x77, 0x49, 0x5f, 0x2f, 0x2f, 0x5f, 0x03, 0x22,
  0xb4, 0x68, 0x68, 0xb4, 0xfc, 0xde, 0x02, 0xe4, 0x3f, 0x6a, 0x84, 0x45,
  0x45, 0x84, 0x6a, 0x3f, 0x02, 0x5d, 0xfe, 0x2c, 0x44, 0x6c, 0x3a, 0x3a,
  0x6b, 0x45, 0x00, 0x00, 0x00, 0x02, 0x00, 0x13, 0x00, 0x00, 0x02, 0xe8,
  0x02, 0xe4, 0x00, 0x10, 0x00, 0x1f, 0x00, 0x37, 0x40, 0x34, 0x07, 0x01,
  0x01, 0x04, 0x01, 0x00, 0x05, 0x01, 0x00, 0x67, 0x00, 0x06, 0x06, 0x02,
  0x5f, 0x00, 0x02, 0x02, 0x14, 0x4d, 0x00, 0x05, 0x05, 0x03, 0x5f, 0x08,
  0x01, 0x03, 0x03, 0x15, 0x03, 0x4e, 0x00, 0x00, 0x1f, 0x1e, 0x1d, 0x1b,
  0x15, 0x13, 0x12, 0x11, 0x00, 0x10, 0x00, 0x0f, 0x21, 0x11, 0x11, 0x09,
  0x07, 0x19, 0x2b, 0x33, 0x11, 0x23, 0x35, 0x33, 0x11, 0x21, 0x32, 0x1e,
  0x02, 0x15, 0x14, 0x0e, 0x02, 0x23, 0x13, 0x23, 0x15, 0x33, 0x32, 0x36,
  0x36, 0x35, 0x34, 0x26, 0x26, 0x23, 0x23, 0x15, 0x33, 0x66, 0x53, 0x53,
  0x01, 0x17, 0x5b, 0x88, 0x5b, 0x2d, 0x2d, 0x5b, 0x88, 0x5b, 0x0e, 0x8b,
  0x76, 0x49, 0x60, 0x2e, 0x2e, 0x60, 0x49, 0x76, 0x8b, 0x01, 0x34, 0x7c,
  0x01, 0x34, 0x3f, 0x6a, 0x84, 0x45, 0x45, 0x84, 0x6a, 0x3f, 0x01, 0x34,
  0xab, 0x44, 0x6c, 0x3a, 0x3a, 0x6b, 0x45, 0xad, 0x00, 0x01, 0x00, 0x44,
  0x00, 0x00, 0x02, 0x47, 0x02, 0xe4, 0x00, 0x0b, 0x00, 0x2f, 0x40, 0x2c,
  0x00, 0x02, 0x00, 0x03, 0x04, 0x02, 0x03, 0x67, 0x00, 0x01, 0x01, 0x00,
  0x5f, 0x00, 0x00, 0x00, 0x14, 0x4d, 0x00, 0x04, 0x04, 0x05, 0x5f, 0x06,
  0x01, 0x05, 0x05, 0x15, 0x05, 0x4e, 0x00, 0x00, 0x00, 0x0b, 0x00, 0x0b,
  0x11, 0x11, 0x11, 0x11, 0x11, 0x07, 0x07, 0x1b, 0x2b, 0x33, 0x11, 0x21,
  0x15, 0x21, 0x15, 0x21, 0x15, 0x21, 0x15, 0x21, 0x15, 0x44, 0x01, 0xfe,
  0xfe, 0x9c, 0x01, 0x36, 0xfe, 0xca, 0x01, 0x69, 0x02, 0xe4, 0x86, 0xa6,
  0x81, 0xb1, 0x86, 0x00, 0x00, 0x02, 0x00, 0x48, 0x00, 0x00, 0x02, 0x4b,
  0x03, 0xe2, 0x00, 0x03, 0x00, 0x0f, 0x00, 0x39, 0x40, 0x36, 0x00, 0x01,
  0x00, 0x00, 0x02, 0x01, 0x00, 0x67, 0x00, 0x04, 0x00, 0x05, 0x06, 0x04,
  0x05, 0x67, 0x00, 0x03, 0x03, 0x02, 0x5f, 0x00, 0x02, 0x02, 0x14, 0x4d,
  0x00, 0x06, 0x06, 0x07, 0x5f, 0x08, 0x01, 0x07, 0x07, 0x15, 0x07, 0x4e,
  0x04, 0x04, 0x04, 0x0f, 0x04, 0x0f, 0x11, 0x11, 0x11, 0x11, 0x12, 0x11,
  0x10, 0x09, 0x07, 0x1d, 0x2b, 0x01, 0x27, 0x37, 0x33, 0x01, 0x11, 0x21,
  0x15, 0x21, 0x15, 0x21, 0x15, 0x21, 0x15, 0x21, 0x15, 0x01, 0x84, 0x71,
  0x51, 0x8d, 0xfe, 0x57, 0x01, 0xfe, 0xfe, 0x9c, 0x01, 0x36, 0xfe, 0xca,
  0x01, 0x69, 0x03, 0x2d, 0x01, 0xb4, 0xfc, 0x1e, 0x02, 0xe4, 0x86, 0xa6,
  0x81, 0xb1, 0x86, 0x00, 0x00, 0x02, 0x00, 0x48, 0x00, 0x00, 0x02, 0x4b,
  0x03, 0xd6, 0x00, 0x06, 0x00, 0x12, 0x00, 0x4e, 0x40, 0x4b, 0x03, 0x01,
  0x02, 0x00, 0x01, 0x4c, 0x01, 0x01, 0x00, 0x02, 0x00, 0x85, 0x09, 0x01,
  0x02, 0x03, 0x02, 0x85, 0x00, 0x05, 0x00, 0x06, 0x07, 0x05, 0x06, 0x67,
  0x00, 0x04, 0x04, 0x03, 0x5f, 0x00, 0x03, 0x03, 0x14, 0x4d, 0x00, 0x07,
  0x07, 0x08, 0x5f, 0x0a, 0x01, 0x08, 0x08, 0x15, 0x08, 0x4e, 0x07, 0x07,
  0x00, 0x00, 0x07, 0x12, 0x07, 0x12, 0x11, 0x10, 0x0f, 0x0e, 0x0d, 0x0c,
  0x0b, 0x0a, 0x09, 0x08, 0x00, 0x06, 0x00, 0x06, 0x12, 0x11, 0x0b, 0x07,
  0x18, 0x2b, 0x01, 0x27, 0x33, 0x17, 0x37, 0x33, 0x07, 0x01, 0x11, 0x21,
  0x15, 0x21, 0x15, 0x21, 0x15, 0x21, 0x15, 0x21, 0x15, 0x01, 0x0e, 0x81,
  0x77, 0x47, 0x46, 0x77, 0x81, 0xfe, 0xc1, 0x01, 0xfe, 0xfe, 0x9c, 0x01,
  0x36, 0xfe, 0xca, 0x01, 0x69, 0x03, 0x22, 0xb4, 0x68, 0x68, 0xb4, 0xfc,
  0xde, 0x02, 0xe4, 0x86, 0xa6, 0x81, 0xb1, 0x86, 0x00, 0x02, 0x00, 0x48,
  0x00, 0x00, 0x02, 0x4b, 0x03, 0xc0, 0x00, 0x06, 0x00, 0x12, 0x00, 0x4e,
  0x40, 0x4b, 0x05, 0x01, 0x01, 0x00, 0x01, 0x4c, 0x00, 0x00, 0x01, 0x00,
  0x85, 0x09, 0x02, 0x02, 0x01, 0x03, 0x01, 0x85, 0x00, 0x05, 0x00, 0x06,
  0x07, 0x05, 0x06, 0x67, 0x00, 0x04, 0x04, 0x03, 0x5f, 0x00, 0x03, 0x03,
  0x14, 0x4d, 0x00, 0x07, 0x07, 0x08, 0x5f, 0x0a, 0x01, 0x08, 0x08, 0x15,
  0x08, 0x4e, 0x07, 0x07, 0x00, 0x00, 0x07, 0x12, 0x07, 0x12, 0x11, 0x10,
  0x0f, 0x0e, 0x0d, 0x0c, 0x0b, 0x0a, 0x09, 0x08, 0x00, 0x06, 0x00, 0x06,
  0x11, 0x11, 0x0b, 0x07, 0x18, 0x2b, 0x13, 0x37, 0x33, 0x17, 0x23, 0x27,
  0x07, 0x03, 0x11, 0x21, 0x15, 0x21, 0x15, 0x21, 0x15, 0x21, 0x15, 0x21,
  0x15, 0x8e, 0x81, 0x79, 0x81, 0x77, 0x47, 0x46, 0xbd, 0x01, 0xfe, 0xfe,
  0x9c, 0x01, 0x36, 0xfe, 0xca, 0x01, 0x69, 0x03, 0x26, 0x9a, 0x9a, 0x55,
  0x55, 0xfc, 0xda, 0x02, 0xe4, 0x86, 0xa6, 0x81, 0xb1, 0x86, 0x00, 0x00,
  0x00, 0x03, 0x00, 0x48, 0x00, 0x00, 0x02, 0xa8, 0x04, 0x5b, 0x00, 0x03,
  0x00, 0x0a, 0x00, 0x16, 0x00, 0x5e, 0x40, 0x5b, 0x09, 0x01, 0x03, 0x00,
  0x01, 0x4c, 0x00, 0x02, 0x01, 0x00, 0x01, 0x02, 0x00, 0x80, 0x0b, 0x04,
  0x02, 0x03, 0x00, 0x05, 0x00, 0x03, 0x05, 0x80, 0x00, 0x01, 0x00, 0x00,
  0x03, 0x01, 0x00, 0x67, 0x00, 0x07, 0x00, 0x08, 0x09, 0x07, 0x08, 0x67,
  0x00, 0x06, 0x06, 0x05, 0x5f, 0x00, 0x05, 0x05, 0x14, 0x4d, 0x00, 0x09,
  0x09, 0x0a, 0x5f, 0x0c, 0x01, 0x0a, 0x0a, 0x15, 0x0a, 0x4e, 0x0b, 0x0b,
  0x04, 0x04, 0x0b, 0x16, 0x0b, 0x16, 0x15, 0x14, 0x13, 0x12, 0x11, 0x10,
  0x0f, 0x0e, 0x0d, 0x0c, 0x04, 0x0a, 0x04, 0x0a, 0x11, 0x12, 0x11, 0x10,
  0x0d, 0x07, 0x1a, 0x2b, 0x01, 0x27, 0x37, 0x33, 0x01, 0x37, 0x33, 0x17,
  0x23, 0x27, 0x07, 0x03, 0x11, 0x21, 0x15, 0x21, 0x15, 0x21, 0x15, 0x21,
  0x15, 0x21, 0x15, 0x02, 0x3b, 0x71, 0x51, 0x8d, 0xfd, 0xe5, 0x81, 0x79,
  0x81, 0x77, 0x46, 0x47, 0xbc, 0x01, 0xfe, 0xfe, 0x9c, 0x01, 0x36, 0xfe,
  0xca, 0x01, 0x69, 0x03, 0xa7, 0x01, 0xb3, 0xfe, 0xcb, 0x9a, 0x9a, 0x55,
  0x55, 0xfc, 0xda, 0x02, 0xe4, 0x86, 0xa6, 0x81, 0xb1, 0x86, 0x00, 0x00,
  0x00, 0x03, 0x00, 0x48, 0xff, 0x09, 0x02, 0x4b, 0x03, 0xc0, 0x00, 0x06,
  0x00, 0x12, 0x00, 0x1e, 0x00, 0x5e, 0x40, 0x5b, 0x05, 0x01, 0x01, 0x00,
  0x01, 0x4c, 0x00, 0x00, 0x01, 0x00, 0x85, 0x0b, 0x02, 0x02, 0x01, 0x03,
  0x01, 0x85, 0x00, 0x05, 0x00, 0x06, 0x07, 0x05, 0x06, 0x67, 0x00, 0x0a,
  0x0d, 0x01, 0x09, 0x0a, 0x09, 0x65, 0x00, 0x04, 0x04, 0x03, 0x5f, 0x00,
  0x03, 0x03, 0x14, 0x4d, 0x00, 0x07, 0x07, 0x08, 0x5f, 0x0c, 0x01, 0x08,
  0x08, 0x15, 0x08, 0x4e, 0x14, 0x13, 0x07, 0x07, 0x00, 0x00, 0x1a, 0x18,
  0x13, 0x1e, 0x14, 0x1e, 0x07, 0x12, 0x07, 0x12, 0x11, 0x10, 0x0f, 0x0e,
  0x0d, 0x0c, 0x0b, 0x0a, 0x09, 0x08, 0x00, 0x06, 0x00, 0x06, 0x11, 0x11,
  0x0e, 0x07, 0x18, 0x2b, 0x13, 0x37, 0x33, 0x17, 0x23, 0x27, 0x07, 0x03,
  0x11, 0x21, 0x15, 0x21, 0x15, 0x21, 0x15, 0x21, 0x15, 0x21, 0x15, 0x05,
  0x22, 0x26, 0x35, 0x34, 0x36, 0x33, 0x32, 0x16, 0x15, 0x14, 0x06, 0x8e,
  0x81, 0x79, 0x81, 0x77, 0x47, 0x46, 0xbd, 0x01, 0xfe, 0xfe, 0x9c, 0x01,
  0x36, 0xfe, 0xca, 0x01, 0x69, 0xfe, 0xe6, 0x23, 0x2d, 0x2d, 0x23, 0x22,
  0x2d, 0x2d, 0x03, 0x26, 0x9a, 0x9a, 0x55, 0x55, 0xfc, 0xda, 0x02, 0xe4,
  0x86, 0xa6, 0x81, 0xb1, 0x86, 0xf7, 0x2f, 0x21, 0x21, 0x2e, 0x2e, 0x21,
  0x21, 0x2f, 0x00, 0x00, 0x00, 0x03, 0x00, 0x48, 0x00, 0x00, 0x02, 0x51,
  0x04, 0x5b, 0x00, 0x03, 0x00, 0x0a, 0x00, 0x16, 0x00, 0xaa, 0xb5, 0x09,
  0x01, 0x03, 0x01, 0x01, 0x4c, 0x4b, 0xb0, 0x0a, 0x50, 0x58, 0x40, 0x38,
  0x00, 0x02, 0x00, 0x01, 0x00, 0x02, 0x01, 0x80, 0x0c, 0x04, 0x02, 0x03,
  0x01, 0x05, 0x01, 0x03, 0x72, 0x00, 0x00, 0x0b, 0x01, 0x01, 0x03, 0x00,
  0x01, 0x67, 0x00, 0x07, 0x00, 0x08, 0x09, 0x07, 0x08, 0x67, 0x00, 0x06,
  0x06, 0x05, 0x5f, 0x00, 0x05, 0x05, 0x14, 0x4d, 0x00, 0x09, 0x09, 0x0a,
  0x5f, 0x0d, 0x01, 0x0a, 0x0a, 0x15, 0x0a, 0x4e, 0x1b, 0x40, 0x39, 0x00,
  0x02, 0x00, 0x01, 0x00, 0x02, 0x01, 0x80, 0x0c, 0x04, 0x02, 0x03, 0x01,
  0x05, 0x01, 0x03, 0x05, 0x80, 0x00, 0x00, 0x0b, 0x01, 0x01, 0x03, 0x00,
  0x01, 0x67, 0x00, 0x07, 0x00, 0x08, 0x09, 0x07, 0x08, 0x67, 0x00, 0x06,
  0x06, 0x05, 0x5f, 0x00, 0x05, 0x05, 0x14, 0x4d, 0x00, 0x09, 0x09, 0x0a,
  0x5f, 0x0d, 0x01, 0x0a, 0x0a, 0x15, 0x0a, 0x4e, 0x59, 0x40, 0x24, 0x0b,
  0x0b, 0x04, 0x04, 0x00, 0x00, 0x0b, 0x16, 0x0b, 0x16, 0x15, 0x14, 0x13,
  0x12, 0x11, 0x10, 0x0f, 0x0e, 0x0d, 0x0c, 0x04, 0x0a, 0x04, 0x0a, 0x08,
  0x07, 0x06, 0x05, 0x00, 0x03, 0x00, 0x03, 0x11, 0x0e, 0x07, 0x17, 0x2b,
  0x01, 0x27, 0x33, 0x17, 0x05, 0x37, 0x33, 0x17, 0x23, 0x27, 0x07, 0x03,
  0x11, 0x21, 0x15, 0x21, 0x15, 0x21, 0x15, 0x21, 0x15, 0x21, 0x15, 0x01,
  0xe1, 0x6e, 0x8e, 0x50, 0xfe, 0x3d, 0x81, 0x79, 0x81, 0x77, 0x47, 0x46,
  0xbd, 0x01, 0xfe, 0xfe, 0x9c, 0x01, 0x36, 0xfe, 0xca, 0x01, 0x69, 0x03,
  0xa7, 0xb4, 0xb3, 0x82, 0x9a, 0x9a, 0x55, 0x55, 0xfc, 0xda, 0x02, 0xe4,
  0x86, 0xa6, 0x81, 0xb1, 0x86, 0x00, 0x00, 0x00, 0x00, 0x03, 0x00, 0x48,
  0x00, 0x00, 0x02, 0x8f, 0x04, 0x86, 0x00, 0x1c, 0x00, 0x23, 0x00, 0x2f,
  0x00, 0xc6, 0xb5, 0x22, 0x01, 0x05, 0x03, 0x01, 0x4c, 0x4b, 0xb0, 0x21,
  0x50, 0x58, 0x40, 0x45, 0x00, 0x01, 0x00, 0x04, 0x00, 0x01, 0x72, 0x00,
  0x04, 0x03, 0x00, 0x04, 0x03, 0x7e, 0x0d, 0x01, 0x03, 0x05, 0x00, 0x03,
  0x05, 0x7e, 0x0e, 0x06, 0x02, 0x05, 0x07, 0x00, 0x05, 0x07, 0x7e, 0x00,
  0x02, 0x00, 0x00, 0x01, 0x02, 0x00, 0x69, 0x00, 0x09, 0x00, 0x0a, 0x0b,
  0x09, 0x0a, 0x67, 0x00, 0x08, 0x08, 0x07, 0x5f, 0x00, 0x07, 0x07, 0x14,
  0x4d, 0x00, 0x0b, 0x0b, 0x0c, 0x5f, 0x0f, 0x01, 0x0c, 0x0c, 0x15, 0x0c,
  0x4e, 0x1b, 0x40, 0x46, 0x00, 0x01, 0x00, 0x04, 0x00, 0x01, 0x04, 0x80,
  0x00, 0x04, 0x03, 0x00, 0x04, 0x03, 0x7e, 0x0d, 0x01, 0x03, 0x05, 0x00,
  0x03, 0x05, 0x7e, 0x0e, 0x06, 0x02, 0x05, 0x07, 0x00, 0x05, 0x07, 0x7e,
  0x00, 0x02, 0x00, 0x00, 0x01, 0x02, 0x00, 0x69, 0x00, 0x09, 0x00, 0x0a,
  0x0b, 0x09, 0x0a, 0x67, 0x00, 0x08, 0x08, 0x07, 0x5f, 0x00, 0x07, 0x07,
  0x14, 0x4d, 0x00, 0x0b, 0x0b, 0x0c, 0x5f, 0x0f, 0x01, 0x0c, 0x0c, 0x15,
  0x0c, 0x4e, 0x59, 0x40, 0x26, 0x24, 0x24, 0x1d, 0x1d, 0x00, 0x00, 0x24,
  0x2f, 0x24, 0x2f, 0x2e, 0x2d, 0x2c, 0x2b, 0x2a, 0x29, 0x28, 0x27, 0x26,
  0x25, 0x1d, 0x23, 0x1d, 0x23, 0x21, 0x20, 0x1f, 0x1e, 0x00, 0x1c, 0x00,
  0x1c, 0x23, 0x22, 0x2a, 0x10, 0x07, 0x19, 0x2b, 0x01, 0x35, 0x34, 0x36,
  0x37, 0x37, 0x36, 0x36, 0x35, 0x34, 0x26, 0x23, 0x22, 0x06, 0x06, 0x15,
  0x23, 0x26, 0x36, 0x36, 0x33, 0x32, 0x16, 0x15, 0x14, 0x06, 0x07, 0x07,
  0x15, 0x05, 0x37, 0x33, 0x17, 0x23, 0x27, 0x07, 0x03, 0x11, 0x21, 0x15,
  0x21, 0x15, 0x21, 0x15, 0x21, 0x15, 0x21, 0x15, 0x01, 0xe0, 0x0b, 0x0e,
  0x0f, 0x15, 0x16, 0x13, 0x12, 0x12, 0x11, 0x04, 0x57, 0x01, 0x19, 0x38,
  0x2d, 0x3c, 0x46, 0x2f, 0x24, 0x05, 0xfe, 0x53, 0x81, 0x79, 0x81, 0x77,
  0x46, 0x47, 0xb9, 0x01, 0xfe, 0xfe, 0x9c, 0x01, 0x36, 0xfe, 0xca, 0x01,
  0x69, 0x03, 0x97, 0x21, 0x0d, 0x16, 0x07, 0x08, 0x0a, 0x16, 0x0f, 0x0d,
  0x13, 0x11, 0x14, 0x02, 0x1b, 0x35, 0x24, 0x3f, 0x2b, 0x23, 0x31, 0x13,
  0x02, 0x1c, 0x71, 0x9a, 0x9a, 0x55, 0x55, 0xfc, 0xda, 0x02, 0xe4, 0x86,
  0xa6, 0x81, 0xb1, 0x86, 0x00, 0x03, 0x00, 0x48, 0x00, 0x00, 0x02, 0x4b,
  0x04, 0x7d, 0x00, 0x18, 0x00, 0x1f, 0x00, 0x2b, 0x00, 0xd4, 0xb5, 0x1e,
  0x01, 0x07, 0x06, 0x01, 0x4c, 0x4b, 0xb0, 0x26, 0x50, 0x58, 0x40, 0x42,
  0x00, 0x06, 0x00, 0x07, 0x00, 0x06, 0x07, 0x80, 0x10, 0x08, 0x02, 0x07,
  0x09, 0x00, 0x07, 0x09, 0x7e, 0x05, 0x01, 0x03, 0x00, 0x01, 0x00, 0x03,
  0x01, 0x69, 0x00, 0x04, 0x02, 0x0f, 0x02, 0x00, 0x06, 0x04, 0x00, 0x6a,
  0x00, 0x0b, 0x00, 0x0c, 0x0d, 0x0b, 0x0c, 0x67, 0x00, 0x0a, 0x0a, 0x09,
  0x5f, 0x00, 0x09, 0x09, 0x14, 0x4d, 0x00, 0x0d, 0x0d, 0x0e, 0x5f, 0x11,
  0x01, 0x0e, 0x0e, 0x15, 0x0e, 0x4e, 0x1b, 0x40, 0x50, 0x00, 0x05, 0x03,
  0x04, 0x03, 0x05, 0x04, 0x80, 0x00, 0x02, 0x01, 0x00, 0x01, 0x02, 0x00,
  0x80, 0x00, 0x06, 0x00, 0x07, 0x00, 0x06, 0x07, 0x80, 0x10, 0x08, 0x02,
  0x07, 0x09, 0x00, 0x07, 0x09, 0x7e, 0x00, 0x03, 0x00, 0x01, 0x02, 0x03,
  0x01, 0x69, 0x00, 0x04, 0x0f, 0x01, 0x00, 0x06, 0x04, 0x00, 0x6a, 0x00,
  0x0b, 0x00, 0x0c, 0x0d, 0x0b, 0x0c, 0x67, 0x00, 0x0a, 0x0a, 0x09, 0x5f,
  0x00, 0x09, 0x09, 0x14, 0x4d, 0x00, 0x0d, 0x0d, 0x0e, 0x5f, 0x11, 0x01,
  0x0e, 0x0e, 0x15, 0x0e, 0x4e, 0x59, 0x40, 0x2d, 0x20, 0x20, 0x19, 0x19,
  0x01, 0x00, 0x20, 0x2b, 0x20, 0x2b, 0x2a, 0x29, 0x28, 0x27, 0x26, 0x25,
  0x24, 0x23, 0x22, 0x21, 0x19, 0x1f, 0x19, 0x1f, 0x1d, 0x1c, 0x1b, 0x1a,
  0x15, 0x14, 0x13, 0x11, 0x0e, 0x0c, 0x09, 0x08, 0x06, 0x04, 0x00, 0x18,
  0x01, 0x18, 0x12, 0x07, 0x16, 0x2b, 0x01, 0x22, 0x2e, 0x02, 0x23, 0x22,
  0x06, 0x15, 0x23, 0x34, 0x36, 0x36, 0x33, 0x32, 0x1e, 0x02, 0x33, 0x32,
  0x35, 0x33, 0x14, 0x06, 0x06, 0x05, 0x37, 0x33, 0x17, 0x23, 0x27, 0x07,
  0x03, 0x11, 0x21, 0x15, 0x21, 0x15, 0x21, 0x15, 0x21, 0x15, 0x21, 0x15,
  0x01, 0x92, 0x1b, 0x27, 0x1d, 0x19, 0x0e, 0x10, 0x0c, 0x52, 0x10, 0x2c,
  0x29, 0x1b, 0x28, 0x1e, 0x19, 0x0d, 0x1b, 0x52, 0x10, 0x2b, 0xfe, 0xd1,
  0x81, 0x79, 0x81, 0x77, 0x47, 0x46, 0xbc, 0x01, 0xfe, 0xfe, 0x9c, 0x01,
  0x36, 0xfe, 0xca, 0x01, 0x69, 0x03, 0xe4, 0x13, 0x18, 0x13, 0x1e, 0x1a,
  0x21, 0x44, 0x2e, 0x13, 0x18, 0x12, 0x37, 0x21, 0x44, 0x2e, 0xbe, 0x9a,
  0x9a, 0x55, 0x55, 0xfc, 0xda, 0x02, 0xe4, 0x86, 0xa6, 0x81, 0xb1, 0x86,
  0x00, 0x03, 0x00, 0x48, 0x00, 0x00, 0x02, 0x4b, 0x03, 0xc7, 0x00, 0x0b,
  0x00, 0x17, 0x00, 0x23, 0x00, 0x50, 0x40, 0x4d, 0x03, 0x01, 0x01, 0x0b,
  0x02, 0x0a, 0x03, 0x00, 0x04, 0x01, 0x00, 0x69, 0x00, 0x06, 0x00, 0x07,
  0x08, 0x06, 0x07, 0x67, 0x00, 0x05, 0x05, 0x04, 0x5f, 0x00, 0x04, 0x04,
  0x14, 0x4d, 0x00, 0x08, 0x08, 0x09, 0x5f, 0x0c, 0x01, 0x09, 0x09, 0x15,
  0x09, 0x4e, 0x18, 0x18, 0x0d, 0x0c, 0x01, 0x00, 0x18, 0x23, 0x18, 0x23,
  0x22, 0x21, 0x20, 0x1f, 0x1e, 0x1d, 0x1c, 0x1b, 0x1a, 0x19, 0x13, 0x11,
  0x0c, 0x17, 0x0d, 0x17, 0x07, 0x05, 0x00, 0x0b, 0x01, 0x0b, 0x0d, 0x07,
  0x16, 0x2b, 0x01, 0x22, 0x26, 0x35, 0x34, 0x36, 0x33, 0x32, 0x16, 0x15,
  0x14, 0x06, 0x21, 0x22, 0x26, 0x35, 0x34, 0x36, 0x33, 0x32, 0x16, 0x15,
  0x14, 0x06, 0x03, 0x11, 0x21, 0x15, 0x21, 0x15, 0x21, 0x15, 0x21, 0x15,
  0x21, 0x15, 0x01, 0xbc, 0x26, 0x30, 0x30, 0x26, 0x25, 0x31, 0x31, 0xfe,
  0xf8, 0x26, 0x30, 0x30, 0x26, 0x25, 0x31, 0x31, 0xb6, 0x01, 0xfe, 0xfe,
  0x9c, 0x01, 0x36, 0xfe, 0xca, 0x01, 0x69, 0x03, 0x21, 0x31, 0x22, 0x23,
  0x30, 0x30, 0x23, 0x22, 0x31, 0x31, 0x22, 0x23, 0x30, 0x30, 0x23, 0x22,
  0x31, 0xfc, 0xdf, 0x02, 0xe4, 0x86, 0xa6, 0x81, 0xb1, 0x86, 0x00, 0x00,
  0x00, 0x02, 0x00, 0x48, 0x00, 0x00, 0x02, 0x4b, 0x03, 0xda, 0x00, 0x0b,
  0x00, 0x17, 0x00, 0x45, 0x40, 0x42, 0x00, 0x01, 0x08, 0x01, 0x00, 0x02,
  0x01, 0x00, 0x69, 0x00, 0x04, 0x00, 0x05, 0x06, 0x04, 0x05, 0x67, 0x00,
  0x03, 0x03, 0x02, 0x5f, 0x00, 0x02, 0x02, 0x14, 0x4d, 0x00, 0x06, 0x06,
  0x07, 0x5f, 0x09, 0x01, 0x07, 0x07, 0x15, 0x07, 0x4e, 0x0c, 0x0c, 0x01,
  0x00, 0x0c, 0x17, 0x0c, 0x17, 0x16, 0x15, 0x14, 0x13, 0x12, 0x11, 0x10,
  0x0f, 0x0e, 0x0d, 0x07, 0x05, 0x00, 0x0b, 0x01, 0x0b, 0x0a, 0x07, 0x16,
  0x2b, 0x01, 0x22, 0x26, 0x35, 0x34, 0x36, 0x33, 0x32, 0x16, 0x15, 0x14,
  0x06, 0x01, 0x11, 0x21, 0x15, 0x21, 0x15, 0x21, 0x15, 0x21, 0x15, 0x21,
  0x15, 0x01, 0x4b, 0x28, 0x32, 0x32, 0x28, 0x27, 0x33, 0x33, 0xfe, 0xd6,
  0x01, 0xfe, 0xfe, 0x9c, 0x01, 0x36, 0xfe, 0xca, 0x01, 0x69, 0x03, 0x2c,
  0x33, 0x24, 0x24, 0x33, 0x33, 0x24, 0x24, 0x33, 0xfc, 0xd4, 0x02, 0xe4,
  0x86, 0xa6, 0x81, 0xb1, 0x86, 0x00, 0x00, 0x00, 0x00, 0x02, 0x00, 0x48,
  0xff, 0x09, 0x02, 0x4b, 0x02, 0xe4, 0x00, 0x0b, 0x00, 0x17, 0x00, 0x3f,
  0x40, 0x3c, 0x00, 0x02, 0x00, 0x03, 0x04, 0x02, 0x03, 0x67, 0x00, 0x07,
  0x09, 0x01, 0x06, 0x07, 0x06, 0x65, 0x00, 0x01, 0x01, 0x00, 0x5f, 0x00,
  0x00, 0x00, 0x14, 0x4d, 0x00, 0x04, 0x04, 0x05, 0x5f, 0x08, 0x01, 0x05,
  0x05, 0x15, 0x05, 0x4e, 0x0d, 0x0c, 0x00, 0x00, 0x13, 0x11, 0x0c, 0x17,
  0x0d, 0x17, 0x00, 0x0b, 0x00, 0x0b, 0x11, 0x11, 0x11, 0x11, 0x11, 0x0a,
  0x07, 0x1b, 0x2b, 0x33, 0x11, 0x21, 0x15, 0x21, 0x15, 0x21, 0x15, 0x21,
  0x15, 0x21, 0x15, 0x05, 0x22, 0x26, 0x35, 0x34, 0x36, 0x33, 0x32, 0x16,
  0x15, 0x14, 0x06, 0x48, 0x01, 0xfe, 0xfe, 0x9c, 0x01, 0x36, 0xfe, 0xca,
  0x01, 0x69, 0xfe, 0xe6, 0x23, 0x2d, 0x2d, 0x23, 0x22, 0x2d, 0x2d, 0x02,
  0xe4, 0x86, 0xa6, 0x81, 0xb1, 0x86, 0xf7, 0x2f, 0x21, 0x21, 0x2e, 0x2e,
  0x21, 0x21, 0x2f, 0x00, 0x00, 0x02, 0x00, 0x48, 0x00, 0x00, 0x02, 0x4b,
  0x03, 0xe2, 0x00, 0x03, 0x00, 0x0f, 0x00, 0x44, 0x40, 0x41, 0x00, 0x00,
  0x08, 0x01, 0x01, 0x02, 0x00, 0x01, 0x67, 0x00, 0x04, 0x00, 0x05, 0x06,
  0x04, 0x05, 0x67, 0x00, 0x03, 0x03, 0x02, 0x5f, 0x00, 0x02, 0x02, 0x14,
  0x4d, 0x00, 0x06, 0x06, 0x07, 0x5f, 0x09, 0x01, 0x07, 0x07, 0x15, 0x07,
  0x4e, 0x04, 0x04, 0x00, 0x00, 0x04, 0x0f, 0x04, 0x0f, 0x0e, 0x0d, 0x0c,
  0x0b, 0x0a, 0x09, 0x08, 0x07, 0x06, 0x05, 0x00, 0x03, 0x00, 0x03, 0x11,
  0x0a, 0x07, 0x17, 0x2b, 0x01, 0x27, 0x33, 0x17, 0x01, 0x11, 0x21, 0x15,
  0x21, 0x15, 0x21, 0x15, 0x21, 0x15, 0x21, 0x15, 0x01, 0x15, 0x6d, 0x8d,
  0x51, 0xfe, 0xc2, 0x01, 0xfe, 0xfe, 0x9c, 0x01, 0x36, 0xfe, 0xca, 0x01,
  0x69, 0x03, 0x2d, 0xb5, 0xb4, 0xfc, 0xd2, 0x02, 0xe4, 0x86, 0xa6, 0x81,
  0xb1, 0x86, 0x00, 0x00, 0x00, 0x02, 0x00, 0x48, 0x00, 0x00, 0x02, 0x4b,
  0x04, 0x11, 0x00, 0x1c, 0x00, 0x28, 0x00, 0x95, 0x4b, 0xb0, 0x21, 0x50,
  0x58, 0x40, 0x35, 0x00, 0x01, 0x00, 0x03, 0x00, 0x01, 0x72, 0x0a, 0x01,
  0x03, 0x04, 0x00, 0x03, 0x04, 0x7e, 0x00, 0x02, 0x00, 0x00, 0x01, 0x02,
  0x00, 0x69, 0x00, 0x06, 0x00, 0x07, 0x08, 0x06, 0x07, 0x67, 0x00, 0x05,
  0x05, 0x04, 0x5f, 0x00, 0x04, 0x04, 0x14, 0x4d, 0x00, 0x08, 0x08, 0x09,
  0x5f, 0x0b, 0x01, 0x09, 0x09, 0x15, 0x09, 0x4e, 0x1b, 0x40, 0x36, 0x00,
  0x01, 0x00, 0x03, 0x00, 0x01, 0x03, 0x80, 0x0a, 0x01, 0x03, 0x04, 0x00,
  0x03, 0x04, 0x7e, 0x00, 0x02, 0x00, 0x00, 0x01, 0x02, 0x00, 0x69, 0x00,
  0x06, 0x00, 0x07, 0x08, 0x06, 0x07, 0x67, 0x00, 0x05, 0x05, 0x04, 0x5f,
  0x00, 0x04, 0x04, 0x14, 0x4d, 0x00, 0x08, 0x08, 0x09, 0x5f, 0x0b, 0x01,
  0x09, 0x09, 0x15, 0x09, 0x4e, 0x59, 0x40, 0x1c, 0x1d, 0x1d, 0x00, 0x00,
  0x1d, 0x28, 0x1d, 0x28, 0x27, 0x26, 0x25, 0x24, 0x23, 0x22, 0x21, 0x20,
  0x1f, 0x1e, 0x00, 0x1c, 0x00, 0x1c, 0x23, 0x22, 0x2a, 0x0c, 0x07, 0x19,
  0x2b, 0x01, 0x35, 0x34, 0x36, 0x37, 0x37, 0x36, 0x36, 0x35, 0x34, 0x26,
  0x23, 0x22, 0x06, 0x06, 0x15, 0x23, 0x26, 0x36, 0x36, 0x33, 0x32, 0x16,
  0x15, 0x14, 0x06, 0x07, 0x07, 0x15, 0x01, 0x11, 0x21, 0x15, 0x21, 0x15,
  0x21, 0x15, 0x21, 0x15, 0x21, 0x15, 0x01, 0x20, 0x0b, 0x0e, 0x0f, 0x15,
  0x16, 0x13, 0x12, 0x12, 0x11, 0x04, 0x57, 0x01, 0x19, 0x38, 0x2d, 0x3c,
  0x46, 0x2f, 0x24, 0x05, 0xfe, 0xd1, 0x01, 0xfe, 0xfe, 0x9c, 0x01, 0x36,
  0xfe, 0xca, 0x01, 0x69, 0x03, 0x22, 0x21, 0x0d, 0x17, 0x06, 0x08, 0x0b,
  0x15, 0x0f, 0x0d, 0x14, 0x12, 0x14, 0x02, 0x1b, 0x35, 0x24, 0x3f, 0x2a,
  0x24, 0x31, 0x12, 0x03, 0x1c, 0xfc, 0xde, 0x02, 0xe4, 0x86, 0xa6, 0x81,
  0xb1, 0x86, 0x00, 0x00, 0x00, 0x02, 0x00, 0x48, 0x00, 0x00, 0x02, 0x4b,
  0x03, 0x93, 0x00, 0x03, 0x00, 0x0f, 0x00, 0x44, 0x40, 0x41, 0x00, 0x00,
  0x08, 0x01, 0x01, 0x02, 0x00, 0x01, 0x67, 0x00, 0x04, 0x00, 0x05, 0x06,
  0x04, 0x05, 0x67, 0x00, 0x03, 0x03, 0x02, 0x5f, 0x00, 0x02, 0x02, 0x14,
  0x4d, 0x00, 0x06, 0x06, 0x07, 0x5f, 0x09, 0x01, 0x07, 0x07, 0x15, 0x07,
  0x4e, 0x04, 0x04, 0x00, 0x00, 0x04, 0x0f, 0x04, 0x0f, 0x0e, 0x0d, 0x0c,
  0x0b, 0x0a, 0x09, 0x08, 0x07, 0x06, 0x05, 0x00, 0x03, 0x00, 0x03, 0x11,
  0x0a, 0x07, 0x17, 0x2b, 0x13, 0x35, 0x21, 0x15, 0x01, 0x11, 0x21, 0x15,
  0x21, 0x15, 0x21, 0x15, 0x21, 0x15, 0x21, 0x15, 0xa8, 0x01, 0x46, 0xfe,
  0x5a, 0x01, 0xfe, 0xfe, 0x9c, 0x01, 0x36, 0xfe, 0xca, 0x01, 0x69, 0x03,
  0x39, 0x5a, 0x5a, 0xfc, 0xc7, 0x02, 0xe4, 0x86, 0xa6, 0x81, 0xb1, 0x86,
  0x00, 0x01, 0x00, 0x48, 0xff, 0x48, 0x02, 0x70, 0x02, 0xe4, 0x00, 0x1f,
  0x00, 0x78, 0x40, 0x0b, 0x16, 0x01, 0x06, 0x05, 0x01, 0x4c, 0x0b, 0x01,
  0x07, 0x01, 0x4b, 0x4b, 0xb0, 0x2e, 0x50, 0x58, 0x40, 0x28, 0x00, 0x02,
  0x00, 0x03, 0x04, 0x02, 0x03, 0x67, 0x00, 0x01, 0x01, 0x00, 0x5f, 0x00,
  0x00, 0x00, 0x14, 0x4d, 0x00, 0x04, 0x04, 0x07, 0x5f, 0x08, 0x01, 0x07,
  0x07, 0x15, 0x4d, 0x00, 0x05, 0x05, 0x06, 0x61, 0x00, 0x06, 0x06, 0x19,
  0x06, 0x4e, 0x1b, 0x40, 0x25, 0x00, 0x02, 0x00, 0x03, 0x04, 0x02, 0x03,
  0x67, 0x00, 0x05, 0x00, 0x06, 0x05, 0x06, 0x65, 0x00, 0x01, 0x01, 0x00,
  0x5f, 0x00, 0x00, 0x00, 0x14, 0x4d, 0x00, 0x04, 0x04, 0x07, 0x5f, 0x08,
  0x01, 0x07, 0x07, 0x15, 0x07, 0x4e, 0x59, 0x40, 0x10, 0x00, 0x00, 0x00,
  0x1f, 0x00, 0x1f, 0x25, 0x27, 0x11, 0x11, 0x11, 0x11, 0x11, 0x09, 0x07,
  0x1d, 0x2b, 0x33, 0x11, 0x21, 0x15, 0x21, 0x15, 0x21, 0x15, 0x21, 0x15,
  0x21, 0x15, 0x30, 0x06, 0x06, 0x15, 0x14, 0x16, 0x33, 0x32, 0x36, 0x31,
  0x15, 0x30, 0x06, 0x23, 0x22, 0x26, 0x35, 0x34, 0x36, 0x37, 0x48, 0x01,
  0xfe, 0xfe, 0x9c, 0x01, 0x36, 0xfe, 0xca, 0x01, 0x69, 0x1a, 0x19, 0x19,
  0x1d, 0x0c, 0x16, 0x21, 0x19, 0x49, 0x43, 0x1d, 0x13, 0x02, 0xe4, 0x86,
  0xa6, 0x81, 0xb1, 0x86, 0x0d, 0x1a, 0x13, 0x0f, 0x17, 0x03, 0x56, 0x05,
  0x3b, 0x29, 0x1e, 0x29, 0x0d, 0x00, 0x00, 0x00, 0x00, 0x02, 0x00, 0x48,
  0x00, 0x00, 0x02, 0x4b, 0x03, 0xd1, 0x00, 0x18, 0x00, 0x24, 0x00, 0xa1,
  0x4b, 0xb0, 0x26, 0x50, 0x58, 0x40, 0x31, 0x05, 0x01, 0x03, 0x00, 0x01,
  0x00, 0x03, 0x01, 0x69, 0x00, 0x04, 0x02, 0x0c, 0x02, 0x00, 0x06, 0x04,
  0x00, 0x6a, 0x00, 0x08, 0x00, 0x09, 0x0a, 0x08, 0x09, 0x67, 0x00, 0x07,
  0x07, 0x06, 0x5f, 0x00, 0x06, 0x06, 0x14, 0x4d, 0x00, 0x0a, 0x0a, 0x0b,
  0x5f, 0x0d, 0x01, 0x0b, 0x0b, 0x15, 0x0b, 0x4e, 0x1b, 0x40, 0x3f, 0x00,
  0x05, 0x03, 0x04, 0x03, 0x05, 0x04, 0x80, 0x00, 0x02, 0x01, 0x00, 0x01,
  0x02, 0x00, 0x80, 0x00, 0x03, 0x00, 0x01, 0x02, 0x03, 0x01, 0x69, 0x00,
  0x04, 0x0c, 0x01, 0x00, 0x06, 0x04, 0x00, 0x6a, 0x00, 0x08, 0x00, 0x09,
  0x0a, 0x08, 0x09, 0x67, 0x00, 0x07, 0x07, 0x06, 0x5f, 0x00, 0x06, 0x06,
  0x14, 0x4d, 0x00, 0x0a, 0x0a, 0x0b, 0x5f, 0x0d, 0x01, 0x0b, 0x0b, 0x15,
  0x0b, 0x4e, 0x59, 0x40, 0x23, 0x19, 0x19, 0x01, 0x00, 0x19, 0x24, 0x19,
  0x24, 0x23, 0x22, 0x21, 0x20, 0x1f, 0x1e, 0x1d, 0x1c, 0x1b, 0x1a, 0x15,
  0x14, 0x13, 0x11, 0x0e, 0x0c, 0x09, 0x08, 0x06, 0x04, 0x00, 0x18, 0x01,
  0x18, 0x0e, 0x07, 0x16, 0x2b, 0x01, 0x22, 0x2e, 0x02, 0x23, 0x22, 0x06,
  0x15, 0x23, 0x34, 0x36, 0x36, 0x33, 0x32, 0x1e, 0x02, 0x33, 0x32, 0x35,
  0x33, 0x14, 0x06, 0x06, 0x01, 0x11, 0x21, 0x15, 0x21, 0x15, 0x21, 0x15,
  0x21, 0x15, 0x21, 0x15, 0x01, 0x95, 0x1b, 0x27, 0x1e, 0x19, 0x0e, 0x10,
  0x0c, 0x51, 0x0f, 0x2c, 0x29, 0x1c, 0x27, 0x1e, 0x19, 0x0d, 0x1c, 0x51,
  0x10, 0x2b, 0xfe, 0x8a, 0x01, 0xfe, 0xfe, 0x9c, 0x01, 0x36, 0xfe, 0xca,
  0x01, 0x69, 0x03, 0x38, 0x13, 0x18, 0x13, 0x1e, 0x1a, 0x21, 0x44, 0x2e,
  0x13, 0x18, 0x12, 0x37, 0x21, 0x44, 0x2e, 0xfc, 0xc8, 0x02, 0xe4, 0x86,
  0xa6, 0x81, 0xb1, 0x86, 0x00, 0x01, 0x00, 0x44, 0x00, 0x00, 0x02, 0x49,
  0x02, 0xe4, 0x00, 0x09, 0x00, 0x29, 0x40, 0x26, 0x00, 0x02, 0x00, 0x03,
  0x04, 0x02, 0x03, 0x67, 0x00, 0x01, 0x01, 0x00, 0x5f, 0x00, 0x00, 0x00,
  0x14, 0x4d, 0x05, 0x01, 0x04, 0x04, 0x15, 0x04, 0x4e, 0x00, 0x00, 0x00,
  0x09, 0x00, 0x09, 0x11, 0x11, 0x11, 0x11, 0x06, 0x07, 0x1a, 0x2b, 0x33,
  0x11, 0x21, 0x15, 0x21, 0x15, 0x21, 0x15, 0x21, 0x11, 0x44, 0x02, 0x05,
  0xfe, 0x95, 0x01, 0x3d, 0xfe, 0xc3, 0x02, 0xe4, 0x86, 0xc2, 0x81, 0xfe,
  0xe5, 0x00, 0x00, 0x00, 0x00, 0x01, 0x00, 0x28, 0xff, 0xf6, 0x02, 0xf0,
  0x02, 0xee, 0x00, 0x29, 0x00, 0x3e, 0x40, 0x3b, 0x00, 0x02, 0x03, 0x06,
  0x03, 0x02, 0x06, 0x80, 0x00, 0x06, 0x00, 0x05, 0x04, 0x06, 0x05, 0x67,
  0x00, 0x03, 0x03, 0x01, 0x61, 0x00, 0x01, 0x01, 0x1a, 0x4d, 0x00, 0x04,
  0x04, 0x00, 0x61, 0x07, 0x01, 0x00, 0x00, 0x1b, 0x00, 0x4e, 0x01, 0x00,
  0x25, 0x24, 0x23, 0x22, 0x20, 0x1e, 0x18, 0x16, 0x12, 0x10, 0x0b, 0x09,
  0x00, 0x29, 0x01, 0x29, 0x08, 0x07, 0x16, 0x2b, 0x05, 0x22, 0x2e, 0x02,
  0x35, 0x34, 0x3e, 0x02, 0x33, 0x32, 0x1e, 0x04, 0x31, 0x23, 0x30, 0x2e,
  0x02, 0x23, 0x22, 0x06, 0x06, 0x15, 0x14, 0x16, 0x16, 0x33, 0x32, 0x36,
  0x37, 0x23, 0x35, 0x21, 0x15, 0x14, 0x06, 0x06, 0x01, 0x9c, 0x5d, 0x8c,
  0x5d, 0x2e, 0x2f, 0x5d, 0x8e, 0x5f, 0x4a, 0x6b, 0x48, 0x2b, 0x17, 0x07,
  0x99, 0x0c, 0x24, 0x45, 0x38, 0x49, 0x61, 0x31, 0x32, 0x61, 0x49, 0x50,
  0x5d, 0x09, 0xc0, 0x01, 0x58, 0x59, 0x99, 0x0a, 0x40, 0x6d, 0x87, 0x47,
  0x47, 0x88, 0x6d, 0x41, 0x25, 0x3b, 0x42, 0x3b, 0x25, 0x24, 0x31, 0x25,
  0x47, 0x6f, 0x3c, 0x3e, 0x71, 0x47, 0x52, 0x46, 0x79, 0x39, 0x74, 0x9d,
  0x4f, 0x00, 0x00, 0x00, 0x00, 0x02, 0x00, 0x28, 0xff, 0xf6, 0x02, 0xf0,
  0x03, 0xd4, 0x00, 0x17, 0x00, 0x41, 0x00, 0x54, 0x40, 0x51, 0x00, 0x02,
  0x0b, 0x01, 0x00, 0x05, 0x02, 0x00, 0x69, 0x03, 0x01, 0x01, 0x00, 0x06,
  0x0a, 0x01, 0x06, 0x67, 0x00, 0x0a, 0x00, 0x09, 0x08, 0x0a, 0x09, 0x67,
  0x00, 0x07, 0x07, 0x05, 0x61, 0x00, 0x05, 0x05, 0x1a, 0x4d, 0x00, 0x08,
  0x08, 0x04, 0x62, 0x0c, 0x01, 0x04, 0x04, 0x1b, 0x04, 0x4e, 0x19, 0x18,
  0x01, 0x00, 0x3d, 0x3c, 0x3b, 0x3a, 0x38, 0x36, 0x30, 0x2e, 0x2a, 0x28,
  0x23, 0x21, 0x18, 0x41, 0x19, 0x41, 0x12, 0x10, 0x0d, 0x0b, 0x07, 0x05,
  0x00, 0x17, 0x01, 0x17, 0x0d, 0x07, 0x16, 0x2b, 0x01, 0x22, 0x2e, 0x03,
  0x31, 0x33, 0x30, 0x1e, 0x02, 0x33, 0x32, 0x3e, 0x02, 0x31, 0x33, 0x30,
  0x0e, 0x03, 0x03, 0x22, 0x2e, 0x02, 0x35, 0x34, 0x3e, 0x02, 0x33, 0x32,
  0x1e, 0x04, 0x31, 0x23, 0x30, 0x2e, 0x02, 0x23, 0x22, 0x06, 0x06, 0x15,
  0x14, 0x16, 0x16, 0x33, 0x32, 0x36, 0x37, 0x23, 0x35, 0x21, 0x15, 0x14,
  0x06, 0x06, 0x01, 0xa1, 0x38, 0x45, 0x26, 0x0f, 0x03, 0x64, 0x03, 0x0f,
  0x21, 0x1e, 0x1d, 0x22, 0x0e, 0x03, 0x64, 0x03, 0x0f, 0x26, 0x45, 0x3c,
  0x5d, 0x8c, 0x5d, 0x2e, 0x2f, 0x5d, 0x8e, 0x5f, 0x4a, 0x6b, 0x48, 0x2b,
  0x17, 0x07, 0x99, 0x0c, 0x24, 0x45, 0x38, 0x49, 0x61, 0x31, 0x32, 0x61,
  0x49, 0x50, 0x5d, 0x09, 0xc0, 0x01, 0x58, 0x59, 0x99, 0x03, 0x27, 0x23,
  0x33, 0x34, 0x23, 0x1a, 0x21, 0x19, 0x19, 0x21, 0x1a, 0x23, 0x34, 0x33,
  0x23, 0xfc, 0xcf, 0x40, 0x6d, 0x87, 0x47, 0x47, 0x88, 0x6d, 0x41, 0x25,
  0x3b, 0x42, 0x3b, 0x25, 0x24, 0x31, 0x25, 0x47, 0x6f, 0x3c, 0x3e, 0x71,
  0x47, 0x52, 0x46, 0x79, 0x39, 0x74, 0x9d, 0x4f, 0x00, 0x02, 0x00, 0x28,
  0xff, 0xf6, 0x02, 0xf0, 0x03, 0xd6, 0x00, 0x06, 0x00, 0x30, 0x00, 0x56,
  0x40, 0x53, 0x03, 0x01, 0x02, 0x00, 0x01, 0x4c, 0x0a, 0x01, 0x02, 0x00,
  0x04, 0x00, 0x02, 0x04, 0x80, 0x01, 0x01, 0x00, 0x00, 0x05, 0x09, 0x00,
  0x05, 0x67, 0x00, 0x09, 0x00, 0x08, 0x07, 0x09, 0x08, 0x67, 0x00, 0x06,
  0x06, 0x04, 0x61, 0x00, 0x04, 0x04, 0x1a, 0x4d, 0x00, 0x07, 0x07, 0x03,
  0x62, 0x0b, 0x01, 0x03, 0x03, 0x1b, 0x03, 0x4e, 0x08, 0x07, 0x00, 0x00,
  0x2c, 0x2b, 0x2a, 0x29, 0x27, 0x25, 0x1f, 0x1d, 0x19, 0x17, 0x12, 0x10,
  0x07, 0x30, 0x08, 0x30, 0x00, 0x06, 0x00, 0x06, 0x12, 0x11, 0x0c, 0x07,
  0x18, 0x2b, 0x01, 0x27, 0x33, 0x17, 0x37, 0x33, 0x07, 0x03, 0x22, 0x2e,
  0x02, 0x35, 0x34, 0x3e, 0x02, 0x33, 0x32, 0x1e, 0x04, 0x31, 0x23, 0x30,
  0x2e, 0x02, 0x23, 0x22, 0x06, 0x06, 0x15, 0x14, 0x16, 0x16, 0x33, 0x32,
  0x36, 0x37, 0x23, 0x35, 0x21, 0x15, 0x14, 0x06, 0x06, 0x01, 0x64, 0x81,
  0x77, 0x47, 0x46, 0x77, 0x81, 0x41, 0x5d, 0x8c, 0x5d, 0x2e, 0x2f, 0x5d,
  0x8e, 0x5f, 0x4a, 0x6b, 0x48, 0x2b, 0x17, 0x07, 0x99, 0x0c, 0x24, 0x45,
  0x38, 0x49, 0x61, 0x31, 0x32, 0x61, 0x49, 0x50, 0x5d, 0x09, 0xc0, 0x01,
  0x58, 0x59, 0x99, 0x03, 0x22, 0xb4, 0x68, 0x68, 0xb4, 0xfc, 0xd4, 0x40,
  0x6d, 0x87, 0x47, 0x47, 0x88, 0x6d, 0x41, 0x25, 0x3b, 0x42, 0x3b, 0x25,
  0x24, 0x31, 0x25, 0x47, 0x6f, 0x3c, 0x3e, 0x71, 0x47, 0x52, 0x46, 0x79,
  0x39, 0x74, 0x9d, 0x4f, 0x00, 0x02, 0x00, 0x28, 0xff, 0xf6, 0x02, 0xf0,
  0x03, 0xda, 0x00, 0x0b, 0x00, 0x35, 0x00, 0x4f, 0x40, 0x4c, 0x00, 0x04,
  0x05, 0x08, 0x05, 0x04, 0x08, 0x80, 0x00, 0x01, 0x09, 0x01, 0x00, 0x03,
  0x01, 0x00, 0x69, 0x00, 0x08, 0x00, 0x07, 0x06, 0x08, 0x07, 0x67, 0x00,
  0x05, 0x05, 0x03, 0x61, 0x00, 0x03, 0x03, 0x1a, 0x4d, 0x00, 0x06, 0x06,
  0x02, 0x61, 0x0a, 0x01, 0x02, 0x02, 0x1b, 0x02, 0x4e, 0x0d, 0x0c, 0x01,
  0x00, 0x31, 0x30, 0x2f, 0x2e, 0x2c, 0x2a, 0x24, 0x22, 0x1e, 0x1c, 0x17,
  0x15, 0x0c, 0x35, 0x0d, 0x35, 0x07, 0x05, 0x00, 0x0b, 0x01, 0x0b, 0x0b,
  0x07, 0x16, 0x2b, 0x01, 0x22, 0x26, 0x35, 0x34, 0x36, 0x33, 0x32, 0x16,
  0x15, 0x14, 0x06, 0x03, 0x22, 0x2e, 0x02, 0x35, 0x34, 0x3e, 0x02, 0x33,
  0x32, 0x1e, 0x04, 0x31, 0x23, 0x30, 0x2e, 0x02, 0x23, 0x22, 0x06, 0x06,
  0x15, 0x14, 0x16, 0x16, 0x33, 0x32, 0x36, 0x37, 0x23, 0x35, 0x21, 0x15,
  0x14, 0x06, 0x06, 0x01, 0xa1, 0x28, 0x32, 0x32, 0x28, 0x27, 0x33, 0x33,
  0x2c, 0x5d, 0x8c, 0x5d, 0x2e, 0x2f, 0x5d, 0x8e, 0x5f, 0x4a, 0x6b, 0x48,
  0x2b, 0x17, 0x07, 0x99, 0x0c, 0x24, 0x45, 0x38, 0x49, 0x61, 0x31, 0x32,
  0x61, 0x49, 0x50, 0x5d, 0x09, 0xc0, 0x01, 0x58, 0x59, 0x99, 0x03, 0x2c,
  0x33, 0x24, 0x24, 0x33, 0x33, 0x24, 0x24, 0x33, 0xfc, 0xca, 0x40, 0x6d,
  0x87, 0x47, 0x47, 0x88, 0x6d, 0x41, 0x25, 0x3b, 0x42, 0x3b, 0x25, 0x24,
  0x31, 0x25, 0x47, 0x6f, 0x3c, 0x3e, 0x71, 0x47, 0x52, 0x46, 0x79, 0x39,
  0x74, 0x9d, 0x4f, 0x00, 0x00, 0x02, 0x00, 0x28, 0xff, 0xf6, 0x02, 0xf0,
  0x03, 0x93, 0x00, 0x03, 0x00, 0x2d, 0x00, 0x4e, 0x40, 0x4b, 0x00, 0x04,
  0x05, 0x08, 0x05, 0x04, 0x08, 0x80, 0x00, 0x00, 0x09, 0x01, 0x01, 0x03,
  0x00, 0x01, 0x67, 0x00, 0x08, 0x00, 0x07, 0x06, 0x08, 0x07, 0x67, 0x00,
  0x05, 0x05, 0x03, 0x61, 0x00, 0x03, 0x03, 0x1a, 0x4d, 0x00, 0x06, 0x06,
  0x02, 0x61, 0x0a, 0x01, 0x02, 0x02, 0x1b, 0x02, 0x4e, 0x05, 0x04, 0x00,
  0x00, 0x29, 0x28, 0x27, 0x26, 0x24, 0x22, 0x1c, 0x1a, 0x16, 0x14, 0x0f,
  0x0d, 0x04, 0x2d, 0x05, 0x2d, 0x00, 0x03, 0x00, 0x03, 0x11, 0x0b, 0x07,
  0x17, 0x2b, 0x13, 0x35, 0x21, 0x15, 0x03, 0x22, 0x2e, 0x02, 0x35, 0x34,
  0x3e, 0x02, 0x33, 0x32, 0x1e, 0x04, 0x31, 0x23, 0x30, 0x2e, 0x02, 0x23,
  0x22, 0x06, 0x06, 0x15, 0x14, 0x16, 0x16, 0x33, 0x32, 0x36, 0x37, 0x23,
  0x35, 0x21, 0x15, 0x14, 0x06, 0x06, 0xfe, 0x01, 0x45, 0xa7, 0x5d, 0x8c,
  0x5d, 0x2e, 0x2f, 0x5d, 0x8e, 0x5f, 0x4a, 0x6b, 0x48, 0x2b, 0x17, 0x07,
  0x99, 0x0c, 0x24, 0x45, 0x38, 0x49, 0x61, 0x31, 0x32, 0x61, 0x49, 0x50,
  0x5d, 0x09, 0xc0, 0x01, 0x58, 0x59, 0x99, 0x03, 0x39, 0x5a, 0x5a, 0xfc,
  0xbd, 0x40, 0x6d, 0x87, 0x47, 0x47, 0x88, 0x6d, 0x41, 0x25, 0x3b, 0x42,
  0x3b, 0x25, 0x24, 0x31, 0x25, 0x47, 0x6f, 0x3c, 0x3e, 0x71, 0x47, 0x52,
  0x46, 0x79, 0x39, 0x74, 0x9d, 0x4f, 0x00, 0x00, 0x00, 0x01, 0x00, 0x44,
  0x00, 0x00, 0x02, 0x98, 0x02, 0xe4, 0x00, 0x0b, 0x00, 0x27, 0x40, 0x24,
  0x00, 0x01, 0x00, 0x04, 0x03, 0x01, 0x04, 0x67, 0x02, 0x01, 0x00, 0x00,
  0x14, 0x4d, 0x06, 0x05, 0x02, 0x03, 0x03, 0x15, 0x03, 0x4e, 0x00, 0x00,
  0x00, 0x0b, 0x00, 0x0b, 0x11, 0x11, 0x11, 0x11, 0x11, 0x07, 0x07, 0x1b,
  0x2b, 0x33, 0x11, 0x33, 0x11, 0x21, 0x11, 0x33, 0x11, 0x23, 0x11, 0x21,
  0x11, 0x44, 0x9a, 0x01, 0x20, 0x9a, 0x9a, 0xfe, 0xe0, 0x02, 0xe4, 0xfe,
  0xd9, 0x01, 0x27, 0xfd, 0x1c, 0x01, 0x37, 0xfe, 0xc9, 0x00, 0x00, 0x00,
  0x00, 0x02, 0x00, 0x12, 0x00, 0x00, 0x02, 0xff, 0x02, 0xe4, 0x00, 0x13,
  0x00, 0x17, 0x00, 0x3b, 0x40, 0x38, 0x05, 0x03, 0x02, 0x01, 0x0b, 0x06,
  0x02, 0x00, 0x0a, 0x01, 0x00, 0x67, 0x00, 0x0a, 0x00, 0x08, 0x07, 0x0a,
  0x08, 0x67, 0x04, 0x01, 0x02, 0x02, 0x14, 0x4d, 0x0c, 0x09, 0x02, 0x07,
  0x07, 0x15, 0x07, 0x4e, 0x00, 0x00, 0x17, 0x16, 0x15, 0x14, 0x00, 0x13,
  0x00, 0x13, 0x11, 0x11, 0x11, 0x11, 0x11, 0x11, 0x11, 0x11, 0x11, 0x0d,
  0x07, 0x1f, 0x2b, 0x33, 0x11, 0x23, 0x35, 0x33, 0x35, 0x33, 0x15, 0x21,
  0x35, 0x33, 0x15, 0x33, 0x15, 0x23, 0x11, 0x23, 0x11, 0x21, 0x11, 0x11,
  0x21, 0x35, 0x21, 0x62, 0x50, 0x50, 0x9b, 0x01, 0x1f, 0x9b, 0x48, 0x48,
  0x9b, 0xfe, 0xe1, 0x01, 0x1f, 0xfe, 0xe1, 0x02, 0x24, 0x72, 0x4e, 0x4e,
  0x4e, 0x4e, 0x72, 0xfd, 0xdc, 0x01, 0x37, 0xfe, 0xc9, 0x01, 0xbd, 0x67,
  0x00, 0x01, 0x00, 0x44, 0x00, 0x00, 0x00, 0xde, 0x02, 0xe4, 0x00, 0x03,
  0x00, 0x19, 0x40, 0x16, 0x00, 0x00, 0x00, 0x14, 0x4d, 0x02, 0x01, 0x01,
  0x01, 0x15, 0x01, 0x4e, 0x00, 0x00, 0x00, 0x03, 0x00, 0x03, 0x11, 0x03,
  0x07, 0x17, 0x2b, 0x33, 0x11, 0x33, 0x11, 0x44, 0x9a, 0x02, 0xe4, 0xfd,
  0x1c, 0x00, 0x00, 0x00, 0x00, 0x02, 0x00, 0x48, 0x00, 0x00, 0x01, 0x3c,
  0x03, 0xe2, 0x00, 0x03, 0x00, 0x07, 0x00, 0x23, 0x40, 0x20, 0x00, 0x01,
  0x00, 0x00, 0x02, 0x01, 0x00, 0x67, 0x00, 0x02, 0x02, 0x14, 0x4d, 0x04,
  0x01, 0x03, 0x03, 0x15, 0x03, 0x4e, 0x04, 0x04, 0x04, 0x07, 0x04, 0x07,
  0x12, 0x11, 0x10, 0x05, 0x07, 0x19, 0x2b, 0x13, 0x27, 0x37, 0x33, 0x03,
  0x11, 0x33, 0x11, 0xce, 0x70, 0x50, 0x8e, 0xf4, 0x9a, 0x03, 0x2d, 0x01,
  0xb4, 0xfc, 0x1e, 0x02, 0xe4, 0xfd, 0x1c, 0x00, 0x00, 0x02, 0xff, 0xd8,
  0x00, 0x00, 0x01, 0x53, 0x03, 0xda, 0x00, 0x06, 0x00, 0x0a, 0x00, 0x34,
  0x40, 0x31, 0x05, 0x01, 0x01, 0x00, 0x01, 0x4c, 0x00, 0x00, 0x01, 0x00,
  0x85, 0x05, 0x02, 0x02, 0x01, 0x03, 0x01, 0x85, 0x00, 0x03, 0x03, 0x14,
  0x4d, 0x06, 0x01, 0x04, 0x04, 0x15, 0x04, 0x4e, 0x07, 0x07, 0x00, 0x00,
  0x07, 0x0a, 0x07, 0x0a, 0x09, 0x08, 0x00, 0x06, 0x00, 0x06, 0x11, 0x11,
  0x07, 0x07, 0x18, 0x2b, 0x03, 0x37, 0x33, 0x17, 0x23, 0x27, 0x07, 0x03,
  0x11, 0x33, 0x11, 0x28, 0x81, 0x79, 0x81, 0x77, 0x46, 0x47, 0x07, 0x9a,
  0x03, 0x26, 0xb4, 0xb4, 0x68, 0x68, 0xfc, 0xda, 0x02, 0xe4, 0xfd, 0x1c,
  0x00, 0x03, 0xff, 0xcd, 0x00, 0x00, 0x01, 0x5c, 0x03, 0xc7, 0x00, 0x0b,
  0x00, 0x17, 0x00, 0x1b, 0x00, 0x36, 0x40, 0x33, 0x03, 0x01, 0x01, 0x07,
  0x02, 0x06, 0x03, 0x00, 0x04, 0x01, 0x00, 0x69, 0x00, 0x04, 0x04, 0x14,
  0x4d, 0x08, 0x01, 0x05, 0x05, 0x15, 0x05, 0x4e, 0x18, 0x18, 0x0d, 0x0c,
  0x01, 0x00, 0x18, 0x1b, 0x18, 0x1b, 0x1a, 0x19, 0x13, 0x11, 0x0c, 0x17,
  0x0d, 0x17, 0x07, 0x05, 0x00, 0x0b, 0x01, 0x0b, 0x09, 0x07, 0x16, 0x2b,
  0x01, 0x22, 0x26, 0x35, 0x34, 0x36, 0x33, 0x32, 0x16, 0x15, 0x14, 0x06,
  0x21, 0x22, 0x26, 0x35, 0x34, 0x36, 0x33, 0x32, 0x16, 0x15, 0x14, 0x06,
  0x03, 0x11, 0x33, 0x11, 0x01, 0x06, 0x26, 0x30, 0x30, 0x26, 0x25, 0x31,
  0x31, 0xfe, 0xf9, 0x26, 0x31, 0x31, 0x26, 0x25, 0x31, 0x31, 0x01, 0x9a,
  0x03, 0x21, 0x31, 0x22, 0x23, 0x30, 0x30, 0x23, 0x22, 0x31, 0x31, 0x22,
  0x23, 0x30, 0x30, 0x23, 0x22, 0x31, 0xfc, 0xdf, 0x02, 0xe4, 0xfd, 0x1c,
  0x00, 0x02, 0x00, 0x3b, 0x00, 0x00, 0x00, 0xef, 0x03, 0xda, 0x00, 0x0b,
  0x00, 0x0f, 0x00, 0x2b, 0x40, 0x28, 0x00, 0x01, 0x04, 0x01, 0x00, 0x02,
  0x01, 0x00, 0x69, 0x00, 0x02, 0x02, 0x14, 0x4d, 0x05, 0x01, 0x03, 0x03,
  0x15, 0x03, 0x4e, 0x0c, 0x0c, 0x01, 0x00, 0x0c, 0x0f, 0x0c, 0x0f, 0x0e,
  0x0d, 0x07, 0x05, 0x00, 0x0b, 0x01, 0x0b, 0x06, 0x07, 0x16, 0x2b, 0x13,
  0x22, 0x26, 0x35, 0x34, 0x36, 0x33, 0x32, 0x16, 0x15, 0x14, 0x06, 0x03,
  0x11, 0x33, 0x11, 0x95, 0x27, 0x33, 0x33, 0x27, 0x27, 0x33, 0x33, 0x74,
  0x9a, 0x03, 0x2c, 0x33, 0x24, 0x24, 0x33, 0x33, 0x24, 0x24, 0x33, 0xfc,
  0xd4, 0x02, 0xe4, 0xfd, 0x1c, 0x00, 0x00, 0x00, 0x00, 0x02, 0x00, 0x46,
  0xff, 0x09, 0x00, 0xe4, 0x02, 0xe4, 0x00, 0x03, 0x00, 0x0f, 0x00, 0x29,
  0x40, 0x26, 0x00, 0x03, 0x05, 0x01, 0x02, 0x03, 0x02, 0x65, 0x00, 0x00,
  0x00, 0x14, 0x4d, 0x04, 0x01, 0x01, 0x01, 0x15, 0x01, 0x4e, 0x05, 0x04,
  0x00, 0x00, 0x0b, 0x09, 0x04, 0x0f, 0x05, 0x0f, 0x00, 0x03, 0x00, 0x03,
  0x11, 0x06, 0x07, 0x17, 0x2b, 0x33, 0x11, 0x33, 0x11, 0x07, 0x22, 0x26,
  0x35, 0x34, 0x36, 0x33, 0x32, 0x16, 0x15, 0x14, 0x06, 0x48, 0x9a, 0x4d,
  0x23, 0x2c, 0x2c, 0x23, 0x22, 0x2d, 0x2d, 0x02, 0xe4, 0xfd, 0x1c, 0xf7,
  0x2f, 0x21, 0x21, 0x2e, 0x2e, 0x21, 0x21, 0x2f, 0x00, 0x02, 0xff, 0xf2,
  0x00, 0x00, 0x00, 0xe2, 0x03, 0xe2, 0x00, 0x03, 0x00, 0x07, 0x00, 0x2a,
  0x40, 0x27, 0x00, 0x00, 0x04, 0x01, 0x01, 0x02, 0x00, 0x01, 0x67, 0x00,
  0x02, 0x02, 0x14, 0x4d, 0x05, 0x01, 0x03, 0x03, 0x15, 0x03, 0x4e, 0x04,
  0x04, 0x00, 0x00, 0x04, 0x07, 0x04, 0x07, 0x06, 0x05, 0x00, 0x03, 0x00,
  0x03, 0x11, 0x06, 0x07, 0x17, 0x2b, 0x13, 0x27, 0x33, 0x17, 0x03, 0x11,
  0x33, 0x11, 0x60, 0x6e, 0x8d, 0x51, 0x88, 0x9a, 0x03, 0x2d, 0xb5, 0xb4,
  0xfc, 0xd2, 0x02, 0xe4, 0xfd, 0x1c, 0x00, 0x00, 0x00, 0x02, 0x00, 0x1a,
  0x00, 0x00, 0x01, 0x1a, 0x04, 0x11, 0x00, 0x1c, 0x00, 0x20, 0x00, 0x69,
  0x4b, 0xb0, 0x21, 0x50, 0x58, 0x40, 0x23, 0x00, 0x01, 0x00, 0x03, 0x00,
  0x01, 0x72, 0x06, 0x01, 0x03, 0x04, 0x00, 0x03, 0x04, 0x7e, 0x00, 0x02,
  0x00, 0x00, 0x01, 0x02, 0x00, 0x69, 0x00, 0x04, 0x04, 0x14, 0x4d, 0x07,
  0x01, 0x05, 0x05, 0x15, 0x05, 0x4e, 0x1b, 0x40, 0x24, 0x00, 0x01, 0x00,
  0x03, 0x00, 0x01, 0x03, 0x80, 0x06, 0x01, 0x03, 0x04, 0x00, 0x03, 0x04,
  0x7e, 0x00, 0x02, 0x00, 0x00, 0x01, 0x02, 0x00, 0x69, 0x00, 0x04, 0x04,
  0x14, 0x4d, 0x07, 0x01, 0x05, 0x05, 0x15, 0x05, 0x4e, 0x59, 0x40, 0x14,
  0x1d, 0x1d, 0x00, 0x00, 0x1d, 0x20, 0x1d, 0x20, 0x1f, 0x1e, 0x00, 0x1c,
  0x00, 0x1c, 0x23, 0x22, 0x2a, 0x08, 0x07, 0x19, 0x2b, 0x13, 0x35, 0x34,
  0x36, 0x37, 0x37, 0x36, 0x36, 0x35, 0x34, 0x26, 0x23, 0x22, 0x06, 0x06,
  0x15, 0x23, 0x26, 0x36, 0x36, 0x33, 0x32, 0x16, 0x15, 0x14, 0x06, 0x07,
  0x07, 0x15, 0x03, 0x11, 0x33, 0x11, 0x6a, 0x0b, 0x0e, 0x0f, 0x15, 0x16,
  0x13, 0x11, 0x13, 0x10, 0x04, 0x57, 0x01, 0x19, 0x37, 0x2d, 0x3d, 0x46,
  0x2f, 0x25, 0x04, 0x7a, 0x9a, 0x03, 0x22, 0x21, 0x0d, 0x17, 0x06, 0x08,
  0x0b, 0x15, 0x0f, 0x0d, 0x14, 0x12, 0x14, 0x02, 0x1b, 0x35, 0x24, 0x3f,
  0x2a, 0x24, 0x31, 0x12, 0x03, 0x1c, 0xfc, 0xde, 0x02, 0xe4, 0xfd, 0x1c,
  0x00, 0x02, 0xff, 0xf2, 0x00, 0x00, 0x01, 0x38, 0x03, 0x93, 0x00, 0x03,
  0x00, 0x07, 0x00, 0x2a, 0x40, 0x27, 0x00, 0x00, 0x04, 0x01, 0x01, 0x02,
  0x00, 0x01, 0x67, 0x00, 0x02, 0x02, 0x14, 0x4d, 0x05, 0x01, 0x03, 0x03,
  0x15, 0x03, 0x4e, 0x04, 0x04, 0x00, 0x00, 0x04, 0x07, 0x04, 0x07, 0x06,
  0x05, 0x00, 0x03, 0x00, 0x03, 0x11, 0x06, 0x07, 0x17, 0x2b, 0x03, 0x35,
  0x21, 0x15, 0x03, 0x11, 0x33, 0x11, 0x0e, 0x01, 0x46, 0xf0, 0x9a, 0x03,
  0x39, 0x5a, 0x5a, 0xfc, 0xc7, 0x02, 0xe4, 0xfd, 0x1c, 0x00, 0x00, 0x00,
  0x00, 0x01, 0x00, 0x42, 0xff, 0x48, 0x01, 0x07, 0x02, 0xe4, 0x00, 0x17,
  0x00, 0x50, 0x40, 0x0b, 0x0e, 0x01, 0x02, 0x01, 0x01, 0x4c, 0x03, 0x01,
  0x03, 0x01, 0x4b, 0x4b, 0xb0, 0x2e, 0x50, 0x58, 0x40, 0x16, 0x00, 0x00,
  0x00, 0x14, 0x4d, 0x04, 0x01, 0x03, 0x03, 0x15, 0x4d, 0x00, 0x01, 0x01,
  0x02, 0x61, 0x00, 0x02, 0x02, 0x19, 0x02, 0x4e, 0x1b, 0x40, 0x13, 0x00,
  0x01, 0x00, 0x02, 0x01, 0x02, 0x65, 0x00, 0x00, 0x00, 0x14, 0x4d, 0x04,
  0x01, 0x03, 0x03, 0x15, 0x03, 0x4e, 0x59, 0x40, 0x0c, 0x00, 0x00, 0x00,
  0x17, 0x00, 0x17, 0x25, 0x27, 0x11, 0x05, 0x07, 0x19, 0x2b, 0x33, 0x11,
  0x33, 0x11, 0x30, 0x06, 0x06, 0x15, 0x14, 0x16, 0x33, 0x32, 0x36, 0x31,
  0x15, 0x30, 0x06, 0x23, 0x22, 0x26, 0x35, 0x34, 0x36, 0x37, 0x48, 0x9a,
  0x19, 0x1a, 0x1a, 0x1c, 0x0d, 0x15, 0x21, 0x18, 0x4a, 0x42, 0x1d, 0x13,
  0x02, 0xe4, 0xfd, 0x1c, 0x0d, 0x1a, 0x13, 0x0f, 0x17, 0x03, 0x56, 0x05,
  0x3b, 0x29, 0x1e, 0x29, 0x0d, 0x00, 0x00, 0x00, 0x00, 0x02, 0xff, 0xeb,
  0x00, 0x00, 0x01, 0x44, 0x03, 0xd1, 0x00, 0x18, 0x00, 0x1c, 0x00, 0x75,
  0x4b, 0xb0, 0x26, 0x50, 0x58, 0x40, 0x1f, 0x05, 0x01, 0x03, 0x00, 0x01,
  0x00, 0x03, 0x01, 0x69, 0x00, 0x04, 0x02, 0x08, 0x02, 0x00, 0x06, 0x04,
  0x00, 0x6a, 0x00, 0x06, 0x06, 0x14, 0x4d, 0x09, 0x01, 0x07, 0x07, 0x15,
  0x07, 0x4e, 0x1b, 0x40, 0x2d, 0x00, 0x05, 0x03, 0x04, 0x03, 0x05, 0x04,
  0x80, 0x00, 0x02, 0x01, 0x00, 0x01, 0x02, 0x00, 0x80, 0x00, 0x03, 0x00,
  0x01, 0x02, 0x03, 0x01, 0x69, 0x00, 0x04, 0x08, 0x01, 0x00, 0x06, 0x04,
  0x00, 0x6a, 0x00, 0x06, 0x06, 0x14, 0x4d, 0x09, 0x01, 0x07, 0x07, 0x15,
  0x07, 0x4e, 0x59, 0x40, 0x1b, 0x19, 0x19, 0x01, 0x00, 0x19, 0x1c, 0x19,
  0x1c, 0x1b, 0x1a, 0x15, 0x14, 0x13, 0x11, 0x0e, 0x0c, 0x09, 0x08, 0x06,
  0x04, 0x00, 0x18, 0x01, 0x18, 0x0a, 0x07, 0x16, 0x2b, 0x13, 0x22, 0x2e,
  0x02, 0x23, 0x22, 0x06, 0x15, 0x23, 0x34, 0x36, 0x36, 0x33, 0x32, 0x1e,
  0x02, 0x33, 0x32, 0x35, 0x33, 0x14, 0x06, 0x06, 0x03, 0x11, 0x33, 0x11,
  0xdf, 0x1b, 0x27, 0x1d, 0x1a, 0x0d, 0x10, 0x0d, 0x51, 0x10, 0x2b, 0x2a,
  0x1b, 0x28, 0x1e, 0x19, 0x0d, 0x1b, 0x52, 0x10, 0x2b, 0xc1, 0x9a, 0x03,
  0x38, 0x13, 0x18, 0x13, 0x1e, 0x1a, 0x21, 0x44, 0x2e, 0x13, 0x18, 0x12,
  0x37, 0x21, 0x44, 0x2e, 0xfc, 0xc8, 0x02, 0xe4, 0xfd, 0x1c, 0x00, 0x00,
  0x00, 0x01, 0x00, 0x28, 0xff, 0xf6, 0x01, 0xa7, 0x02, 0xe4, 0x00, 0x10,
  0x00, 0x27, 0x40, 0x24, 0x04, 0x01, 0x01, 0x02, 0x01, 0x4c, 0x00, 0x02,
  0x02, 0x14, 0x4d, 0x00, 0x01, 0x01, 0x00, 0x61, 0x03, 0x01, 0x00, 0x00,
  0x1b, 0x00, 0x4e, 0x01, 0x00, 0x0c, 0x0b, 0x08, 0x06, 0x00, 0x10, 0x01,
  0x10, 0x04, 0x07, 0x16, 0x2b, 0x17, 0x22, 0x26, 0x31, 0x35, 0x30, 0x16,
  0x33, 0x32, 0x36, 0x35, 0x11, 0x33, 0x11, 0x14, 0x06, 0x06, 0x93, 0x2b,
  0x40, 0x32, 0x1d, 0x45, 0x52, 0x99, 0x38, 0x79, 0x0a, 0x09, 0x81, 0x05,
  0x42, 0x55, 0x01, 0xd2, 0xfe, 0x2b, 0x4f, 0x7f, 0x4b, 0x00, 0x00, 0x00,
  0x00, 0x01, 0x00, 0x44, 0x00, 0x00, 0x02, 0xb0, 0x02, 0xe4, 0x00, 0x0a,
  0x00, 0x25, 0x40, 0x22, 0x09, 0x06, 0x03, 0x03, 0x02, 0x00, 0x01, 0x4c,
  0x01, 0x01, 0x00, 0x00, 0x14, 0x4d, 0x04, 0x03, 0x02, 0x02, 0x02, 0x15,
  0x02, 0x4e, 0x00, 0x00, 0x00, 0x0a, 0x00, 0x0a, 0x12, 0x12, 0x11, 0x05,
  0x07, 0x19, 0x2b, 0x33, 0x11, 0x33, 0x11, 0x01, 0x33, 0x01, 0x01, 0x23,
  0x01, 0x11, 0x44, 0x9a, 0x01, 0x09, 0xbe, 0xfe, 0xcb, 0x01, 0x40, 0xc5,
  0xfe, 0xf3, 0x02, 0xe4, 0xfe, 0xc7, 0x01, 0x39, 0xfe, 0x9d, 0xfe, 0x7f,
  0x01, 0x49, 0xfe, 0xb7, 0x00, 0x01, 0x00, 0x44, 0x00, 0x00, 0x02, 0x48,
  0x02, 0xe4, 0x00, 0x05, 0x00, 0x1f, 0x40, 0x1c, 0x00, 0x00, 0x00, 0x14,
  0x4d, 0x00, 0x01, 0x01, 0x02, 0x60, 0x03, 0x01, 0x02, 0x02, 0x15, 0x02,
  0x4e, 0x00, 0x00, 0x00, 0x05, 0x00, 0x05, 0x11, 0x11, 0x04, 0x07, 0x18,
  0x2b, 0x33, 0x11, 0x33, 0x11, 0x21, 0x15, 0x44, 0x9a, 0x01, 0x6a, 0x02,
  0xe4, 0xfd, 0xa2, 0x86, 0x00, 0x02, 0x00, 0x48, 0x00, 0x00, 0x02, 0x4c,
  0x03, 0xe2, 0x00, 0x03, 0x00, 0x09, 0x00, 0x29, 0x40, 0x26, 0x00, 0x01,
  0x00, 0x00, 0x02, 0x01, 0x00, 0x67, 0x00, 0x02, 0x02, 0x14, 0x4d, 0x00,
  0x03, 0x03, 0x04, 0x60, 0x05, 0x01, 0x04, 0x04, 0x15, 0x04, 0x4e, 0x04,
  0x04, 0x04, 0x09, 0x04, 0x09, 0x11, 0x12, 0x11, 0x10, 0x06, 0x07, 0x1a,
  0x2b, 0x13, 0x27, 0x37, 0x33, 0x03, 0x11, 0x33, 0x11, 0x21, 0x15, 0xd2,
  0x71, 0x51, 0x8d, 0xf7, 0x9a, 0x01, 0x6a, 0x03, 0x2d, 0x01, 0xb4, 0xfc,
  0x1e, 0x02, 0xe4, 0xfd, 0xa2, 0x86, 0x00, 0x00, 0x00, 0x02, 0xff, 0xdb,
  0x00, 0x00, 0x02, 0x4c, 0x03, 0xd6, 0x00, 0x06, 0x00, 0x0c, 0x00, 0x3b,
  0x40, 0x38, 0x03, 0x01, 0x02, 0x00, 0x01, 0x4c, 0x01, 0x01, 0x00, 0x02,
  0x00, 0x85, 0x06, 0x01, 0x02, 0x03, 0x02, 0x85, 0x00, 0x03, 0x03, 0x14,
  0x4d, 0x00, 0x04, 0x04, 0x05, 0x60, 0x07, 0x01, 0x05, 0x05, 0x15, 0x05,
  0x4e, 0x07, 0x07, 0x00, 0x00, 0x07, 0x0c, 0x07, 0x0c, 0x0b, 0x0a, 0x09,
  0x08, 0x00, 0x06, 0x00, 0x06, 0x12, 0x11, 0x08, 0x07, 0x18, 0x2b, 0x13,
  0x27, 0x33, 0x17, 0x37, 0x33, 0x07, 0x03, 0x11, 0x33, 0x11, 0x21, 0x15,
  0x5c, 0x81, 0x77, 0x47, 0x46, 0x77, 0x81, 0x8d, 0x9a, 0x01, 0x6a, 0x03,
  0x22, 0xb4, 0x68, 0x68, 0xb4, 0xfc, 0xde, 0x02, 0xe4, 0xfd, 0xa2, 0x86,
  0x00, 0x01, 0xff, 0xff, 0x00, 0x00, 0x02, 0x59, 0x02, 0xe4, 0x00, 0x0d,
  0x00, 0x2c, 0x40, 0x29, 0x0a, 0x09, 0x08, 0x07, 0x04, 0x03, 0x02, 0x01,
  0x08, 0x01, 0x00, 0x01, 0x4c, 0x00, 0x00, 0x00, 0x14, 0x4d, 0x00, 0x01,
  0x01, 0x02, 0x60, 0x03, 0x01, 0x02, 0x02, 0x15, 0x02, 0x4e, 0x00, 0x00,
  0x00, 0x0d, 0x00, 0x0d, 0x15, 0x15, 0x04, 0x07, 0x18, 0x2b, 0x33, 0x11,
  0x07, 0x35, 0x37, 0x11, 0x33, 0x11, 0x37, 0x15, 0x07, 0x15, 0x21, 0x15,
  0x55, 0x56, 0x56, 0x9a, 0x8a, 0x8a, 0x01, 0x6a, 0x01, 0x24, 0x24, 0x71,
  0x24, 0x01, 0x4f, 0xfe, 0xf1, 0x3a, 0x71, 0x3a, 0xde, 0x86, 0x00, 0x00,
  0x00, 0x01, 0x00, 0x44, 0x00, 0x00, 0x03, 0x34, 0x02, 0xe4, 0x00, 0x0c,
  0x00, 0x2e, 0x40, 0x2b, 0x0b, 0x08, 0x03, 0x03, 0x03, 0x00, 0x01, 0x4c,
  0x00, 0x03, 0x00, 0x02, 0x00, 0x03, 0x02, 0x80, 0x01, 0x01, 0x00, 0x00,
  0x14, 0x4d, 0x05, 0x04, 0x02, 0x02, 0x02, 0x15, 0x02, 0x4e, 0x00, 0x00,
  0x00, 0x0c, 0x00, 0x0c, 0x12, 0x11, 0x12, 0x11, 0x06, 0x07, 0x1a, 0x2b,
  0x33, 0x11, 0x33, 0x13, 0x13, 0x33, 0x11, 0x23, 0x11, 0x03, 0x23, 0x03,
  0x11, 0x44, 0xd0, 0xa9, 0xae, 0xc9, 0x98, 0x98, 0x8f, 0x99, 0x02, 0xe4,
  0xfe, 0x83, 0x01, 0x7d, 0xfd, 0x1c, 0x01, 0xf8, 0xfe, 0xb5, 0x01, 0x4d,
  0xfe, 0x06, 0x00, 0x00, 0x00, 0x01, 0x00, 0x44, 0x00, 0x00, 0x02, 0xa9,
  0x02, 0xe4, 0x00, 0x09, 0x00, 0x24, 0x40, 0x21, 0x08, 0x03, 0x02, 0x02,
  0x00, 0x01, 0x4c, 0x01, 0x01, 0x00, 0x00, 0x14, 0x4d, 0x04, 0x03, 0x02,
  0x02, 0x02, 0x15, 0x02, 0x4e, 0x00, 0x00, 0x00, 0x09, 0x00, 0x09, 0x11,
  0x12, 0x11, 0x05, 0x07, 0x19, 0x2b, 0x33, 0x11, 0x33, 0x01, 0x11, 0x33,
  0x11, 0x23, 0x01, 0x11, 0x44, 0x8d, 0x01, 0x3f, 0x99, 0x8f, 0xfe, 0xc3,
  0x02, 0xe4, 0xfe, 0x28, 0x01, 0xd8, 0xfd, 0x1c, 0x01, 0xcb, 0xfe, 0x35,
  0x00, 0x02, 0x00, 0x48, 0x00, 0x00, 0x02, 0xad, 0x03, 0xe2, 0x00, 0x03,
  0x00, 0x0d, 0x00, 0x2e, 0x40, 0x2b, 0x0c, 0x07, 0x02, 0x04, 0x02, 0x01,
  0x4c, 0x00, 0x01, 0x00, 0x00, 0x02, 0x01, 0x00, 0x67, 0x03, 0x01, 0x02,
  0x02, 0x14, 0x4d, 0x06, 0x05, 0x02, 0x04, 0x04, 0x15, 0x04, 0x4e, 0x04,
  0x04, 0x04, 0x0d, 0x04, 0x0d, 0x11, 0x12, 0x12, 0x11, 0x10, 0x07, 0x07,
  0x1b, 0x2b, 0x01, 0x27, 0x37, 0x33, 0x01, 0x11, 0x33, 0x01, 0x11, 0x33,
  0x11, 0x23, 0x01, 0x11, 0x01, 0xb0, 0x70, 0x50, 0x8e, 0xfe, 0x2a, 0x8d,
  0x01, 0x3f, 0x99, 0x8f, 0xfe, 0xc3, 0x03, 0x2d, 0x01, 0xb4, 0xfc, 0x1e,
  0x02, 0xe4, 0xfe, 0x28, 0x01, 0xd8, 0xfd, 0x1c, 0x01, 0xcb, 0xfe, 0x35,
  0x00, 0x02, 0x00, 0x48, 0x00, 0x00, 0x02, 0xad, 0x03, 0xd6, 0x00, 0x06,
  0x00, 0x10, 0x00, 0x3f, 0x40, 0x3c, 0x03, 0x01, 0x02, 0x00, 0x0f, 0x0a,
  0x02, 0x05, 0x03, 0x02, 0x4c, 0x01, 0x01, 0x00, 0x02, 0x00, 0x85, 0x07,
  0x01, 0x02, 0x03, 0x02, 0x85, 0x04, 0x01, 0x03, 0x03, 0x14, 0x4d, 0x08,
  0x06, 0x02, 0x05, 0x05, 0x15, 0x05, 0x4e, 0x07, 0x07, 0x00, 0x00, 0x07,
  0x10, 0x07, 0x10, 0x0e, 0x0d, 0x0c, 0x0b, 0x09, 0x08, 0x00, 0x06, 0x00,
  0x06, 0x12, 0x11, 0x09, 0x07, 0x18, 0x2b, 0x01, 0x27, 0x33, 0x17, 0x37,
  0x33, 0x07, 0x01, 0x11, 0x33, 0x01, 0x11, 0x33, 0x11, 0x23, 0x01, 0x11,
  0x01, 0x3b, 0x82, 0x77, 0x47, 0x47, 0x77, 0x82, 0xfe, 0x95, 0x8d, 0x01,
  0x3f, 0x99, 0x8f, 0xfe, 0xc3, 0x03, 0x22, 0xb4, 0x68, 0x68, 0xb4, 0xfc,
  0xde, 0x02, 0xe4, 0xfe, 0x28, 0x01, 0xd8, 0xfd, 0x1c, 0x01, 0xcb, 0xfe,
  0x35, 0x00, 0x00, 0x00, 0x00, 0x02, 0x00, 0x48, 0x00, 0x00, 0x02, 0xad,
  0x03, 0xd1, 0x00, 0x18, 0x00, 0x22, 0x00, 0x85, 0xb6, 0x21, 0x1c, 0x02,
  0x08, 0x06, 0x01, 0x4c, 0x4b, 0xb0, 0x26, 0x50, 0x58, 0x40, 0x21, 0x05,
  0x01, 0x03, 0x00, 0x01, 0x00, 0x03, 0x01, 0x69, 0x00, 0x04, 0x02, 0x0a,
  0x02, 0x00, 0x06, 0x04, 0x00, 0x6a, 0x07, 0x01, 0x06, 0x06, 0x14, 0x4d,
  0x0b, 0x09, 0x02, 0x08, 0x08, 0x15, 0x08, 0x4e, 0x1b, 0x40, 0x2f, 0x00,
  0x05, 0x03, 0x04, 0x03, 0x05, 0x04, 0x80, 0x00, 0x02, 0x01, 0x00, 0x01,
  0x02, 0x00, 0x80, 0x00, 0x03, 0x00, 0x01, 0x02, 0x03, 0x01, 0x69, 0x00,
  0x04, 0x0a, 0x01, 0x00, 0x06, 0x04, 0x00, 0x6a, 0x07, 0x01, 0x06, 0x06,
  0x14, 0x4d, 0x0b, 0x09, 0x02, 0x08, 0x08, 0x15, 0x08, 0x4e, 0x59, 0x40,
  0x1f, 0x19, 0x19, 0x01, 0x00, 0x19, 0x22, 0x19, 0x22, 0x20, 0x1f, 0x1e,
  0x1d, 0x1b, 0x1a, 0x15, 0x14, 0x13, 0x11, 0x0e, 0x0c, 0x09, 0x08, 0x06,
  0x04, 0x00, 0x18, 0x01, 0x18, 0x0c, 0x07, 0x16, 0x2b, 0x01, 0x22, 0x2e,
  0x02, 0x23, 0x22, 0x06, 0x15, 0x23, 0x34, 0x36, 0x36, 0x33, 0x32, 0x1e,
  0x02, 0x33, 0x32, 0x35, 0x33, 0x14, 0x06, 0x06, 0x01, 0x11, 0x33, 0x01,
  0x11, 0x33, 0x11, 0x23, 0x01, 0x11, 0x01, 0xc1, 0x1b, 0x27, 0x1d, 0x1a,
  0x0d, 0x10, 0x0d, 0x51, 0x10, 0x2b, 0x2a, 0x1b, 0x28, 0x1e, 0x19, 0x0d,
  0x1b, 0x52, 0x10, 0x2c, 0xfe, 0x5e, 0x8d, 0x01, 0x3f, 0x99, 0x8f, 0xfe,
  0xc3, 0x03, 0x38, 0x13, 0x18, 0x13, 0x1e, 0x1a, 0x21, 0x44, 0x2e, 0x13,
  0x18, 0x12, 0x37, 0x21, 0x44, 0x2e, 0xfc, 0xc8, 0x02, 0xe4, 0xfe, 0x28,
  0x01, 0xd8, 0xfd, 0x1c, 0x01, 0xcb, 0xfe, 0x35, 0x00, 0x02, 0x00, 0x28,
  0xff, 0xf6, 0x03, 0x14, 0x02, 0xee, 0x00, 0x13, 0x00, 0x23, 0x00, 0x2d,
  0x40, 0x2a, 0x00, 0x03, 0x03, 0x01, 0x61, 0x00, 0x01, 0x01, 0x1a, 0x4d,
  0x05, 0x01, 0x02, 0x02, 0x00, 0x61, 0x04, 0x01, 0x00, 0x00, 0x1b, 0x00,
  0x4e, 0x15, 0x14, 0x01, 0x00, 0x1d, 0x1b, 0x14, 0x23, 0x15, 0x23, 0x0b,
  0x09, 0x00, 0x13, 0x01, 0x13, 0x06, 0x07, 0x16, 0x2b, 0x05, 0x22, 0x2e,
  0x02, 0x35, 0x34, 0x3e, 0x02, 0x33, 0x32, 0x1e, 0x02, 0x15, 0x14, 0x0e,
  0x02, 0x27, 0x32, 0x36, 0x36, 0x35, 0x34, 0x26, 0x26, 0x23, 0x22, 0x06,
  0x06, 0x15, 0x14, 0x16, 0x16, 0x01, 0x9e, 0x5c, 0x8c, 0x5f, 0x2f, 0x2f,
  0x5f, 0x8c, 0x5c, 0x5d, 0x8c, 0x5e, 0x2f, 0x2f, 0x5e, 0x8c, 0x5d, 0x46,
  0x60, 0x30, 0x30, 0x60, 0x46, 0x46, 0x5f, 0x30, 0x30, 0x5f, 0x0a, 0x41,
  0x6d, 0x88, 0x47, 0x47, 0x87, 0x6c, 0x41, 0x41, 0x6c, 0x87, 0x47, 0x47,
  0x88, 0x6d, 0x41, 0x8b, 0x46, 0x6f, 0x3d, 0x3d, 0x6e, 0x46, 0x46, 0x6e,
  0x3d, 0x3d, 0x6f, 0x46, 0x00, 0x03, 0x00, 0x28, 0xff, 0xf6, 0x03, 0x14,
  0x03, 0xec, 0x00, 0x03, 0x00, 0x17, 0x00, 0x27, 0x00, 0x37, 0x40, 0x34,
  0x00, 0x01, 0x00, 0x00, 0x03, 0x01, 0x00, 0x67, 0x00, 0x05, 0x05, 0x03,
  0x61, 0x00, 0x03, 0x03, 0x1a, 0x4d, 0x07, 0x01, 0x04, 0x04, 0x02, 0x61,
  0x06, 0x01, 0x02, 0x02, 0x1b, 0x02, 0x4e, 0x19, 0x18, 0x05, 0x04, 0x21,
  0x1f, 0x18, 0x27, 0x19, 0x27, 0x0f, 0x0d, 0x04, 0x17, 0x05, 0x17, 0x11,
  0x10, 0x08, 0x07, 0x18, 0x2b, 0x01, 0x27, 0x37, 0x33, 0x03, 0x22, 0x2e,
  0x02, 0x35, 0x34, 0x3e, 0x02, 0x33, 0x32, 0x1e, 0x02, 0x15, 0x14, 0x0e,
  0x02, 0x27, 0x32, 0x36, 0x36, 0x35, 0x34, 0x26, 0x26, 0x23, 0x22, 0x06,
  0x06, 0x15, 0x14, 0x16, 0x16, 0x01, 0xd7, 0x70, 0x50, 0x8e, 0xa7, 0x5c,
  0x8c, 0x5f, 0x2f, 0x2f, 0x5f, 0x8c, 0x5c, 0x5d, 0x8c, 0x5e, 0x2f, 0x2f,
  0x5e, 0x8c, 0x5d, 0x46, 0x60, 0x30, 0x30, 0x60, 0x46, 0x46, 0x5f, 0x30,
  0x30, 0x5f, 0x03, 0x37, 0x01, 0xb4, 0xfc, 0x0a, 0x41, 0x6d, 0x88, 0x47,
  0x47, 0x87, 0x6c, 0x41, 0x41, 0x6c, 0x87, 0x47, 0x47, 0x88, 0x6d, 0x41,
  0x8b, 0x46, 0x6f, 0x3d, 0x3d, 0x6e, 0x46, 0x46, 0x6e, 0x3d, 0x3d, 0x6f,
  0x46, 0x00, 0x00, 0x00, 0x00, 0x03, 0x00, 0x28, 0xff, 0xf6, 0x03, 0x14,
  0x03, 0xca, 0x00, 0x06, 0x00, 0x1a, 0x00, 0x2a, 0x00, 0x47, 0x40, 0x44,
  0x05, 0x01, 0x01, 0x00, 0x01, 0x4c, 0x00, 0x00, 0x01, 0x00, 0x85, 0x07,
  0x02, 0x02, 0x01, 0x04, 0x01, 0x85, 0x00, 0x06, 0x06, 0x04, 0x61, 0x00,
  0x04, 0x04, 0x1a, 0x4d, 0x09, 0x01, 0x05, 0x05, 0x03, 0x61, 0x08, 0x01,
  0x03, 0x03, 0x1b, 0x03, 0x4e, 0x1c, 0x1b, 0x08, 0x07, 0x00, 0x00, 0x24,
  0x22, 0x1b, 0x2a, 0x1c, 0x2a, 0x12, 0x10, 0x07, 0x1a, 0x08, 0x1a, 0x00,
  0x06, 0x00, 0x06, 0x11, 0x11, 0x0a, 0x07, 0x18, 0x2b, 0x13, 0x37, 0x33,
  0x17, 0x23, 0x27, 0x07, 0x13, 0x22, 0x2e, 0x02, 0x35, 0x34, 0x3e, 0x02,
  0x33, 0x32, 0x1e, 0x02, 0x15, 0x14, 0x0e, 0x02, 0x27, 0x32, 0x36, 0x36,
  0x35, 0x34, 0x26, 0x26, 0x23, 0x22, 0x06, 0x06, 0x15, 0x14, 0x16, 0x16,
  0xe1, 0x81, 0x79, 0x81, 0x77, 0x46, 0x47, 0x46, 0x5c, 0x8c, 0x5f, 0x2f,
  0x2f, 0x5f, 0x8c, 0x5c, 0x5d, 0x8c, 0x5e, 0x2f, 0x2f, 0x5e, 0x8c, 0x5d,
  0x46, 0x60, 0x30, 0x30, 0x60, 0x46, 0x46, 0x5f, 0x30, 0x30, 0x5f, 0x03,
  0x30, 0x9a, 0x9a, 0x55, 0x55, 0xfc, 0xc6, 0x41, 0x6d, 0x88, 0x47, 0x47,
  0x87, 0x6c, 0x41, 0x41, 0x6c, 0x87, 0x47, 0x47, 0x88, 0x6d, 0x41, 0x8b,
  0x46, 0x6f, 0x3d, 0x3d, 0x6e, 0x46, 0x46, 0x6e, 0x3d, 0x3d, 0x6f, 0x46,
  0x00, 0x04, 0x00, 0x28, 0xff, 0xf6, 0x03, 0x14, 0x04, 0x65, 0x00, 0x03,
  0x00, 0x0a, 0x00, 0x1e, 0x00, 0x2e, 0x00, 0x57, 0x40, 0x54, 0x09, 0x01,
  0x03, 0x00, 0x01, 0x4c, 0x00, 0x02, 0x01, 0x00, 0x01, 0x02, 0x00, 0x80,
  0x09, 0x04, 0x02, 0x03, 0x00, 0x06, 0x00, 0x03, 0x06, 0x80, 0x00, 0x01,
  0x00, 0x00, 0x03, 0x01, 0x00, 0x67, 0x00, 0x08, 0x08, 0x06, 0x61, 0x00,
  0x06, 0x06, 0x1a, 0x4d, 0x0b, 0x01, 0x07, 0x07, 0x05, 0x61, 0x0a, 0x01,
  0x05, 0x05, 0x1b, 0x05, 0x4e, 0x20, 0x1f, 0x0c, 0x0b, 0x04, 0x04, 0x28,
  0x26, 0x1f, 0x2e, 0x20, 0x2e, 0x16, 0x14, 0x0b, 0x1e, 0x0c, 0x1e, 0x04,
  0x0a, 0x04, 0x0a, 0x11, 0x12, 0x11, 0x10, 0x0c, 0x07, 0x1a, 0x2b, 0x01,
  0x27, 0x37, 0x33, 0x01, 0x37, 0x33, 0x17, 0x23, 0x27, 0x07, 0x13, 0x22,
  0x2e, 0x02, 0x35, 0x34, 0x3e, 0x02, 0x33, 0x32, 0x1e, 0x02, 0x15, 0x14,
  0x0e, 0x02, 0x27, 0x32, 0x36, 0x36, 0x35, 0x34, 0x26, 0x26, 0x23, 0x22,
  0x06, 0x06, 0x15, 0x14, 0x16, 0x16, 0x02, 0x8e, 0x70, 0x50, 0x8e, 0xfd,
  0xe4, 0x82, 0x78, 0x82, 0x77, 0x47, 0x47, 0x47, 0x5c, 0x8c, 0x5f, 0x2f,
  0x2f, 0x5f, 0x8c, 0x5c, 0x5d, 0x8c, 0x5e, 0x2f, 0x2f, 0x5e, 0x8c, 0x5d,
  0x46, 0x60, 0x30, 0x30, 0x60, 0x46, 0x46, 0x5f, 0x30, 0x30, 0x5f, 0x03,
  0xb1, 0x01, 0xb3, 0xfe, 0xcb, 0x9a, 0x9a, 0x55, 0x55, 0xfc, 0xc6, 0x41,
  0x6d, 0x88, 0x47, 0x47, 0x87, 0x6c, 0x41, 0x41, 0x6c, 0x87, 0x47, 0x47,
  0x88, 0x6d, 0x41, 0x8b, 0x46, 0x6f, 0x3d, 0x3d, 0x6e, 0x46, 0x46, 0x6e,
  0x3d, 0x3d, 0x6f, 0x46, 0x00, 0x04, 0x00, 0x28, 0xff, 0x09, 0x03, 0x14,
  0x03, 0xca, 0x00, 0x06, 0x00, 0x1a, 0x00, 0x2a, 0x00, 0x36, 0x00, 0x57,
  0x40, 0x54, 0x05, 0x01, 0x01, 0x00, 0x01, 0x4c, 0x00, 0x00, 0x01, 0x00,
  0x85, 0x09, 0x02, 0x02, 0x01, 0x04, 0x01, 0x85, 0x00, 0x08, 0x0c, 0x01,
  0x07, 0x08, 0x07, 0x65, 0x00, 0x06, 0x06, 0x04, 0x61, 0x00, 0x04, 0x04,
  0x1a, 0x4d, 0x0b, 0x01, 0x05, 0x05, 0x03, 0x61, 0x0a, 0x01, 0x03, 0x03,
  0x1b, 0x03, 0x4e, 0x2c, 0x2b, 0x1c, 0x1b, 0x08, 0x07, 0x00, 0x00, 0x32,
  0x30, 0x2b, 0x36, 0x2c, 0x36, 0x24, 0x22, 0x1b, 0x2a, 0x1c, 0x2a, 0x12,
  0x10, 0x07, 0x1a, 0x08, 0x1a, 0x00, 0x06, 0x00, 0x06, 0x11, 0x11, 0x0d,
  0x07, 0x18, 0x2b, 0x13, 0x37, 0x33, 0x17, 0x23, 0x27, 0x07, 0x13, 0x22,
  0x2e, 0x02, 0x35, 0x34, 0x3e, 0x02, 0x33, 0x32, 0x1e, 0x02, 0x15, 0x14,
  0x0e, 0x02, 0x27, 0x32, 0x36, 0x36, 0x35, 0x34, 0x26, 0x26, 0x23, 0x22,
  0x06, 0x06, 0x15, 0x14, 0x16, 0x16, 0x13, 0x22, 0x26, 0x35, 0x34, 0x36,
  0x33, 0x32, 0x16, 0x15, 0x14, 0x06, 0xe1, 0x81, 0x79, 0x81, 0x77, 0x46,
  0x47, 0x46, 0x5c, 0x8c, 0x5f, 0x2f, 0x2f, 0x5f, 0x8c, 0x5c, 0x5d, 0x8c,
  0x5e, 0x2f, 0x2f, 0x5e, 0x8c, 0x5d, 0x46, 0x60, 0x30, 0x30, 0x60, 0x46,
  0x46, 0x5f, 0x30, 0x30, 0x5f, 0x46, 0x23, 0x2c, 0x2c, 0x23, 0x22, 0x2d,
  0x2d, 0x03, 0x30, 0x9a, 0x9a, 0x55, 0x55, 0xfc, 0xc6, 0x41, 0x6d, 0x88,
  0x47, 0x47, 0x87, 0x6c, 0x41, 0x41, 0x6c, 0x87, 0x47, 0x47, 0x88, 0x6d,
  0x41, 0x8b, 0x46, 0x6f, 0x3d, 0x3d, 0x6e, 0x46, 0x46, 0x6e, 0x3d, 0x3d,
  0x6f, 0x46, 0xfe, 0x88, 0x2f, 0x21, 0x21, 0x2e, 0x2e, 0x21, 0x21, 0x2f,
  0x00, 0x04, 0x00, 0x28, 0xff, 0xf6, 0x03, 0x14, 0x04, 0x65, 0x00, 0x03,
  0x00, 0x0a, 0x00, 0x1e, 0x00, 0x2e, 0x00, 0x9c, 0xb5, 0x09, 0x01, 0x03,
  0x01, 0x01, 0x4c, 0x4b, 0xb0, 0x0a, 0x50, 0x58, 0x40, 0x31, 0x00, 0x02,
  0x00, 0x01, 0x00, 0x02, 0x01, 0x80, 0x0a, 0x04, 0x02, 0x03, 0x01, 0x06,
  0x01, 0x03, 0x72, 0x00, 0x00, 0x09, 0x01, 0x01, 0x03, 0x00, 0x01, 0x67,
  0x00, 0x08, 0x08, 0x06, 0x61, 0x00, 0x06, 0x06, 0x1a, 0x4d, 0x0c, 0x01,
  0x07, 0x07, 0x05, 0x61, 0x0b, 0x01, 0x05, 0x05, 0x1b, 0x05, 0x4e, 0x1b,
  0x40, 0x32, 0x00, 0x02, 0x00, 0x01, 0x00, 0x02, 0x01, 0x80, 0x0a, 0x04,
  0x02, 0x03, 0x01, 0x06, 0x01, 0x03, 0x06, 0x80, 0x00, 0x00, 0x09, 0x01,
  0x01, 0x03, 0x00, 0x01, 0x67, 0x00, 0x08, 0x08, 0x06, 0x61, 0x00, 0x06,
  0x06, 0x1a, 0x4d, 0x0c, 0x01, 0x07, 0x07, 0x05, 0x61, 0x0b, 0x01, 0x05,
  0x05, 0x1b, 0x05, 0x4e, 0x59, 0x40, 0x24, 0x20, 0x1f, 0x0c, 0x0b, 0x04,
  0x04, 0x00, 0x00, 0x28, 0x26, 0x1f, 0x2e, 0x20, 0x2e, 0x16, 0x14, 0x0b,
  0x1e, 0x0c, 0x1e, 0x04, 0x0a, 0x04, 0x0a, 0x08, 0x07, 0x06, 0x05, 0x00,
  0x03, 0x00, 0x03, 0x11, 0x0d, 0x07, 0x17, 0x2b, 0x01, 0x27, 0x33, 0x17,
  0x05, 0x37, 0x33, 0x17, 0x23, 0x27, 0x07, 0x13, 0x22, 0x2e, 0x02, 0x35,
  0x34, 0x3e, 0x02, 0x33, 0x32, 0x1e, 0x02, 0x15, 0x14, 0x0e, 0x02, 0x27,
  0x32, 0x36, 0x36, 0x35, 0x34, 0x26, 0x26, 0x23, 0x22, 0x06, 0x06, 0x15,
  0x14, 0x16, 0x16, 0x02, 0x34, 0x6d, 0x8d, 0x51, 0xfe, 0x3c, 0x81, 0x79,
  0x81, 0x77, 0x46, 0x47, 0x46, 0x5c, 0x8c, 0x5f, 0x2f, 0x2f, 0x5f, 0x8c,
  0x5c, 0x5d, 0x8c, 0x5e, 0x2f, 0x2f, 0x5e, 0x8c, 0x5d, 0x46, 0x60, 0x30,
  0x30, 0x60, 0x46, 0x46, 0x5f, 0x30, 0x30, 0x5f, 0x03, 0xb1, 0xb4, 0xb3,
  0x82, 0x9a, 0x9a, 0x55, 0x55, 0xfc, 0xc6, 0x41, 0x6d, 0x88, 0x47, 0x47,
  0x87, 0x6c, 0x41, 0x41, 0x6c, 0x87, 0x47, 0x47, 0x88, 0x6d, 0x41, 0x8b,
  0x46, 0x6f, 0x3d, 0x3d, 0x6e, 0x46, 0x46, 0x6e, 0x3d, 0x3d, 0x6f, 0x46,
  0x00, 0x04, 0x00, 0x28, 0xff, 0xf6, 0x03, 0x14, 0x04, 0x90, 0x00, 0x1c,
  0x00, 0x23, 0x00, 0x37, 0x00, 0x47, 0x00, 0xb8, 0xb5, 0x22, 0x01, 0x05,
  0x03, 0x01, 0x4c, 0x4b, 0xb0, 0x21, 0x50, 0x58, 0x40, 0x3e, 0x00, 0x01,
  0x00, 0x04, 0x00, 0x01, 0x72, 0x00, 0x04, 0x03, 0x00, 0x04, 0x03, 0x7e,
  0x0b, 0x01, 0x03, 0x05, 0x00, 0x03, 0x05, 0x7e, 0x0c, 0x06, 0x02, 0x05,
  0x08, 0x00, 0x05, 0x08, 0x7e, 0x00, 0x02, 0x00, 0x00, 0x01, 0x02, 0x00,
  0x69, 0x00, 0x0a, 0x0a, 0x08, 0x61, 0x00, 0x08, 0x08, 0x1a, 0x4d, 0x0e,
  0x01, 0x09, 0x09, 0x07, 0x61, 0x0d, 0x01, 0x07, 0x07, 0x1b, 0x07, 0x4e,
  0x1b, 0x40, 0x3f, 0x00, 0x01, 0x00, 0x04, 0x00, 0x01, 0x04, 0x80, 0x00,
  0x04, 0x03, 0x00, 0x04, 0x03, 0x7e, 0x0b, 0x01, 0x03, 0x05, 0x00, 0x03,
  0x05, 0x7e, 0x0c, 0x06, 0x02, 0x05, 0x08, 0x00, 0x05, 0x08, 0x7e, 0x00,
  0x02, 0x00, 0x00, 0x01, 0x02, 0x00, 0x69, 0x00, 0x0a, 0x0a, 0x08, 0x61,
  0x00, 0x08, 0x08, 0x1a, 0x4d, 0x0e, 0x01, 0x09, 0x09, 0x07, 0x61, 0x0d,
  0x01, 0x07, 0x07, 0x1b, 0x07, 0x4e, 0x59, 0x40, 0x26, 0x39, 0x38, 0x25,
  0x24, 0x1d, 0x1d, 0x00, 0x00, 0x41, 0x3f, 0x38, 0x47, 0x39, 0x47, 0x2f,
  0x2d, 0x24, 0x37, 0x25, 0x37, 0x1d, 0x23, 0x1d, 0x23, 0x21, 0x20, 0x1f,
  0x1e, 0x00, 0x1c, 0x00, 0x1c, 0x23, 0x22, 0x2a, 0x0f, 0x07, 0x19, 0x2b,
  0x01, 0x35, 0x34, 0x36, 0x37, 0x37, 0x36, 0x36, 0x35, 0x34, 0x26, 0x23,
  0x22, 0x06, 0x06, 0x15, 0x23, 0x26, 0x36, 0x36, 0x33, 0x32, 0x16, 0x15,
  0x14, 0x06, 0x07, 0x07, 0x15, 0x05, 0x37, 0x33, 0x17, 0x23, 0x27, 0x07,
  0x13, 0x22, 0x2e, 0x02, 0x35, 0x34, 0x3e, 0x02, 0x33, 0x32, 0x1e, 0x02,
  0x15, 0x14, 0x0e, 0x02, 0x27, 0x32, 0x36, 0x36, 0x35, 0x34, 0x26, 0x26,
  0x23, 0x22, 0x06, 0x06, 0x15, 0x14, 0x16, 0x16, 0x02, 0x33, 0x0b, 0x0e,
  0x0f, 0x15, 0x16, 0x13, 0x11, 0x13, 0x10, 0x04, 0x57, 0x01, 0x19, 0x37,
  0x2d, 0x3d, 0x46, 0x2f, 0x25, 0x04, 0xfe, 0x52, 0x82, 0x78, 0x82, 0x77,
  0x47, 0x47, 0x4a, 0x5c, 0x8c, 0x5f, 0x2f, 0x2f, 0x5f, 0x8c, 0x5c, 0x5d,
  0x8c, 0x5e, 0x2f, 0x2f, 0x5e, 0x8c, 0x5d, 0x46, 0x60, 0x30, 0x30, 0x60,
  0x46, 0x46, 0x5f, 0x30, 0x30, 0x5f, 0x03, 0xa1, 0x21, 0x0d, 0x16, 0x07,
  0x08, 0x0a, 0x16, 0x0f, 0x0d, 0x13, 0x11, 0x14, 0x02, 0x1b, 0x35, 0x24,
  0x3f, 0x2b, 0x23, 0x31, 0x13, 0x02, 0x1c, 0x71, 0x9a, 0x9a, 0x55, 0x55,
  0xfc, 0xc6, 0x41, 0x6d, 0x88, 0x47, 0x47, 0x87, 0x6c, 0x41, 0x41, 0x6c,
  0x87, 0x47, 0x47, 0x88, 0x6d, 0x41, 0x8b, 0x46, 0x6f, 0x3d, 0x3d, 0x6e,
  0x46, 0x46, 0x6e, 0x3d, 0x3d, 0x6f, 0x46, 0x00, 0x00, 0x04, 0x00, 0x28,
  0xff, 0xf6, 0x03, 0x14, 0x04, 0x87, 0x00, 0x18, 0x00, 0x1f, 0x00, 0x33,
  0x00, 0x43, 0x00, 0xc6, 0xb5, 0x1e, 0x01, 0x07, 0x06, 0x01, 0x4c, 0x4b,
  0xb0, 0x26, 0x50, 0x58, 0x40, 0x3b, 0x00, 0x06, 0x00, 0x07, 0x00, 0x06,
  0x07, 0x80, 0x0e, 0x08, 0x02, 0x07, 0x0a, 0x00, 0x07, 0x0a, 0x7e, 0x05,
  0x01, 0x03, 0x00, 0x01, 0x00, 0x03, 0x01, 0x69, 0x00, 0x04, 0x02, 0x0d,
  0x02, 0x00, 0x06, 0x04, 0x00, 0x6a, 0x00, 0x0c, 0x0c, 0x0a, 0x61, 0x00,
  0x0a, 0x0a, 0x1a, 0x4d, 0x10, 0x01, 0x0b, 0x0b, 0x09, 0x61, 0x0f, 0x01,
  0x09, 0x09, 0x1b, 0x09, 0x4e, 0x1b, 0x40, 0x49, 0x00, 0x05, 0x03, 0x04,
  0x03, 0x05, 0x04, 0x80, 0x00, 0x02, 0x01, 0x00, 0x01, 0x02, 0x00, 0x80,
  0x00, 0x06, 0x00, 0x07, 0x00, 0x06, 0x07, 0x80, 0x0e, 0x08, 0x02, 0x07,
  0x0a, 0x00, 0x07, 0x0a, 0x7e, 0x00, 0x03, 0x00, 0x01, 0x02, 0x03, 0x01,
  0x69, 0x00, 0x04, 0x0d, 0x01, 0x00, 0x06, 0x04, 0x00, 0x6a, 0x00, 0x0c,
  0x0c, 0x0a, 0x61, 0x00, 0x0a, 0x0a, 0x1a, 0x4d, 0x10, 0x01, 0x0b, 0x0b,
  0x09, 0x61, 0x0f, 0x01, 0x09, 0x09, 0x1b, 0x09, 0x4e, 0x59, 0x40, 0x2d,
  0x35, 0x34, 0x21, 0x20, 0x19, 0x19, 0x01, 0x00, 0x3d, 0x3b, 0x34, 0x43,
  0x35, 0x43, 0x2b, 0x29, 0x20, 0x33, 0x21, 0x33, 0x19, 0x1f, 0x19, 0x1f,
  0x1d, 0x1c, 0x1b, 0x1a, 0x15, 0x14, 0x13, 0x11, 0x0e, 0x0c, 0x09, 0x08,
  0x06, 0x04, 0x00, 0x18, 0x01, 0x18, 0x11, 0x07, 0x16, 0x2b, 0x01, 0x22,
  0x2e, 0x02, 0x23, 0x22, 0x06, 0x15, 0x23, 0x34, 0x36, 0x36, 0x33, 0x32,
  0x1e, 0x02, 0x33, 0x32, 0x35, 0x33, 0x14, 0x06, 0x06, 0x05, 0x37, 0x33,
  0x17, 0x23, 0x27, 0x07, 0x13, 0x22, 0x2e, 0x02, 0x35, 0x34, 0x3e, 0x02,
  0x33, 0x32, 0x1e, 0x02, 0x15, 0x14, 0x0e, 0x02, 0x27, 0x32, 0x36, 0x36,
  0x35, 0x34, 0x26, 0x26, 0x23, 0x22, 0x06, 0x06, 0x15, 0x14, 0x16, 0x16,
  0x01, 0xe6, 0x1b, 0x27, 0x1e, 0x19, 0x0e, 0x10, 0x0c, 0x51, 0x0f, 0x2c,
  0x29, 0x1c, 0x27, 0x1e, 0x19, 0x0d, 0x1c, 0x51, 0x10, 0x2b, 0xfe, 0xd1,
  0x81, 0x79, 0x81, 0x77, 0x46, 0x47, 0x47, 0x5c, 0x8c, 0x5f, 0x2f, 0x2f,
  0x5f, 0x8c, 0x5c, 0x5d, 0x8c, 0x5e, 0x2f, 0x2f, 0x5e, 0x8c, 0x5d, 0x46,
  0x60, 0x30, 0x30, 0x60, 0x46, 0x46, 0x5f, 0x30, 0x30, 0x5f, 0x03, 0xee,
  0x13, 0x18, 0x13, 0x1e, 0x1a, 0x21, 0x44, 0x2e, 0x13, 0x18, 0x12, 0x37,
  0x21, 0x44, 0x2e, 0xbe, 0x9a, 0x9a, 0x55, 0x55, 0xfc, 0xc6, 0x41, 0x6d,
  0x88, 0x47, 0x47, 0x87, 0x6c, 0x41, 0x41, 0x6c, 0x87, 0x47, 0x47, 0x88,
  0x6d, 0x41, 0x8b, 0x46, 0x6f, 0x3d, 0x3d, 0x6e, 0x46, 0x46, 0x6e, 0x3d,
  0x3d, 0x6f, 0x46, 0x00, 0x00, 0x04, 0x00, 0x28, 0xff, 0xf6, 0x03, 0x14,
  0x03, 0xd1, 0x00, 0x0b, 0x00, 0x17, 0x00, 0x2b, 0x00, 0x3b, 0x00, 0x49,
  0x40, 0x46, 0x03, 0x01, 0x01, 0x09, 0x02, 0x08, 0x03, 0x00, 0x05, 0x01,
  0x00, 0x69, 0x00, 0x07, 0x07, 0x05, 0x61, 0x00, 0x05, 0x05, 0x1a, 0x4d,
  0x0b, 0x01, 0x06, 0x06, 0x04, 0x61, 0x0a, 0x01, 0x04, 0x04, 0x1b, 0x04,
  0x4e, 0x2d, 0x2c, 0x19, 0x18, 0x0d, 0x0c, 0x01, 0x00, 0x35, 0x33, 0x2c,
  0x3b, 0x2d, 0x3b, 0x23, 0x21, 0x18, 0x2b, 0x19, 0x2b, 0x13, 0x11, 0x0c,
  0x17, 0x0d, 0x17, 0x07, 0x05, 0x00, 0x0b, 0x01, 0x0b, 0x0c, 0x07, 0x16,
  0x2b, 0x01, 0x22, 0x26, 0x35, 0x34, 0x36, 0x33, 0x32, 0x16, 0x15, 0x14,
  0x06, 0x21, 0x22, 0x26, 0x35, 0x34, 0x36, 0x33, 0x32, 0x16, 0x15, 0x14,
  0x06, 0x13, 0x22, 0x2e, 0x02, 0x35, 0x34, 0x3e, 0x02, 0x33, 0x32, 0x1e,
  0x02, 0x15, 0x14, 0x0e, 0x02, 0x27, 0x32, 0x36, 0x36, 0x35, 0x34, 0x26,
  0x26, 0x23, 0x22, 0x06, 0x06, 0x15, 0x14, 0x16, 0x16, 0x02, 0x0f, 0x26,
  0x30, 0x30, 0x26, 0x25, 0x31, 0x31, 0xfe, 0xf9, 0x26, 0x31, 0x31, 0x26,
  0x25, 0x31, 0x31, 0x4c, 0x5c, 0x8c, 0x5f, 0x2f, 0x2f, 0x5f, 0x8c, 0x5c,
  0x5d, 0x8c, 0x5e, 0x2f, 0x2f, 0x5e, 0x8c, 0x5d, 0x46, 0x60, 0x30, 0x30,
  0x60, 0x46, 0x46, 0x5f, 0x30, 0x30, 0x5f, 0x03, 0x2b, 0x31, 0x22, 0x23,
  0x30, 0x30, 0x23, 0x22, 0x31, 0x31, 0x22, 0x23, 0x30, 0x30, 0x23, 0x22,
  0x31, 0xfc, 0xcb, 0x41, 0x6d, 0x88, 0x47, 0x47, 0x87, 0x6c, 0x41, 0x41,
  0x6c, 0x87, 0x47, 0x47, 0x88, 0x6d, 0x41, 0x8b, 0x46, 0x6f, 0x3d, 0x3d,
  0x6e, 0x46, 0x46, 0x6e, 0x3d, 0x3d, 0x6f, 0x46, 0x00, 0x03, 0x00, 0x28,
  0xff, 0x09, 0x03, 0x14, 0x02, 0xee, 0x00, 0x13, 0x00, 0x23, 0x00, 0x2f,
  0x00, 0x3d, 0x40, 0x3a, 0x00, 0x05, 0x08, 0x01, 0x04, 0x05, 0x04, 0x65,
  0x00, 0x03, 0x03, 0x01, 0x61, 0x00, 0x01, 0x01, 0x1a, 0x4d, 0x07, 0x01,
  0x02, 0x02, 0x00, 0x61, 0x06, 0x01, 0x00, 0x00, 0x1b, 0x00, 0x4e, 0x25,
  0x24, 0x15, 0x14, 0x01, 0x00, 0x2b, 0x29, 0x24, 0x2f, 0x25, 0x2f, 0x1d,
  0x1b, 0x14, 0x23, 0x15, 0x23, 0x0b, 0x09, 0x00, 0x13, 0x01, 0x13, 0x09,
  0x07, 0x16, 0x2b, 0x05, 0x22, 0x2e, 0x02, 0x35, 0x34, 0x3e, 0x02, 0x33,
  0x32, 0x1e, 0x02, 0x15, 0x14, 0x0e, 0x02, 0x27, 0x32, 0x36, 0x36, 0x35,
  0x34, 0x26, 0x26, 0x23, 0x22, 0x06, 0x06, 0x15, 0x14, 0x16, 0x16, 0x13,
  0x22, 0x26, 0x35, 0x34, 0x36, 0x33, 0x32, 0x16, 0x15, 0x14, 0x06, 0x01,
  0x9e, 0x5c, 0x8c, 0x5f, 0x2f, 0x2f, 0x5f, 0x8c, 0x5c, 0x5d, 0x8c, 0x5e,
  0x2f, 0x2f, 0x5e, 0x8c, 0x5d, 0x46, 0x60, 0x30, 0x30, 0x60, 0x46, 0x46,
  0x5f, 0x30, 0x30, 0x5f, 0x46, 0x23, 0x2c, 0x2c, 0x23, 0x22, 0x2d, 0x2d,
  0x0a, 0x41, 0x6d, 0x88, 0x47, 0x47, 0x87, 0x6c, 0x41, 0x41, 0x6c, 0x87,
  0x47, 0x47, 0x88, 0x6d, 0x41, 0x8b, 0x46, 0x6f, 0x3d, 0x3d, 0x6e, 0x46,
  0x46, 0x6e, 0x3d, 0x3d, 0x6f, 0x46, 0xfe, 0x88, 0x2f, 0x21, 0x21, 0x2e,
  0x2e, 0x21, 0x21, 0x2f, 0x00, 0x03, 0x00, 0x28, 0xff, 0xf6, 0x03, 0x14,
  0x03, 0xec, 0x00, 0x03, 0x00, 0x17, 0x00, 0x27, 0x00, 0x3d, 0x40, 0x3a,
  0x00, 0x00, 0x06, 0x01, 0x01, 0x03, 0x00, 0x01, 0x67, 0x00, 0x05, 0x05,
  0x03, 0x61, 0x00, 0x03, 0x03, 0x1a, 0x4d, 0x08, 0x01, 0x04, 0x04, 0x02,
  0x61, 0x07, 0x01, 0x02, 0x02, 0x1b, 0x02, 0x4e, 0x19, 0x18, 0x05, 0x04,
  0x00, 0x00, 0x21, 0x1f, 0x18, 0x27, 0x19, 0x27, 0x0f, 0x0d, 0x04, 0x17,
  0x05, 0x17, 0x00, 0x03, 0x00, 0x03, 0x11, 0x09, 0x07, 0x17, 0x2b, 0x01,
  0x27, 0x33, 0x17, 0x03, 0x22, 0x2e, 0x02, 0x35, 0x34, 0x3e, 0x02, 0x33,
  0x32, 0x1e, 0x02, 0x15, 0x14, 0x0e, 0x02, 0x27, 0x32, 0x36, 0x36, 0x35,
  0x34, 0x26, 0x26, 0x23, 0x22, 0x06, 0x06, 0x15, 0x14, 0x16, 0x16, 0x01,
  0x69, 0x6e, 0x8d, 0x51, 0x3b, 0x5c, 0x8c, 0x5f, 0x2f, 0x2f, 0x5f, 0x8c,
  0x5c, 0x5d, 0x8c, 0x5e, 0x2f, 0x2f, 0x5e, 0x8c, 0x5d, 0x46, 0x60, 0x30,
  0x30, 0x60, 0x46, 0x46, 0x5f, 0x30, 0x30, 0x5f, 0x03, 0x37, 0xb5, 0xb4,
  0xfc, 0xbe, 0x41, 0x6d, 0x88, 0x47, 0x47, 0x87, 0x6c, 0x41, 0x41, 0x6c,
  0x87, 0x47, 0x47, 0x88, 0x6d, 0x41, 0x8b, 0x46, 0x6f, 0x3d, 0x3d, 0x6e,
  0x46, 0x46, 0x6e, 0x3d, 0x3d, 0x6f, 0x46, 0x00, 0x00, 0x03, 0x00, 0x28,
  0xff, 0xf6, 0x03, 0x14, 0x04, 0x1b, 0x00, 0x1c, 0x00, 0x30, 0x00, 0x40,
  0x00, 0x87, 0x4b, 0xb0, 0x21, 0x50, 0x58, 0x40, 0x2e, 0x00, 0x01, 0x00,
  0x03, 0x00, 0x01, 0x72, 0x08, 0x01, 0x03, 0x05, 0x00, 0x03, 0x05, 0x7e,
  0x00, 0x02, 0x00, 0x00, 0x01, 0x02, 0x00, 0x69, 0x00, 0x07, 0x07, 0x05,
  0x61, 0x00, 0x05, 0x05, 0x1a, 0x4d, 0x0a, 0x01, 0x06, 0x06, 0x04, 0x61,
  0x09, 0x01, 0x04, 0x04, 0x1b, 0x04, 0x4e, 0x1b, 0x40, 0x2f, 0x00, 0x01,
  0x00, 0x03, 0x00, 0x01, 0x03, 0x80, 0x08, 0x01, 0x03, 0x05, 0x00, 0x03,
  0x05, 0x7e, 0x00, 0x02, 0x00, 0x00, 0x01, 0x02, 0x00, 0x69, 0x00, 0x07,
  0x07, 0x05, 0x61, 0x00, 0x05, 0x05, 0x1a, 0x4d, 0x0a, 0x01, 0x06, 0x06,
  0x04, 0x61, 0x09, 0x01, 0x04, 0x04, 0x1b, 0x04, 0x4e, 0x59, 0x40, 0x1c,
  0x32, 0x31, 0x1e, 0x1d, 0x00, 0x00, 0x3a, 0x38, 0x31, 0x40, 0x32, 0x40,
  0x28, 0x26, 0x1d, 0x30, 0x1e, 0x30, 0x00, 0x1c, 0x00, 0x1c, 0x23, 0x22,
  0x2a, 0x0b, 0x07, 0x19, 0x2b, 0x01, 0x35, 0x34, 0x36, 0x37, 0x37, 0x36,
  0x36, 0x35, 0x34, 0x26, 0x23, 0x22, 0x06, 0x06, 0x15, 0x23, 0x26, 0x36,
  0x36, 0x33, 0x32, 0x16, 0x15, 0x14, 0x06, 0x07, 0x07, 0x15, 0x03, 0x22,
  0x2e, 0x02, 0x35, 0x34, 0x3e, 0x02, 0x33, 0x32, 0x1e, 0x02, 0x15, 0x14,
  0x0e, 0x02, 0x27, 0x32, 0x36, 0x36, 0x35, 0x34, 0x26, 0x26, 0x23, 0x22,
  0x06, 0x06, 0x15, 0x14, 0x16, 0x16, 0x01, 0x73, 0x0b, 0x0e, 0x0f, 0x15,
  0x16, 0x13, 0x11, 0x13, 0x10, 0x04, 0x57, 0x01, 0x19, 0x37, 0x2d, 0x3d,
  0x46, 0x2f, 0x25, 0x04, 0x2d, 0x5c, 0x8c, 0x5f, 0x2f, 0x2f, 0x5f, 0x8c,
  0x5c, 0x5d, 0x8c, 0x5e, 0x2f, 0x2f, 0x5e, 0x8c, 0x5d, 0x46, 0x60, 0x30,
  0x30, 0x60, 0x46, 0x46, 0x5f, 0x30, 0x30, 0x5f, 0x03, 0x2c, 0x21, 0x0d,
  0x17, 0x06, 0x08, 0x0b, 0x15, 0x0f, 0x0d, 0x14, 0x12, 0x14, 0x02, 0x1b,
  0x35, 0x24, 0x3f, 0x2a, 0x24, 0x31, 0x12, 0x03, 0x1c, 0xfc, 0xca, 0x41,
  0x6d, 0x88, 0x47, 0x47, 0x87, 0x6c, 0x41, 0x41, 0x6c, 0x87, 0x47, 0x47,
  0x88, 0x6d, 0x41, 0x8b, 0x46, 0x6f, 0x3d, 0x3d, 0x6e, 0x46, 0x46, 0x6e,
  0x3d, 0x3d, 0x6f, 0x46, 0x00, 0x02, 0x00, 0x28, 0xff, 0xf6, 0x03, 0x14,
  0x03, 0x5d, 0x00, 0x1c, 0x00, 0x2c, 0x00, 0x3d, 0x40, 0x3a, 0x15, 0x01,
  0x05, 0x01, 0x01, 0x4c, 0x00, 0x03, 0x01, 0x03, 0x85, 0x00, 0x05, 0x05,
  0x01, 0x61, 0x02, 0x01, 0x01, 0x01, 0x1a, 0x4d, 0x07, 0x01, 0x04, 0x04,
  0x00, 0x61, 0x06, 0x01, 0x00, 0x00, 0x1b, 0x00, 0x4e, 0x1e, 0x1d, 0x01,
  0x00, 0x26, 0x24, 0x1d, 0x2c, 0x1e, 0x2c, 0x11, 0x10, 0x0e, 0x0c, 0x0b,
  0x09, 0x00, 0x1c, 0x01, 0x1c, 0x08, 0x07, 0x16, 0x2b, 0x05, 0x22, 0x2e,
  0x02, 0x35, 0x34, 0x3e, 0x02, 0x33, 0x32, 0x17, 0x33, 0x32, 0x35, 0x35,
  0x33, 0x15, 0x14, 0x06, 0x07, 0x16, 0x16, 0x15, 0x14, 0x0e, 0x02, 0x27,
  0x32, 0x36, 0x36, 0x35, 0x34, 0x26, 0x26, 0x23, 0x22, 0x06, 0x06, 0x15,
  0x14, 0x16, 0x16, 0x01, 0x9e, 0x5c, 0x8c, 0x5f, 0x2f, 0x2f, 0x5f, 0x8c,
  0x5c, 0x0c, 0x0c, 0x8b, 0x35, 0x82, 0x30, 0x35, 0x40, 0x41, 0x2f, 0x5e,
  0x8c, 0x5d, 0x46, 0x60, 0x30, 0x30, 0x60, 0x46, 0x46, 0x5f, 0x30, 0x30,
  0x5f, 0x0a, 0x41, 0x6d, 0x88, 0x47, 0x47, 0x87, 0x6c, 0x41, 0x01, 0x36,
  0x3a, 0x48, 0x38, 0x3e, 0x05, 0x37, 0x9d, 0x53, 0x47, 0x88, 0x6d, 0x41,
  0x8b, 0x46, 0x6f, 0x3d, 0x3d, 0x6e, 0x46, 0x46, 0x6e, 0x3d, 0x3d, 0x6f,
  0x46, 0x00, 0x00, 0x00, 0x00, 0x03, 0x00, 0x28, 0xff, 0xf6, 0x03, 0x14,
  0x03, 0xe2, 0x00, 0x03, 0x00, 0x20, 0x00, 0x30, 0x00, 0x4a, 0x40, 0x47,
  0x19, 0x01, 0x07, 0x03, 0x01, 0x4c, 0x00, 0x05, 0x01, 0x00, 0x01, 0x05,
  0x00, 0x80, 0x00, 0x01, 0x00, 0x00, 0x03, 0x01, 0x00, 0x67, 0x00, 0x07,
  0x07, 0x03, 0x61, 0x04, 0x01, 0x03, 0x03, 0x1a, 0x4d, 0x09, 0x01, 0x06,
  0x06, 0x02, 0x61, 0x08, 0x01, 0x02, 0x02, 0x1b, 0x02, 0x4e, 0x22, 0x21,
  0x05, 0x04, 0x2a, 0x28, 0x21, 0x30, 0x22, 0x30, 0x15, 0x14, 0x12, 0x10,
  0x0f, 0x0d, 0x04, 0x20, 0x05, 0x20, 0x11, 0x10, 0x0a, 0x07, 0x18, 0x2b,
  0x01, 0x27, 0x37, 0x33, 0x03, 0x22, 0x2e, 0x02, 0x35, 0x34, 0x3e, 0x02,
  0x33, 0x32, 0x17, 0x33, 0x32, 0x35, 0x35, 0x33, 0x15, 0x14, 0x06, 0x07,
  0x16, 0x16, 0x15, 0x14, 0x0e, 0x02, 0x27, 0x32, 0x36, 0x36, 0x35, 0x34,
  0x26, 0x26, 0x23, 0x22, 0x06, 0x06, 0x15, 0x14, 0x16, 0x16, 0x01, 0xd1,
  0x70, 0x50, 0x8e, 0xa1, 0x5c, 0x8c, 0x5f, 0x2f, 0x2f, 0x5f, 0x8c, 0x5c,
  0x0c, 0x0c, 0x8b, 0x35, 0x82, 0x30, 0x35, 0x40, 0x41, 0x2f, 0x5e, 0x8c,
  0x5d, 0x46, 0x60, 0x30, 0x30, 0x60, 0x46, 0x46, 0x5f, 0x30, 0x30, 0x5f,
  0x03, 0x2d, 0x01, 0xb4, 0xfc, 0x14, 0x41, 0x6d, 0x88, 0x47, 0x47, 0x87,
  0x6c, 0x41, 0x01, 0x36, 0x3a, 0x48, 0x38, 0x3e, 0x05, 0x37, 0x9d, 0x53,
  0x47, 0x88, 0x6d, 0x41, 0x8b, 0x46, 0x6f, 0x3d, 0x3d, 0x6e, 0x46, 0x46,
  0x6e, 0x3d, 0x3d, 0x6f, 0x46, 0x00, 0x00, 0x00, 0x00, 0x03, 0x00, 0x28,
  0xff, 0x09, 0x03, 0x14, 0x03, 0x5d, 0x00, 0x1c, 0x00, 0x2c, 0x00, 0x38,
  0x00, 0x4d, 0x40, 0x4a, 0x15, 0x01, 0x05, 0x01, 0x01, 0x4c, 0x00, 0x03,
  0x01, 0x03, 0x85, 0x00, 0x07, 0x0a, 0x01, 0x06, 0x07, 0x06, 0x65, 0x00,
  0x05, 0x05, 0x01, 0x61, 0x02, 0x01, 0x01, 0x01, 0x1a, 0x4d, 0x09, 0x01,
  0x04, 0x04, 0x00, 0x61, 0x08, 0x01, 0x00, 0x00, 0x1b, 0x00, 0x4e, 0x2e,
  0x2d, 0x1e, 0x1d, 0x01, 0x00, 0x34, 0x32, 0x2d, 0x38, 0x2e, 0x38, 0x26,
  0x24, 0x1d, 0x2c, 0x1e, 0x2c, 0x11, 0x10, 0x0e, 0x0c, 0x0b, 0x09, 0x00,
  0x1c, 0x01, 0x1c, 0x0b, 0x07, 0x16, 0x2b, 0x05, 0x22, 0x2e, 0x02, 0x35,
  0x34, 0x3e, 0x02, 0x33, 0x32, 0x17, 0x33, 0x32, 0x35, 0x35, 0x33, 0x15,
  0x14, 0x06, 0x07, 0x16, 0x16, 0x15, 0x14, 0x0e, 0x02, 0x27, 0x32, 0x36,
  0x36, 0x35, 0x34, 0x26, 0x26, 0x23, 0x22, 0x06, 0x06, 0x15, 0x14, 0x16,
  0x16, 0x13, 0x22, 0x26, 0x35, 0x34, 0x36, 0x33, 0x32, 0x16, 0x15, 0x14,
  0x06, 0x01, 0x9e, 0x5c, 0x8c, 0x5f, 0x2f, 0x2f, 0x5f, 0x8c, 0x5c, 0x0c,
  0x0c, 0x8b, 0x35, 0x82, 0x30, 0x35, 0x40, 0x41, 0x2f, 0x5e, 0x8c, 0x5d,
  0x46, 0x60, 0x30, 0x30, 0x60, 0x46, 0x46, 0x5f, 0x30, 0x30, 0x5f, 0x40,
  0x23, 0x2c, 0x2c, 0x23, 0x22, 0x2d, 0x2d, 0x0a, 0x41, 0x6d, 0x88, 0x47,
  0x47, 0x87, 0x6c, 0x41, 0x01, 0x36, 0x3a, 0x48, 0x38, 0x3e, 0x05, 0x37,
  0x9d, 0x53, 0x47, 0x88, 0x6d, 0x41, 0x8b, 0x46, 0x6f, 0x3d, 0x3d, 0x6e,
  0x46, 0x46, 0x6e, 0x3d, 0x3d, 0x6f, 0x46, 0xfe, 0x88, 0x2f, 0x21, 0x21,
  0x2e, 0x2e, 0x21, 0x21, 0x2f, 0x00, 0x00, 0x00, 0x00, 0x03, 0x00, 0x28,
  0xff, 0xf6, 0x03, 0x14, 0x03, 0xe2, 0x00, 0x03, 0x00, 0x20, 0x00, 0x30,
  0x00, 0x50, 0x40, 0x4d, 0x19, 0x01, 0x07, 0x03, 0x01, 0x4c, 0x00, 0x05,
  0x00, 0x01, 0x00, 0x05, 0x01, 0x80, 0x00, 0x00, 0x08, 0x01, 0x01, 0x03,
  0x00, 0x01, 0x67, 0x00, 0x07, 0x07, 0x03, 0x61, 0x04, 0x01, 0x03, 0x03,
  0x1a, 0x4d, 0x0a, 0x01, 0x06, 0x06, 0x02, 0x61, 0x09, 0x01, 0x02, 0x02,
  0x1b, 0x02, 0x4e, 0x22, 0x21, 0x05, 0x04, 0x00, 0x00, 0x2a, 0x28, 0x21,
  0x30, 0x22, 0x30, 0x15, 0x14, 0x12, 0x10, 0x0f, 0x0d, 0x04, 0x20, 0x05,
  0x20, 0x00, 0x03, 0x00, 0x03, 0x11, 0x0b, 0x07, 0x17, 0x2b, 0x01, 0x27,
  0x33, 0x17, 0x03, 0x22, 0x2e, 0x02, 0x35, 0x34, 0x3e, 0x02, 0x33, 0x32,
  0x17, 0x33, 0x32, 0x35, 0x35, 0x33, 0x15, 0x14, 0x06, 0x07, 0x16, 0x16,
  0x15, 0x14, 0x0e, 0x02, 0x27, 0x32, 0x36, 0x36, 0x35, 0x34, 0x26, 0x26,
  0x23, 0x22, 0x06, 0x06, 0x15, 0x14, 0x16, 0x16, 0x01, 0x63, 0x6e, 0x8d,
  0x51, 0x35, 0x5c, 0x8c, 0x5f, 0x2f, 0x2f, 0x5f, 0x8c, 0x5c, 0x0c, 0x0c,
  0x8b, 0x35, 0x82, 0x30, 0x35, 0x40, 0x41, 0x2f, 0x5e, 0x8c, 0x5d, 0x46,
  0x60, 0x30, 0x30, 0x60, 0x46, 0x46, 0x5f, 0x30, 0x30, 0x5f, 0x03, 0x2d,
  0xb5, 0xb4, 0xfc, 0xc8, 0x41, 0x6d, 0x88, 0x47, 0x47, 0x87, 0x6c, 0x41,
  0x01, 0x36, 0x3a, 0x48, 0x38, 0x3e, 0x05, 0x37, 0x9d, 0x53, 0x47, 0x88,
  0x6d, 0x41, 0x8b, 0x46, 0x6f, 0x3d, 0x3d, 0x6e, 0x46, 0x46, 0x6e, 0x3d,
  0x3d, 0x6f, 0x46, 0x00, 0x00, 0x03, 0x00, 0x28, 0xff, 0xf6, 0x03, 0x14,
  0x04, 0x11, 0x00, 0x1c, 0x00, 0x39, 0x00, 0x49, 0x00, 0xa2, 0xb5, 0x32,
  0x01, 0x09, 0x05, 0x01, 0x4c, 0x4b, 0xb0, 0x21, 0x50, 0x58, 0x40, 0x36,
  0x00, 0x01, 0x00, 0x07, 0x00, 0x01, 0x72, 0x00, 0x07, 0x03, 0x00, 0x07,
  0x03, 0x7e, 0x0a, 0x01, 0x03, 0x05, 0x00, 0x03, 0x05, 0x7e, 0x00, 0x02,
  0x00, 0x00, 0x01, 0x02, 0x00, 0x69, 0x00, 0x09, 0x09, 0x05, 0x61, 0x06,
  0x01, 0x05, 0x05, 0x1a, 0x4d, 0x0c, 0x01, 0x08, 0x08, 0x04, 0x61, 0x0b,
  0x01, 0x04, 0x04, 0x1b, 0x04, 0x4e, 0x1b, 0x40, 0x37, 0x00, 0x01, 0x00,
  0x07, 0x00, 0x01, 0x07, 0x80, 0x00, 0x07, 0x03, 0x00, 0x07, 0x03, 0x7e,
  0x0a, 0x01, 0x03, 0x05, 0x00, 0x03, 0x05, 0x7e, 0x00, 0x02, 0x00, 0x00,
  0x01, 0x02, 0x00, 0x69, 0x00, 0x09, 0x09, 0x05, 0x61, 0x06, 0x01, 0x05,
  0x05, 0x1a, 0x4d, 0x0c, 0x01, 0x08, 0x08, 0x04, 0x61, 0x0b, 0x01, 0x04,
  0x04, 0x1b, 0x04, 0x4e, 0x59, 0x40, 0x20, 0x3b, 0x3a, 0x1e, 0x1d, 0x00,
  0x00, 0x43, 0x41, 0x3a, 0x49, 0x3b, 0x49, 0x2e, 0x2d, 0x2b, 0x29, 0x28,
  0x26, 0x1d, 0x39, 0x1e, 0x39, 0x00, 0x1c, 0x00, 0x1c, 0x23, 0x22, 0x2a,
  0x0d, 0x07, 0x19, 0x2b, 0x01, 0x35, 0x34, 0x36, 0x37, 0x37, 0x36, 0x36,
  0x35, 0x34, 0x26, 0x23, 0x22, 0x06, 0x06, 0x15, 0x23, 0x26, 0x36, 0x36,
  0x33, 0x32, 0x16, 0x15, 0x14, 0x06, 0x07, 0x07, 0x15, 0x03, 0x22, 0x2e,
  0x02, 0x35, 0x34, 0x3e, 0x02, 0x33, 0x32, 0x17, 0x33, 0x32, 0x35, 0x35,
  0x33, 0x15, 0x14, 0x06, 0x07, 0x16, 0x16, 0x15, 0x14, 0x0e, 0x02, 0x27,
  0x32, 0x36, 0x36, 0x35, 0x34, 0x26, 0x26, 0x23, 0x22, 0x06, 0x06, 0x15,
  0x14, 0x16, 0x16, 0x01, 0x6d, 0x0b, 0x0e, 0x0f, 0x15, 0x16, 0x13, 0x11,
  0x13, 0x10, 0x04, 0x57, 0x01, 0x19, 0x37, 0x2d, 0x3d, 0x46, 0x2f, 0x25,
  0x04, 0x27, 0x5c, 0x8c, 0x5f, 0x2f, 0x2f, 0x5f, 0x8c, 0x5c, 0x0c, 0x0c,
  0x8b, 0x35, 0x82, 0x30, 0x35, 0x40, 0x41, 0x2f, 0x5e, 0x8c, 0x5d, 0x46,
  0x60, 0x30, 0x30, 0x60, 0x46, 0x46, 0x5f, 0x30, 0x30, 0x5f, 0x03, 0x22,
  0x21, 0x0d, 0x17, 0x06, 0x08, 0x0b, 0x15, 0x0f, 0x0d, 0x14, 0x12, 0x14,
  0x02, 0x1b, 0x35, 0x24, 0x3f, 0x2a, 0x24, 0x31, 0x12, 0x03, 0x1c, 0xfc,
  0xd4, 0x41, 0x6d, 0x88, 0x47, 0x47, 0x87, 0x6c, 0x41, 0x01, 0x36, 0x3a,
  0x48, 0x38, 0x3e, 0x05, 0x37, 0x9d, 0x53, 0x47, 0x88, 0x6d, 0x41, 0x8b,
  0x46, 0x6f, 0x3d, 0x3d, 0x6e, 0x46, 0x46, 0x6e, 0x3d, 0x3d, 0x6f, 0x46,
  0x00, 0x03, 0x00, 0x28, 0xff, 0xf6, 0x03, 0x14, 0x03, 0xd1, 0x00, 0x18,
  0x00, 0x35, 0x00, 0x45, 0x00, 0xaf, 0xb5, 0x2e, 0x01, 0x0b, 0x07, 0x01,
  0x4c, 0x4b, 0xb0, 0x26, 0x50, 0x58, 0x40, 0x33, 0x00, 0x09, 0x01, 0x00,
  0x01, 0x09, 0x00, 0x80, 0x05, 0x01, 0x03, 0x00, 0x01, 0x09, 0x03, 0x01,
  0x69, 0x00, 0x04, 0x02, 0x0c, 0x02, 0x00, 0x07, 0x04, 0x00, 0x6a, 0x00,
  0x0b, 0x0b, 0x07, 0x61, 0x08, 0x01, 0x07, 0x07, 0x1a, 0x4d, 0x0e, 0x01,
  0x0a, 0x0a, 0x06, 0x61, 0x0d, 0x01, 0x06, 0x06, 0x1b, 0x06, 0x4e, 0x1b,
  0x40, 0x40, 0x00, 0x05, 0x03, 0x04, 0x03, 0x05, 0x04, 0x80, 0x00, 0x09,
  0x01, 0x02, 0x01, 0x09, 0x02, 0x80, 0x00, 0x02, 0x00, 0x01, 0x02, 0x00,
  0x7e, 0x00, 0x03, 0x00, 0x01, 0x09, 0x03, 0x01, 0x69, 0x00, 0x04, 0x0c,
  0x01, 0x00, 0x07, 0x04, 0x00, 0x6a, 0x00, 0x0b, 0x0b, 0x07, 0x61, 0x08,
  0x01, 0x07, 0x07, 0x1a, 0x4d, 0x0e, 0x01, 0x0a, 0x0a, 0x06, 0x61, 0x0d,
  0x01, 0x06, 0x06, 0x1b, 0x06, 0x4e, 0x59, 0x40, 0x27, 0x37, 0x36, 0x1a,
  0x19, 0x01, 0x00, 0x3f, 0x3d, 0x36, 0x45, 0x37, 0x45, 0x2a, 0x29, 0x27,
  0x25, 0x24, 0x22, 0x19, 0x35, 0x1a, 0x35, 0x15, 0x14, 0x13, 0x11, 0x0e,
  0x0c, 0x09, 0x08, 0x06, 0x04, 0x00, 0x18, 0x01, 0x18, 0x0f, 0x07, 0x16,
  0x2b, 0x01, 0x22, 0x2e, 0x02, 0x23, 0x22, 0x06, 0x15, 0x23, 0x34, 0x36,
  0x36, 0x33, 0x32, 0x1e, 0x02, 0x33, 0x32, 0x35, 0x33, 0x14, 0x06, 0x06,
  0x03, 0x22, 0x2e, 0x02, 0x35, 0x34, 0x3e, 0x02, 0x33, 0x32, 0x17, 0x33,
  0x32, 0x35, 0x35, 0x33, 0x15, 0x14, 0x06, 0x07, 0x16, 0x16, 0x15, 0x14,
  0x0e, 0x02, 0x27, 0x32, 0x36, 0x36, 0x35, 0x34, 0x26, 0x26, 0x23, 0x22,
  0x06, 0x06, 0x15, 0x14, 0x16, 0x16, 0x01, 0xe2, 0x1b, 0x27, 0x1d, 0x1a,
  0x0d, 0x10, 0x0d, 0x51, 0x10, 0x2b, 0x2a, 0x1b, 0x28, 0x1e, 0x19, 0x0d,
  0x1b, 0x52, 0x10, 0x2b, 0x6e, 0x5c, 0x8c, 0x5f, 0x2f, 0x2f, 0x5f, 0x8c,
  0x5c, 0x0c, 0x0c, 0x8b, 0x35, 0x82, 0x30, 0x35, 0x40, 0x41, 0x2f, 0x5e,
  0x8c, 0x5d, 0x46, 0x60, 0x30, 0x30, 0x60, 0x46, 0x46, 0x5f, 0x30, 0x30,
  0x5f, 0x03, 0x38, 0x13, 0x18, 0x13, 0x1e, 0x1a, 0x21, 0x44, 0x2e, 0x13,
  0x18, 0x12, 0x37, 0x21, 0x44, 0x2e, 0xfc, 0xbe, 0x41, 0x6d, 0x88, 0x47,
  0x47, 0x87, 0x6c, 0x41, 0x01, 0x36, 0x3a, 0x48, 0x38, 0x3e, 0x05, 0x37,
  0x9d, 0x53, 0x47, 0x88, 0x6d, 0x41, 0x8b, 0x46, 0x6f, 0x3d, 0x3d, 0x6e,
  0x46, 0x46, 0x6e, 0x3d, 0x3d, 0x6f, 0x46, 0x00, 0x00, 0x04, 0x00, 0x28,
  0xff, 0xf6, 0x03, 0x14, 0x03, 0xec, 0x00, 0x03, 0x00, 0x07, 0x00, 0x1b,
  0x00, 0x2b, 0x00, 0x3b, 0x40, 0x38, 0x03, 0x01, 0x01, 0x02, 0x01, 0x00,
  0x05, 0x01, 0x00, 0x67, 0x00, 0x07, 0x07, 0x05, 0x61, 0x00, 0x05, 0x05,
  0x1a, 0x4d, 0x09, 0x01, 0x06, 0x06, 0x04, 0x61, 0x08, 0x01, 0x04, 0x04,
  0x1b, 0x04, 0x4e, 0x1d, 0x1c, 0x09, 0x08, 0x25, 0x23, 0x1c, 0x2b, 0x1d,
  0x2b, 0x13, 0x11, 0x08, 0x1b, 0x09, 0x1b, 0x11, 0x11, 0x11, 0x10, 0x0a,
  0x07, 0x1a, 0x2b, 0x01, 0x27, 0x37, 0x33, 0x17, 0x27, 0x37, 0x33, 0x03,
  0x22, 0x2e, 0x02, 0x35, 0x34, 0x3e, 0x02, 0x33, 0x32, 0x1e, 0x02, 0x15,
  0x14, 0x0e, 0x02, 0x27, 0x32, 0x36, 0x36, 0x35, 0x34, 0x26, 0x26, 0x23,
  0x22, 0x06, 0x06, 0x15, 0x14, 0x16, 0x16, 0x01, 0x75, 0x6a, 0x2e, 0x87,
  0x6e, 0x6a, 0x2f, 0x87, 0xdc, 0x5c, 0x8c, 0x5f, 0x2f, 0x2f, 0x5f, 0x8c,
  0x5c, 0x5d, 0x8c, 0x5e, 0x2f, 0x2f, 0x5e, 0x8c, 0x5d, 0x46, 0x60, 0x30,
  0x30, 0x60, 0x46, 0x46, 0x5f, 0x30, 0x30, 0x5f, 0x03, 0x37, 0x01, 0xb4,
  0xb5, 0x01, 0xb4, 0xfc, 0x0a, 0x41, 0x6d, 0x88, 0x47, 0x47, 0x87, 0x6c,
  0x41, 0x41, 0x6c, 0x87, 0x47, 0x47, 0x88, 0x6d, 0x41, 0x8b, 0x46, 0x6f,
  0x3d, 0x3d, 0x6e, 0x46, 0x46, 0x6e, 0x3d, 0x3d, 0x6f, 0x46, 0x00, 0x00,
  0x00, 0x03, 0x00, 0x28, 0xff, 0xf6, 0x03, 0x14, 0x03, 0x9d, 0x00, 0x03,
  0x00, 0x17, 0x00, 0x27, 0x00, 0x3d, 0x40, 0x3a, 0x00, 0x00, 0x06, 0x01,
  0x01, 0x03, 0x00, 0x01, 0x67, 0x00, 0x05, 0x05, 0x03, 0x61, 0x00, 0x03,
  0x03, 0x1a, 0x4d, 0x08, 0x01, 0x04, 0x04, 0x02, 0x61, 0x07, 0x01, 0x02,
  0x02, 0x1b, 0x02, 0x4e, 0x19, 0x18, 0x05, 0x04, 0x00, 0x00, 0x21, 0x1f,
  0x18, 0x27, 0x19, 0x27, 0x0f, 0x0d, 0x04, 0x17, 0x05, 0x17, 0x00, 0x03,
  0x00, 0x03, 0x11, 0x09, 0x07, 0x17, 0x2b, 0x13, 0x35, 0x21, 0x15, 0x03,
  0x22, 0x2e, 0x02, 0x35, 0x34, 0x3e, 0x02, 0x33, 0x32, 0x1e, 0x02, 0x15,
  0x14, 0x0e, 0x02, 0x27, 0x32, 0x36, 0x36, 0x35, 0x34, 0x26, 0x26, 0x23,
  0x22, 0x06, 0x06, 0x15, 0x14, 0x16, 0x16, 0xfb, 0x01, 0x46, 0xa3, 0x5c,
  0x8c, 0x5f, 0x2f, 0x2f, 0x5f, 0x8c, 0x5c, 0x5d, 0x8c, 0x5e, 0x2f, 0x2f,
  0x5e, 0x8c, 0x5d, 0x46, 0x60, 0x30, 0x30, 0x60, 0x46, 0x46, 0x5f, 0x30,
  0x30, 0x5f, 0x03, 0x43, 0x5a, 0x5a, 0xfc, 0xb3, 0x41, 0x6d, 0x88, 0x47,
  0x47, 0x87, 0x6c, 0x41, 0x41, 0x6c, 0x87, 0x47, 0x47, 0x88, 0x6d, 0x41,
  0x8b, 0x46, 0x6f, 0x3d, 0x3d, 0x6e, 0x46, 0x46, 0x6e, 0x3d, 0x3d, 0x6f,
  0x46, 0x00, 0x00, 0x00, 0x00, 0x03, 0x00, 0x28, 0xff, 0xe8, 0x03, 0x14,
  0x02, 0xfb, 0x00, 0x1b, 0x00, 0x25, 0x00, 0x2f, 0x01, 0x15, 0x40, 0x13,
  0x0f, 0x0c, 0x02, 0x04, 0x00, 0x2e, 0x2d, 0x20, 0x1f, 0x04, 0x05, 0x04,
  0x1a, 0x01, 0x02, 0x02, 0x05, 0x03, 0x4c, 0x4b, 0xb0, 0x12, 0x50, 0x58,
  0x40, 0x19, 0x00, 0x04, 0x04, 0x00, 0x61, 0x01, 0x01, 0x00, 0x00, 0x1a,
  0x4d, 0x07, 0x01, 0x05, 0x05, 0x02, 0x61, 0x06, 0x03, 0x02, 0x02, 0x02,
  0x1b, 0x02, 0x4e, 0x1b, 0x4b, 0xb0, 0x13, 0x50, 0x58, 0x40, 0x21, 0x00,
  0x01, 0x01, 0x16, 0x4d, 0x00, 0x04, 0x04, 0x00, 0x61, 0x00, 0x00, 0x00,
  0x1a, 0x4d, 0x07, 0x01, 0x05, 0x05, 0x02, 0x61, 0x00, 0x02, 0x02, 0x1b,
  0x4d, 0x06, 0x01, 0x03, 0x03, 0x15, 0x03, 0x4e, 0x1b, 0x4b, 0xb0, 0x14,
  0x50, 0x58, 0x40, 0x1d, 0x00, 0x04, 0x04, 0x00, 0x61, 0x01, 0x01, 0x00,
  0x00, 0x1a, 0x4d, 0x07, 0x01, 0x05, 0x05, 0x02, 0x61, 0x00, 0x02, 0x02,
  0x1b, 0x4d, 0x06, 0x01, 0x03, 0x03, 0x15, 0x03, 0x4e, 0x1b, 0x4b, 0xb0,
  0x16, 0x50, 0x58, 0x40, 0x21, 0x00, 0x01, 0x01, 0x16, 0x4d, 0x00, 0x04,
  0x04, 0x00, 0x61, 0x00, 0x00, 0x00, 0x1a, 0x4d, 0x07, 0x01, 0x05, 0x05,
  0x02, 0x61, 0x00, 0x02, 0x02, 0x1b, 0x4d, 0x06, 0x01, 0x03, 0x03, 0x15,
  0x03, 0x4e, 0x1b, 0x4b, 0xb0, 0x2f, 0x50, 0x58, 0x40, 0x21, 0x06, 0x01,
  0x03, 0x02, 0x03, 0x86, 0x00, 0x01, 0x01, 0x16, 0x4d, 0x00, 0x04, 0x04,
  0x00, 0x61, 0x00, 0x00, 0x00, 0x1a, 0x4d, 0x07, 0x01, 0x05, 0x05, 0x02,
  0x61, 0x00, 0x02, 0x02, 0x1b, 0x02, 0x4e, 0x1b, 0x40, 0x21, 0x00, 0x01,
  0x00, 0x01, 0x85, 0x06, 0x01, 0x03, 0x02, 0x03, 0x86, 0x00, 0x04, 0x04,
  0x00, 0x61, 0x00, 0x00, 0x00, 0x1a, 0x4d, 0x07, 0x01, 0x05, 0x05, 0x02,
  0x61, 0x00, 0x02, 0x02, 0x1b, 0x02, 0x4e, 0x59, 0x59, 0x59, 0x59, 0x59,
  0x40, 0x14, 0x27, 0x26, 0x00, 0x00, 0x26, 0x2f, 0x27, 0x2f, 0x23, 0x21,
  0x00, 0x1b, 0x00, 0x1b, 0x28, 0x13, 0x28, 0x08, 0x07, 0x19, 0x2b, 0x17,
  0x37, 0x26, 0x26, 0x35, 0x34, 0x3e, 0x02, 0x33, 0x32, 0x16, 0x17, 0x37,
  0x33, 0x07, 0x16, 0x16, 0x15, 0x14, 0x0e, 0x02, 0x23, 0x22, 0x26, 0x27,
  0x07, 0x03, 0x14, 0x16, 0x17, 0x13, 0x26, 0x23, 0x22, 0x06, 0x06, 0x13,
  0x32, 0x36, 0x36, 0x35, 0x34, 0x26, 0x27, 0x03, 0x16, 0x59, 0x45, 0x3a,
  0x3c, 0x2f, 0x5f, 0x8c, 0x5c, 0x2b, 0x4c, 0x22, 0x1a, 0x91, 0x44, 0x3b,
  0x3b, 0x2f, 0x5e, 0x8c, 0x5d, 0x2b, 0x4c, 0x21, 0x1c, 0x21, 0x16, 0x15,
  0xf4, 0x22, 0x28, 0x46, 0x5f, 0x30, 0xd5, 0x46, 0x60, 0x30, 0x16, 0x16,
  0xf4, 0x23, 0x18, 0x6c, 0x37, 0x98, 0x50, 0x47, 0x87, 0x6c, 0x41, 0x0f,
  0x0d, 0x29, 0x6b, 0x37, 0x97, 0x4f, 0x47, 0x88, 0x6d, 0x41, 0x0f, 0x0d,
  0x2a, 0x01, 0x8b, 0x29, 0x4f, 0x21, 0x01, 0x7d, 0x0d, 0x46, 0x6e, 0xfe,
  0xd1, 0x46, 0x6f, 0x3d, 0x29, 0x4e, 0x21, 0xfe, 0x83, 0x0d, 0x00, 0x00,
  0x00, 0x03, 0x00, 0x28, 0xff, 0xf6, 0x03, 0x14, 0x03, 0xdb, 0x00, 0x18,
  0x00, 0x2c, 0x00, 0x3c, 0x00, 0x93, 0x4b, 0xb0, 0x26, 0x50, 0x58, 0x40,
  0x2a, 0x05, 0x01, 0x03, 0x00, 0x01, 0x00, 0x03, 0x01, 0x69, 0x00, 0x04,
  0x02, 0x0a, 0x02, 0x00, 0x07, 0x04, 0x00, 0x6a, 0x00, 0x09, 0x09, 0x07,
  0x61, 0x00, 0x07, 0x07, 0x1a, 0x4d, 0x0c, 0x01, 0x08, 0x08, 0x06, 0x61,
  0x0b, 0x01, 0x06, 0x06, 0x1b, 0x06, 0x4e, 0x1b, 0x40, 0x38, 0x00, 0x05,
  0x03, 0x04, 0x03, 0x05, 0x04, 0x80, 0x00, 0x02, 0x01, 0x00, 0x01, 0x02,
  0x00, 0x80, 0x00, 0x03, 0x00, 0x01, 0x02, 0x03, 0x01, 0x69, 0x00, 0x04,
  0x0a, 0x01, 0x00, 0x07, 0x04, 0x00, 0x6a, 0x00, 0x09, 0x09, 0x07, 0x61,
  0x00, 0x07, 0x07, 0x1a, 0x4d, 0x0c, 0x01, 0x08, 0x08, 0x06, 0x61, 0x0b,
  0x01, 0x06, 0x06, 0x1b, 0x06, 0x4e, 0x59, 0x40, 0x23, 0x2e, 0x2d, 0x1a,
  0x19, 0x01, 0x00, 0x36, 0x34, 0x2d, 0x3c, 0x2e, 0x3c, 0x24, 0x22, 0x19,
  0x2c, 0x1a, 0x2c, 0x15, 0x14, 0x13, 0x11, 0x0e, 0x0c, 0x09, 0x08, 0x06,
  0x04, 0x00, 0x18, 0x01, 0x18, 0x0d, 0x07, 0x16, 0x2b, 0x01, 0x22, 0x2e,
  0x02, 0x23, 0x22, 0x06, 0x15, 0x23, 0x34, 0x36, 0x36, 0x33, 0x32, 0x1e,
  0x02, 0x33, 0x32, 0x35, 0x33, 0x14, 0x06, 0x06, 0x03, 0x22, 0x2e, 0x02,
  0x35, 0x34, 0x3e, 0x02, 0x33, 0x32, 0x1e, 0x02, 0x15, 0x14, 0x0e, 0x02,
  0x27, 0x32, 0x36, 0x36, 0x35, 0x34, 0x26, 0x26, 0x23, 0x22, 0x06, 0x06,
  0x15, 0x14, 0x16, 0x16, 0x01, 0xe8, 0x1b, 0x27, 0x1d, 0x1a, 0x0d, 0x10,
  0x0d, 0x51, 0x10, 0x2b, 0x2a, 0x1b, 0x28, 0x1e, 0x19, 0x0d, 0x1b, 0x52,
  0x10, 0x2c, 0x73, 0x5c, 0x8c, 0x5f, 0x2f, 0x2f, 0x5f, 0x8c, 0x5c, 0x5d,
  0x8c, 0x5e, 0x2f, 0x2f, 0x5e, 0x8c, 0x5d, 0x46, 0x60, 0x30, 0x30, 0x60,
  0x46, 0x46, 0x5f, 0x30, 0x30, 0x5f, 0x03, 0x42, 0x13, 0x18, 0x13, 0x1e,
  0x1a, 0x21, 0x44, 0x2e, 0x13, 0x18, 0x12, 0x37, 0x21, 0x44, 0x2e, 0xfc,
  0xb4, 0x41, 0x6d, 0x88, 0x47, 0x47, 0x87, 0x6c, 0x41, 0x41, 0x6c, 0x87,
  0x47, 0x47, 0x88, 0x6d, 0x41, 0x8b, 0x46, 0x6f, 0x3d, 0x3d, 0x6e, 0x46,
  0x46, 0x6e, 0x3d, 0x3d, 0x6f, 0x46, 0x00, 0x00, 0x00, 0x02, 0x00, 0x28,
  0x00, 0x00, 0x03, 0xd7, 0x02, 0xe4, 0x00, 0x14, 0x00, 0x1f, 0x00, 0x35,
  0x40, 0x32, 0x00, 0x01, 0x00, 0x02, 0x03, 0x01, 0x02, 0x67, 0x07, 0x01,
  0x00, 0x00, 0x05, 0x5f, 0x08, 0x01, 0x05, 0x05, 0x14, 0x4d, 0x06, 0x01,
  0x03, 0x03, 0x04, 0x5f, 0x00, 0x04, 0x04, 0x15, 0x04, 0x4e, 0x00, 0x00,
  0x1d, 0x1b, 0x1a, 0x18, 0x00, 0x14, 0x00, 0x13, 0x21, 0x11, 0x11, 0x11,
  0x11, 0x09, 0x07, 0x1b, 0x2b, 0x01, 0x15, 0x21, 0x15, 0x21, 0x15, 0x21,
  0x15, 0x21, 0x15, 0x21, 0x22, 0x2e, 0x02, 0x35, 0x34, 0x3e, 0x02, 0x33,
  0x03, 0x14, 0x16, 0x16, 0x33, 0x33, 0x11, 0x23, 0x22, 0x06, 0x06, 0x03,
  0xd2, 0xfe, 0xa1, 0x01, 0x32, 0xfe, 0xce, 0x01, 0x64, 0xfd, 0xd6, 0x65,
  0x92, 0x60, 0x2e, 0x2e, 0x60, 0x92, 0x65, 0xea, 0x30, 0x68, 0x53, 0x2a,
  0x2a, 0x53, 0x68, 0x30, 0x02, 0xe4, 0x86, 0xa6, 0x81, 0xb1, 0x86, 0x3f,
  0x6a, 0x84, 0x45, 0x45, 0x84, 0x6a, 0x3f, 0xfe, 0x8d, 0x3a, 0x6b, 0x45,
  0x01, 0xd4, 0x44, 0x6c, 0x00, 0x02, 0x00, 0x44, 0x00, 0x00, 0x02, 0x86,
  0x02, 0xe4, 0x00, 0x0c, 0x00, 0x17, 0x00, 0x30, 0x40, 0x2d, 0x00, 0x04,
  0x00, 0x01, 0x02, 0x04, 0x01, 0x67, 0x06, 0x01, 0x03, 0x03, 0x00, 0x5f,
  0x00, 0x00, 0x00, 0x14, 0x4d, 0x05, 0x01, 0x02, 0x02, 0x15, 0x02, 0x4e,
  0x0e, 0x0d, 0x00, 0x00, 0x11, 0x0f, 0x0d, 0x17, 0x0e, 0x17, 0x00, 0x0c,
  0x00, 0x0c, 0x26, 0x21, 0x07, 0x07, 0x18, 0x2b, 0x33, 0x11, 0x21, 0x32,
  0x16, 0x16, 0x15, 0x14, 0x06, 0x06, 0x23, 0x23, 0x15, 0x13, 0x23, 0x15,
  0x33, 0x32, 0x36, 0x36, 0x35, 0x34, 0x26, 0x26, 0x44, 0x01, 0x31, 0x5b,
  0x79, 0x3d, 0x3d, 0x79, 0x5b, 0x97, 0x97, 0x97, 0x97, 0x27, 0x34, 0x1b,
  0x1b, 0x34, 0x02, 0xe4, 0x48, 0x71, 0x3d, 0x3f, 0x71, 0x48, 0xf6, 0x02,
  0x5d, 0xe1, 0x21, 0x33, 0x1d, 0x1c, 0x34, 0x20, 0x00, 0x02, 0x00, 0x44,
  0x00, 0x00, 0x02, 0x86, 0x02, 0xe4, 0x00, 0x0e, 0x00, 0x19, 0x00, 0x34,
  0x40, 0x31, 0x00, 0x01, 0x07, 0x01, 0x04, 0x05, 0x01, 0x04, 0x67, 0x00,
  0x05, 0x00, 0x02, 0x03, 0x05, 0x02, 0x67, 0x00, 0x00, 0x00, 0x14, 0x4d,
  0x06, 0x01, 0x03, 0x03, 0x15, 0x03, 0x4e, 0x10, 0x0f, 0x00, 0x00, 0x13,
  0x11, 0x0f, 0x19, 0x10, 0x19, 0x00, 0x0e, 0x00, 0x0e, 0x26, 0x21, 0x11,
  0x08, 0x07, 0x19, 0x2b, 0x33, 0x11, 0x33, 0x15, 0x33, 0x32, 0x16, 0x16,
  0x15, 0x14, 0x06, 0x06, 0x23, 0x23, 0x15, 0x13, 0x23, 0x15, 0x33, 0x32,
  0x36, 0x36, 0x35, 0x34, 0x26, 0x26, 0x44, 0x9a, 0x97, 0x5b, 0x79, 0x3d,
  0x3d, 0x79, 0x5b, 0x97, 0x97, 0x97, 0x97, 0x27, 0x34, 0x1b, 0x1b, 0x34,
  0x02, 0xe4, 0x7b, 0x48, 0x71, 0x3e, 0x3e, 0x71, 0x48, 0x7b, 0x01, 0xe2,
  0xe1, 0x21, 0x33, 0x1c, 0x1d, 0x33, 0x21, 0x00, 0x00, 0x02, 0x00, 0x28,
  0xff, 0xf6, 0x03, 0x22, 0x02, 0xee, 0x00, 0x17, 0x00, 0x2a, 0x00, 0x7e,
  0x4b, 0xb0, 0x17, 0x50, 0x58, 0x40, 0x0e, 0x1d, 0x1c, 0x1b, 0x1a, 0x04,
  0x03, 0x04, 0x15, 0x12, 0x02, 0x00, 0x03, 0x02, 0x4c, 0x1b, 0x40, 0x0e,
  0x1d, 0x1c, 0x1b, 0x1a, 0x04, 0x03, 0x04, 0x15, 0x12, 0x02, 0x02, 0x03,
  0x02, 0x4c, 0x59, 0x4b, 0xb0, 0x17, 0x50, 0x58, 0x40, 0x18, 0x00, 0x04,
  0x04, 0x01, 0x61, 0x00, 0x01, 0x01, 0x1a, 0x4d, 0x06, 0x01, 0x03, 0x03,
  0x00, 0x61, 0x02, 0x05, 0x02, 0x00, 0x00, 0x1b, 0x00, 0x4e, 0x1b, 0x40,
  0x1c, 0x00, 0x04, 0x04, 0x01, 0x61, 0x00, 0x01, 0x01, 0x1a, 0x4d, 0x00,
  0x02, 0x02, 0x15, 0x4d, 0x06, 0x01, 0x03, 0x03, 0x00, 0x61, 0x05, 0x01,
  0x00, 0x00, 0x1b, 0x00, 0x4e, 0x59, 0x40, 0x15, 0x19, 0x18, 0x01, 0x00,
  0x24, 0x22, 0x18, 0x2a, 0x19, 0x2a, 0x14, 0x13, 0x0b, 0x09, 0x00, 0x17,
  0x01, 0x17, 0x07, 0x07, 0x16, 0x2b, 0x05, 0x22, 0x2e, 0x02, 0x35, 0x34,
  0x3e, 0x02, 0x33, 0x32, 0x1e, 0x02, 0x15, 0x14, 0x06, 0x07, 0x17, 0x23,
  0x27, 0x06, 0x06, 0x27, 0x32, 0x37, 0x27, 0x37, 0x17, 0x36, 0x35, 0x34,
  0x26, 0x26, 0x23, 0x22, 0x06, 0x06, 0x15, 0x14, 0x16, 0x16, 0x01, 0x9e,
  0x5c, 0x8c, 0x5f, 0x2f, 0x2f, 0x5f, 0x8c, 0x5c, 0x5d, 0x8c, 0x5e, 0x2f,
  0x2c, 0x2d, 0x67, 0xa4, 0x21, 0x28, 0x5f, 0x38, 0x31, 0x28, 0x71, 0x60,
  0x6b, 0x23, 0x30, 0x60, 0x46, 0x46, 0x5f, 0x30, 0x30, 0x5f, 0x0a, 0x41,
  0x6d, 0x88, 0x47, 0x47, 0x87, 0x6c, 0x41, 0x41, 0x6c, 0x87, 0x47, 0x45,
  0x86, 0x35, 0x73, 0x25, 0x16, 0x19, 0x8b, 0x13, 0x7c, 0x50, 0x77, 0x3d,
  0x4d, 0x3d, 0x6e, 0x46, 0x46, 0x6e, 0x3d, 0x3d, 0x6f, 0x46, 0x00, 0x00,
  0x00, 0x02, 0x00, 0x44, 0x00, 0x00, 0x02, 0x89, 0x02, 0xe4, 0x00, 0x0e,
  0x00, 0x17, 0x00, 0x38, 0x40, 0x35, 0x09, 0x01, 0x02, 0x05, 0x01, 0x4c,
  0x00, 0x05, 0x00, 0x02, 0x01, 0x05, 0x02, 0x67, 0x07, 0x01, 0x04, 0x04,
  0x00, 0x5f, 0x00, 0x00, 0x00, 0x14, 0x4d, 0x06, 0x03, 0x02, 0x01, 0x01,
  0x15, 0x01, 0x4e, 0x10, 0x0f, 0x00, 0x00, 0x13, 0x11, 0x0f, 0x17, 0x10,
  0x17, 0x00, 0x0e, 0x00, 0x0e, 0x11, 0x17, 0x21, 0x08, 0x07, 0x19, 0x2b,
  0x33, 0x11, 0x21, 0x32, 0x16, 0x16, 0x15, 0x14, 0x06, 0x07, 0x13, 0x23,
  0x03, 0x23, 0x11, 0x13, 0x23, 0x15, 0x33, 0x32, 0x36, 0x35, 0x34, 0x26,
  0x44, 0x01, 0x2c, 0x52, 0x75, 0x3f, 0x4a, 0x44, 0xa1, 0xab, 0x93, 0x6d,
  0x90, 0x90, 0x90, 0x33, 0x3a, 0x3a, 0x02, 0xe4, 0x3a, 0x66, 0x43, 0x49,
  0x6d, 0x19, 0xfe, 0xce, 0x01, 0x1d, 0xfe, 0xe3, 0x02, 0x5f, 0xc4, 0x38,
  0x29, 0x2a, 0x39, 0x00, 0x00, 0x03, 0x00, 0x48, 0x00, 0x00, 0x02, 0x8d,
  0x03, 0xe2, 0x00, 0x03, 0x00, 0x12, 0x00, 0x1b, 0x00, 0x42, 0x40, 0x3f,
  0x0d, 0x01, 0x04, 0x07, 0x01, 0x4c, 0x00, 0x01, 0x00, 0x00, 0x02, 0x01,
  0x00, 0x67, 0x00, 0x07, 0x00, 0x04, 0x03, 0x07, 0x04, 0x67, 0x09, 0x01,
  0x06, 0x06, 0x02, 0x5f, 0x00, 0x02, 0x02, 0x14, 0x4d, 0x08, 0x05, 0x02,
  0x03, 0x03, 0x15, 0x03, 0x4e, 0x14, 0x13, 0x04, 0x04, 0x17, 0x15, 0x13,
  0x1b, 0x14, 0x1b, 0x04, 0x12, 0x04, 0x12, 0x11, 0x17, 0x22, 0x11, 0x10,
  0x0a, 0x07, 0x1b, 0x2b, 0x01, 0x27, 0x37, 0x33, 0x01, 0x11, 0x21, 0x32,
  0x16, 0x16, 0x15, 0x14, 0x06, 0x07, 0x13, 0x23, 0x03, 0x23, 0x11, 0x13,
  0x23, 0x15, 0x33, 0x32, 0x36, 0x35, 0x34, 0x26, 0x01, 0x5a, 0x70, 0x50,
  0x8d, 0xfe, 0x81, 0x01, 0x2c, 0x52, 0x75, 0x3f, 0x4a, 0x44, 0xa1, 0xab,
  0x93, 0x6d, 0x90, 0x90, 0x90, 0x33, 0x3a, 0x3a, 0x03, 0x2d, 0x01, 0xb4,
  0xfc, 0x1e, 0x02, 0xe4, 0x3a, 0x66, 0x43, 0x49, 0x6d, 0x19, 0xfe, 0xce,
  0x01, 0x1d, 0xfe, 0xe3, 0x02, 0x5f, 0xc4, 0x38, 0x29, 0x2a, 0x39, 0x00,
  0x00, 0x03, 0x00, 0x48, 0x00, 0x00, 0x02, 0x8d, 0x03, 0xd6, 0x00, 0x06,
  0x00, 0x15, 0x00, 0x1e, 0x00, 0x53, 0x40, 0x50, 0x03, 0x01, 0x02, 0x00,
  0x10, 0x01, 0x05, 0x08, 0x02, 0x4c, 0x01, 0x01, 0x00, 0x02, 0x00, 0x85,
  0x09, 0x01, 0x02, 0x03, 0x02, 0x85, 0x00, 0x08, 0x00, 0x05, 0x04, 0x08,
  0x05, 0x67, 0x0b, 0x01, 0x07, 0x07, 0x03, 0x5f, 0x00, 0x03, 0x03, 0x14,
  0x4d, 0x0a, 0x06, 0x02, 0x04, 0x04, 0x15, 0x04, 0x4e, 0x17, 0x16, 0x07,
  0x07, 0x00, 0x00, 0x1a, 0x18, 0x16, 0x1e, 0x17, 0x1e, 0x07, 0x15, 0x07,
  0x15, 0x14, 0x13, 0x12, 0x11, 0x0a, 0x08, 0x00, 0x06, 0x00, 0x06, 0x12,
  0x11, 0x0c, 0x07, 0x18, 0x2b, 0x13, 0x27, 0x33, 0x17, 0x37, 0x33, 0x07,
  0x01, 0x11, 0x21, 0x32, 0x16, 0x16, 0x15, 0x14, 0x06, 0x07, 0x13, 0x23,
  0x03, 0x23, 0x11, 0x13, 0x23, 0x15, 0x33, 0x32, 0x36, 0x35, 0x34, 0x26,
  0xe5, 0x82, 0x77, 0x47, 0x47, 0x77, 0x82, 0xfe, 0xeb, 0x01, 0x2c, 0x52,
  0x75, 0x3f, 0x4a, 0x44, 0xa1, 0xab, 0x93, 0x6d, 0x90, 0x90, 0x90, 0x33,
  0x3a, 0x3a, 0x03, 0x22, 0xb4, 0x68, 0x68, 0xb4, 0xfc, 0xde, 0x02, 0xe4,
  0x3a, 0x66, 0x43, 0x49, 0x6d, 0x19, 0xfe, 0xce, 0x01, 0x1d, 0xfe, 0xe3,
  0x02, 0x5f, 0xc4, 0x38, 0x29, 0x2a, 0x39, 0x00, 0x00, 0x01, 0x00, 0x28,
  0xff, 0xf6, 0x02, 0x77, 0x02, 0xee, 0x00, 0x36, 0x00, 0x3b, 0x40, 0x38,
  0x00, 0x04, 0x05, 0x01, 0x05, 0x04, 0x01, 0x80, 0x00, 0x01, 0x02, 0x05,
  0x01, 0x02, 0x7e, 0x00, 0x05, 0x05, 0x03, 0x61, 0x00, 0x03, 0x03, 0x1a,
  0x4d, 0x00, 0x02, 0x02, 0x00, 0x61, 0x06, 0x01, 0x00, 0x00, 0x1b, 0x00,
  0x4e, 0x01, 0x00, 0x29, 0x27, 0x23, 0x21, 0x1d, 0x1b, 0x0e, 0x0c, 0x08,
  0x06, 0x00, 0x36, 0x01, 0x36, 0x07, 0x07, 0x16, 0x2b, 0x05, 0x22, 0x2e,
  0x04, 0x31, 0x33, 0x30, 0x1e, 0x02, 0x33, 0x32, 0x36, 0x35, 0x34, 0x26,
  0x27, 0x27, 0x2e, 0x02, 0x35, 0x34, 0x36, 0x36, 0x33, 0x32, 0x1e, 0x03,
  0x31, 0x23, 0x30, 0x2e, 0x02, 0x23, 0x22, 0x06, 0x15, 0x14, 0x16, 0x17,
  0x17, 0x1e, 0x02, 0x15, 0x14, 0x06, 0x06, 0x01, 0x58, 0x48, 0x65, 0x43,
  0x28, 0x13, 0x05, 0x9c, 0x09, 0x1e, 0x3e, 0x35, 0x41, 0x3e, 0x2f, 0x31,
  0x63, 0x3c, 0x67, 0x40, 0x44, 0x7b, 0x53, 0x4e, 0x67, 0x3d, 0x1d, 0x09,
  0x98, 0x07, 0x1a, 0x35, 0x2e, 0x3f, 0x38, 0x38, 0x2d, 0x69, 0x3c, 0x64,
  0x3b, 0x42, 0x80, 0x0a, 0x23, 0x37, 0x3d, 0x37, 0x23, 0x22, 0x2d, 0x21,
  0x37, 0x26, 0x22, 0x28, 0x0a, 0x13, 0x0b, 0x30, 0x55, 0x43, 0x44, 0x65,
  0x37, 0x2d, 0x41, 0x42, 0x2c, 0x1c, 0x24, 0x1c, 0x37, 0x20, 0x21, 0x24,
  0x09, 0x15, 0x0b, 0x34, 0x57, 0x40, 0x42, 0x69, 0x3d, 0x00, 0x00, 0x00,
  0x00, 0x02, 0x00, 0x28, 0xff, 0xf6, 0x02, 0x77, 0x03, 0xe2, 0x00, 0x03,
  0x00, 0x3a, 0x00, 0x45, 0x40, 0x42, 0x00, 0x06, 0x07, 0x03, 0x07, 0x06,
  0x03, 0x80, 0x00, 0x03, 0x04, 0x07, 0x03, 0x04, 0x7e, 0x00, 0x01, 0x00,
  0x00, 0x05, 0x01, 0x00, 0x67, 0x00, 0x07, 0x07, 0x05, 0x61, 0x00, 0x05,
  0x05, 0x1a, 0x4d, 0x00, 0x04, 0x04, 0x02, 0x61, 0x08, 0x01, 0x02, 0x02,
  0x1b, 0x02, 0x4e, 0x05, 0x04, 0x2d, 0x2b, 0x27, 0x25, 0x21, 0x1f, 0x12,
  0x10, 0x0c, 0x0a, 0x04, 0x3a, 0x05, 0x3a, 0x11, 0x10, 0x09, 0x07, 0x18,
  0x2b, 0x01, 0x27, 0x37, 0x33, 0x03, 0x22, 0x2e, 0x04, 0x31, 0x33, 0x30,
  0x1e, 0x02, 0x33, 0x32, 0x36, 0x35, 0x34, 0x26, 0x27, 0x27, 0x2e, 0x02,
  0x35, 0x34, 0x36, 0x36, 0x33, 0x32, 0x1e, 0x03, 0x31, 0x23, 0x30, 0x2e,
  0x02, 0x23, 0x22, 0x06, 0x15, 0x14, 0x16, 0x17, 0x17, 0x1e, 0x02, 0x15,
  0x14, 0x06, 0x06, 0x01, 0x86, 0x70, 0x51, 0x8d, 0x9c, 0x48, 0x65, 0x43,
  0x28, 0x13, 0x05, 0x9c, 0x09, 0x1e, 0x3e, 0x35, 0x41, 0x3e, 0x2f, 0x31,
  0x63, 0x3c, 0x67, 0x40, 0x44, 0x7b, 0x53, 0x4e, 0x67, 0x3d, 0x1d, 0x09,
  0x98, 0x07, 0x1a, 0x35, 0x2e, 0x3f, 0x38, 0x38, 0x2d, 0x69, 0x3c, 0x64,
  0x3b, 0x42, 0x80, 0x03, 0x2d, 0x01, 0xb4, 0xfc, 0x14, 0x23, 0x37, 0x3d,
  0x37, 0x23, 0x22, 0x2d, 0x21, 0x37, 0x26, 0x22, 0x28, 0x0a, 0x13, 0x0b,
  0x30, 0x55, 0x43, 0x44, 0x65, 0x37, 0x2d, 0x41, 0x42, 0x2c, 0x1c, 0x24,
  0x1c, 0x37, 0x20, 0x21, 0x24, 0x09, 0x15, 0x0b, 0x34, 0x57, 0x40, 0x42,
  0x69, 0x3d, 0x00, 0x00, 0x00, 0x02, 0x00, 0x28, 0xff, 0xf6, 0x02, 0x77,
  0x03, 0xd6, 0x00, 0x06, 0x00, 0x3d, 0x00, 0x54, 0x40, 0x51, 0x03, 0x01,
  0x02, 0x00, 0x01, 0x4c, 0x09, 0x01, 0x02, 0x00, 0x06, 0x00, 0x02, 0x06,
  0x80, 0x00, 0x04, 0x07, 0x05, 0x07, 0x04, 0x05, 0x80, 0x01, 0x01, 0x00,
  0x00, 0x07, 0x04, 0x00, 0x07, 0x67, 0x00, 0x08, 0x08, 0x06, 0x61, 0x00,
  0x06, 0x06, 0x1a, 0x4d, 0x00, 0x05, 0x05, 0x03, 0x61, 0x0a, 0x01, 0x03,
  0x03, 0x1b, 0x03, 0x4e, 0x08, 0x07, 0x00, 0x00, 0x30, 0x2e, 0x2a, 0x28,
  0x24, 0x22, 0x15, 0x13, 0x0f, 0x0d, 0x07, 0x3d, 0x08, 0x3d, 0x00, 0x06,
  0x00, 0x06, 0x12, 0x11, 0x0b, 0x07, 0x18, 0x2b, 0x01, 0x27, 0x33, 0x17,
  0x37, 0x33, 0x07, 0x03, 0x22, 0x2e, 0x04, 0x31, 0x33, 0x30, 0x1e, 0x02,
  0x33, 0x32, 0x36, 0x35, 0x34, 0x26, 0x27, 0x27, 0x2e, 0x02, 0x35, 0x34,
  0x36, 0x36, 0x33, 0x32, 0x1e, 0x03, 0x31, 0x23, 0x30, 0x2e, 0x02, 0x23,
  0x22, 0x06, 0x15, 0x14, 0x16, 0x17, 0x17, 0x1e, 0x02, 0x15, 0x14, 0x06,
  0x06, 0x01, 0x11, 0x81, 0x77, 0x47, 0x46, 0x77, 0x81, 0x32, 0x48, 0x65,
  0x43, 0x28, 0x13, 0x05, 0x9c, 0x09, 0x1e, 0x3e, 0x35, 0x41, 0x3e, 0x2f,
  0x31, 0x63, 0x3c, 0x67, 0x40, 0x44, 0x7b, 0x53, 0x4e, 0x67, 0x3d, 0x1d,
  0x09, 0x98, 0x07, 0x1a, 0x35, 0x2e, 0x3f, 0x38, 0x38, 0x2d, 0x69, 0x3c,
  0x64, 0x3b, 0x42, 0x80, 0x03, 0x22, 0xb4, 0x68, 0x68, 0xb4, 0xfc, 0xd4,
  0x23, 0x37, 0x3d, 0x37, 0x23, 0x22, 0x2d, 0x21, 0x37, 0x26, 0x22, 0x28,
  0x0a, 0x13, 0x0b, 0x30, 0x55, 0x43, 0x44, 0x65, 0x37, 0x2d, 0x41, 0x42,
  0x2c, 0x1c, 0x24, 0x1c, 0x37, 0x20, 0x21, 0x24, 0x09, 0x15, 0x0b, 0x34,
  0x57, 0x40, 0x42, 0x69, 0x3d, 0x00, 0x00, 0x00, 0x00, 0x01, 0x00, 0x28,
  0xfe, 0xfb, 0x02, 0x77, 0x02, 0xee, 0x00, 0x52, 0x00, 0xaf, 0x40, 0x0f,
  0x13, 0x01, 0x08, 0x04, 0x4a, 0x12, 0x02, 0x02, 0x09, 0x04, 0x01, 0x01,
  0x02, 0x03, 0x4c, 0x4b, 0xb0, 0x0c, 0x50, 0x58, 0x40, 0x3a, 0x00, 0x06,
  0x07, 0x03, 0x07, 0x06, 0x03, 0x80, 0x00, 0x03, 0x04, 0x07, 0x03, 0x04,
  0x7e, 0x00, 0x09, 0x08, 0x02, 0x08, 0x09, 0x02, 0x80, 0x00, 0x02, 0x01,
  0x08, 0x02, 0x70, 0x00, 0x01, 0x0a, 0x01, 0x00, 0x01, 0x00, 0x66, 0x00,
  0x07, 0x07, 0x05, 0x61, 0x00, 0x05, 0x05, 0x1a, 0x4d, 0x00, 0x04, 0x04,
  0x08, 0x61, 0x00, 0x08, 0x08, 0x1b, 0x08, 0x4e, 0x1b, 0x40, 0x3b, 0x00,
  0x06, 0x07, 0x03, 0x07, 0x06, 0x03, 0x80, 0x00, 0x03, 0x04, 0x07, 0x03,
  0x04, 0x7e, 0x00, 0x09, 0x08, 0x02, 0x08, 0x09, 0x02, 0x80, 0x00, 0x02,
  0x01, 0x08, 0x02, 0x01, 0x7e, 0x00, 0x01, 0x0a, 0x01, 0x00, 0x01, 0x00,
  0x66, 0x00, 0x07, 0x07, 0x05, 0x61, 0x00, 0x05, 0x05, 0x1a, 0x4d, 0x00,
  0x04, 0x04, 0x08, 0x61, 0x00, 0x08, 0x08, 0x1b, 0x08, 0x4e, 0x59, 0x40,
  0x1b, 0x01, 0x00, 0x4d, 0x4b, 0x49, 0x48, 0x3b, 0x39, 0x35, 0x33, 0x2f,
  0x2d, 0x20, 0x1e, 0x1a, 0x18, 0x0f, 0x0d, 0x09, 0x07, 0x00, 0x52, 0x01,
  0x52, 0x0b, 0x07, 0x16, 0x2b, 0x01, 0x22, 0x26, 0x31, 0x35, 0x30, 0x16,
  0x16, 0x33, 0x32, 0x36, 0x35, 0x34, 0x26, 0x23, 0x22, 0x06, 0x31, 0x27,
  0x37, 0x2e, 0x04, 0x31, 0x33, 0x30, 0x1e, 0x02, 0x33, 0x32, 0x36, 0x35,
  0x34, 0x26, 0x27, 0x27, 0x2e, 0x02, 0x35, 0x34, 0x36, 0x36, 0x33, 0x32,
  0x1e, 0x03, 0x31, 0x23, 0x30, 0x2e, 0x02, 0x23, 0x22, 0x06, 0x15, 0x14,
  0x16, 0x17, 0x17, 0x1e, 0x02, 0x15, 0x14, 0x06, 0x06, 0x07, 0x07, 0x36,
  0x33, 0x32, 0x16, 0x15, 0x14, 0x06, 0x06, 0x01, 0x35, 0x1c, 0x35, 0x18,
  0x22, 0x0f, 0x2c, 0x1d, 0x16, 0x14, 0x16, 0x21, 0x35, 0x2f, 0x41, 0x55,
  0x32, 0x18, 0x07, 0x9c, 0x09, 0x1e, 0x3e, 0x35, 0x41, 0x3e, 0x2f, 0x31,
  0x63, 0x3c, 0x67, 0x40, 0x44, 0x7b, 0x53, 0x4e, 0x67, 0x3d, 0x1d, 0x09,
  0x98, 0x07, 0x1a, 0x35, 0x2e, 0x3f, 0x38, 0x38, 0x2d, 0x69, 0x3c, 0x64,
  0x3b, 0x3e, 0x78, 0x57, 0x16, 0x0a, 0x0c, 0x31, 0x38, 0x21, 0x46, 0xfe,
  0xfb, 0x07, 0x4e, 0x03, 0x03, 0x1c, 0x0e, 0x0e, 0x12, 0x13, 0x36, 0x45,
  0x0b, 0x36, 0x43, 0x3e, 0x29, 0x22, 0x2d, 0x21, 0x37, 0x26, 0x22, 0x28,
  0x0a, 0x13, 0x0b, 0x30, 0x55, 0x43, 0x44, 0x65, 0x37, 0x2d, 0x41, 0x42,
  0x2c, 0x1c, 0x24, 0x1c, 0x37, 0x20, 0x21, 0x24, 0x09, 0x15, 0x0b, 0x34,
  0x57, 0x40, 0x3f, 0x67, 0x3f, 0x03, 0x1e, 0x02, 0x3c, 0x2b, 0x1f, 0x37,
  0x22, 0x00, 0x00, 0x00, 0x00, 0x01, 0x00, 0x44, 0xff, 0xf6, 0x02, 0x9a,
  0x02, 0xee, 0x00, 0x2d, 0x00, 0x75, 0x40, 0x10, 0x25, 0x01, 0x03, 0x05,
  0x26, 0x11, 0x10, 0x03, 0x02, 0x03, 0x04, 0x01, 0x01, 0x02, 0x03, 0x4c,
  0x4b, 0xb0, 0x1b, 0x50, 0x58, 0x40, 0x1f, 0x00, 0x02, 0x03, 0x01, 0x03,
  0x02, 0x01, 0x80, 0x00, 0x03, 0x03, 0x05, 0x61, 0x00, 0x05, 0x05, 0x1a,
  0x4d, 0x00, 0x01, 0x01, 0x00, 0x61, 0x04, 0x06, 0x02, 0x00, 0x00, 0x1b,
  0x00, 0x4e, 0x1b, 0x40, 0x23, 0x00, 0x02, 0x03, 0x01, 0x03, 0x02, 0x01,
  0x80, 0x00, 0x03, 0x03, 0x05, 0x61, 0x00, 0x05, 0x05, 0x1a, 0x4d, 0x00,
  0x04, 0x04, 0x15, 0x4d, 0x00, 0x01, 0x01, 0x00, 0x61, 0x06, 0x01, 0x00,
  0x00, 0x1b, 0x00, 0x4e, 0x59, 0x40, 0x13, 0x01, 0x00, 0x21, 0x1f, 0x1a,
  0x19, 0x16, 0x14, 0x0f, 0x0d, 0x08, 0x06, 0x00, 0x2d, 0x01, 0x2d, 0x07,
  0x07, 0x16, 0x2b, 0x05, 0x22, 0x26, 0x31, 0x35, 0x30, 0x16, 0x33, 0x32,
  0x36, 0x36, 0x35, 0x34, 0x26, 0x23, 0x23, 0x27, 0x37, 0x30, 0x26, 0x26,
  0x23, 0x22, 0x06, 0x15, 0x11, 0x23, 0x11, 0x34, 0x3e, 0x02, 0x33, 0x32,
  0x16, 0x16, 0x31, 0x15, 0x07, 0x1e, 0x02, 0x15, 0x14, 0x06, 0x06, 0x01,
  0x80, 0x28, 0x36, 0x2b, 0x1b, 0x37, 0x43, 0x1d, 0x46, 0x4a, 0x22, 0x01,
  0x8f, 0x1b, 0x28, 0x14, 0x52, 0x56, 0x98, 0x21, 0x4c, 0x81, 0x5f, 0x42,
  0x69, 0x3d, 0x98, 0x2c, 0x55, 0x38, 0x3b, 0x7d, 0x0a, 0x08, 0x7d, 0x06,
  0x1e, 0x2f, 0x1b, 0x2b, 0x34, 0x54, 0xd5, 0x05, 0x05, 0x65, 0x58, 0xfe,
  0x4d, 0x01, 0xb3, 0x38, 0x70, 0x5d, 0x37, 0x16, 0x17, 0x49, 0xe4, 0x07,
  0x2f, 0x52, 0x3a, 0x38, 0x64, 0x40, 0x00, 0x00, 0x00, 0x01, 0x00, 0x27,
  0x00, 0x00, 0x02, 0x87, 0x02, 0xe4, 0x00, 0x07, 0x00, 0x21, 0x40, 0x1e,
  0x02, 0x01, 0x00, 0x00, 0x01, 0x5f, 0x00, 0x01, 0x01, 0x14, 0x4d, 0x04,
  0x01, 0x03, 0x03, 0x15, 0x03, 0x4e, 0x00, 0x00, 0x00, 0x07, 0x00, 0x07,
  0x11, 0x11, 0x11, 0x05, 0x07, 0x19, 0x2b, 0x21, 0x11, 0x23, 0x35, 0x21,
  0x15, 0x23, 0x11, 0x01, 0x0a, 0xe3, 0x02, 0x60, 0xe3, 0x02, 0x5e, 0x86,
  0x86, 0xfd, 0xa2, 0x00, 0x00, 0x01, 0x00, 0x27, 0x00, 0x00, 0x02, 0x87,
  0x02, 0xe4, 0x00, 0x0f, 0x00, 0x2f, 0x40, 0x2c, 0x05, 0x01, 0x01, 0x06,
  0x01, 0x00, 0x07, 0x01, 0x00, 0x67, 0x04, 0x01, 0x02, 0x02, 0x03, 0x5f,
  0x00, 0x03, 0x03, 0x14, 0x4d, 0x08, 0x01, 0x07, 0x07, 0x15, 0x07, 0x4e,
  0x00, 0x00, 0x00, 0x0f, 0x00, 0x0f, 0x11, 0x11, 0x11, 0x11, 0x11, 0x11,
  0x11, 0x09, 0x07, 0x1d, 0x2b, 0x21, 0x11, 0x23, 0x35, 0x33, 0x35, 0x23,
  0x35, 0x21, 0x15, 0x23, 0x15, 0x33, 0x15, 0x23, 0x11, 0x01, 0x0a, 0xbc,
  0xbc, 0xe3, 0x02, 0x60, 0xe3, 0xbc, 0xbc, 0x01, 0x3e, 0x68, 0xb8, 0x86,
  0x86, 0xb8, 0x68, 0xfe, 0xc2, 0x00, 0x00, 0x00, 0x00, 0x02, 0x00, 0x27,
  0x00, 0x00, 0x02, 0x87, 0x03, 0xd5, 0x00, 0x06, 0x00, 0x0e, 0x00, 0x3e,
  0x40, 0x3b, 0x03, 0x01, 0x02, 0x00, 0x01, 0x4c, 0x01, 0x01, 0x00, 0x02,
  0x00, 0x85, 0x07, 0x01, 0x02, 0x04, 0x02, 0x85, 0x05, 0x01, 0x03, 0x03,
  0x04, 0x5f, 0x00, 0x04, 0x04, 0x14, 0x4d, 0x08, 0x01, 0x06, 0x06, 0x15,
  0x06, 0x4e, 0x07, 0x07, 0x00, 0x00, 0x07, 0x0e, 0x07, 0x0e, 0x0d, 0x0c,
  0x0b, 0x0a, 0x09, 0x08, 0x00, 0x06, 0x00, 0x06, 0x12, 0x11, 0x09, 0x07,
  0x18, 0x2b, 0x01, 0x27, 0x33, 0x17, 0x37, 0x33, 0x07, 0x03, 0x11, 0x23,
  0x35, 0x21, 0x15, 0x23, 0x11, 0x01, 0x1b, 0x82, 0x77, 0x47, 0x47, 0x77,
  0x82, 0x89, 0xe3, 0x02, 0x60, 0xe3, 0x03, 0x21, 0xb4, 0x68, 0x68, 0xb4,
  0xfc, 0xdf, 0x02, 0x5e, 0x86, 0x86, 0xfd, 0xa2, 0x00, 0x01, 0x00, 0x27,
  0xfe, 0xfb, 0x02, 0x87, 0x02, 0xe4, 0x00, 0x25, 0x00, 0x48, 0x40, 0x45,
  0x24, 0x09, 0x02, 0x07, 0x04, 0x16, 0x01, 0x06, 0x07, 0x02, 0x4c, 0x00,
  0x04, 0x03, 0x07, 0x03, 0x04, 0x07, 0x80, 0x00, 0x07, 0x06, 0x03, 0x07,
  0x06, 0x7e, 0x00, 0x06, 0x00, 0x05, 0x06, 0x05, 0x66, 0x02, 0x01, 0x00,
  0x00, 0x01, 0x5f, 0x00, 0x01, 0x01, 0x14, 0x4d, 0x09, 0x08, 0x02, 0x03,
  0x03, 0x15, 0x03, 0x4e, 0x00, 0x00, 0x00, 0x25, 0x00, 0x25, 0x24, 0x26,
  0x25, 0x22, 0x11, 0x11, 0x11, 0x11, 0x0a, 0x07, 0x1e, 0x2b, 0x21, 0x11,
  0x23, 0x35, 0x21, 0x15, 0x23, 0x11, 0x23, 0x07, 0x36, 0x33, 0x32, 0x16,
  0x15, 0x14, 0x06, 0x06, 0x23, 0x22, 0x26, 0x31, 0x35, 0x30, 0x16, 0x16,
  0x33, 0x32, 0x36, 0x35, 0x34, 0x26, 0x23, 0x22, 0x06, 0x31, 0x27, 0x37,
  0x01, 0x0a, 0xe3, 0x02, 0x60, 0xe3, 0x0d, 0x1c, 0x0a, 0x0b, 0x31, 0x38,
  0x21, 0x46, 0x37, 0x1c, 0x35, 0x18, 0x22, 0x0f, 0x2c, 0x1d, 0x16, 0x14,
  0x16, 0x21, 0x35, 0x31, 0x02, 0x5e, 0x86, 0x86, 0xfd, 0xa2, 0x28, 0x02,
  0x3c, 0x2b, 0x1f, 0x37, 0x22, 0x07, 0x4e, 0x03, 0x03, 0x1c, 0x0e, 0x0e,
  0x12, 0x13, 0x36, 0x49, 0x00, 0x01, 0x00, 0x44, 0xff, 0xf6, 0x02, 0x9e,
  0x02, 0xe4, 0x00, 0x13, 0x00, 0x24, 0x40, 0x21, 0x03, 0x01, 0x01, 0x01,
  0x14, 0x4d, 0x00, 0x02, 0x02, 0x00, 0x61, 0x04, 0x01, 0x00, 0x00, 0x1b,
  0x00, 0x4e, 0x01, 0x00, 0x0f, 0x0e, 0x0b, 0x09, 0x06, 0x05, 0x00, 0x13,
  0x01, 0x13, 0x05, 0x07, 0x16, 0x2b, 0x05, 0x22, 0x26, 0x26, 0x35, 0x11,
  0x33, 0x11, 0x14, 0x16, 0x33, 0x32, 0x36, 0x35, 0x11, 0x33, 0x11, 0x14,
  0x06, 0x06, 0x01, 0x71, 0x51, 0x89, 0x53, 0x9a, 0x48, 0x4b, 0x4b, 0x47,
  0x9b, 0x53, 0x8a, 0x0a, 0x3e, 0x82, 0x68, 0x01, 0xc6, 0xfe, 0x3a, 0x40,
  0x57, 0x57, 0x40, 0x01, 0xc6, 0xfe, 0x3a, 0x68, 0x82, 0x3e, 0x00, 0x00,
  0x00, 0x02, 0x00, 0x48, 0xff, 0xf6, 0x02, 0xa2, 0x03, 0xe2, 0x00, 0x03,
  0x00, 0x17, 0x00, 0x2e, 0x40, 0x2b, 0x00, 0x01, 0x00, 0x00, 0x03, 0x01,
  0x00, 0x67, 0x05, 0x01, 0x03, 0x03, 0x14, 0x4d, 0x00, 0x04, 0x04, 0x02,
  0x61, 0x06, 0x01, 0x02, 0x02, 0x1b, 0x02, 0x4e, 0x05, 0x04, 0x13, 0x12,
  0x0f, 0x0d, 0x0a, 0x09, 0x04, 0x17, 0x05, 0x17, 0x11, 0x10, 0x07, 0x07,
  0x18, 0x2b, 0x01, 0x27, 0x37, 0x33, 0x03, 0x22, 0x26, 0x26, 0x35, 0x11,
  0x33, 0x11, 0x14, 0x16, 0x33, 0x32, 0x36, 0x35, 0x11, 0x33, 0x11, 0x14,
  0x06, 0x06, 0x01, 0xac, 0x70, 0x50, 0x8d, 0xa4, 0x51, 0x89, 0x53, 0x9a,
  0x48, 0x4b, 0x4b, 0x47, 0x9b, 0x53, 0x8a, 0x03, 0x2d, 0x01, 0xb4, 0xfc,
  0x14, 0x3e, 0x82, 0x68, 0x01, 0xc6, 0xfe, 0x3a, 0x40, 0x57, 0x57, 0x40,
  0x01, 0xc6, 0xfe, 0x3a, 0x68, 0x82, 0x3e, 0x00, 0x00, 0x02, 0x00, 0x48,
  0xff, 0xf6, 0x02, 0xa2, 0x03, 0xda, 0x00, 0x06, 0x00, 0x1a, 0x00, 0x3e,
  0x40, 0x3b, 0x05, 0x01, 0x01, 0x00, 0x01, 0x4c, 0x00, 0x00, 0x01, 0x00,
  0x85, 0x07, 0x02, 0x02, 0x01, 0x04, 0x01, 0x85, 0x06, 0x01, 0x04, 0x04,
  0x14, 0x4d, 0x00, 0x05, 0x05, 0x03, 0x62, 0x08, 0x01, 0x03, 0x03, 0x1b,
  0x03, 0x4e, 0x08, 0x07, 0x00, 0x00, 0x16, 0x15, 0x12, 0x10, 0x0d, 0x0c,
  0x07, 0x1a, 0x08, 0x1a, 0x00, 0x06, 0x00, 0x06, 0x11, 0x11, 0x09, 0x07,
  0x18, 0x2b, 0x13, 0x37, 0x33, 0x17, 0x23, 0x27, 0x07, 0x13, 0x22, 0x26,
  0x26, 0x35, 0x11, 0x33, 0x11, 0x14, 0x16, 0x33, 0x32, 0x36, 0x35, 0x11,
  0x33, 0x11, 0x14, 0x06, 0x06, 0xb6, 0x81, 0x79, 0x81, 0x77, 0x46, 0x47,
  0x48, 0x51, 0x89, 0x53, 0x9a, 0x48, 0x4b, 0x4b, 0x47, 0x9b, 0x53, 0x8a,
  0x03, 0x26, 0xb4, 0xb4, 0x68, 0x68, 0xfc, 0xd0, 0x3e, 0x82, 0x68, 0x01,
  0xc6, 0xfe, 0x3a, 0x40, 0x57, 0x57, 0x40, 0x01, 0xc6, 0xfe, 0x3a, 0x68,
  0x82, 0x3e, 0x00, 0x00, 0x00, 0x03, 0x00, 0x48, 0xff, 0xf6, 0x02, 0xa2,
  0x03, 0xc7, 0x00, 0x0b, 0x00, 0x17, 0x00, 0x2b, 0x00, 0x40, 0x40, 0x3d,
  0x03, 0x01, 0x01, 0x09, 0x02, 0x08, 0x03, 0x00, 0x05, 0x01, 0x00, 0x69,
  0x07, 0x01, 0x05, 0x05, 0x14, 0x4d, 0x00, 0x06, 0x06, 0x04, 0x61, 0x0a,
  0x01, 0x04, 0x04, 0x1b, 0x04, 0x4e, 0x19, 0x18, 0x0d, 0x0c, 0x01, 0x00,
  0x27, 0x26, 0x23, 0x21, 0x1e, 0x1d, 0x18, 0x2b, 0x19, 0x2b, 0x13, 0x11,
  0x0c, 0x17, 0x0d, 0x17, 0x07, 0x05, 0x00, 0x0b, 0x01, 0x0b, 0x0b, 0x07,
  0x16, 0x2b, 0x01, 0x22, 0x26, 0x35, 0x34, 0x36, 0x33, 0x32, 0x16, 0x15,
  0x14, 0x06, 0x21, 0x22, 0x26, 0x35, 0x34, 0x36, 0x33, 0x32, 0x16, 0x15,
  0x14, 0x06, 0x13, 0x22, 0x26, 0x26, 0x35, 0x11, 0x33, 0x11, 0x14, 0x16,
  0x33, 0x32, 0x36, 0x35, 0x11, 0x33, 0x11, 0x14, 0x06, 0x06, 0x01, 0xe4,
  0x26, 0x30, 0x30, 0x26, 0x25, 0x31, 0x31, 0xfe, 0xf8, 0x25, 0x31, 0x31,
  0x25, 0x25, 0x31, 0x31, 0x4f, 0x51, 0x89, 0x53, 0x9a, 0x48, 0x4b, 0x4b,
  0x47, 0x9b, 0x53, 0x8a, 0x03, 0x21, 0x31, 0x22, 0x23, 0x30, 0x30, 0x23,
  0x22, 0x31, 0x31, 0x22, 0x23, 0x30, 0x30, 0x23, 0x22, 0x31, 0xfc, 0xd5,
  0x3e, 0x82, 0x68, 0x01, 0xc6, 0xfe, 0x3a, 0x40, 0x57, 0x57, 0x40, 0x01,
  0xc6, 0xfe, 0x3a, 0x68, 0x82, 0x3e, 0x00, 0x00, 0x00, 0x02, 0x00, 0x48,
  0xff, 0x09, 0x02, 0xa2, 0x02, 0xe4, 0x00, 0x13, 0x00, 0x1f, 0x00, 0x34,
  0x40, 0x31, 0x00, 0x05, 0x07, 0x01, 0x04, 0x05, 0x04, 0x65, 0x03, 0x01,
  0x01, 0x01, 0x14, 0x4d, 0x00, 0x02, 0x02, 0x00, 0x61, 0x06, 0x01, 0x00,
  0x00, 0x1b, 0x00, 0x4e, 0x15, 0x14, 0x01, 0x00, 0x1b, 0x19, 0x14, 0x1f,
  0x15, 0x1f, 0x0f, 0x0e, 0x0b, 0x09, 0x06, 0x05, 0x00, 0x13, 0x01, 0x13,
  0x08, 0x07, 0x16, 0x2b, 0x05, 0x22, 0x26, 0x26, 0x35, 0x11, 0x33, 0x11,
  0x14, 0x16, 0x33, 0x32, 0x36, 0x35, 0x11, 0x33, 0x11, 0x14, 0x06, 0x06,
  0x07, 0x22, 0x26, 0x35, 0x34, 0x36, 0x33, 0x32, 0x16, 0x15, 0x14, 0x06,
  0x01, 0x75, 0x51, 0x89, 0x53, 0x9a, 0x48, 0x4b, 0x4b, 0x47, 0x9b, 0x53,
  0x8a, 0x58, 0x23, 0x2d, 0x2d, 0x23, 0x22, 0x2d, 0x2d, 0x0a, 0x3e, 0x82,
  0x68, 0x01, 0xc6, 0xfe, 0x3a, 0x40, 0x57, 0x57, 0x40, 0x01, 0xc6, 0xfe,
  0x3a, 0x68, 0x82, 0x3e, 0xed, 0x2f, 0x21, 0x21, 0x2e, 0x2e, 0x21, 0x21,
  0x2f, 0x00, 0x00, 0x00, 0x00, 0x02, 0x00, 0x48, 0xff, 0xf6, 0x02, 0xa2,
  0x03, 0xe2, 0x00, 0x03, 0x00, 0x17, 0x00, 0x34, 0x40, 0x31, 0x00, 0x00,
  0x06, 0x01, 0x01, 0x03, 0x00, 0x01, 0x67, 0x05, 0x01, 0x03, 0x03, 0x14,
  0x4d, 0x00, 0x04, 0x04, 0x02, 0x61, 0x07, 0x01, 0x02, 0x02, 0x1b, 0x02,
  0x4e, 0x05, 0x04, 0x00, 0x00, 0x13, 0x12, 0x0f, 0x0d, 0x0a, 0x09, 0x04,
  0x17, 0x05, 0x17, 0x00, 0x03, 0x00, 0x03, 0x11, 0x08, 0x07, 0x17, 0x2b,
  0x01, 0x27, 0x33, 0x17, 0x03, 0x22, 0x26, 0x26, 0x35, 0x11, 0x33, 0x11,
  0x14, 0x16, 0x33, 0x32, 0x36, 0x35, 0x11, 0x33, 0x11, 0x14, 0x06, 0x06,
  0x01, 0x3e, 0x6e, 0x8d, 0x51, 0x39, 0x51, 0x89, 0x53, 0x9a, 0x48, 0x4b,
  0x4b, 0x47, 0x9b, 0x53, 0x8a, 0x03, 0x2d, 0xb5, 0xb4, 0xfc, 0xc8, 0x3e,
  0x82, 0x68, 0x01, 0xc6, 0xfe, 0x3a, 0x40, 0x57, 0x57, 0x40, 0x01, 0xc6,
  0xfe, 0x3a, 0x68, 0x82, 0x3e, 0x00, 0x00, 0x00, 0x00, 0x02, 0x00, 0x48,
  0xff, 0xf6, 0x02, 0xa2, 0x04, 0x11, 0x00, 0x1c, 0x00, 0x30, 0x00, 0x79,
  0x4b, 0xb0, 0x21, 0x50, 0x58, 0x40, 0x29, 0x00, 0x01, 0x00, 0x03, 0x00,
  0x01, 0x72, 0x08, 0x01, 0x03, 0x05, 0x00, 0x03, 0x05, 0x7e, 0x00, 0x02,
  0x00, 0x00, 0x01, 0x02, 0x00, 0x69, 0x07, 0x01, 0x05, 0x05, 0x14, 0x4d,
  0x00, 0x06, 0x06, 0x04, 0x61, 0x09, 0x01, 0x04, 0x04, 0x1b, 0x04, 0x4e,
  0x1b, 0x40, 0x2a, 0x00, 0x01, 0x00, 0x03, 0x00, 0x01, 0x03, 0x80, 0x08,
  0x01, 0x03, 0x05, 0x00, 0x03, 0x05, 0x7e, 0x00, 0x02, 0x00, 0x00, 0x01,
  0x02, 0x00, 0x69, 0x07, 0x01, 0x05, 0x05, 0x14, 0x4d, 0x00, 0x06, 0x06,
  0x04, 0x61, 0x09, 0x01, 0x04, 0x04, 0x1b, 0x04, 0x4e, 0x59, 0x40, 0x18,
  0x1e, 0x1d, 0x00, 0x00, 0x2c, 0x2b, 0x28, 0x26, 0x23, 0x22, 0x1d, 0x30,
  0x1e, 0x30, 0x00, 0x1c, 0x00, 0x1c, 0x23, 0x22, 0x2a, 0x0a, 0x07, 0x19,
  0x2b, 0x01, 0x35, 0x34, 0x36, 0x37, 0x37, 0x36, 0x36, 0x35, 0x34, 0x26,
  0x23, 0x22, 0x06, 0x06, 0x15, 0x23, 0x34, 0x36, 0x36, 0x33, 0x32, 0x16,
  0x15, 0x14, 0x06, 0x07, 0x07, 0x15, 0x03, 0x22, 0x26, 0x26, 0x35, 0x11,
  0x33, 0x11, 0x14, 0x16, 0x33, 0x32, 0x36, 0x35, 0x11, 0x33, 0x11, 0x14,
  0x06, 0x06, 0x01, 0x48, 0x0b, 0x0e, 0x0f, 0x15, 0x16, 0x13, 0x12, 0x12,
  0x11, 0x04, 0x57, 0x19, 0x37, 0x2d, 0x3c, 0x47, 0x2f, 0x25, 0x05, 0x2a,
  0x51, 0x89, 0x53, 0x9a, 0x48, 0x4b, 0x4b, 0x47, 0x9b, 0x53, 0x8a, 0x03,
  0x22, 0x21, 0x0d, 0x17, 0x06, 0x08, 0x0b, 0x15, 0x0f, 0x0d, 0x14, 0x12,
  0x14, 0x02, 0x1b, 0x35, 0x24, 0x3f, 0x2a, 0x24, 0x31, 0x12, 0x03, 0x1c,
  0xfc, 0xd4, 0x3e, 0x82, 0x68, 0x01, 0xc6, 0xfe, 0x3a, 0x40, 0x57, 0x57,
  0x40, 0x01, 0xc6, 0xfe, 0x3a, 0x68, 0x82, 0x3e, 0x00, 0x01, 0x00, 0x48,
  0xff, 0xf6, 0x03, 0x16, 0x03, 0x53, 0x00, 0x1c, 0x00, 0x30, 0x40, 0x2d,
  0x00, 0x04, 0x00, 0x05, 0x02, 0x04, 0x05, 0x69, 0x03, 0x01, 0x01, 0x01,
  0x14, 0x4d, 0x00, 0x02, 0x02, 0x00, 0x61, 0x06, 0x01, 0x00, 0x00, 0x1b,
  0x00, 0x4e, 0x01, 0x00, 0x17, 0x16, 0x13, 0x12, 0x10, 0x0e, 0x0b, 0x09,
  0x06, 0x05, 0x00, 0x1c, 0x01, 0x1c, 0x07, 0x07, 0x16, 0x2b, 0x05, 0x22,
  0x26, 0x26, 0x35, 0x11, 0x33, 0x11, 0x14, 0x16, 0x33, 0x32, 0x36, 0x35,
  0x11, 0x33, 0x32, 0x35, 0x35, 0x33, 0x15, 0x14, 0x06, 0x23, 0x23, 0x11,
  0x14, 0x06, 0x06, 0x01, 0x75, 0x51, 0x89, 0x53, 0x9a, 0x48, 0x4b, 0x4b,
  0x47, 0x6b, 0x28, 0x7c, 0x38, 0x37, 0x05, 0x53, 0x8a, 0x0a, 0x3e, 0x82,
  0x68, 0x01, 0xc6, 0xfe, 0x3a, 0x40, 0x57, 0x57, 0x40, 0x01, 0xc6, 0x28,
  0x47, 0x4c, 0x34, 0x3d, 0xfe, 0x88, 0x68, 0x82, 0x3e, 0x00, 0x00, 0x00,
  0x00, 0x02, 0x00, 0x48, 0xff, 0xf6, 0x03, 0x16, 0x03, 0xe2, 0x00, 0x03,
  0x00, 0x20, 0x00, 0x3a, 0x40, 0x37, 0x00, 0x01, 0x00, 0x00, 0x03, 0x01,
  0x00, 0x67, 0x00, 0x06, 0x00, 0x07, 0x04, 0x06, 0x07, 0x69, 0x05, 0x01,
  0x03, 0x03, 0x14, 0x4d, 0x00, 0x04, 0x04, 0x02, 0x61, 0x08, 0x01, 0x02,
  0x02, 0x1b, 0x02, 0x4e, 0x05, 0x04, 0x1b, 0x1a, 0x17, 0x16, 0x14, 0x12,
  0x0f, 0x0d, 0x0a, 0x09, 0x04, 0x20, 0x05, 0x20, 0x11, 0x10, 0x09, 0x07,
  0x18, 0x2b, 0x01, 0x27, 0x37, 0x33, 0x03, 0x22, 0x26, 0x26, 0x35, 0x11,
  0x33, 0x11, 0x14, 0x16, 0x33, 0x32, 0x36, 0x35, 0x11, 0x33, 0x32, 0x35,
  0x35, 0x33, 0x15, 0x14, 0x06, 0x23, 0x23, 0x11, 0x14, 0x06, 0x06, 0x01,
  0xb2, 0x70, 0x50, 0x8d, 0xaa, 0x51, 0x89, 0x53, 0x9a, 0x48, 0x4b, 0x4b,
  0x47, 0x6b, 0x28, 0x7c, 0x38, 0x37, 0x05, 0x53, 0x8a, 0x03, 0x2d, 0x01,
  0xb4, 0xfc, 0x14, 0x3e, 0x82, 0x68, 0x01, 0xc6, 0xfe, 0x3a, 0x40, 0x57,
  0x57, 0x40, 0x01, 0xc6, 0x28, 0x47, 0x4c, 0x34, 0x3d, 0xfe, 0x88, 0x68,
  0x82, 0x3e, 0x00, 0x00, 0x00, 0x02, 0x00, 0x48, 0xff, 0x09, 0x03, 0x16,
  0x03, 0x53, 0x00, 0x1c, 0x00, 0x28, 0x00, 0x40, 0x40, 0x3d, 0x00, 0x04,
  0x00, 0x05, 0x02, 0x04, 0x05, 0x69, 0x00, 0x07, 0x09, 0x01, 0x06, 0x07,
  0x06, 0x65, 0x03, 0x01, 0x01, 0x01, 0x14, 0x4d, 0x00, 0x02, 0x02, 0x00,
  0x61, 0x08, 0x01, 0x00, 0x00, 0x1b, 0x00, 0x4e, 0x1e, 0x1d, 0x01, 0x00,
  0x24, 0x22, 0x1d, 0x28, 0x1e, 0x28, 0x17, 0x16, 0x13, 0x12, 0x10, 0x0e,
  0x0b, 0x09, 0x06, 0x05, 0x00, 0x1c, 0x01, 0x1c, 0x0a, 0x07, 0x16, 0x2b,
  0x05, 0x22, 0x26, 0x26, 0x35, 0x11, 0x33, 0x11, 0x14, 0x16, 0x33, 0x32,
  0x36, 0x35, 0x11, 0x33, 0x32, 0x35, 0x35, 0x33, 0x15, 0x14, 0x06, 0x23,
  0x23, 0x11, 0x14, 0x06, 0x06, 0x07, 0x22, 0x26, 0x35, 0x34, 0x36, 0x33,
  0x32, 0x16, 0x15, 0x14, 0x06, 0x01, 0x75, 0x51, 0x89, 0x53, 0x9a, 0x48,
  0x4b, 0x4b, 0x47, 0x6b, 0x28, 0x7c, 0x38, 0x37, 0x05, 0x53, 0x8a, 0x4c,
  0x23, 0x2d, 0x2d, 0x23, 0x22, 0x2d, 0x2d, 0x0a, 0x3e, 0x82, 0x68, 0x01,
  0xc6, 0xfe, 0x3a, 0x40, 0x57, 0x57, 0x40, 0x01, 0xc6, 0x28, 0x47, 0x4c,
  0x34, 0x3d, 0xfe, 0x88, 0x68, 0x82, 0x3e, 0xed, 0x2f, 0x21, 0x21, 0x2e,
  0x2e, 0x21, 0x21, 0x2f, 0x00, 0x02, 0x00, 0x48, 0xff, 0xf6, 0x03, 0x16,
  0x03, 0xe2, 0x00, 0x03, 0x00, 0x20, 0x00, 0x40, 0x40, 0x3d, 0x00, 0x00,
  0x08, 0x01, 0x01, 0x03, 0x00, 0x01, 0x67, 0x00, 0x06, 0x00, 0x07, 0x04,
  0x06, 0x07, 0x69, 0x05, 0x01, 0x03, 0x03, 0x14, 0x4d, 0x00, 0x04, 0x04,
  0x02, 0x61, 0x09, 0x01, 0x02, 0x02, 0x1b, 0x02, 0x4e, 0x05, 0x04, 0x00,
  0x00, 0x1b, 0x1a, 0x17, 0x16, 0x14, 0x12, 0x0f, 0x0d, 0x0a, 0x09, 0x04,
  0x20, 0x05, 0x20, 0x00, 0x03, 0x00, 0x03, 0x11, 0x0a, 0x07, 0x17, 0x2b,
  0x01, 0x27, 0x33, 0x17, 0x03, 0x22, 0x26, 0x26, 0x35, 0x11, 0x33, 0x11,
  0x14, 0x16, 0x33, 0x32, 0x36, 0x35, 0x11, 0x33, 0x32, 0x35, 0x35, 0x33,
  0x15, 0x14, 0x06, 0x23, 0x23, 0x11, 0x14, 0x06, 0x06, 0x01, 0x44, 0x6e,
  0x8d, 0x51, 0x3f, 0x51, 0x89, 0x53, 0x9a, 0x48, 0x4b, 0x4b, 0x47, 0x6b,
  0x28, 0x7c, 0x38, 0x37, 0x05, 0x53, 0x8a, 0x03, 0x2d, 0xb5, 0xb4, 0xfc,
  0xc8, 0x3e, 0x82, 0x68, 0x01, 0xc6, 0xfe, 0x3a, 0x40, 0x57, 0x57, 0x40,
  0x01, 0xc6, 0x28, 0x47, 0x4c, 0x34, 0x3d, 0xfe, 0x88, 0x68, 0x82, 0x3e,
  0x00, 0x02, 0x00, 0x48, 0xff, 0xf6, 0x03, 0x16, 0x04, 0x11, 0x00, 0x1c,
  0x00, 0x39, 0x00, 0x8f, 0x4b, 0xb0, 0x21, 0x50, 0x58, 0x40, 0x32, 0x00,
  0x01, 0x00, 0x08, 0x00, 0x01, 0x72, 0x0a, 0x01, 0x03, 0x08, 0x05, 0x08,
  0x03, 0x05, 0x80, 0x00, 0x02, 0x00, 0x00, 0x01, 0x02, 0x00, 0x69, 0x00,
  0x08, 0x00, 0x09, 0x06, 0x08, 0x09, 0x69, 0x07, 0x01, 0x05, 0x05, 0x14,
  0x4d, 0x00, 0x06, 0x06, 0x04, 0x61, 0x0b, 0x01, 0x04, 0x04, 0x1b, 0x04,
  0x4e, 0x1b, 0x40, 0x33, 0x00, 0x01, 0x00, 0x08, 0x00, 0x01, 0x08, 0x80,
  0x0a, 0x01, 0x03, 0x08, 0x05, 0x08, 0x03, 0x05, 0x80, 0x00, 0x02, 0x00,
  0x00, 0x01, 0x02, 0x00, 0x69, 0x00, 0x08, 0x00, 0x09, 0x06, 0x08, 0x09,
  0x69, 0x07, 0x01, 0x05, 0x05, 0x14, 0x4d, 0x00, 0x06, 0x06, 0x04, 0x61,
  0x0b, 0x01, 0x04, 0x04, 0x1b, 0x04, 0x4e, 0x59, 0x40, 0x1c, 0x1e, 0x1d,
  0x00, 0x00, 0x34, 0x33, 0x30, 0x2f, 0x2d, 0x2b, 0x28, 0x26, 0x23, 0x22,
  0x1d, 0x39, 0x1e, 0x39, 0x00, 0x1c, 0x00, 0x1c, 0x23, 0x22, 0x2a, 0x0c,
  0x07, 0x19, 0x2b, 0x01, 0x35, 0x34, 0x36, 0x37, 0x37, 0x36, 0x36, 0x35,
  0x34, 0x26, 0x23, 0x22, 0x06, 0x06, 0x15, 0x23, 0x34, 0x36, 0x36, 0x33,
  0x32, 0x16, 0x15, 0x14, 0x06, 0x07, 0x07, 0x15, 0x03, 0x22, 0x26, 0x26,
  0x35, 0x11, 0x33, 0x11, 0x14, 0x16, 0x33, 0x32, 0x36, 0x35, 0x11, 0x33,
  0x32, 0x35, 0x35, 0x33, 0x15, 0x14, 0x06, 0x23, 0x23, 0x11, 0x14, 0x06,
  0x06, 0x01, 0x4e, 0x0b, 0x0e, 0x0f, 0x15, 0x16, 0x13, 0x12, 0x12, 0x11,
  0x04, 0x57, 0x19, 0x37, 0x2d, 0x3c, 0x47, 0x2f, 0x25, 0x05, 0x30, 0x51,
  0x89, 0x53, 0x9a, 0x48, 0x4b, 0x4b, 0x47, 0x6b, 0x28, 0x7c, 0x38, 0x37,
  0x05, 0x53, 0x8a, 0x03, 0x22, 0x21, 0x0d, 0x17, 0x06, 0x08, 0x0b, 0x15,
  0x0f, 0x0d, 0x14, 0x12, 0x14, 0x02, 0x1b, 0x35, 0x24, 0x3f, 0x2a, 0x24,
  0x31, 0x12, 0x03, 0x1c, 0xfc, 0xd4, 0x3e, 0x82, 0x68, 0x01, 0xc6, 0xfe,
  0x3a, 0x40, 0x57, 0x57, 0x40, 0x01, 0xc6, 0x28, 0x47, 0x4c, 0x34, 0x3d,
  0xfe, 0x88, 0x68, 0x82, 0x3e, 0x00, 0x00, 0x00, 0x00, 0x02, 0x00, 0x48,
  0xff, 0xf6, 0x03, 0x16, 0x03, 0xd1, 0x00, 0x18, 0x00, 0x35, 0x00, 0x99,
  0x4b, 0xb0, 0x26, 0x50, 0x58, 0x40, 0x2d, 0x05, 0x01, 0x03, 0x00, 0x01,
  0x0a, 0x03, 0x01, 0x69, 0x00, 0x04, 0x02, 0x0c, 0x02, 0x00, 0x07, 0x04,
  0x00, 0x6a, 0x00, 0x0a, 0x00, 0x0b, 0x08, 0x0a, 0x0b, 0x69, 0x09, 0x01,
  0x07, 0x07, 0x14, 0x4d, 0x00, 0x08, 0x08, 0x06, 0x61, 0x0d, 0x01, 0x06,
  0x06, 0x1b, 0x06, 0x4e, 0x1b, 0x40, 0x3b, 0x00, 0x05, 0x03, 0x04, 0x03,
  0x05, 0x04, 0x80, 0x00, 0x02, 0x0a, 0x00, 0x0a, 0x02, 0x00, 0x80, 0x00,
  0x03, 0x00, 0x01, 0x0a, 0x03, 0x01, 0x69, 0x00, 0x04, 0x0c, 0x01, 0x00,
  0x07, 0x04, 0x00, 0x6a, 0x00, 0x0a, 0x00, 0x0b, 0x08, 0x0a, 0x0b, 0x69,
  0x09, 0x01, 0x07, 0x07, 0x14, 0x4d, 0x00, 0x08, 0x08, 0x06, 0x61, 0x0d,
  0x01, 0x06, 0x06, 0x1b, 0x06, 0x4e, 0x59, 0x40, 0x23, 0x1a, 0x19, 0x01,
  0x00, 0x30, 0x2f, 0x2c, 0x2b, 0x29, 0x27, 0x24, 0x22, 0x1f, 0x1e, 0x19,
  0x35, 0x1a, 0x35, 0x15, 0x14, 0x13, 0x11, 0x0e, 0x0c, 0x09, 0x08, 0x06,
  0x04, 0x00, 0x18, 0x01, 0x18, 0x0e, 0x07, 0x16, 0x2b, 0x01, 0x22, 0x2e,
  0x02, 0x23, 0x22, 0x06, 0x15, 0x23, 0x34, 0x36, 0x36, 0x33, 0x32, 0x1e,
  0x02, 0x33, 0x32, 0x35, 0x33, 0x14, 0x06, 0x06, 0x03, 0x22, 0x26, 0x26,
  0x35, 0x11, 0x33, 0x11, 0x14, 0x16, 0x33, 0x32, 0x36, 0x35, 0x11, 0x33,
  0x32, 0x35, 0x35, 0x33, 0x15, 0x14, 0x06, 0x23, 0x23, 0x11, 0x14, 0x06,
  0x06, 0x01, 0xc3, 0x1b, 0x27, 0x1d, 0x1a, 0x0d, 0x10, 0x0d, 0x51, 0x10,
  0x2b, 0x2a, 0x1b, 0x27, 0x1e, 0x1a, 0x0d, 0x1b, 0x51, 0x0f, 0x2c, 0x77,
  0x51, 0x89, 0x53, 0x9a, 0x48, 0x4b, 0x4b, 0x47, 0x6b, 0x28, 0x7c, 0x38,
  0x37, 0x05, 0x53, 0x8a, 0x03, 0x38, 0x13, 0x18, 0x13, 0x1e, 0x1a, 0x21,
  0x44, 0x2e, 0x13, 0x18, 0x12, 0x37, 0x21, 0x44, 0x2e, 0xfc, 0xbe, 0x3e,
  0x82, 0x68, 0x01, 0xc6, 0xfe, 0x3a, 0x40, 0x57, 0x57, 0x40, 0x01, 0xc6,
  0x28, 0x47, 0x4c, 0x34, 0x3d, 0xfe, 0x88, 0x68, 0x82, 0x3e, 0x00, 0x00,
  0x00, 0x03, 0x00, 0x48, 0xff, 0xf6, 0x02, 0xa2, 0x03, 0xe2, 0x00, 0x03,
  0x00, 0x07, 0x00, 0x1b, 0x00, 0x32, 0x40, 0x2f, 0x03, 0x01, 0x01, 0x02,
  0x01, 0x00, 0x05, 0x01, 0x00, 0x67, 0x07, 0x01, 0x05, 0x05, 0x14, 0x4d,
  0x00, 0x06, 0x06, 0x04, 0x61, 0x08, 0x01, 0x04, 0x04, 0x1b, 0x04, 0x4e,
  0x09, 0x08, 0x17, 0x16, 0x13, 0x11, 0x0e, 0x0d, 0x08, 0x1b, 0x09, 0x1b,
  0x11, 0x11, 0x11, 0x10, 0x09, 0x07, 0x1a, 0x2b, 0x01, 0x27, 0x37, 0x33,
  0x17, 0x27, 0x37, 0x33, 0x03, 0x22, 0x26, 0x26, 0x35, 0x11, 0x33, 0x11,
  0x14, 0x16, 0x33, 0x32, 0x36, 0x35, 0x11, 0x33, 0x11, 0x14, 0x06, 0x06,
  0x01, 0x4a, 0x6b, 0x2f, 0x87, 0x6e, 0x6a, 0x2e, 0x88, 0xda, 0x51, 0x89,
  0x53, 0x9a, 0x48, 0x4b, 0x4b, 0x47, 0x9b, 0x53, 0x8a, 0x03, 0x2d, 0x01,
  0xb4, 0xb5, 0x01, 0xb4, 0xfc, 0x14, 0x3e, 0x82, 0x68, 0x01, 0xc6, 0xfe,
  0x3a, 0x40, 0x57, 0x57, 0x40, 0x01, 0xc6, 0xfe, 0x3a, 0x68, 0x82, 0x3e,
  0x00, 0x02, 0x00, 0x48, 0xff, 0xf6, 0x02, 0xa2, 0x03, 0x93, 0x00, 0x03,
  0x00, 0x17, 0x00, 0x34, 0x40, 0x31, 0x00, 0x00, 0x06, 0x01, 0x01, 0x03,
  0x00, 0x01, 0x67, 0x05, 0x01, 0x03, 0x03, 0x14, 0x4d, 0x00, 0x04, 0x04,
  0x02, 0x61, 0x07, 0x01, 0x02, 0x02, 0x1b, 0x02, 0x4e, 0x05, 0x04, 0x00,
  0x00, 0x13, 0x12, 0x0f, 0x0d, 0x0a, 0x09, 0x04, 0x17, 0x05, 0x17, 0x00,
  0x03, 0x00, 0x03, 0x11, 0x08, 0x07, 0x17, 0x2b, 0x13, 0x35, 0x21, 0x15,
  0x03, 0x22, 0x26, 0x26, 0x35, 0x11, 0x33, 0x11, 0x14, 0x16, 0x33, 0x32,
  0x36, 0x35, 0x11, 0x33, 0x11, 0x14, 0x06, 0x06, 0xd0, 0x01, 0x46, 0xa1,
  0x51, 0x89, 0x53, 0x9a, 0x48, 0x4b, 0x4b, 0x47, 0x9b, 0x53, 0x8a, 0x03,
  0x39, 0x5a, 0x5a, 0xfc, 0xbd, 0x3e, 0x82, 0x68, 0x01, 0xc6, 0xfe, 0x3a,
  0x40, 0x57, 0x57, 0x40, 0x01, 0xc6, 0xfe, 0x3a, 0x68, 0x82, 0x3e, 0x00,
  0x00, 0x01, 0x00, 0x48, 0xff, 0x43, 0x02, 0xa2, 0x02, 0xe4, 0x00, 0x27,
  0x00, 0x38, 0x40, 0x35, 0x06, 0x01, 0x04, 0x02, 0x25, 0x01, 0x00, 0x04,
  0x02, 0x4c, 0x00, 0x02, 0x01, 0x04, 0x01, 0x02, 0x04, 0x80, 0x03, 0x01,
  0x01, 0x01, 0x14, 0x4d, 0x00, 0x04, 0x04, 0x00, 0x62, 0x05, 0x01, 0x00,
  0x00, 0x19, 0x00, 0x4e, 0x01, 0x00, 0x22, 0x20, 0x15, 0x14, 0x11, 0x0f,
  0x0c, 0x0b, 0x00, 0x27, 0x01, 0x27, 0x06, 0x07, 0x16, 0x2b, 0x05, 0x22,
  0x26, 0x35, 0x34, 0x36, 0x37, 0x2e, 0x02, 0x35, 0x11, 0x33, 0x11, 0x14,
  0x16, 0x33, 0x32, 0x36, 0x35, 0x11, 0x33, 0x11, 0x14, 0x06, 0x06, 0x07,
  0x0e, 0x02, 0x15, 0x14, 0x16, 0x33, 0x32, 0x36, 0x31, 0x15, 0x30, 0x06,
  0x01, 0x9d, 0x49, 0x43, 0x1c, 0x12, 0x45, 0x70, 0x42, 0x9a, 0x48, 0x4b,
  0x4b, 0x47, 0x9b, 0x41, 0x6e, 0x44, 0x05, 0x17, 0x14, 0x19, 0x1d, 0x0c,
  0x16, 0x21, 0xbd, 0x3b, 0x29, 0x1e, 0x28, 0x0c, 0x09, 0x45, 0x7b, 0x5c,
  0x01, 0xc6, 0xfe, 0x3a, 0x40, 0x57, 0x57, 0x40, 0x01, 0xc6, 0xfe, 0x3a,
  0x5b, 0x7a, 0x45, 0x0a, 0x02, 0x0f, 0x17, 0x11, 0x0f, 0x17, 0x04, 0x57,
  0x05, 0x00, 0x00, 0x00, 0x00, 0x03, 0x00, 0x48, 0xff, 0xf6, 0x02, 0xa2,
  0x04, 0x2d, 0x00, 0x0f, 0x00, 0x1b, 0x00, 0x2f, 0x00, 0x46, 0x40, 0x43,
  0x00, 0x01, 0x00, 0x03, 0x02, 0x01, 0x03, 0x69, 0x09, 0x01, 0x02, 0x08,
  0x01, 0x00, 0x05, 0x02, 0x00, 0x69, 0x07, 0x01, 0x05, 0x05, 0x14, 0x4d,
  0x00, 0x06, 0x06, 0x04, 0x61, 0x0a, 0x01, 0x04, 0x04, 0x1b, 0x04, 0x4e,
  0x1d, 0x1c, 0x11, 0x10, 0x01, 0x00, 0x2b, 0x2a, 0x27, 0x25, 0x22, 0x21,
  0x1c, 0x2f, 0x1d, 0x2f, 0x17, 0x15, 0x10, 0x1b, 0x11, 0x1b, 0x09, 0x07,
  0x00, 0x0f, 0x01, 0x0f, 0x0b, 0x07, 0x16, 0x2b, 0x01, 0x22, 0x26, 0x26,
  0x35, 0x34, 0x36, 0x36, 0x33, 0x32, 0x16, 0x16, 0x15, 0x14, 0x06, 0x06,
  0x27, 0x32, 0x36, 0x35, 0x34, 0x26, 0x23, 0x22, 0x06, 0x15, 0x14, 0x16,
  0x13, 0x22, 0x26, 0x26, 0x35, 0x11, 0x33, 0x11, 0x14, 0x16, 0x33, 0x32,
  0x36, 0x35, 0x11, 0x33, 0x11, 0x14, 0x06, 0x06, 0x01, 0x73, 0x26, 0x3d,
  0x25, 0x25, 0x3d, 0x26, 0x25, 0x3e, 0x25, 0x25, 0x3e, 0x25, 0x17, 0x20,
  0x20, 0x17, 0x17, 0x20, 0x20, 0x19, 0x51, 0x89, 0x53, 0x9a, 0x48, 0x4b,
  0x4b, 0x47, 0x9b, 0x53, 0x8a, 0x03, 0x1e, 0x24, 0x3e, 0x25, 0x26, 0x3d,
  0x25, 0x25, 0x3d, 0x26, 0x25, 0x3e, 0x24, 0x51, 0x1f, 0x17, 0x17, 0x1f,
  0x1f, 0x17, 0x17, 0x1f, 0xfc, 0x87, 0x3e, 0x82, 0x68, 0x01, 0xc6, 0xfe,
  0x3a, 0x40, 0x57, 0x57, 0x40, 0x01, 0xc6, 0xfe, 0x3a, 0x68, 0x82, 0x3e,
  0x00, 0x02, 0x00, 0x48, 0xff, 0xf6, 0x02, 0xa2, 0x03, 0xd1, 0x00, 0x18,
  0x00, 0x2c, 0x00, 0x85, 0x4b, 0xb0, 0x26, 0x50, 0x58, 0x40, 0x25, 0x05,
  0x01, 0x03, 0x00, 0x01, 0x00, 0x03, 0x01, 0x69, 0x00, 0x04, 0x02, 0x0a,
  0x02, 0x00, 0x07, 0x04, 0x00, 0x6a, 0x09, 0x01, 0x07, 0x07, 0x14, 0x4d,
  0x00, 0x08, 0x08, 0x06, 0x61, 0x0b, 0x01, 0x06, 0x06, 0x1b, 0x06, 0x4e,
  0x1b, 0x40, 0x33, 0x00, 0x05, 0x03, 0x04, 0x03, 0x05, 0x04, 0x80, 0x00,
  0x02, 0x01, 0x00, 0x01, 0x02, 0x00, 0x80, 0x00, 0x03, 0x00, 0x01, 0x02,
  0x03, 0x01, 0x69, 0x00, 0x04, 0x0a, 0x01, 0x00, 0x07, 0x04, 0x00, 0x6a,
  0x09, 0x01, 0x07, 0x07, 0x14, 0x4d, 0x00, 0x08, 0x08, 0x06, 0x61, 0x0b,
  0x01, 0x06, 0x06, 0x1b, 0x06, 0x4e, 0x59, 0x40, 0x1f, 0x1a, 0x19, 0x01,
  0x00, 0x28, 0x27, 0x24, 0x22, 0x1f, 0x1e, 0x19, 0x2c, 0x1a, 0x2c, 0x15,
  0x14, 0x13, 0x11, 0x0e, 0x0c, 0x09, 0x08, 0x06, 0x04, 0x00, 0x18, 0x01,
  0x18, 0x0c, 0x07, 0x16, 0x2b, 0x01, 0x22, 0x2e, 0x02, 0x23, 0x22, 0x06,
  0x15, 0x23, 0x34, 0x36, 0x36, 0x33, 0x32, 0x1e, 0x02, 0x33, 0x32, 0x35,
  0x33, 0x14, 0x06, 0x06, 0x03, 0x22, 0x26, 0x26, 0x35, 0x11, 0x33, 0x11,
  0x14, 0x16, 0x33, 0x32, 0x36, 0x35, 0x11, 0x33, 0x11, 0x14, 0x06, 0x06,
  0x01, 0xbd, 0x1b, 0x27, 0x1d, 0x1a, 0x0d, 0x10, 0x0d, 0x51, 0x10, 0x2b,
  0x2a, 0x1b, 0x27, 0x1e, 0x1a, 0x0d, 0x1b, 0x51, 0x0f, 0x2c, 0x71, 0x51,
  0x89, 0x53, 0x9a, 0x48, 0x4b, 0x4b, 0x47, 0x9b, 0x53, 0x8a, 0x03, 0x38,
  0x13, 0x18, 0x13, 0x1e, 0x1a, 0x21, 0x44, 0x2e, 0x13, 0x18, 0x12, 0x37,
  0x21, 0x44, 0x2e, 0xfc, 0xbe, 0x3e, 0x82, 0x68, 0x01, 0xc6, 0xfe, 0x3a,
  0x40, 0x57, 0x57, 0x40, 0x01, 0xc6, 0xfe, 0x3a, 0x68, 0x82, 0x3e, 0x00,
  0x00, 0x01, 0x00, 0x12, 0x00, 0x00, 0x02, 0xd7, 0x02, 0xe4, 0x00, 0x06,
  0x00, 0x21, 0x40, 0x1e, 0x03, 0x01, 0x02, 0x00, 0x01, 0x4c, 0x01, 0x01,
  0x00, 0x00, 0x14, 0x4d, 0x03, 0x01, 0x02, 0x02, 0x15, 0x02, 0x4e, 0x00,
  0x00, 0x00, 0x06, 0x00, 0x06, 0x12, 0x11, 0x04, 0x07, 0x18, 0x2b, 0x21,
  0x03, 0x33, 0x13, 0x13, 0x33, 0x03, 0x01, 0x0e, 0xfc, 0xa2, 0xc1, 0xc0,
  0xa2, 0xfc, 0x02, 0xe4, 0xfd, 0xb3, 0x02, 0x4d, 0xfd, 0x1c, 0x00, 0x00,
  0x00, 0x01, 0x00, 0x1c, 0x00, 0x00, 0x04, 0x05, 0x02, 0xe4, 0x00, 0x0c,
  0x00, 0x27, 0x40, 0x24, 0x0b, 0x06, 0x03, 0x03, 0x03, 0x00, 0x01, 0x4c,
  0x02, 0x01, 0x02, 0x00, 0x00, 0x14, 0x4d, 0x05, 0x04, 0x02, 0x03, 0x03,
  0x15, 0x03, 0x4e, 0x00, 0x00, 0x00, 0x0c, 0x00, 0x0c, 0x11, 0x12, 0x12,
  0x11, 0x06, 0x07, 0x1a, 0x2b, 0x33, 0x03, 0x33, 0x13, 0x13, 0x33, 0x13,
  0x13, 0x33, 0x03, 0x23, 0x03, 0x03, 0xd4, 0xb8, 0x9a, 0x83, 0x89, 0x9d,
  0x89, 0x82, 0x9b, 0xb9, 0xc4, 0x78, 0x77, 0x02, 0xe4, 0xfd, 0xe7, 0x02,
  0x19, 0xfd, 0xe8, 0x02, 0x18, 0xfd, 0x1c, 0x01, 0xd7, 0xfe, 0x29, 0x00,
  0x00, 0x02, 0x00, 0x10, 0x00, 0x00, 0x03, 0xf9, 0x03, 0xe2, 0x00, 0x03,
  0x00, 0x10, 0x00, 0x31, 0x40, 0x2e, 0x0f, 0x0a, 0x07, 0x03, 0x05, 0x02,
  0x01, 0x4c, 0x00, 0x01, 0x00, 0x00, 0x02, 0x01, 0x00, 0x67, 0x04, 0x03,
  0x02, 0x02, 0x02, 0x14, 0x4d, 0x07, 0x06, 0x02, 0x05, 0x05, 0x15, 0x05,
  0x4e, 0x04, 0x04, 0x04, 0x10, 0x04, 0x10, 0x11, 0x12, 0x12, 0x12, 0x11,
  0x10, 0x08, 0x07, 0x1c, 0x2b, 0x01, 0x27, 0x37, 0x33, 0x01, 0x03, 0x33,
  0x13, 0x13, 0x33, 0x13, 0x13, 0x33, 0x03, 0x23, 0x03, 0x03, 0x02, 0x3e,
  0x71, 0x51, 0x8d, 0xfe, 0x1d, 0xb8, 0x9a, 0x83, 0x89, 0x9d, 0x89, 0x82,
  0x9b, 0xb9, 0xc4, 0x78, 0x77, 0x03, 0x2d, 0x01, 0xb4, 0xfc, 0x1e, 0x02,
  0xe4, 0xfd, 0xe7, 0x02, 0x19, 0xfd, 0xe8, 0x02, 0x18, 0xfd, 0x1c, 0x01,
  0xd7, 0xfe, 0x29, 0x00, 0x00, 0x02, 0x00, 0x10, 0x00, 0x00, 0x03, 0xf9,
  0x03, 0xda, 0x00, 0x06, 0x00, 0x13, 0x00, 0x43, 0x40, 0x40, 0x05, 0x01,
  0x01, 0x00, 0x12, 0x0d, 0x0a, 0x03, 0x06, 0x03, 0x02, 0x4c, 0x00, 0x00,
  0x01, 0x00, 0x85, 0x08, 0x02, 0x02, 0x01, 0x03, 0x01, 0x85, 0x05, 0x04,
  0x02, 0x03, 0x03, 0x14, 0x4d, 0x09, 0x07, 0x02, 0x06, 0x06, 0x15, 0x06,
  0x4e, 0x07, 0x07, 0x00, 0x00, 0x07, 0x13, 0x07, 0x13, 0x11, 0x10, 0x0f,
  0x0e, 0x0c, 0x0b, 0x09, 0x08, 0x00, 0x06, 0x00, 0x06, 0x11, 0x11, 0x0a,
  0x07, 0x18, 0x2b, 0x01, 0x37, 0x33, 0x17, 0x23, 0x27, 0x07, 0x03, 0x03,
  0x33, 0x13, 0x13, 0x33, 0x13, 0x13, 0x33, 0x03, 0x23, 0x03, 0x03, 0x01,
  0x48, 0x81, 0x79, 0x81, 0x77, 0x47, 0x46, 0xf7, 0xb8, 0x9a, 0x83, 0x89,
  0x9d, 0x89, 0x82, 0x9b, 0xb9, 0xc4, 0x78, 0x77, 0x03, 0x26, 0xb4, 0xb4,
  0x68, 0x68, 0xfc, 0xda, 0x02, 0xe4, 0xfd, 0xe7, 0x02, 0x19, 0xfd, 0xe8,
  0x02, 0x18, 0xfd, 0x1c, 0x01, 0xd7, 0xfe, 0x29, 0x00, 0x03, 0x00, 0x10,
  0x00, 0x00, 0x03, 0xf9, 0x03, 0xc7, 0x00, 0x0b, 0x00, 0x17, 0x00, 0x24,
  0x00, 0x47, 0x40, 0x44, 0x23, 0x1e, 0x1b, 0x03, 0x07, 0x04, 0x01, 0x4c,
  0x03, 0x01, 0x01, 0x0a, 0x02, 0x09, 0x03, 0x00, 0x04, 0x01, 0x00, 0x69,
  0x06, 0x05, 0x02, 0x04, 0x04, 0x14, 0x4d, 0x0b, 0x08, 0x02, 0x07, 0x07,
  0x15, 0x07, 0x4e, 0x18, 0x18, 0x0d, 0x0c, 0x01, 0x00, 0x18, 0x24, 0x18,
  0x24, 0x22, 0x21, 0x20, 0x1f, 0x1d, 0x1c, 0x1a, 0x19, 0x13, 0x11, 0x0c,
  0x17, 0x0d, 0x17, 0x07, 0x05, 0x00, 0x0b, 0x01, 0x0b, 0x0c, 0x07, 0x16,
  0x2b, 0x01, 0x22, 0x26, 0x35, 0x34, 0x36, 0x33, 0x32, 0x16, 0x15, 0x14,
  0x06, 0x21, 0x22, 0x26, 0x35, 0x34, 0x36, 0x33, 0x32, 0x16, 0x15, 0x14,
  0x06, 0x03, 0x03, 0x33, 0x13, 0x13, 0x33, 0x13, 0x13, 0x33, 0x03, 0x23,
  0x03, 0x03, 0x02, 0x76, 0x26, 0x30, 0x30, 0x26, 0x25, 0x31, 0x31, 0xfe,
  0xf8, 0x26, 0x30, 0x30, 0x26, 0x25, 0x31, 0x31, 0xf0, 0xb8, 0x9a, 0x83,
  0x89, 0x9d, 0x89, 0x82, 0x9b, 0xb9, 0xc4, 0x78, 0x77, 0x03, 0x21, 0x31,
  0x22, 0x23, 0x30, 0x30, 0x23, 0x22, 0x31, 0x31, 0x22, 0x23, 0x30, 0x30,
  0x23, 0x22, 0x31, 0xfc, 0xdf, 0x02, 0xe4, 0xfd, 0xe7, 0x02, 0x19, 0xfd,
  0xe8, 0x02, 0x18, 0xfd, 0x1c, 0x01, 0xd7, 0xfe, 0x29, 0x00, 0x00, 0x00,
  0x00, 0x02, 0x00, 0x10, 0x00, 0x00, 0x03, 0xf9, 0x03, 0xe2, 0x00, 0x03,
  0x00, 0x10, 0x00, 0x3b, 0x40, 0x38, 0x0f, 0x0a, 0x07, 0x03, 0x05, 0x02,
  0x01, 0x4c, 0x00, 0x00, 0x07, 0x01, 0x01, 0x02, 0x00, 0x01, 0x67, 0x04,
  0x03, 0x02, 0x02, 0x02, 0x14, 0x4d, 0x08, 0x06, 0x02, 0x05, 0x05, 0x15,
  0x05, 0x4e, 0x04, 0x04, 0x00, 0x00, 0x04, 0x10, 0x04, 0x10, 0x0e, 0x0d,
  0x0c, 0x0b, 0x09, 0x08, 0x06, 0x05, 0x00, 0x03, 0x00, 0x03, 0x11, 0x09,
  0x07, 0x17, 0x2b, 0x01, 0x27, 0x33, 0x17, 0x01, 0x03, 0x33, 0x13, 0x13,
  0x33, 0x13, 0x13, 0x33, 0x03, 0x23, 0x03, 0x03, 0x01, 0xcf, 0x6d, 0x8d,
  0x51, 0xfe, 0x88, 0xb8, 0x9a, 0x83, 0x89, 0x9d, 0x89, 0x82, 0x9b, 0xb9,
  0xc4, 0x78, 0x77, 0x03, 0x2d, 0xb5, 0xb4, 0xfc, 0xd2, 0x02, 0xe4, 0xfd,
  0xe7, 0x02, 0x19, 0xfd, 0xe8, 0x02, 0x18, 0xfd, 0x1c, 0x01, 0xd7, 0xfe,
  0x29, 0x00, 0x00, 0x00, 0x00, 0x01, 0x00, 0x31, 0x00, 0x00, 0x02, 0xd0,
  0x02, 0xe4, 0x00, 0x0b, 0x00, 0x26, 0x40, 0x23, 0x0a, 0x07, 0x04, 0x01,
  0x04, 0x02, 0x00, 0x01, 0x4c, 0x01, 0x01, 0x00, 0x00, 0x14, 0x4d, 0x04,
  0x03, 0x02, 0x02, 0x02, 0x15, 0x02, 0x4e, 0x00, 0x00, 0x00, 0x0b, 0x00,
  0x0b, 0x12, 0x12, 0x12, 0x05, 0x07, 0x19, 0x2b, 0x33, 0x13, 0x03, 0x33,
  0x13, 0x13, 0x33, 0x03, 0x13, 0x23, 0x03, 0x03, 0x31, 0xe4, 0xe3, 0xb7,
  0x97, 0x98, 0xb8, 0xe7, 0xe7, 0xb8, 0x98, 0x97, 0x01, 0x72, 0x01, 0x72,
  0xff, 0x00, 0x01, 0x00, 0xfe, 0x8e, 0xfe, 0x8e, 0x01, 0x01, 0xfe, 0xff,
  0x00, 0x01, 0x00, 0x16, 0x00, 0x00, 0x02, 0xb8, 0x02, 0xe4, 0x00, 0x08,
  0x00, 0x23, 0x40, 0x20, 0x07, 0x04, 0x01, 0x03, 0x02, 0x00, 0x01, 0x4c,
  0x01, 0x01, 0x00, 0x00, 0x14, 0x4d, 0x03, 0x01, 0x02, 0x02, 0x15, 0x02,
  0x4e, 0x00, 0x00, 0x00, 0x08, 0x00, 0x08, 0x12, 0x12, 0x04, 0x07, 0x18,
  0x2b, 0x21, 0x35, 0x01, 0x33, 0x13, 0x13, 0x33, 0x01, 0x15, 0x01, 0x1a,
  0xfe, 0xfc, 0xa9, 0xa8, 0xa8, 0xa9, 0xfe, 0xfc, 0xfd, 0x01, 0xe7, 0xfe,
  0xb7, 0x01, 0x49, 0xfe, 0x19, 0xfd, 0x00, 0x00, 0x00, 0x02, 0x00, 0x16,
  0x00, 0x00, 0x02, 0xb8, 0x03, 0xe1, 0x00, 0x03, 0x00, 0x0c, 0x00, 0x2d,
  0x40, 0x2a, 0x0b, 0x08, 0x05, 0x03, 0x04, 0x02, 0x01, 0x4c, 0x00, 0x01,
  0x00, 0x00, 0x02, 0x01, 0x00, 0x67, 0x03, 0x01, 0x02, 0x02, 0x14, 0x4d,
  0x05, 0x01, 0x04, 0x04, 0x15, 0x04, 0x4e, 0x04, 0x04, 0x04, 0x0c, 0x04,
  0x0c, 0x12, 0x13, 0x11, 0x10, 0x06, 0x07, 0x1a, 0x2b, 0x01, 0x27, 0x37,
  0x33, 0x03, 0x35, 0x01, 0x33, 0x13, 0x13, 0x33, 0x01, 0x15, 0x01, 0xa1,
  0x70, 0x51, 0x8d, 0xf5, 0xfe, 0xfc, 0xa9, 0xa8, 0xa8, 0xa9, 0xfe, 0xfc,
  0x03, 0x2c, 0x01, 0xb4, 0xfc, 0x1f, 0xfd, 0x01, 0xe7, 0xfe, 0xb7, 0x01,
  0x49, 0xfe, 0x19, 0xfd, 0x00, 0x02, 0x00, 0x16, 0x00, 0x00, 0x02, 0xb8,
  0x03, 0xd9, 0x00, 0x06, 0x00, 0x0f, 0x00, 0x40, 0x40, 0x3d, 0x05, 0x01,
  0x01, 0x00, 0x0e, 0x0b, 0x08, 0x03, 0x05, 0x03, 0x02, 0x4c, 0x06, 0x02,
  0x02, 0x01, 0x00, 0x03, 0x00, 0x01, 0x03, 0x80, 0x04, 0x01, 0x03, 0x03,
  0x14, 0x4d, 0x00, 0x00, 0x00, 0x05, 0x5f, 0x07, 0x01, 0x05, 0x05, 0x15,
  0x05, 0x4e, 0x07, 0x07, 0x00, 0x00, 0x07, 0x0f, 0x07, 0x0f, 0x0d, 0x0c,
  0x0a, 0x09, 0x00, 0x06, 0x00, 0x06, 0x11, 0x11, 0x08, 0x07, 0x18, 0x2b,
  0x13, 0x37, 0x33, 0x17, 0x23, 0x27, 0x07, 0x03, 0x35, 0x01, 0x33, 0x13,
  0x13, 0x33, 0x01, 0x15, 0xab, 0x82, 0x78, 0x82, 0x77, 0x47, 0x47, 0x08,
  0xfe, 0xfc, 0xa9, 0xa8, 0xa8, 0xa9, 0xfe, 0xfc, 0x03, 0x25, 0xb4, 0xb4,
  0x68, 0x68, 0xfc, 0xdb, 0xfd, 0x01, 0xe7, 0xfe, 0xb7, 0x01, 0x49, 0xfe,
  0x19, 0xfd, 0x00, 0x00, 0x00, 0x03, 0x00, 0x16, 0x00, 0x00, 0x02, 0xb8,
  0x03, 0xc6, 0x00, 0x0b, 0x00, 0x17, 0x00, 0x20, 0x00, 0x41, 0x40, 0x3e,
  0x1f, 0x1c, 0x19, 0x03, 0x06, 0x04, 0x01, 0x4c, 0x03, 0x01, 0x01, 0x08,
  0x02, 0x07, 0x03, 0x00, 0x04, 0x01, 0x00, 0x69, 0x05, 0x01, 0x04, 0x04,
  0x14, 0x4d, 0x09, 0x01, 0x06, 0x06, 0x15, 0x06, 0x4e, 0x18, 0x18, 0x0d,
  0x0c, 0x01, 0x00, 0x18, 0x20, 0x18, 0x20, 0x1e, 0x1d, 0x1b, 0x1a, 0x13,
  0x11, 0x0c, 0x17, 0x0d, 0x17, 0x07, 0x05, 0x00, 0x0b, 0x01, 0x0b, 0x0a,
  0x07, 0x16, 0x2b, 0x01, 0x22, 0x26, 0x35, 0x34, 0x36, 0x33, 0x32, 0x16,
  0x15, 0x14, 0x06, 0x21, 0x22, 0x26, 0x35, 0x34, 0x36, 0x33, 0x32, 0x16,
  0x15, 0x14, 0x06, 0x03, 0x35, 0x01, 0x33, 0x13, 0x13, 0x33, 0x01, 0x15,
  0x01, 0xda, 0x26, 0x31, 0x31, 0x26, 0x25, 0x31, 0x31, 0xfe, 0xf8, 0x26,
  0x30, 0x30, 0x26, 0x25, 0x31, 0x31, 0x02, 0xfe, 0xfc, 0xa9, 0xa8, 0xa8,
  0xa9, 0xfe, 0xfc, 0x03, 0x20, 0x31, 0x22, 0x23, 0x30, 0x30, 0x23, 0x22,
  0x31, 0x31, 0x22, 0x23, 0x30, 0x30, 0x23, 0x22, 0x31, 0xfc, 0xe0, 0xfd,
  0x01, 0xe7, 0xfe, 0xb7, 0x01, 0x49, 0xfe, 0x19, 0xfd, 0x00, 0x00, 0x00,
  0x00, 0x02, 0x00, 0x16, 0xff, 0x09, 0x02, 0xb8, 0x02, 0xe4, 0x00, 0x08,
  0x00, 0x14, 0x00, 0x33, 0x40, 0x30, 0x07, 0x04, 0x01, 0x03, 0x02, 0x00,
  0x01, 0x4c, 0x00, 0x04, 0x06, 0x01, 0x03, 0x04, 0x03, 0x65, 0x01, 0x01,
  0x00, 0x00, 0x14, 0x4d, 0x05, 0x01, 0x02, 0x02, 0x15, 0x02, 0x4e, 0x0a,
  0x09, 0x00, 0x00, 0x10, 0x0e, 0x09, 0x14, 0x0a, 0x14, 0x00, 0x08, 0x00,
  0x08, 0x12, 0x12, 0x07, 0x07, 0x18, 0x2b, 0x21, 0x35, 0x01, 0x33, 0x13,
  0x13, 0x33, 0x01, 0x15, 0x07, 0x22, 0x26, 0x35, 0x34, 0x36, 0x33, 0x32,
  0x16, 0x15, 0x14, 0x06, 0x01, 0x1a, 0xfe, 0xfc, 0xa9, 0xa8, 0xa8, 0xa9,
  0xfe, 0xfc, 0x4c, 0x23, 0x2c, 0x2c, 0x23, 0x23, 0x2d, 0x2d, 0xfd, 0x01,
  0xe7, 0xfe, 0xb7, 0x01, 0x49, 0xfe, 0x19, 0xfd, 0xf7, 0x2f, 0x21, 0x21,
  0x2e, 0x2e, 0x21, 0x21, 0x2f, 0x00, 0x00, 0x00, 0x00, 0x02, 0x00, 0x16,
  0x00, 0x00, 0x02, 0xb8, 0x03, 0xe1, 0x00, 0x03, 0x00, 0x0c, 0x00, 0x35,
  0x40, 0x32, 0x0b, 0x08, 0x05, 0x03, 0x04, 0x02, 0x01, 0x4c, 0x00, 0x00,
  0x05, 0x01, 0x01, 0x02, 0x00, 0x01, 0x67, 0x03, 0x01, 0x02, 0x02, 0x14,
  0x4d, 0x06, 0x01, 0x04, 0x04, 0x15, 0x04, 0x4e, 0x04, 0x04, 0x00, 0x00,
  0x04, 0x0c, 0x04, 0x0c, 0x0a, 0x09, 0x07, 0x06, 0x00, 0x03, 0x00, 0x03,
  0x11, 0x07, 0x07, 0x17, 0x2b, 0x01, 0x27, 0x33, 0x17, 0x03, 0x35, 0x01,
  0x33, 0x13, 0x13, 0x33, 0x01, 0x15, 0x01, 0x33, 0x6d, 0x8d, 0x50, 0x89,
  0xfe, 0xfc, 0xa9, 0xa8, 0xa8, 0xa9, 0xfe, 0xfc, 0x03, 0x2c, 0xb5, 0xb4,
  0xfc, 0xd3, 0xfd, 0x01, 0xe7, 0xfe, 0xb7, 0x01, 0x49, 0xfe, 0x19, 0xfd,
  0x00, 0x02, 0x00, 0x16, 0x00, 0x00, 0x02, 0xb8, 0x04, 0x10, 0x00, 0x1c,
  0x00, 0x25, 0x00, 0x76, 0xb7, 0x24, 0x21, 0x1e, 0x03, 0x06, 0x04, 0x01,
  0x4c, 0x4b, 0xb0, 0x21, 0x50, 0x58, 0x40, 0x24, 0x00, 0x01, 0x00, 0x03,
  0x00, 0x01, 0x72, 0x07, 0x01, 0x03, 0x04, 0x00, 0x03, 0x04, 0x7e, 0x00,
  0x02, 0x00, 0x00, 0x01, 0x02, 0x00, 0x69, 0x05, 0x01, 0x04, 0x04, 0x14,
  0x4d, 0x08, 0x01, 0x06, 0x06, 0x15, 0x06, 0x4e, 0x1b, 0x40, 0x25, 0x00,
  0x01, 0x00, 0x03, 0x00, 0x01, 0x03, 0x80, 0x07, 0x01, 0x03, 0x04, 0x00,
  0x03, 0x04, 0x7e, 0x00, 0x02, 0x00, 0x00, 0x01, 0x02, 0x00, 0x69, 0x05,
  0x01, 0x04, 0x04, 0x14, 0x4d, 0x08, 0x01, 0x06, 0x06, 0x15, 0x06, 0x4e,
  0x59, 0x40, 0x16, 0x1d, 0x1d, 0x00, 0x00, 0x1d, 0x25, 0x1d, 0x25, 0x23,
  0x22, 0x20, 0x1f, 0x00, 0x1c, 0x00, 0x1c, 0x23, 0x22, 0x2a, 0x09, 0x07,
  0x19, 0x2b, 0x01, 0x35, 0x34, 0x36, 0x37, 0x37, 0x36, 0x36, 0x35, 0x34,
  0x26, 0x23, 0x22, 0x06, 0x06, 0x15, 0x23, 0x26, 0x36, 0x36, 0x33, 0x32,
  0x16, 0x15, 0x14, 0x06, 0x07, 0x07, 0x15, 0x03, 0x35, 0x01, 0x33, 0x13,
  0x13, 0x33, 0x01, 0x15, 0x01, 0x3e, 0x0b, 0x0e, 0x0f, 0x15, 0x16, 0x13,
  0x12, 0x12, 0x11, 0x04, 0x57, 0x01, 0x19, 0x38, 0x2c, 0x3d, 0x46, 0x2f,
  0x24, 0x05, 0x7b, 0xfe, 0xfc, 0xa9, 0xa8, 0xa8, 0xa9, 0xfe, 0xfc, 0x03,
  0x21, 0x21, 0x0d, 0x16, 0x07, 0x08, 0x0a, 0x16, 0x0f, 0x0d, 0x13, 0x11,
  0x14, 0x02, 0x1b, 0x35, 0x24, 0x3f, 0x2b, 0x23, 0x31, 0x13, 0x02, 0x1c,
  0xfc, 0xdf, 0xfd, 0x01, 0xe7, 0xfe, 0xb7, 0x01, 0x49, 0xfe, 0x19, 0xfd,
  0x00, 0x02, 0x00, 0x16, 0x00, 0x00, 0x02, 0xb8, 0x03, 0xd0, 0x00, 0x18,
  0x00, 0x21, 0x00, 0x82, 0xb7, 0x20, 0x1d, 0x1a, 0x03, 0x08, 0x06, 0x01,
  0x4c, 0x4b, 0xb0, 0x26, 0x50, 0x58, 0x40, 0x20, 0x05, 0x01, 0x03, 0x00,
  0x01, 0x00, 0x03, 0x01, 0x69, 0x00, 0x04, 0x02, 0x09, 0x02, 0x00, 0x06,
  0x04, 0x00, 0x6a, 0x07, 0x01, 0x06, 0x06, 0x14, 0x4d, 0x0a, 0x01, 0x08,
  0x08, 0x15, 0x08, 0x4e, 0x1b, 0x40, 0x2e, 0x00, 0x05, 0x03, 0x04, 0x03,
  0x05, 0x04, 0x80, 0x00, 0x02, 0x01, 0x00, 0x01, 0x02, 0x00, 0x80, 0x00,
  0x03, 0x00, 0x01, 0x02, 0x03, 0x01, 0x69, 0x00, 0x04, 0x09, 0x01, 0x00,
  0x06, 0x04, 0x00, 0x6a, 0x07, 0x01, 0x06, 0x06, 0x14, 0x4d, 0x0a, 0x01,
  0x08, 0x08, 0x15, 0x08, 0x4e, 0x59, 0x40, 0x1d, 0x19, 0x19, 0x01, 0x00,
  0x19, 0x21, 0x19, 0x21, 0x1f, 0x1e, 0x1c, 0x1b, 0x15, 0x14, 0x13, 0x11,
  0x0e, 0x0c, 0x09, 0x08, 0x06, 0x04, 0x00, 0x18, 0x01, 0x18, 0x0b, 0x07,
  0x16, 0x2b, 0x01, 0x22, 0x2e, 0x02, 0x23, 0x22, 0x06, 0x15, 0x23, 0x34,
  0x36, 0x36, 0x33, 0x32, 0x1e, 0x02, 0x33, 0x32, 0x35, 0x33, 0x14, 0x06,
  0x06, 0x03, 0x35, 0x01, 0x33, 0x13, 0x13, 0x33, 0x01, 0x15, 0x01, 0xb3,
  0x1c, 0x26, 0x1e, 0x19, 0x0e, 0x10, 0x0c, 0x52, 0x10, 0x2c, 0x29, 0x1c,
  0x27, 0x1e, 0x19, 0x0d, 0x1c, 0x51, 0x10, 0x2b, 0xc2, 0xfe, 0xfc, 0xa9,
  0xa8, 0xa8, 0xa9, 0xfe, 0xfc, 0x03, 0x37, 0x12, 0x19, 0x13, 0x1e, 0x1a,
  0x21, 0x44, 0x2e, 0x13, 0x18, 0x13, 0x38, 0x21, 0x44, 0x2e, 0xfc, 0xc9,
  0xfd, 0x01, 0xe7, 0xfe, 0xb7, 0x01, 0x49, 0xfe, 0x19, 0xfd, 0x00, 0x00,
  0x00, 0x01, 0x00, 0x31, 0x00, 0x00, 0x02, 0x68, 0x02, 0xe4, 0x00, 0x09,
  0x00, 0x2f, 0x40, 0x2c, 0x06, 0x01, 0x00, 0x01, 0x01, 0x01, 0x03, 0x02,
  0x02, 0x4c, 0x00, 0x00, 0x00, 0x01, 0x5f, 0x00, 0x01, 0x01, 0x14, 0x4d,
  0x00, 0x02, 0x02, 0x03, 0x5f, 0x04, 0x01, 0x03, 0x03, 0x15, 0x03, 0x4e,
  0x00, 0x00, 0x00, 0x09, 0x00, 0x09, 0x12, 0x11, 0x12, 0x05, 0x07, 0x19,
  0x2b, 0x33, 0x35, 0x01, 0x21, 0x35, 0x21, 0x15, 0x01, 0x21, 0x15, 0x31,
  0x01, 0x6f, 0xfe, 0x91, 0x02, 0x37, 0xfe, 0x90, 0x01, 0x70, 0x6e, 0x01,
  0xef, 0x87, 0x6d, 0xfe, 0x10, 0x87, 0x00, 0x00, 0x00, 0x02, 0x00, 0x31,
  0x00, 0x00, 0x02, 0x68, 0x03, 0xe2, 0x00, 0x03, 0x00, 0x0d, 0x00, 0x39,
  0x40, 0x36, 0x0a, 0x01, 0x02, 0x03, 0x05, 0x01, 0x05, 0x04, 0x02, 0x4c,
  0x00, 0x01, 0x00, 0x00, 0x03, 0x01, 0x00, 0x67, 0x00, 0x02, 0x02, 0x03,
  0x5f, 0x00, 0x03, 0x03, 0x14, 0x4d, 0x00, 0x04, 0x04, 0x05, 0x5f, 0x06,
  0x01, 0x05, 0x05, 0x15, 0x05, 0x4e, 0x04, 0x04, 0x04, 0x0d, 0x04, 0x0d,
  0x12, 0x11, 0x13, 0x11, 0x10, 0x07, 0x07, 0x1b, 0x2b, 0x01, 0x27, 0x37,
  0x33, 0x01, 0x35, 0x01, 0x21, 0x35, 0x21, 0x15, 0x01, 0x21, 0x15, 0x01,
  0x79, 0x71, 0x51, 0x8d, 0xfe, 0x4b, 0x01, 0x6f, 0xfe, 0x91, 0x02, 0x37,
  0xfe, 0x90, 0x01, 0x70, 0x03, 0x2d, 0x01, 0xb4, 0xfc, 0x1e, 0x6e, 0x01,
  0xef, 0x87, 0x6d, 0xfe, 0x10, 0x87, 0x00, 0x00, 0x00, 0x02, 0x00, 0x31,
  0x00, 0x00, 0x02, 0x68, 0x03, 0xd6, 0x00, 0x06, 0x00, 0x10, 0x00, 0x4a,
  0x40, 0x47, 0x03, 0x01, 0x02, 0x00, 0x0d, 0x01, 0x03, 0x04, 0x08, 0x01,
  0x06, 0x05, 0x03, 0x4c, 0x01, 0x01, 0x00, 0x02, 0x00, 0x85, 0x07, 0x01,
  0x02, 0x04, 0x02, 0x85, 0x00, 0x03, 0x03, 0x04, 0x5f, 0x00, 0x04, 0x04,
  0x14, 0x4d, 0x00, 0x05, 0x05, 0x06, 0x5f, 0x08, 0x01, 0x06, 0x06, 0x15,
  0x06, 0x4e, 0x07, 0x07, 0x00, 0x00, 0x07, 0x10, 0x07, 0x10, 0x0f, 0x0e,
  0x0c, 0x0b, 0x0a, 0x09, 0x00, 0x06, 0x00, 0x06, 0x12, 0x11, 0x09, 0x07,
  0x18, 0x2b, 0x01, 0x27, 0x33, 0x17, 0x37, 0x33, 0x07, 0x01, 0x35, 0x01,
  0x21, 0x35, 0x21, 0x15, 0x01, 0x21, 0x15, 0x01, 0x03, 0x81, 0x77, 0x47,
  0x46, 0x77, 0x81, 0xfe, 0xb5, 0x01, 0x6f, 0xfe, 0x91, 0x02, 0x37, 0xfe,
  0x90, 0x01, 0x70, 0x03, 0x22, 0xb4, 0x68, 0x68, 0xb4, 0xfc, 0xde, 0x6e,
  0x01, 0xef, 0x87, 0x6d, 0xfe, 0x10, 0x87, 0x00, 0x00, 0x02, 0x00, 0x31,
  0x00, 0x00, 0x02, 0x68, 0x03, 0xda, 0x00, 0x0b, 0x00, 0x15, 0x00, 0x43,
  0x40, 0x40, 0x12, 0x01, 0x02, 0x03, 0x0d, 0x01, 0x05, 0x04, 0x02, 0x4c,
  0x00, 0x01, 0x06, 0x01, 0x00, 0x03, 0x01, 0x00, 0x69, 0x00, 0x02, 0x02,
  0x03, 0x5f, 0x00, 0x03, 0x03, 0x14, 0x4d, 0x00, 0x04, 0x04, 0x05, 0x5f,
  0x07, 0x01, 0x05, 0x05, 0x15, 0x05, 0x4e, 0x0c, 0x0c, 0x01, 0x00, 0x0c,
  0x15, 0x0c, 0x15, 0x14, 0x13, 0x11, 0x10, 0x0f, 0x0e, 0x07, 0x05, 0x00,
  0x0b, 0x01, 0x0b, 0x08, 0x07, 0x16, 0x2b, 0x01, 0x22, 0x26, 0x35, 0x34,
  0x36, 0x33, 0x32, 0x16, 0x15, 0x14, 0x06, 0x01, 0x35, 0x01, 0x21, 0x35,
  0x21, 0x15, 0x01, 0x21, 0x15, 0x01, 0x40, 0x28, 0x32, 0x32, 0x28, 0x27,
  0x33, 0x33, 0xfe, 0xca, 0x01, 0x6f, 0xfe, 0x91, 0x02, 0x37, 0xfe, 0x90,
  0x01, 0x70, 0x03, 0x2c, 0x33, 0x24, 0x24, 0x33, 0x33, 0x24, 0x24, 0x33,
  0xfc, 0xd4, 0x6e, 0x01, 0xef, 0x87, 0x6d, 0xfe, 0x10, 0x87, 0x00, 0x00,
  0x00, 0x02, 0x00, 0x33, 0xff, 0xf6, 0x02, 0x58, 0x02, 0x1c, 0x00, 0x18,
  0x00, 0x28, 0x00, 0x7e, 0x4b, 0xb0, 0x17, 0x50, 0x58, 0x40, 0x0a, 0x04,
  0x01, 0x04, 0x00, 0x0a, 0x01, 0x02, 0x05, 0x02, 0x4c, 0x1b, 0x40, 0x0a,
  0x04, 0x01, 0x04, 0x01, 0x0a, 0x01, 0x02, 0x05, 0x02, 0x4c, 0x59, 0x4b,
  0xb0, 0x17, 0x50, 0x58, 0x40, 0x19, 0x07, 0x01, 0x04, 0x04, 0x00, 0x61,
  0x01, 0x06, 0x02, 0x00, 0x00, 0x1d, 0x4d, 0x00, 0x05, 0x05, 0x02, 0x61,
  0x03, 0x01, 0x02, 0x02, 0x15, 0x02, 0x4e, 0x1b, 0x40, 0x21, 0x00, 0x01,
  0x01, 0x17, 0x4d, 0x07, 0x01, 0x04, 0x04, 0x00, 0x61, 0x06, 0x01, 0x00,
  0x00, 0x1d, 0x4d, 0x00, 0x02, 0x02, 0x15, 0x4d, 0x00, 0x05, 0x05, 0x03,
  0x61, 0x00, 0x03, 0x03, 0x1b, 0x03, 0x4e, 0x59, 0x40, 0x17, 0x1a, 0x19,
  0x01, 0x00, 0x22, 0x20, 0x19, 0x28, 0x1a, 0x28, 0x10, 0x0e, 0x09, 0x08,
  0x07, 0x06, 0x00, 0x18, 0x01, 0x18, 0x08, 0x07, 0x16, 0x2b, 0x01, 0x32,
  0x16, 0x16, 0x17, 0x33, 0x35, 0x33, 0x11, 0x23, 0x35, 0x23, 0x0e, 0x02,
  0x23, 0x22, 0x2e, 0x02, 0x35, 0x34, 0x3e, 0x02, 0x17, 0x22, 0x06, 0x06,
  0x15, 0x14, 0x16, 0x16, 0x33, 0x32, 0x36, 0x36, 0x35, 0x34, 0x26, 0x26,
  0x01, 0x1c, 0x33, 0x42, 0x23, 0x04, 0x08, 0x98, 0x98, 0x08, 0x04, 0x23,
  0x42, 0x33, 0x3b, 0x57, 0x3a, 0x1d, 0x1d, 0x3a, 0x57, 0x67, 0x29, 0x37,
  0x1b, 0x1b, 0x37, 0x29, 0x29, 0x37, 0x1b, 0x1b, 0x37, 0x02, 0x1c, 0x21,
  0x26, 0x07, 0x44, 0xfd, 0xee, 0x44, 0x07, 0x26, 0x21, 0x2f, 0x4f, 0x62,
  0x33, 0x33, 0x62, 0x4f, 0x2f, 0x7b, 0x2d, 0x46, 0x25, 0x25, 0x46, 0x2d,
  0x2d, 0x46, 0x25, 0x25, 0x46, 0x2d, 0x00, 0x00, 0x00, 0x03, 0x00, 0x35,
  0xff, 0xf6, 0x02, 0x5a, 0x03, 0x10, 0x00, 0x03, 0x00, 0x1c, 0x00, 0x2c,
  0x00, 0xbc, 0x4b, 0xb0, 0x17, 0x50, 0x58, 0x40, 0x0a, 0x08, 0x01, 0x06,
  0x02, 0x0e, 0x01, 0x04, 0x07, 0x02, 0x4c, 0x1b, 0x40, 0x0a, 0x08, 0x01,
  0x06, 0x03, 0x0e, 0x01, 0x04, 0x07, 0x02, 0x4c, 0x59, 0x4b, 0xb0, 0x16,
  0x50, 0x58, 0x40, 0x23, 0x00, 0x00, 0x00, 0x01, 0x5f, 0x00, 0x01, 0x01,
  0x16, 0x4d, 0x09, 0x01, 0x06, 0x06, 0x02, 0x61, 0x03, 0x08, 0x02, 0x02,
  0x02, 0x1d, 0x4d, 0x00, 0x07, 0x07, 0x04, 0x61, 0x05, 0x01, 0x04, 0x04,
  0x15, 0x04, 0x4e, 0x1b, 0x4b, 0xb0, 0x17, 0x50, 0x58, 0x40, 0x21, 0x00,
  0x01, 0x00, 0x00, 0x02, 0x01, 0x00, 0x67, 0x09, 0x01, 0x06, 0x06, 0x02,
  0x61, 0x03, 0x08, 0x02, 0x02, 0x02, 0x1d, 0x4d, 0x00, 0x07, 0x07, 0x04,
  0x61, 0x05, 0x01, 0x04, 0x04, 0x15, 0x04, 0x4e, 0x1b, 0x40, 0x29, 0x00,
  0x01, 0x00, 0x00, 0x02, 0x01, 0x00, 0x67, 0x00, 0x03, 0x03, 0x17, 0x4d,
  0x09, 0x01, 0x06, 0x06, 0x02, 0x61, 0x08, 0x01, 0x02, 0x02, 0x1d, 0x4d,
  0x00, 0x04, 0x04, 0x15, 0x4d, 0x00, 0x07, 0x07, 0x05, 0x61, 0x00, 0x05,
  0x05, 0x1b, 0x05, 0x4e, 0x59, 0x59, 0x40, 0x19, 0x1e, 0x1d, 0x05, 0x04,
  0x26, 0x24, 0x1d, 0x2c, 0x1e, 0x2c, 0x14, 0x12, 0x0d, 0x0c, 0x0b, 0x0a,
  0x04, 0x1c, 0x05, 0x1c, 0x11, 0x10, 0x0a, 0x07, 0x18, 0x2b, 0x01, 0x27,
  0x37, 0x33, 0x07, 0x32, 0x16, 0x16, 0x17, 0x33, 0x35, 0x33, 0x11, 0x23,
  0x35, 0x23, 0x0e, 0x02, 0x23, 0x22, 0x2e, 0x02, 0x35, 0x34, 0x3e, 0x02,
  0x17, 0x22, 0x06, 0x06, 0x15, 0x14, 0x16, 0x16, 0x33, 0x32, 0x36, 0x36,
  0x35, 0x34, 0x26, 0x26, 0x01, 0x85, 0x71, 0x51, 0x8d, 0xd4, 0x33, 0x42,
  0x23, 0x04, 0x08, 0x98, 0x98, 0x08, 0x04, 0x23, 0x42, 0x33, 0x3b, 0x57,
  0x3a, 0x1d, 0x1d, 0x3a, 0x57, 0x67, 0x29, 0x37, 0x1b, 0x1b, 0x37, 0x29,
  0x29, 0x37, 0x1b, 0x1b, 0x37, 0x02, 0x5b, 0x01, 0xb4, 0xf4, 0x21, 0x26,
  0x07, 0x44, 0xfd, 0xee, 0x44, 0x07, 0x26, 0x21, 0x2f, 0x4f, 0x62, 0x33,
  0x33, 0x62, 0x4f, 0x2f, 0x7b, 0x2d, 0x46, 0x25, 0x25, 0x46, 0x2d, 0x2d,
  0x46, 0x25, 0x25, 0x46, 0x2d, 0x00, 0x00, 0x00, 0x00, 0x03, 0x00, 0x35,
  0xff, 0xf6, 0x02, 0x5a, 0x03, 0x02, 0x00, 0x17, 0x00, 0x30, 0x00, 0x40,
  0x00, 0xe1, 0x4b, 0xb0, 0x17, 0x50, 0x58, 0x40, 0x0a, 0x1c, 0x01, 0x08,
  0x04, 0x22, 0x01, 0x06, 0x09, 0x02, 0x4c, 0x1b, 0x40, 0x0a, 0x1c, 0x01,
  0x08, 0x05, 0x22, 0x01, 0x06, 0x09, 0x02, 0x4c, 0x59, 0x4b, 0xb0, 0x17,
  0x50, 0x58, 0x40, 0x28, 0x00, 0x02, 0x0a, 0x01, 0x00, 0x04, 0x02, 0x00,
  0x69, 0x03, 0x01, 0x01, 0x01, 0x16, 0x4d, 0x0c, 0x01, 0x08, 0x08, 0x04,
  0x61, 0x05, 0x0b, 0x02, 0x04, 0x04, 0x1d, 0x4d, 0x00, 0x09, 0x09, 0x06,
  0x62, 0x07, 0x01, 0x06, 0x06, 0x15, 0x06, 0x4e, 0x1b, 0x4b, 0xb0, 0x2f,
  0x50, 0x58, 0x40, 0x30, 0x00, 0x02, 0x0a, 0x01, 0x00, 0x04, 0x02, 0x00,
  0x69, 0x03, 0x01, 0x01, 0x01, 0x16, 0x4d, 0x00, 0x05, 0x05, 0x17, 0x4d,
  0x0c, 0x01, 0x08, 0x08, 0x04, 0x61, 0x0b, 0x01, 0x04, 0x04, 0x1d, 0x4d,
  0x00, 0x06, 0x06, 0x15, 0x4d, 0x00, 0x09, 0x09, 0x07, 0x62, 0x00, 0x07,
  0x07, 0x1b, 0x07, 0x4e, 0x1b, 0x40, 0x30, 0x03, 0x01, 0x01, 0x02, 0x01,
  0x85, 0x00, 0x02, 0x0a, 0x01, 0x00, 0x04, 0x02, 0x00, 0x69, 0x00, 0x05,
  0x05, 0x17, 0x4d, 0x0c, 0x01, 0x08, 0x08, 0x04, 0x61, 0x0b, 0x01, 0x04,
  0x04, 0x1d, 0x4d, 0x00, 0x06, 0x06, 0x15, 0x4d, 0x00, 0x09, 0x09, 0x07,
  0x62, 0x00, 0x07, 0x07, 0x1b, 0x07, 0x4e, 0x59, 0x59, 0x40, 0x23, 0x32,
  0x31, 0x19, 0x18, 0x01, 0x00, 0x3a, 0x38, 0x31, 0x40, 0x32, 0x40, 0x28,
  0x26, 0x21, 0x20, 0x1f, 0x1e, 0x18, 0x30, 0x19, 0x30, 0x12, 0x10, 0x0d,
  0x0b, 0x07, 0x05, 0x00, 0x17, 0x01, 0x17, 0x0d, 0x07, 0x16, 0x2b, 0x01,
  0x22, 0x2e, 0x03, 0x31, 0x33, 0x30, 0x1e, 0x02, 0x33, 0x32, 0x3e, 0x02,
  0x31, 0x33, 0x30, 0x0e, 0x03, 0x07, 0x32, 0x16, 0x16, 0x17, 0x33, 0x35,
  0x33, 0x11, 0x23, 0x35, 0x23, 0x0e, 0x02, 0x23, 0x22, 0x2e, 0x02, 0x35,
  0x34, 0x3e, 0x02, 0x17, 0x22, 0x06, 0x06, 0x15, 0x14, 0x16, 0x16, 0x33,
  0x32, 0x36, 0x36, 0x35, 0x34, 0x26, 0x26, 0x01, 0x4c, 0x38, 0x45, 0x25,
  0x10, 0x03, 0x64, 0x03, 0x0f, 0x21, 0x1e, 0x1e, 0x21, 0x0e, 0x03, 0x64,
  0x02, 0x10, 0x26, 0x45, 0x65, 0x33, 0x42, 0x23, 0x04, 0x08, 0x98, 0x98,
  0x08, 0x04, 0x23, 0x42, 0x33, 0x3b, 0x57, 0x3a, 0x1d, 0x1d, 0x3a, 0x57,
  0x67, 0x29, 0x37, 0x1b, 0x1b, 0x37, 0x29, 0x29, 0x37, 0x1b, 0x1b, 0x37,
  0x02, 0x55, 0x23, 0x33, 0x34, 0x23, 0x1a, 0x21, 0x19, 0x19, 0x21, 0x1a,
  0x23, 0x34, 0x33, 0x23, 0x39, 0x21, 0x26, 0x07, 0x44, 0xfd, 0xee, 0x44,
  0x07, 0x26, 0x21, 0x2f, 0x4f, 0x62, 0x33, 0x33, 0x62, 0x4f, 0x2f, 0x7b,
  0x2d, 0x46, 0x25, 0x25, 0x46, 0x2d, 0x2d, 0x46, 0x25, 0x25, 0x46, 0x2d,
  0x00, 0x04, 0x00, 0x35, 0xff, 0xf6, 0x02, 0x5a, 0x03, 0xc6, 0x00, 0x03,
  0x00, 0x1b, 0x00, 0x34, 0x00, 0x44, 0x00, 0xfe, 0x4b, 0xb0, 0x17, 0x50,
  0x58, 0x40, 0x0a, 0x20, 0x01, 0x0a, 0x06, 0x26, 0x01, 0x08, 0x0b, 0x02,
  0x4c, 0x1b, 0x40, 0x0a, 0x20, 0x01, 0x0a, 0x07, 0x26, 0x01, 0x08, 0x0b,
  0x02, 0x4c, 0x59, 0x4b, 0xb0, 0x17, 0x50, 0x58, 0x40, 0x30, 0x00, 0x01,
  0x00, 0x00, 0x03, 0x01, 0x00, 0x67, 0x00, 0x04, 0x0c, 0x01, 0x02, 0x06,
  0x04, 0x02, 0x69, 0x05, 0x01, 0x03, 0x03, 0x16, 0x4d, 0x0e, 0x01, 0x0a,
  0x0a, 0x06, 0x61, 0x07, 0x0d, 0x02, 0x06, 0x06, 0x1d, 0x4d, 0x00, 0x0b,
  0x0b, 0x08, 0x62, 0x09, 0x01, 0x08, 0x08, 0x15, 0x08, 0x4e, 0x1b, 0x4b,
  0xb0, 0x2f, 0x50, 0x58, 0x40, 0x38, 0x00, 0x01, 0x00, 0x00, 0x03, 0x01,
  0x00, 0x67, 0x00, 0x04, 0x0c, 0x01, 0x02, 0x06, 0x04, 0x02, 0x69, 0x05,
  0x01, 0x03, 0x03, 0x16, 0x4d, 0x00, 0x07, 0x07, 0x17, 0x4d, 0x0e, 0x01,
  0x0a, 0x0a, 0x06, 0x61, 0x0d, 0x01, 0x06, 0x06, 0x1d, 0x4d, 0x00, 0x08,
  0x08, 0x15, 0x4d, 0x00, 0x0b, 0x0b, 0x09, 0x62, 0x00, 0x09, 0x09, 0x1b,
  0x09, 0x4e, 0x1b, 0x40, 0x3b, 0x05, 0x01, 0x03, 0x00, 0x04, 0x00, 0x03,
  0x04, 0x80, 0x00, 0x01, 0x00, 0x00, 0x03, 0x01, 0x00, 0x67, 0x00, 0x04,
  0x0c, 0x01, 0x02, 0x06, 0x04, 0x02, 0x69, 0x00, 0x07, 0x07, 0x17, 0x4d,
  0x0e, 0x01, 0x0a, 0x0a, 0x06, 0x61, 0x0d, 0x01, 0x06, 0x06, 0x1d, 0x4d,
  0x00, 0x08, 0x08, 0x15, 0x4d, 0x00, 0x0b, 0x0b, 0x09, 0x62, 0x00, 0x09,
  0x09, 0x1b, 0x09, 0x4e, 0x59, 0x59, 0x40, 0x25, 0x36, 0x35, 0x1d, 0x1c,
  0x05, 0x04, 0x3e, 0x3c, 0x35, 0x44, 0x36, 0x44, 0x2c, 0x2a, 0x25, 0x24,
  0x23, 0x22, 0x1c, 0x34, 0x1d, 0x34, 0x16, 0x14, 0x11, 0x0f, 0x0b, 0x09,
  0x04, 0x1b, 0x05, 0x1b, 0x11, 0x10, 0x0f, 0x07, 0x18, 0x2b, 0x01, 0x27,
  0x37, 0x33, 0x03, 0x22, 0x2e, 0x03, 0x31, 0x33, 0x30, 0x1e, 0x02, 0x33,
  0x32, 0x3e, 0x02, 0x31, 0x33, 0x30, 0x0e, 0x03, 0x07, 0x32, 0x16, 0x16,
  0x17, 0x33, 0x35, 0x33, 0x11, 0x23, 0x35, 0x23, 0x0e, 0x02, 0x23, 0x22,
  0x2e, 0x02, 0x35, 0x34, 0x3e, 0x02, 0x17, 0x22, 0x06, 0x06, 0x15, 0x14,
  0x16, 0x16, 0x33, 0x32, 0x36, 0x36, 0x35, 0x34, 0x26, 0x26, 0x01, 0x85,
  0x71, 0x51, 0x8d, 0xa6, 0x37, 0x45, 0x26, 0x10, 0x03, 0x64, 0x04, 0x0f,
  0x21, 0x1d, 0x1d, 0x21, 0x0f, 0x03, 0x64, 0x03, 0x10, 0x26, 0x44, 0x65,
  0x33, 0x42, 0x23, 0x04, 0x08, 0x98, 0x98, 0x08, 0x04, 0x23, 0x42, 0x33,
  0x3b, 0x57, 0x3a, 0x1d, 0x1d, 0x3a, 0x57, 0x67, 0x29, 0x37, 0x1b, 0x1b,
  0x37, 0x29, 0x29, 0x37, 0x1b, 0x1b, 0x37, 0x03, 0x11, 0x01, 0xb4, 0xfe,
  0x8f, 0x20, 0x2e, 0x2f, 0x20, 0x16, 0x1b, 0x15, 0x15, 0x1b, 0x16, 0x20,
  0x2f, 0x2e, 0x20, 0x39, 0x21, 0x26, 0x07, 0x44, 0xfd, 0xee, 0x44, 0x07,
  0x26, 0x21, 0x2f, 0x4f, 0x62, 0x33, 0x33, 0x62, 0x4f, 0x2f, 0x7b, 0x2d,
  0x46, 0x25, 0x25, 0x46, 0x2d, 0x2d, 0x46, 0x25, 0x25, 0x46, 0x2d, 0x00,
  0x00, 0x04, 0x00, 0x35, 0xff, 0x09, 0x02, 0x5a, 0x03, 0x02, 0x00, 0x17,
  0x00, 0x30, 0x00, 0x40, 0x00, 0x4c, 0x01, 0x01, 0x4b, 0xb0, 0x17, 0x50,
  0x58, 0x40, 0x0a, 0x1c, 0x01, 0x08, 0x04, 0x22, 0x01, 0x06, 0x09, 0x02,
  0x4c, 0x1b, 0x40, 0x0a, 0x1c, 0x01, 0x08, 0x05, 0x22, 0x01, 0x06, 0x09,
  0x02, 0x4c, 0x59, 0x4b, 0xb0, 0x17, 0x50, 0x58, 0x40, 0x30, 0x00, 0x02,
  0x0c, 0x01, 0x00, 0x04, 0x02, 0x00, 0x69, 0x00, 0x0b, 0x0f, 0x01, 0x0a,
  0x0b, 0x0a, 0x65, 0x03, 0x01, 0x01, 0x01, 0x16, 0x4d, 0x0e, 0x01, 0x08,
  0x08, 0x04, 0x61, 0x05, 0x0d, 0x02, 0x04, 0x04, 0x1d, 0x4d, 0x00, 0x09,
  0x09, 0x06, 0x62, 0x07, 0x01, 0x06, 0x06, 0x15, 0x06, 0x4e, 0x1b, 0x4b,
  0xb0, 0x2f, 0x50, 0x58, 0x40, 0x38, 0x00, 0x02, 0x0c, 0x01, 0x00, 0x04,
  0x02, 0x00, 0x69, 0x00, 0x0b, 0x0f, 0x01, 0x0a, 0x0b, 0x0a, 0x65, 0x03,
  0x01, 0x01, 0x01, 0x16, 0x4d, 0x00, 0x05, 0x05, 0x17, 0x4d, 0x0e, 0x01,
  0x08, 0x08, 0x04, 0x61, 0x0d, 0x01, 0x04, 0x04, 0x1d, 0x4d, 0x00, 0x06,
  0x06, 0x15, 0x4d, 0x00, 0x09, 0x09, 0x07, 0x62, 0x00, 0x07, 0x07, 0x1b,
  0x07, 0x4e, 0x1b, 0x40, 0x38, 0x03, 0x01, 0x01, 0x02, 0x01, 0x85, 0x00,
  0x02, 0x0c, 0x01, 0x00, 0x04, 0x02, 0x00, 0x69, 0x00, 0x0b, 0x0f, 0x01,
  0x0a, 0x0b, 0x0a, 0x65, 0x00, 0x05, 0x05, 0x17, 0x4d, 0x0e, 0x01, 0x08,
  0x08, 0x04, 0x61, 0x0d, 0x01, 0x04, 0x04, 0x1d, 0x4d, 0x00, 0x06, 0x06,
  0x15, 0x4d, 0x00, 0x09, 0x09, 0x07, 0x62, 0x00, 0x07, 0x07, 0x1b, 0x07,
  0x4e, 0x59, 0x59, 0x40, 0x2b, 0x42, 0x41, 0x32, 0x31, 0x19, 0x18, 0x01,
  0x00, 0x48, 0x46, 0x41, 0x4c, 0x42, 0x4c, 0x3a, 0x38, 0x31, 0x40, 0x32,
  0x40, 0x28, 0x26, 0x21, 0x20, 0x1f, 0x1e, 0x18, 0x30, 0x19, 0x30, 0x12,
  0x10, 0x0d, 0x0b, 0x07, 0x05, 0x00, 0x17, 0x01, 0x17, 0x10, 0x07, 0x16,
  0x2b, 0x01, 0x22, 0x2e, 0x03, 0x31, 0x33, 0x30, 0x1e, 0x02, 0x33, 0x32,
  0x3e, 0x02, 0x31, 0x33, 0x30, 0x0e, 0x03, 0x07, 0x32, 0x16, 0x16, 0x17,
  0x33, 0x35, 0x33, 0x11, 0x23, 0x35, 0x23, 0x0e, 0x02, 0x23, 0x22, 0x2e,
  0x02, 0x35, 0x34, 0x3e, 0x02, 0x17, 0x22, 0x06, 0x06, 0x15, 0x14, 0x16,
  0x16, 0x33, 0x32, 0x36, 0x36, 0x35, 0x34, 0x26, 0x26, 0x03, 0x22, 0x26,
  0x35, 0x34, 0x36, 0x33, 0x32, 0x16, 0x15, 0x14, 0x06, 0x01, 0x4c, 0x38,
  0x45, 0x25, 0x10, 0x03, 0x64, 0x03, 0x0f, 0x21, 0x1e, 0x1e, 0x21, 0x0e,
  0x03, 0x64, 0x02, 0x10, 0x26, 0x45, 0x65, 0x33, 0x42, 0x23, 0x04, 0x08,
  0x98, 0x98, 0x08, 0x04, 0x23, 0x42, 0x33, 0x3b, 0x57, 0x3a, 0x1d, 0x1d,
  0x3a, 0x57, 0x67, 0x29, 0x37, 0x1b, 0x1b, 0x37, 0x29, 0x29, 0x37, 0x1b,
  0x1b, 0x37, 0x27, 0x23, 0x2d, 0x2d, 0x23, 0x22, 0x2d, 0x2d, 0x02, 0x55,
  0x23, 0x33, 0x34, 0x23, 0x1a, 0x21, 0x19, 0x19, 0x21, 0x1a, 0x23, 0x34,
  0x33, 0x23, 0x39, 0x21, 0x26, 0x07, 0x44, 0xfd, 0xee, 0x44, 0x07, 0x26,
  0x21, 0x2f, 0x4f, 0x62, 0x33, 0x33, 0x62, 0x4f, 0x2f, 0x7b, 0x2d, 0x46,
  0x25, 0x25, 0x46, 0x2d, 0x2d, 0x46, 0x25, 0x25, 0x46, 0x2d, 0xfd, 0x68,
  0x2f, 0x21, 0x21, 0x2e, 0x2e, 0x21, 0x21, 0x2f, 0x00, 0x04, 0x00, 0x35,
  0xff, 0xf6, 0x02, 0x5a, 0x03, 0xc6, 0x00, 0x03, 0x00, 0x1b, 0x00, 0x34,
  0x00, 0x44, 0x01, 0x06, 0x4b, 0xb0, 0x17, 0x50, 0x58, 0x40, 0x0a, 0x20,
  0x01, 0x0a, 0x06, 0x26, 0x01, 0x08, 0x0b, 0x02, 0x4c, 0x1b, 0x40, 0x0a,
  0x20, 0x01, 0x0a, 0x07, 0x26, 0x01, 0x08, 0x0b, 0x02, 0x4c, 0x59, 0x4b,
  0xb0, 0x17, 0x50, 0x58, 0x40, 0x31, 0x00, 0x00, 0x0c, 0x01, 0x01, 0x03,
  0x00, 0x01, 0x67, 0x00, 0x04, 0x0d, 0x01, 0x02, 0x06, 0x04, 0x02, 0x69,
  0x05, 0x01, 0x03, 0x03, 0x16, 0x4d, 0x0f, 0x01, 0x0a, 0x0a, 0x06, 0x61,
  0x07, 0x0e, 0x02, 0x06, 0x06, 0x1d, 0x4d, 0x00, 0x0b, 0x0b, 0x08, 0x62,
  0x09, 0x01, 0x08, 0x08, 0x15, 0x08, 0x4e, 0x1b, 0x4b, 0xb0, 0x2f, 0x50,
  0x58, 0x40, 0x39, 0x00, 0x00, 0x0c, 0x01, 0x01, 0x03, 0x00, 0x01, 0x67,
  0x00, 0x04, 0x0d, 0x01, 0x02, 0x06, 0x04, 0x02, 0x69, 0x05, 0x01, 0x03,
  0x03, 0x16, 0x4d, 0x00, 0x07, 0x07, 0x17, 0x4d, 0x0f, 0x01, 0x0a, 0x0a,
  0x06, 0x61, 0x0e, 0x01, 0x06, 0x06, 0x1d, 0x4d, 0x00, 0x08, 0x08, 0x15,
  0x4d, 0x00, 0x0b, 0x0b, 0x09, 0x62, 0x00, 0x09, 0x09, 0x1b, 0x09, 0x4e,
  0x1b, 0x40, 0x3c, 0x05, 0x01, 0x03, 0x01, 0x04, 0x01, 0x03, 0x04, 0x80,
  0x00, 0x00, 0x0c, 0x01, 0x01, 0x03, 0x00, 0x01, 0x67, 0x00, 0x04, 0x0d,
  0x01, 0x02, 0x06, 0x04, 0x02, 0x69, 0x00, 0x07, 0x07, 0x17, 0x4d, 0x0f,
  0x01, 0x0a, 0x0a, 0x06, 0x61, 0x0e, 0x01, 0x06, 0x06, 0x1d, 0x4d, 0x00,
  0x08, 0x08, 0x15, 0x4d, 0x00, 0x0b, 0x0b, 0x09, 0x62, 0x00, 0x09, 0x09,
  0x1b, 0x09, 0x4e, 0x59, 0x59, 0x40, 0x2a, 0x36, 0x35, 0x1d, 0x1c, 0x05,
  0x04, 0x00, 0x00, 0x3e, 0x3c, 0x35, 0x44, 0x36, 0x44, 0x2c, 0x2a, 0x25,
  0x24, 0x23, 0x22, 0x1c, 0x34, 0x1d, 0x34, 0x16, 0x14, 0x11, 0x0f, 0x0b,
  0x09, 0x04, 0x1b, 0x05, 0x1b, 0x00, 0x03, 0x00, 0x03, 0x11, 0x10, 0x07,
  0x17, 0x2b, 0x01, 0x27, 0x33, 0x17, 0x07, 0x22, 0x2e, 0x03, 0x31, 0x33,
  0x30, 0x1e, 0x02, 0x33, 0x32, 0x3e, 0x02, 0x31, 0x33, 0x30, 0x0e, 0x03,
  0x07, 0x32, 0x16, 0x16, 0x17, 0x33, 0x35, 0x33, 0x11, 0x23, 0x35, 0x23,
  0x0e, 0x02, 0x23, 0x22, 0x2e, 0x02, 0x35, 0x34, 0x3e, 0x02, 0x17, 0x22,
  0x06, 0x06, 0x15, 0x14, 0x16, 0x16, 0x33, 0x32, 0x36, 0x36, 0x35, 0x34,
  0x26, 0x26, 0x01, 0x16, 0x6e, 0x8d, 0x51, 0x3b, 0x37, 0x45, 0x25, 0x10,
  0x03, 0x63, 0x04, 0x0f, 0x21, 0x1d, 0x1d, 0x21, 0x0f, 0x04, 0x63, 0x03,
  0x10, 0x25, 0x45, 0x64, 0x33, 0x42, 0x23, 0x04, 0x08, 0x98, 0x98, 0x08,
  0x04, 0x23, 0x42, 0x33, 0x3b, 0x57, 0x3a, 0x1d, 0x1d, 0x3a, 0x57, 0x67,
  0x29, 0x37, 0x1b, 0x1b, 0x37, 0x29, 0x29, 0x37, 0x1b, 0x1b, 0x37, 0x03,
  0x11, 0xb5, 0xb4, 0xbd, 0x20, 0x2e, 0x2f, 0x20, 0x16, 0x1b, 0x15, 0x15,
  0x1b, 0x16, 0x20, 0x2f, 0x2e, 0x20, 0x39, 0x21, 0x26, 0x07, 0x44, 0xfd,
  0xee, 0x44, 0x07, 0x26, 0x21, 0x2f, 0x4f, 0x62, 0x33, 0x33, 0x62, 0x4f,
  0x2f, 0x7b, 0x2d, 0x46, 0x25, 0x25, 0x46, 0x2d, 0x2d, 0x46, 0x25, 0x25,
  0x46, 0x2d, 0x00, 0x00, 0x00, 0x04, 0x00, 0x35, 0xff, 0xf6, 0x02, 0x5a,
  0x03, 0xf5, 0x00, 0x1c, 0x00, 0x34, 0x00, 0x4d, 0x00, 0x5d, 0x01, 0x83,
  0x4b, 0xb0, 0x17, 0x50, 0x58, 0x40, 0x0a, 0x39, 0x01, 0x0c, 0x08, 0x3f,
  0x01, 0x0a, 0x0d, 0x02, 0x4c, 0x1b, 0x40, 0x0a, 0x39, 0x01, 0x0c, 0x09,
  0x3f, 0x01, 0x0a, 0x0d, 0x02, 0x4c, 0x59, 0x4b, 0xb0, 0x17, 0x50, 0x58,
  0x40, 0x3f, 0x00, 0x01, 0x00, 0x03, 0x00, 0x01, 0x72, 0x0e, 0x01, 0x03,
  0x05, 0x00, 0x03, 0x05, 0x7e, 0x00, 0x02, 0x00, 0x00, 0x01, 0x02, 0x00,
  0x69, 0x00, 0x06, 0x0f, 0x01, 0x04, 0x08, 0x06, 0x04, 0x69, 0x07, 0x01,
  0x05, 0x05, 0x16, 0x4d, 0x11, 0x01, 0x0c, 0x0c, 0x08, 0x61, 0x09, 0x10,
  0x02, 0x08, 0x08, 0x1d, 0x4d, 0x00, 0x0d, 0x0d, 0x0a, 0x62, 0x0b, 0x01,
  0x0a, 0x0a, 0x15, 0x0a, 0x4e, 0x1b, 0x4b, 0xb0, 0x21, 0x50, 0x58, 0x40,
  0x47, 0x00, 0x01, 0x00, 0x03, 0x00, 0x01, 0x72, 0x0e, 0x01, 0x03, 0x05,
  0x00, 0x03, 0x05, 0x7e, 0x00, 0x02, 0x00, 0x00, 0x01, 0x02, 0x00, 0x69,
  0x00, 0x06, 0x0f, 0x01, 0x04, 0x08, 0x06, 0x04, 0x69, 0x07, 0x01, 0x05,
  0x05, 0x16, 0x4d, 0x00, 0x09, 0x09, 0x17, 0x4d, 0x11, 0x01, 0x0c, 0x0c,
  0x08, 0x61, 0x10, 0x01, 0x08, 0x08, 0x1d, 0x4d, 0x00, 0x0a, 0x0a, 0x15,
  0x4d, 0x00, 0x0d, 0x0d, 0x0b, 0x62, 0x00, 0x0b, 0x0b, 0x1b, 0x0b, 0x4e,
  0x1b, 0x4b, 0xb0, 0x2f, 0x50, 0x58, 0x40, 0x48, 0x00, 0x01, 0x00, 0x03,
  0x00, 0x01, 0x03, 0x80, 0x0e, 0x01, 0x03, 0x05, 0x00, 0x03, 0x05, 0x7e,
  0x00, 0x02, 0x00, 0x00, 0x01, 0x02, 0x00, 0x69, 0x00, 0x06, 0x0f, 0x01,
  0x04, 0x08, 0x06, 0x04, 0x69, 0x07, 0x01, 0x05, 0x05, 0x16, 0x4d, 0x00,
  0x09, 0x09, 0x17, 0x4d, 0x11, 0x01, 0x0c, 0x0c, 0x08, 0x61, 0x10, 0x01,
  0x08, 0x08, 0x1d, 0x4d, 0x00, 0x0a, 0x0a, 0x15, 0x4d, 0x00, 0x0d, 0x0d,
  0x0b, 0x62, 0x00, 0x0b, 0x0b, 0x1b, 0x0b, 0x4e, 0x1b, 0x40, 0x4a, 0x00,
  0x01, 0x00, 0x03, 0x00, 0x01, 0x03, 0x80, 0x0e, 0x01, 0x03, 0x05, 0x00,
  0x03, 0x05, 0x7e, 0x07, 0x01, 0x05, 0x06, 0x00, 0x05, 0x06, 0x7e, 0x00,
  0x02, 0x00, 0x00, 0x01, 0x02, 0x00, 0x69, 0x00, 0x06, 0x0f, 0x01, 0x04,
  0x08, 0x06, 0x04, 0x69, 0x00, 0x09, 0x09, 0x17, 0x4d, 0x11, 0x01, 0x0c,
  0x0c, 0x08, 0x61, 0x10, 0x01, 0x08, 0x08, 0x1d, 0x4d, 0x00, 0x0a, 0x0a,
  0x15, 0x4d, 0x00, 0x0d, 0x0d, 0x0b, 0x62, 0x00, 0x0b, 0x0b, 0x1b, 0x0b,
  0x4e, 0x59, 0x59, 0x59, 0x40, 0x2c, 0x4f, 0x4e, 0x36, 0x35, 0x1e, 0x1d,
  0x00, 0x00, 0x57, 0x55, 0x4e, 0x5d, 0x4f, 0x5d, 0x45, 0x43, 0x3e, 0x3d,
  0x3c, 0x3b, 0x35, 0x4d, 0x36, 0x4d, 0x2f, 0x2d, 0x2a, 0x28, 0x24, 0x22,
  0x1d, 0x34, 0x1e, 0x34, 0x00, 0x1c, 0x00, 0x1c, 0x23, 0x22, 0x2a, 0x12,
  0x07, 0x19, 0x2b, 0x01, 0x35, 0x34, 0x36, 0x37, 0x37, 0x36, 0x36, 0x35,
  0x34, 0x26, 0x23, 0x22, 0x06, 0x06, 0x15, 0x23, 0x34, 0x36, 0x36, 0x33,
  0x32, 0x16, 0x15, 0x14, 0x06, 0x07, 0x07, 0x15, 0x07, 0x22, 0x2e, 0x03,
  0x31, 0x33, 0x30, 0x1e, 0x02, 0x33, 0x32, 0x3e, 0x02, 0x31, 0x33, 0x30,
  0x0e, 0x03, 0x07, 0x32, 0x16, 0x16, 0x17, 0x33, 0x35, 0x33, 0x11, 0x23,
  0x35, 0x23, 0x0e, 0x02, 0x23, 0x22, 0x2e, 0x02, 0x35, 0x34, 0x3e, 0x02,
  0x17, 0x22, 0x06, 0x06, 0x15, 0x14, 0x16, 0x16, 0x33, 0x32, 0x36, 0x36,
  0x35, 0x34, 0x26, 0x26, 0x01, 0x20, 0x0b, 0x0e, 0x0f, 0x15, 0x16, 0x13,
  0x12, 0x12, 0x11, 0x04, 0x57, 0x19, 0x37, 0x2d, 0x3c, 0x47, 0x2f, 0x25,
  0x05, 0x2c, 0x37, 0x45, 0x25, 0x10, 0x03, 0x63, 0x04, 0x0f, 0x21, 0x1d,
  0x1d, 0x21, 0x0f, 0x04, 0x63, 0x03, 0x10, 0x25, 0x45, 0x64, 0x33, 0x42,
  0x23, 0x04, 0x08, 0x98, 0x98, 0x08, 0x04, 0x23, 0x42, 0x33, 0x3b, 0x57,
  0x3a, 0x1d, 0x1d, 0x3a, 0x57, 0x67, 0x29, 0x37, 0x1b, 0x1b, 0x37, 0x29,
  0x29, 0x37, 0x1b, 0x1b, 0x37, 0x03, 0x06, 0x21, 0x0d, 0x16, 0x07, 0x08,
  0x0a, 0x16, 0x0f, 0x0d, 0x13, 0x11, 0x14, 0x02, 0x1b, 0x35, 0x24, 0x3f,
  0x2b, 0x23, 0x31, 0x13, 0x02, 0x1c, 0xb1, 0x20, 0x2e, 0x2f, 0x20, 0x16,
  0x1b, 0x15, 0x15, 0x1b, 0x16, 0x20, 0x2f, 0x2e, 0x20, 0x39, 0x21, 0x26,
  0x07, 0x44, 0xfd, 0xee, 0x44, 0x07, 0x26, 0x21, 0x2f, 0x4f, 0x62, 0x33,
  0x33, 0x62, 0x4f, 0x2f, 0x7b, 0x2d, 0x46, 0x25, 0x25, 0x46, 0x2d, 0x2d,
  0x46, 0x25, 0x25, 0x46, 0x2d, 0x00, 0x00, 0x00, 0x00, 0x04, 0x00, 0x35,
  0xff, 0xf6, 0x02, 0x5a, 0x03, 0xb9, 0x00, 0x18, 0x00, 0x30, 0x00, 0x49,
  0x00, 0x59, 0x01, 0x95, 0x4b, 0xb0, 0x17, 0x50, 0x58, 0x40, 0x0a, 0x35,
  0x01, 0x0e, 0x0a, 0x3b, 0x01, 0x0c, 0x0f, 0x02, 0x4c, 0x1b, 0x40, 0x0a,
  0x35, 0x01, 0x0e, 0x0b, 0x3b, 0x01, 0x0c, 0x0f, 0x02, 0x4c, 0x59, 0x4b,
  0xb0, 0x17, 0x50, 0x58, 0x40, 0x3b, 0x05, 0x01, 0x03, 0x00, 0x01, 0x00,
  0x03, 0x01, 0x69, 0x00, 0x04, 0x02, 0x10, 0x02, 0x00, 0x07, 0x04, 0x00,
  0x6a, 0x00, 0x08, 0x11, 0x01, 0x06, 0x0a, 0x08, 0x06, 0x69, 0x09, 0x01,
  0x07, 0x07, 0x16, 0x4d, 0x13, 0x01, 0x0e, 0x0e, 0x0a, 0x61, 0x0b, 0x12,
  0x02, 0x0a, 0x0a, 0x1d, 0x4d, 0x00, 0x0f, 0x0f, 0x0c, 0x62, 0x0d, 0x01,
  0x0c, 0x0c, 0x15, 0x0c, 0x4e, 0x1b, 0x4b, 0xb0, 0x26, 0x50, 0x58, 0x40,
  0x43, 0x05, 0x01, 0x03, 0x00, 0x01, 0x00, 0x03, 0x01, 0x69, 0x00, 0x04,
  0x02, 0x10, 0x02, 0x00, 0x07, 0x04, 0x00, 0x6a, 0x00, 0x08, 0x11, 0x01,
  0x06, 0x0a, 0x08, 0x06, 0x69, 0x09, 0x01, 0x07, 0x07, 0x16, 0x4d, 0x00,
  0x0b, 0x0b, 0x17, 0x4d, 0x13, 0x01, 0x0e, 0x0e, 0x0a, 0x61, 0x12, 0x01,
  0x0a, 0x0a, 0x1d, 0x4d, 0x00, 0x0c, 0x0c, 0x15, 0x4d, 0x00, 0x0f, 0x0f,
  0x0d, 0x62, 0x00, 0x0d, 0x0d, 0x1b, 0x0d, 0x4e, 0x1b, 0x4b, 0xb0, 0x2f,
  0x50, 0x58, 0x40, 0x51, 0x00, 0x05, 0x03, 0x04, 0x03, 0x05, 0x04, 0x80,
  0x00, 0x02, 0x01, 0x00, 0x01, 0x02, 0x00, 0x80, 0x00, 0x03, 0x00, 0x01,
  0x02, 0x03, 0x01, 0x69, 0x00, 0x04, 0x10, 0x01, 0x00, 0x07, 0x04, 0x00,
  0x6a, 0x00, 0x08, 0x11, 0x01, 0x06, 0x0a, 0x08, 0x06, 0x69, 0x09, 0x01,
  0x07, 0x07, 0x16, 0x4d, 0x00, 0x0b, 0x0b, 0x17, 0x4d, 0x13, 0x01, 0x0e,
  0x0e, 0x0a, 0x61, 0x12, 0x01, 0x0a, 0x0a, 0x1d, 0x4d, 0x00, 0x0c, 0x0c,
  0x15, 0x4d, 0x00, 0x0f, 0x0f, 0x0d, 0x62, 0x00, 0x0d, 0x0d, 0x1b, 0x0d,
  0x4e, 0x1b, 0x40, 0x54, 0x00, 0x05, 0x03, 0x04, 0x03, 0x05, 0x04, 0x80,
  0x00, 0x02, 0x01, 0x00, 0x01, 0x02, 0x00, 0x80, 0x09, 0x01, 0x07, 0x00,
  0x08, 0x00, 0x07, 0x08, 0x80, 0x00, 0x03, 0x00, 0x01, 0x02, 0x03, 0x01,
  0x69, 0x00, 0x04, 0x10, 0x01, 0x00, 0x07, 0x04, 0x00, 0x6a, 0x00, 0x08,
  0x11, 0x01, 0x06, 0x0a, 0x08, 0x06, 0x69, 0x00, 0x0b, 0x0b, 0x17, 0x4d,
  0x13, 0x01, 0x0e, 0x0e, 0x0a, 0x61, 0x12, 0x01, 0x0a, 0x0a, 0x1d, 0x4d,
  0x00, 0x0c, 0x0c, 0x15, 0x4d, 0x00, 0x0f, 0x0f, 0x0d, 0x62, 0x00, 0x0d,
  0x0d, 0x1b, 0x0d, 0x4e, 0x59, 0x59, 0x59, 0x40, 0x33, 0x4b, 0x4a, 0x32,
  0x31, 0x1a, 0x19, 0x01, 0x00, 0x53, 0x51, 0x4a, 0x59, 0x4b, 0x59, 0x41,
  0x3f, 0x3a, 0x39, 0x38, 0x37, 0x31, 0x49, 0x32, 0x49, 0x2b, 0x29, 0x26,
  0x24, 0x20, 0x1e, 0x19, 0x30, 0x1a, 0x30, 0x15, 0x14, 0x13, 0x11, 0x0e,
  0x0c, 0x09, 0x08, 0x06, 0x04, 0x00, 0x18, 0x01, 0x18, 0x14, 0x07, 0x16,
  0x2b, 0x01, 0x22, 0x2e, 0x02, 0x23, 0x22, 0x06, 0x15, 0x23, 0x34, 0x36,
  0x36, 0x33, 0x32, 0x1e, 0x02, 0x33, 0x32, 0x35, 0x33, 0x14, 0x06, 0x06,
  0x07, 0x22, 0x2e, 0x03, 0x31, 0x33, 0x30, 0x1e, 0x02, 0x33, 0x32, 0x3e,
  0x02, 0x31, 0x33, 0x30, 0x0e, 0x03, 0x07, 0x32, 0x16, 0x16, 0x17, 0x33,
  0x35, 0x33, 0x11, 0x23, 0x35, 0x23, 0x0e, 0x02, 0x23, 0x22, 0x2e, 0x02,
  0x35, 0x34, 0x3e, 0x02, 0x17, 0x22, 0x06, 0x06, 0x15, 0x14, 0x16, 0x16,
  0x33, 0x32, 0x36, 0x36, 0x35, 0x34, 0x26, 0x26, 0x01, 0x96, 0x1b, 0x27,
  0x1e, 0x19, 0x0e, 0x10, 0x0c, 0x51, 0x0f, 0x2c, 0x29, 0x1c, 0x27, 0x1e,
  0x19, 0x0d, 0x1c, 0x51, 0x10, 0x2b, 0x73, 0x37, 0x45, 0x26, 0x10, 0x03,
  0x64, 0x04, 0x0f, 0x21, 0x1d, 0x1d, 0x21, 0x0f, 0x03, 0x64, 0x03, 0x10,
  0x26, 0x44, 0x65, 0x33, 0x42, 0x23, 0x04, 0x08, 0x98, 0x98, 0x08, 0x04,
  0x23, 0x42, 0x33, 0x3b, 0x57, 0x3a, 0x1d, 0x1d, 0x3a, 0x57, 0x67, 0x29,
  0x37, 0x1b, 0x1b, 0x37, 0x29, 0x29, 0x37, 0x1b, 0x1b, 0x37, 0x03, 0x20,
  0x12, 0x19, 0x13, 0x1e, 0x1a, 0x21, 0x44, 0x2e, 0x13, 0x18, 0x13, 0x38,
  0x21, 0x44, 0x2e, 0xcb, 0x20, 0x2e, 0x2f, 0x20, 0x16, 0x1b, 0x15, 0x15,
  0x1b, 0x16, 0x20, 0x2f, 0x2e, 0x20, 0x39, 0x21, 0x26, 0x07, 0x44, 0xfd,
  0xee, 0x44, 0x07, 0x26, 0x21, 0x2f, 0x4f, 0x62, 0x33, 0x33, 0x62, 0x4f,
  0x2f, 0x7b, 0x2d, 0x46, 0x25, 0x25, 0x46, 0x2d, 0x2d, 0x46, 0x25, 0x25,
  0x46, 0x2d, 0x00, 0x00, 0x00, 0x03, 0x00, 0x35, 0xff, 0xf6, 0x02, 0x5a,
  0x03, 0x08, 0x00, 0x06, 0x00, 0x1f, 0x00, 0x2f, 0x00, 0xe2, 0x4b, 0xb0,
  0x17, 0x50, 0x58, 0x40, 0x0e, 0x05, 0x01, 0x01, 0x00, 0x0b, 0x01, 0x07,
  0x03, 0x11, 0x01, 0x05, 0x08, 0x03, 0x4c, 0x1b, 0x40, 0x0e, 0x05, 0x01,
  0x01, 0x00, 0x0b, 0x01, 0x07, 0x04, 0x11, 0x01, 0x05, 0x08, 0x03, 0x4c,
  0x59, 0x4b, 0xb0, 0x17, 0x50, 0x58, 0x40, 0x28, 0x09, 0x02, 0x02, 0x01,
  0x00, 0x03, 0x00, 0x01, 0x03, 0x80, 0x00, 0x00, 0x00, 0x16, 0x4d, 0x0b,
  0x01, 0x07, 0x07, 0x03, 0x61, 0x04, 0x0a, 0x02, 0x03, 0x03, 0x1d, 0x4d,
  0x00, 0x08, 0x08, 0x05, 0x61, 0x06, 0x01, 0x05, 0x05, 0x15, 0x05, 0x4e,
  0x1b, 0x4b, 0xb0, 0x1f, 0x50, 0x58, 0x40, 0x30, 0x09, 0x02, 0x02, 0x01,
  0x00, 0x03, 0x00, 0x01, 0x03, 0x80, 0x00, 0x00, 0x00, 0x16, 0x4d, 0x00,
  0x04, 0x04, 0x17, 0x4d, 0x0b, 0x01, 0x07, 0x07, 0x03, 0x61, 0x0a, 0x01,
  0x03, 0x03, 0x1d, 0x4d, 0x00, 0x05, 0x05, 0x15, 0x4d, 0x00, 0x08, 0x08,
  0x06, 0x61, 0x00, 0x06, 0x06, 0x1b, 0x06, 0x4e, 0x1b, 0x40, 0x2d, 0x00,
  0x00, 0x01, 0x00, 0x85, 0x09, 0x02, 0x02, 0x01, 0x03, 0x01, 0x85, 0x00,
  0x04, 0x04, 0x17, 0x4d, 0x0b, 0x01, 0x07, 0x07, 0x03, 0x61, 0x0a, 0x01,
  0x03, 0x03, 0x1d, 0x4d, 0x00, 0x05, 0x05, 0x15, 0x4d, 0x00, 0x08, 0x08,
  0x06, 0x61, 0x00, 0x06, 0x06, 0x1b, 0x06, 0x4e, 0x59, 0x59, 0x40, 0x1f,
  0x21, 0x20, 0x08, 0x07, 0x00, 0x00, 0x29, 0x27, 0x20, 0x2f, 0x21, 0x2f,
  0x17, 0x15, 0x10, 0x0f, 0x0e, 0x0d, 0x07, 0x1f, 0x08, 0x1f, 0x00, 0x06,
  0x00, 0x06, 0x11, 0x11, 0x0c, 0x07, 0x18, 0x2b, 0x13, 0x37, 0x33, 0x17,
  0x23, 0x27, 0x07, 0x17, 0x32, 0x16, 0x16, 0x17, 0x33, 0x35, 0x33, 0x11,
  0x23, 0x35, 0x23, 0x0e, 0x02, 0x23, 0x22, 0x2e, 0x02, 0x35, 0x34, 0x3e,
  0x02, 0x17, 0x22, 0x06, 0x06, 0x15, 0x14, 0x16, 0x16, 0x33, 0x32, 0x36,
  0x36, 0x35, 0x34, 0x26, 0x26, 0x8f, 0x81, 0x79, 0x81, 0x77, 0x47, 0x46,
  0x18, 0x33, 0x42, 0x23, 0x04, 0x08, 0x98, 0x98, 0x08, 0x04, 0x23, 0x42,
  0x33, 0x3b, 0x57, 0x3a, 0x1d, 0x1d, 0x3a, 0x57, 0x67, 0x29, 0x37, 0x1b,
  0x1b, 0x37, 0x29, 0x29, 0x37, 0x1b, 0x1b, 0x37, 0x02, 0x54, 0xb4, 0xb4,
  0x68, 0x68, 0x38, 0x21, 0x26, 0x07, 0x44, 0xfd, 0xee, 0x44, 0x07, 0x26,
  0x21, 0x2f, 0x4f, 0x62, 0x33, 0x33, 0x62, 0x4f, 0x2f, 0x7b, 0x2d, 0x46,
  0x25, 0x25, 0x46, 0x2d, 0x2d, 0x46, 0x25, 0x25, 0x46, 0x2d, 0x00, 0x00,
  0x00, 0x04, 0x00, 0x35, 0xff, 0xf6, 0x02, 0xa9, 0x03, 0x89, 0x00, 0x03,
  0x00, 0x0a, 0x00, 0x23, 0x00, 0x33, 0x01, 0x02, 0x4b, 0xb0, 0x17, 0x50,
  0x58, 0x40, 0x0e, 0x09, 0x01, 0x03, 0x00, 0x0f, 0x01, 0x09, 0x05, 0x15,
  0x01, 0x07, 0x0a, 0x03, 0x4c, 0x1b, 0x40, 0x0e, 0x09, 0x01, 0x03, 0x00,
  0x0f, 0x01, 0x09, 0x06, 0x15, 0x01, 0x07, 0x0a, 0x03, 0x4c, 0x59, 0x4b,
  0xb0, 0x17, 0x50, 0x58, 0x40, 0x30, 0x0b, 0x04, 0x02, 0x03, 0x00, 0x05,
  0x00, 0x03, 0x05, 0x80, 0x00, 0x01, 0x00, 0x00, 0x03, 0x01, 0x00, 0x67,
  0x00, 0x02, 0x02, 0x14, 0x4d, 0x0d, 0x01, 0x09, 0x09, 0x05, 0x61, 0x06,
  0x0c, 0x02, 0x05, 0x05, 0x1d, 0x4d, 0x00, 0x0a, 0x0a, 0x07, 0x61, 0x08,
  0x01, 0x07, 0x07, 0x15, 0x07, 0x4e, 0x1b, 0x4b, 0xb0, 0x31, 0x50, 0x58,
  0x40, 0x38, 0x0b, 0x04, 0x02, 0x03, 0x00, 0x05, 0x00, 0x03, 0x05, 0x80,
  0x00, 0x01, 0x00, 0x00, 0x03, 0x01, 0x00, 0x67, 0x00, 0x02, 0x02, 0x14,
  0x4d, 0x00, 0x06, 0x06, 0x17, 0x4d, 0x0d, 0x01, 0x09, 0x09, 0x05, 0x61,
  0x0c, 0x01, 0x05, 0x05, 0x1d, 0x4d, 0x00, 0x07, 0x07, 0x15, 0x4d, 0x00,
  0x0a, 0x0a, 0x08, 0x61, 0x00, 0x08, 0x08, 0x1b, 0x08, 0x4e, 0x1b, 0x40,
  0x3b, 0x00, 0x02, 0x01, 0x00, 0x01, 0x02, 0x00, 0x80, 0x0b, 0x04, 0x02,
  0x03, 0x00, 0x05, 0x00, 0x03, 0x05, 0x80, 0x00, 0x01, 0x00, 0x00, 0x03,
  0x01, 0x00, 0x67, 0x00, 0x06, 0x06, 0x17, 0x4d, 0x0d, 0x01, 0x09, 0x09,
  0x05, 0x61, 0x0c, 0x01, 0x05, 0x05, 0x1d, 0x4d, 0x00, 0x07, 0x07, 0x15,
  0x4d, 0x00, 0x0a, 0x0a, 0x08, 0x61, 0x00, 0x08, 0x08, 0x1b, 0x08, 0x4e,
  0x59, 0x59, 0x40, 0x21, 0x25, 0x24, 0x0c, 0x0b, 0x04, 0x04, 0x2d, 0x2b,
  0x24, 0x33, 0x25, 0x33, 0x1b, 0x19, 0x14, 0x13, 0x12, 0x11, 0x0b, 0x23,
  0x0c, 0x23, 0x04, 0x0a, 0x04, 0x0a, 0x11, 0x12, 0x11, 0x10, 0x0e, 0x07,
  0x1a, 0x2b, 0x01, 0x27, 0x37, 0x33, 0x01, 0x37, 0x33, 0x17, 0x23, 0x27,
  0x07, 0x17, 0x32, 0x16, 0x16, 0x17, 0x33, 0x35, 0x33, 0x11, 0x23, 0x35,
  0x23, 0x0e, 0x02, 0x23, 0x22, 0x2e, 0x02, 0x35, 0x34, 0x3e, 0x02, 0x17,
  0x22, 0x06, 0x06, 0x15, 0x14, 0x16, 0x16, 0x33, 0x32, 0x36, 0x36, 0x35,
  0x34, 0x26, 0x26, 0x02, 0x3c, 0x71, 0x51, 0x8d, 0xfd, 0xe5, 0x81, 0x79,
  0x81, 0x77, 0x46, 0x47, 0x19, 0x33, 0x42, 0x23, 0x04, 0x08, 0x98, 0x98,
  0x08, 0x04, 0x23, 0x42, 0x33, 0x3b, 0x57, 0x3a, 0x1d, 0x1d, 0x3a, 0x57,
  0x67, 0x29, 0x37, 0x1b, 0x1b, 0x37, 0x29, 0x29, 0x37, 0x1b, 0x1b, 0x37,
  0x02, 0xd5, 0x01, 0xb3, 0xfe, 0xcb, 0x9a, 0x9a, 0x55, 0x55, 0x38, 0x21,
  0x26, 0x07, 0x44, 0xfd, 0xee, 0x44, 0x07, 0x26, 0x21, 0x2f, 0x4f, 0x62,
  0x33, 0x33, 0x62, 0x4f, 0x2f, 0x7b, 0x2d, 0x46, 0x25, 0x25, 0x46, 0x2d,
  0x2d, 0x46, 0x25, 0x25, 0x46, 0x2d, 0x00, 0x00, 0x00, 0x04, 0x00, 0x35,
  0xff, 0x09, 0x02, 0x5a, 0x03, 0x08, 0x00, 0x06, 0x00, 0x1f, 0x00, 0x2f,
  0x00, 0x3b, 0x01, 0x02, 0x4b, 0xb0, 0x17, 0x50, 0x58, 0x40, 0x0e, 0x05,
  0x01, 0x01, 0x00, 0x0b, 0x01, 0x07, 0x03, 0x11, 0x01, 0x05, 0x08, 0x03,
  0x4c, 0x1b, 0x40, 0x0e, 0x05, 0x01, 0x01, 0x00, 0x0b, 0x01, 0x07, 0x04,
  0x11, 0x01, 0x05, 0x08, 0x03, 0x4c, 0x59, 0x4b, 0xb0, 0x17, 0x50, 0x58,
  0x40, 0x30, 0x0b, 0x02, 0x02, 0x01, 0x00, 0x03, 0x00, 0x01, 0x03, 0x80,
  0x00, 0x0a, 0x0e, 0x01, 0x09, 0x0a, 0x09, 0x65, 0x00, 0x00, 0x00, 0x16,
  0x4d, 0x0d, 0x01, 0x07, 0x07, 0x03, 0x61, 0x04, 0x0c, 0x02, 0x03, 0x03,
  0x1d, 0x4d, 0x00, 0x08, 0x08, 0x05, 0x61, 0x06, 0x01, 0x05, 0x05, 0x15,
  0x05, 0x4e, 0x1b, 0x4b, 0xb0, 0x1f, 0x50, 0x58, 0x40, 0x38, 0x0b, 0x02,
  0x02, 0x01, 0x00, 0x03, 0x00, 0x01, 0x03, 0x80, 0x00, 0x0a, 0x0e, 0x01,
  0x09, 0x0a, 0x09, 0x65, 0x00, 0x00, 0x00, 0x16, 0x4d, 0x00, 0x04, 0x04,
  0x17, 0x4d, 0x0d, 0x01, 0x07, 0x07, 0x03, 0x61, 0x0c, 0x01, 0x03, 0x03,
  0x1d, 0x4d, 0x00, 0x05, 0x05, 0x15, 0x4d, 0x00, 0x08, 0x08, 0x06, 0x61,
  0x00, 0x06, 0x06, 0x1b, 0x06, 0x4e, 0x1b, 0x40, 0x35, 0x00, 0x00, 0x01,
  0x00, 0x85, 0x0b, 0x02, 0x02, 0x01, 0x03, 0x01, 0x85, 0x00, 0x0a, 0x0e,
  0x01, 0x09, 0x0a, 0x09, 0x65, 0x00, 0x04, 0x04, 0x17, 0x4d, 0x0d, 0x01,
  0x07, 0x07, 0x03, 0x61, 0x0c, 0x01, 0x03, 0x03, 0x1d, 0x4d, 0x00, 0x05,
  0x05, 0x15, 0x4d, 0x00, 0x08, 0x08, 0x06, 0x61, 0x00, 0x06, 0x06, 0x1b,
  0x06, 0x4e, 0x59, 0x59, 0x40, 0x27, 0x31, 0x30, 0x21, 0x20, 0x08, 0x07,
  0x00, 0x00, 0x37, 0x35, 0x30, 0x3b, 0x31, 0x3b, 0x29, 0x27, 0x20, 0x2f,
  0x21, 0x2f, 0x17, 0x15, 0x10, 0x0f, 0x0e, 0x0d, 0x07, 0x1f, 0x08, 0x1f,
  0x00, 0x06, 0x00, 0x06, 0x11, 0x11, 0x0f, 0x07, 0x18, 0x2b, 0x13, 0x37,
  0x33, 0x17, 0x23, 0x27, 0x07, 0x17, 0x32, 0x16, 0x16, 0x17, 0x33, 0x35,
  0x33, 0x11, 0x23, 0x35, 0x23, 0x0e, 0x02, 0x23, 0x22, 0x2e, 0x02, 0x35,
  0x34, 0x3e, 0x02, 0x17, 0x22, 0x06, 0x06, 0x15, 0x14, 0x16, 0x16, 0x33,
  0x32, 0x36, 0x36, 0x35, 0x34, 0x26, 0x26, 0x03, 0x22, 0x26, 0x35, 0x34,
  0x36, 0x33, 0x32, 0x16, 0x15, 0x14, 0x06, 0x8f, 0x81, 0x79, 0x81, 0x77,
  0x47, 0x46, 0x18, 0x33, 0x42, 0x23, 0x04, 0x08, 0x98, 0x98, 0x08, 0x04,
  0x23, 0x42, 0x33, 0x3b, 0x57, 0x3a, 0x1d, 0x1d, 0x3a, 0x57, 0x67, 0x29,
  0x37, 0x1b, 0x1b, 0x37, 0x29, 0x29, 0x37, 0x1b, 0x1b, 0x37, 0x27, 0x23,
  0x2d, 0x2d, 0x23, 0x22, 0x2d, 0x2d, 0x02, 0x54, 0xb4, 0xb4, 0x68, 0x68,
  0x38, 0x21, 0x26, 0x07, 0x44, 0xfd, 0xee, 0x44, 0x07, 0x26, 0x21, 0x2f,
  0x4f, 0x62, 0x33, 0x33, 0x62, 0x4f, 0x2f, 0x7b, 0x2d, 0x46, 0x25, 0x25,
  0x46, 0x2d, 0x2d, 0x46, 0x25, 0x25, 0x46, 0x2d, 0xfd, 0x68, 0x2f, 0x21,
  0x21, 0x2e, 0x2e, 0x21, 0x21, 0x2f, 0x00, 0x00, 0x00, 0x04, 0x00, 0x35,
  0xff, 0xf6, 0x02, 0x5a, 0x03, 0x89, 0x00, 0x03, 0x00, 0x0a, 0x00, 0x23,
  0x00, 0x33, 0x01, 0x45, 0x4b, 0xb0, 0x17, 0x50, 0x58, 0x40, 0x0e, 0x09,
  0x01, 0x03, 0x01, 0x0f, 0x01, 0x09, 0x05, 0x15, 0x01, 0x07, 0x0a, 0x03,
  0x4c, 0x1b, 0x40, 0x0e, 0x09, 0x01, 0x03, 0x01, 0x0f, 0x01, 0x09, 0x06,
  0x15, 0x01, 0x07, 0x0a, 0x03, 0x4c, 0x59, 0x4b, 0xb0, 0x0a, 0x50, 0x58,
  0x40, 0x30, 0x0c, 0x04, 0x02, 0x03, 0x01, 0x05, 0x01, 0x03, 0x72, 0x00,
  0x00, 0x0b, 0x01, 0x01, 0x03, 0x00, 0x01, 0x67, 0x00, 0x02, 0x02, 0x14,
  0x4d, 0x0e, 0x01, 0x09, 0x09, 0x05, 0x61, 0x06, 0x0d, 0x02, 0x05, 0x05,
  0x1d, 0x4d, 0x00, 0x0a, 0x0a, 0x07, 0x61, 0x08, 0x01, 0x07, 0x07, 0x15,
  0x07, 0x4e, 0x1b, 0x4b, 0xb0, 0x17, 0x50, 0x58, 0x40, 0x31, 0x0c, 0x04,
  0x02, 0x03, 0x01, 0x05, 0x01, 0x03, 0x05, 0x80, 0x00, 0x00, 0x0b, 0x01,
  0x01, 0x03, 0x00, 0x01, 0x67, 0x00, 0x02, 0x02, 0x14, 0x4d, 0x0e, 0x01,
  0x09, 0x09, 0x05, 0x61, 0x06, 0x0d, 0x02, 0x05, 0x05, 0x1d, 0x4d, 0x00,
  0x0a, 0x0a, 0x07, 0x61, 0x08, 0x01, 0x07, 0x07, 0x15, 0x07, 0x4e, 0x1b,
  0x4b, 0xb0, 0x31, 0x50, 0x58, 0x40, 0x39, 0x0c, 0x04, 0x02, 0x03, 0x01,
  0x05, 0x01, 0x03, 0x05, 0x80, 0x00, 0x00, 0x0b, 0x01, 0x01, 0x03, 0x00,
  0x01, 0x67, 0x00, 0x02, 0x02, 0x14, 0x4d, 0x00, 0x06, 0x06, 0x17, 0x4d,
  0x0e, 0x01, 0x09, 0x09, 0x05, 0x61, 0x0d, 0x01, 0x05, 0x05, 0x1d, 0x4d,
  0x00, 0x07, 0x07, 0x15, 0x4d, 0x00, 0x0a, 0x0a, 0x08, 0x61, 0x00, 0x08,
  0x08, 0x1b, 0x08, 0x4e, 0x1b, 0x40, 0x3c, 0x00, 0x02, 0x00, 0x01, 0x00,
  0x02, 0x01, 0x80, 0x0c, 0x04, 0x02, 0x03, 0x01, 0x05, 0x01, 0x03, 0x05,
  0x80, 0x00, 0x00, 0x0b, 0x01, 0x01, 0x03, 0x00, 0x01, 0x67, 0x00, 0x06,
  0x06, 0x17, 0x4d, 0x0e, 0x01, 0x09, 0x09, 0x05, 0x61, 0x0d, 0x01, 0x05,
  0x05, 0x1d, 0x4d, 0x00, 0x07, 0x07, 0x15, 0x4d, 0x00, 0x0a, 0x0a, 0x08,
  0x61, 0x00, 0x08, 0x08, 0x1b, 0x08, 0x4e, 0x59, 0x59, 0x59, 0x40, 0x28,
  0x25, 0x24, 0x0c, 0x0b, 0x04, 0x04, 0x00, 0x00, 0x2d, 0x2b, 0x24, 0x33,
  0x25, 0x33, 0x1b, 0x19, 0x14, 0x13, 0x12, 0x11, 0x0b, 0x23, 0x0c, 0x23,
  0x04, 0x0a, 0x04, 0x0a, 0x08, 0x07, 0x06, 0x05, 0x00, 0x03, 0x00, 0x03,
  0x11, 0x0f, 0x07, 0x17, 0x2b, 0x01, 0x27, 0x33, 0x17, 0x05, 0x37, 0x33,
  0x17, 0x23, 0x27, 0x07, 0x17, 0x32, 0x16, 0x16, 0x17, 0x33, 0x35, 0x33,
  0x11, 0x23, 0x35, 0x23, 0x0e, 0x02, 0x23, 0x22, 0x2e, 0x02, 0x35, 0x34,
  0x3e, 0x02, 0x17, 0x22, 0x06, 0x06, 0x15, 0x14, 0x16, 0x16, 0x33, 0x32,
  0x36, 0x36, 0x35, 0x34, 0x26, 0x26, 0x01, 0xe2, 0x6e, 0x8e, 0x50, 0xfe,
  0x3d, 0x81, 0x79, 0x81, 0x77, 0x47, 0x46, 0x18, 0x33, 0x42, 0x23, 0x04,
  0x08, 0x98, 0x98, 0x08, 0x04, 0x23, 0x42, 0x33, 0x3b, 0x57, 0x3a, 0x1d,
  0x1d, 0x3a, 0x57, 0x67, 0x29, 0x37, 0x1b, 0x1b, 0x37, 0x29, 0x29, 0x37,
  0x1b, 0x1b, 0x37, 0x02, 0xd5, 0xb4, 0xb3, 0x82, 0x9a, 0x9a, 0x55, 0x55,
  0x38, 0x21, 0x26, 0x07, 0x44, 0xfd, 0xee, 0x44, 0x07, 0x26, 0x21, 0x2f,
  0x4f, 0x62, 0x33, 0x33, 0x62, 0x4f, 0x2f, 0x7b, 0x2d, 0x46, 0x25, 0x25,
  0x46, 0x2d, 0x2d, 0x46, 0x25, 0x25, 0x46, 0x2d, 0x00, 0x04, 0x00, 0x35,
  0xff, 0xf6, 0x02, 0x90, 0x03, 0xb4, 0x00, 0x1c, 0x00, 0x23, 0x00, 0x3c,
  0x00, 0x4c, 0x01, 0x88, 0x4b, 0xb0, 0x17, 0x50, 0x58, 0x40, 0x0e, 0x22,
  0x01, 0x05, 0x03, 0x28, 0x01, 0x0b, 0x07, 0x2e, 0x01, 0x09, 0x0c, 0x03,
  0x4c, 0x1b, 0x40, 0x0e, 0x22, 0x01, 0x05, 0x03, 0x28, 0x01, 0x0b, 0x08,
  0x2e, 0x01, 0x09, 0x0c, 0x03, 0x4c, 0x59, 0x4b, 0xb0, 0x17, 0x50, 0x58,
  0x40, 0x3f, 0x00, 0x01, 0x00, 0x04, 0x00, 0x01, 0x72, 0x0d, 0x01, 0x03,
  0x04, 0x05, 0x04, 0x03, 0x05, 0x80, 0x0e, 0x06, 0x02, 0x05, 0x07, 0x04,
  0x05, 0x07, 0x7e, 0x00, 0x02, 0x00, 0x00, 0x01, 0x02, 0x00, 0x69, 0x00,
  0x04, 0x04, 0x14, 0x4d, 0x10, 0x01, 0x0b, 0x0b, 0x07, 0x61, 0x08, 0x0f,
  0x02, 0x07, 0x07, 0x1d, 0x4d, 0x00, 0x0c, 0x0c, 0x09, 0x61, 0x0a, 0x01,
  0x09, 0x09, 0x15, 0x09, 0x4e, 0x1b, 0x4b, 0xb0, 0x21, 0x50, 0x58, 0x40,
  0x47, 0x00, 0x01, 0x00, 0x04, 0x00, 0x01, 0x72, 0x0d, 0x01, 0x03, 0x04,
  0x05, 0x04, 0x03, 0x05, 0x80, 0x0e, 0x06, 0x02, 0x05, 0x07, 0x04, 0x05,
  0x07, 0x7e, 0x00, 0x02, 0x00, 0x00, 0x01, 0x02, 0x00, 0x69, 0x00, 0x04,
  0x04, 0x14, 0x4d, 0x00, 0x08, 0x08, 0x17, 0x4d, 0x10, 0x01, 0x0b, 0x0b,
  0x07, 0x61, 0x0f, 0x01, 0x07, 0x07, 0x1d, 0x4d, 0x00, 0x09, 0x09, 0x15,
  0x4d, 0x00, 0x0c, 0x0c, 0x0a, 0x61, 0x00, 0x0a, 0x0a, 0x1b, 0x0a, 0x4e,
  0x1b, 0x4b, 0xb0, 0x31, 0x50, 0x58, 0x40, 0x48, 0x00, 0x01, 0x00, 0x04,
  0x00, 0x01, 0x04, 0x80, 0x0d, 0x01, 0x03, 0x04, 0x05, 0x04, 0x03, 0x05,
  0x80, 0x0e, 0x06, 0x02, 0x05, 0x07, 0x04, 0x05, 0x07, 0x7e, 0x00, 0x02,
  0x00, 0x00, 0x01, 0x02, 0x00, 0x69, 0x00, 0x04, 0x04, 0x14, 0x4d, 0x00,
  0x08, 0x08, 0x17, 0x4d, 0x10, 0x01, 0x0b, 0x0b, 0x07, 0x61, 0x0f, 0x01,
  0x07, 0x07, 0x1d, 0x4d, 0x00, 0x09, 0x09, 0x15, 0x4d, 0x00, 0x0c, 0x0c,
  0x0a, 0x61, 0x00, 0x0a, 0x0a, 0x1b, 0x0a, 0x4e, 0x1b, 0x40, 0x49, 0x00,
  0x01, 0x00, 0x04, 0x00, 0x01, 0x04, 0x80, 0x00, 0x04, 0x03, 0x00, 0x04,
  0x03, 0x7e, 0x0d, 0x01, 0x03, 0x05, 0x00, 0x03, 0x05, 0x7e, 0x0e, 0x06,
  0x02, 0x05, 0x07, 0x00, 0x05, 0x07, 0x7e, 0x00, 0x02, 0x00, 0x00, 0x01,
  0x02, 0x00, 0x69, 0x00, 0x08, 0x08, 0x17, 0x4d, 0x10, 0x01, 0x0b, 0x0b,
  0x07, 0x61, 0x0f, 0x01, 0x07, 0x07, 0x1d, 0x4d, 0x00, 0x09, 0x09, 0x15,
  0x4d, 0x00, 0x0c, 0x0c, 0x0a, 0x61, 0x00, 0x0a, 0x0a, 0x1b, 0x0a, 0x4e,
  0x59, 0x59, 0x59, 0x40, 0x2a, 0x3e, 0x3d, 0x25, 0x24, 0x1d, 0x1d, 0x00,
  0x00, 0x46, 0x44, 0x3d, 0x4c, 0x3e, 0x4c, 0x34, 0x32, 0x2d, 0x2c, 0x2b,
  0x2a, 0x24, 0x3c, 0x25, 0x3c, 0x1d, 0x23, 0x1d, 0x23, 0x21, 0x20, 0x1f,
  0x1e, 0x00, 0x1c, 0x00, 0x1c, 0x23, 0x22, 0x2a, 0x11, 0x07, 0x19, 0x2b,
  0x01, 0x35, 0x34, 0x36, 0x37, 0x37, 0x36, 0x36, 0x35, 0x34, 0x26, 0x23,
  0x22, 0x06, 0x06, 0x15, 0x23, 0x26, 0x36, 0x36, 0x33, 0x32, 0x16, 0x15,
  0x14, 0x06, 0x07, 0x07, 0x15, 0x05, 0x37, 0x33, 0x17, 0x23, 0x27, 0x07,
  0x17, 0x32, 0x16, 0x16, 0x17, 0x33, 0x35, 0x33, 0x11, 0x23, 0x35, 0x23,
  0x0e, 0x02, 0x23, 0x22, 0x2e, 0x02, 0x35, 0x34, 0x3e, 0x02, 0x17, 0x22,
  0x06, 0x06, 0x15, 0x14, 0x16, 0x16, 0x33, 0x32, 0x36, 0x36, 0x35, 0x34,
  0x26, 0x26, 0x01, 0xe1, 0x0b, 0x0e, 0x0f, 0x15, 0x16, 0x13, 0x12, 0x12,
  0x11, 0x04, 0x57, 0x01, 0x19, 0x38, 0x2d, 0x3c, 0x46, 0x2f, 0x24, 0x05,
  0xfe, 0x53, 0x81, 0x79, 0x81, 0x77, 0x46, 0x47, 0x1c, 0x33, 0x42, 0x23,
  0x04, 0x08, 0x98, 0x98, 0x08, 0x04, 0x23, 0x42, 0x33, 0x3b, 0x57, 0x3a,
  0x1d, 0x1d, 0x3a, 0x57, 0x67, 0x29, 0x37, 0x1b, 0x1b, 0x37, 0x29, 0x29,
  0x37, 0x1b, 0x1b, 0x37, 0x02, 0xc5, 0x21, 0x0d, 0x16, 0x07, 0x08, 0x0a,
  0x16, 0x0f, 0x0d, 0x13, 0x11, 0x14, 0x02, 0x1b, 0x35, 0x24, 0x3f, 0x2b,
  0x23, 0x31, 0x13, 0x02, 0x1c, 0x71, 0x9a, 0x9a, 0x55, 0x55, 0x38, 0x21,
  0x26, 0x07, 0x44, 0xfd, 0xee, 0x44, 0x07, 0x26, 0x21, 0x2f, 0x4f, 0x62,
  0x33, 0x33, 0x62, 0x4f, 0x2f, 0x7b, 0x2d, 0x46, 0x25, 0x25, 0x46, 0x2d,
  0x2d, 0x46, 0x25, 0x25, 0x46, 0x2d, 0x00, 0x00, 0x00, 0x04, 0x00, 0x35,
  0xff, 0xf6, 0x02, 0x5a, 0x03, 0xab, 0x00, 0x18, 0x00, 0x1f, 0x00, 0x38,
  0x00, 0x48, 0x01, 0x9a, 0x4b, 0xb0, 0x17, 0x50, 0x58, 0x40, 0x0e, 0x1e,
  0x01, 0x07, 0x06, 0x24, 0x01, 0x0d, 0x09, 0x2a, 0x01, 0x0b, 0x0e, 0x03,
  0x4c, 0x1b, 0x40, 0x0e, 0x1e, 0x01, 0x07, 0x06, 0x24, 0x01, 0x0d, 0x0a,
  0x2a, 0x01, 0x0b, 0x0e, 0x03, 0x4c, 0x59, 0x4b, 0xb0, 0x17, 0x50, 0x58,
  0x40, 0x3b, 0x10, 0x08, 0x02, 0x07, 0x06, 0x09, 0x06, 0x07, 0x09, 0x80,
  0x05, 0x01, 0x03, 0x00, 0x01, 0x00, 0x03, 0x01, 0x69, 0x00, 0x04, 0x02,
  0x0f, 0x02, 0x00, 0x06, 0x04, 0x00, 0x6a, 0x00, 0x06, 0x06, 0x14, 0x4d,
  0x12, 0x01, 0x0d, 0x0d, 0x09, 0x61, 0x0a, 0x11, 0x02, 0x09, 0x09, 0x1d,
  0x4d, 0x00, 0x0e, 0x0e, 0x0b, 0x61, 0x0c, 0x01, 0x0b, 0x0b, 0x15, 0x0b,
  0x4e, 0x1b, 0x4b, 0xb0, 0x26, 0x50, 0x58, 0x40, 0x43, 0x10, 0x08, 0x02,
  0x07, 0x06, 0x09, 0x06, 0x07, 0x09, 0x80, 0x05, 0x01, 0x03, 0x00, 0x01,
  0x00, 0x03, 0x01, 0x69, 0x00, 0x04, 0x02, 0x0f, 0x02, 0x00, 0x06, 0x04,
  0x00, 0x6a, 0x00, 0x06, 0x06, 0x14, 0x4d, 0x00, 0x0a, 0x0a, 0x17, 0x4d,
  0x12, 0x01, 0x0d, 0x0d, 0x09, 0x61, 0x11, 0x01, 0x09, 0x09, 0x1d, 0x4d,
  0x00, 0x0b, 0x0b, 0x15, 0x4d, 0x00, 0x0e, 0x0e, 0x0c, 0x61, 0x00, 0x0c,
  0x0c, 0x1b, 0x0c, 0x4e, 0x1b, 0x4b, 0xb0, 0x31, 0x50, 0x58, 0x40, 0x51,
  0x00, 0x05, 0x03, 0x04, 0x03, 0x05, 0x04, 0x80, 0x00, 0x02, 0x01, 0x00,
  0x01, 0x02, 0x00, 0x80, 0x10, 0x08, 0x02, 0x07, 0x06, 0x09, 0x06, 0x07,
  0x09, 0x80, 0x00, 0x03, 0x00, 0x01, 0x02, 0x03, 0x01, 0x69, 0x00, 0x04,
  0x0f, 0x01, 0x00, 0x06, 0x04, 0x00, 0x6a, 0x00, 0x06, 0x06, 0x14, 0x4d,
  0x00, 0x0a, 0x0a, 0x17, 0x4d, 0x12, 0x01, 0x0d, 0x0d, 0x09, 0x61, 0x11,
  0x01, 0x09, 0x09, 0x1d, 0x4d, 0x00, 0x0b, 0x0b, 0x15, 0x4d, 0x00, 0x0e,
  0x0e, 0x0c, 0x61, 0x00, 0x0c, 0x0c, 0x1b, 0x0c, 0x4e, 0x1b, 0x40, 0x53,
  0x00, 0x05, 0x03, 0x04, 0x03, 0x05, 0x04, 0x80, 0x00, 0x02, 0x01, 0x00,
  0x01, 0x02, 0x00, 0x80, 0x00, 0x06, 0x00, 0x07, 0x00, 0x06, 0x07, 0x80,
  0x10, 0x08, 0x02, 0x07, 0x09, 0x00, 0x07, 0x09, 0x7e, 0x00, 0x03, 0x00,
  0x01, 0x02, 0x03, 0x01, 0x69, 0x00, 0x04, 0x0f, 0x01, 0x00, 0x06, 0x04,
  0x00, 0x6a, 0x00, 0x0a, 0x0a, 0x17, 0x4d, 0x12, 0x01, 0x0d, 0x0d, 0x09,
  0x61, 0x11, 0x01, 0x09, 0x09, 0x1d, 0x4d, 0x00, 0x0b, 0x0b, 0x15, 0x4d,
  0x00, 0x0e, 0x0e, 0x0c, 0x61, 0x00, 0x0c, 0x0c, 0x1b, 0x0c, 0x4e, 0x59,
  0x59, 0x59, 0x40, 0x31, 0x3a, 0x39, 0x21, 0x20, 0x19, 0x19, 0x01, 0x00,
  0x42, 0x40, 0x39, 0x48, 0x3a, 0x48, 0x30, 0x2e, 0x29, 0x28, 0x27, 0x26,
  0x20, 0x38, 0x21, 0x38, 0x19, 0x1f, 0x19, 0x1f, 0x1d, 0x1c, 0x1b, 0x1a,
  0x15, 0x14, 0x13, 0x11, 0x0e, 0x0c, 0x09, 0x08, 0x06, 0x04, 0x00, 0x18,
  0x01, 0x18, 0x13, 0x07, 0x16, 0x2b, 0x01, 0x22, 0x2e, 0x02, 0x23, 0x22,
  0x06, 0x15, 0x23, 0x34, 0x36, 0x36, 0x33, 0x32, 0x1e, 0x02, 0x33, 0x32,
  0x35, 0x33, 0x14, 0x06, 0x06, 0x05, 0x37, 0x33, 0x17, 0x23, 0x27, 0x07,
  0x17, 0x32, 0x16, 0x16, 0x17, 0x33, 0x35, 0x33, 0x11, 0x23, 0x35, 0x23,
  0x0e, 0x02, 0x23, 0x22, 0x2e, 0x02, 0x35, 0x34, 0x3e, 0x02, 0x17, 0x22,
  0x06, 0x06, 0x15, 0x14, 0x16, 0x16, 0x33, 0x32, 0x36, 0x36, 0x35, 0x34,
  0x26, 0x26, 0x01, 0x93, 0x1b, 0x27, 0x1d, 0x19, 0x0e, 0x10, 0x0c, 0x52,
  0x10, 0x2c, 0x29, 0x1b, 0x28, 0x1e, 0x19, 0x0d, 0x1b, 0x52, 0x10, 0x2b,
  0xfe, 0xd1, 0x81, 0x79, 0x81, 0x77, 0x47, 0x46, 0x19, 0x33, 0x42, 0x23,
  0x04, 0x08, 0x98, 0x98, 0x08, 0x04, 0x23, 0x42, 0x33, 0x3b, 0x57, 0x3a,
  0x1d, 0x1d, 0x3a, 0x57, 0x67, 0x29, 0x37, 0x1b, 0x1b, 0x37, 0x29, 0x29,
  0x37, 0x1b, 0x1b, 0x37, 0x03, 0x12, 0x13, 0x18, 0x13, 0x1e, 0x1a, 0x21,
  0x44, 0x2e, 0x13, 0x18, 0x12, 0x37, 0x21, 0x44, 0x2e, 0xbe, 0x9a, 0x9a,
  0x55, 0x55, 0x38, 0x21, 0x26, 0x07, 0x44, 0xfd, 0xee, 0x44, 0x07, 0x26,
  0x21, 0x2f, 0x4f, 0x62, 0x33, 0x33, 0x62, 0x4f, 0x2f, 0x7b, 0x2d, 0x46,
  0x25, 0x25, 0x46, 0x2d, 0x2d, 0x46, 0x25, 0x25, 0x46, 0x2d, 0x00, 0x00,
  0x00, 0x04, 0x00, 0x35, 0xff, 0xf6, 0x02, 0x5a, 0x02, 0xf5, 0x00, 0x0b,
  0x00, 0x17, 0x00, 0x30, 0x00, 0x40, 0x00, 0xe2, 0x4b, 0xb0, 0x17, 0x50,
  0x58, 0x40, 0x0a, 0x1c, 0x01, 0x08, 0x04, 0x22, 0x01, 0x06, 0x09, 0x02,
  0x4c, 0x1b, 0x40, 0x0a, 0x1c, 0x01, 0x08, 0x05, 0x22, 0x01, 0x06, 0x09,
  0x02, 0x4c, 0x59, 0x4b, 0xb0, 0x17, 0x50, 0x58, 0x40, 0x27, 0x0b, 0x02,
  0x0a, 0x03, 0x00, 0x00, 0x01, 0x61, 0x03, 0x01, 0x01, 0x01, 0x16, 0x4d,
  0x0d, 0x01, 0x08, 0x08, 0x04, 0x61, 0x05, 0x0c, 0x02, 0x04, 0x04, 0x1d,
  0x4d, 0x00, 0x09, 0x09, 0x06, 0x61, 0x07, 0x01, 0x06, 0x06, 0x15, 0x06,
  0x4e, 0x1b, 0x4b, 0xb0, 0x2f, 0x50, 0x58, 0x40, 0x2f, 0x0b, 0x02, 0x0a,
  0x03, 0x00, 0x00, 0x01, 0x61, 0x03, 0x01, 0x01, 0x01, 0x16, 0x4d, 0x00,
  0x05, 0x05, 0x17, 0x4d, 0x0d, 0x01, 0x08, 0x08, 0x04, 0x61, 0x0c, 0x01,
  0x04, 0x04, 0x1d, 0x4d, 0x00, 0x06, 0x06, 0x15, 0x4d, 0x00, 0x09, 0x09,
  0x07, 0x61, 0x00, 0x07, 0x07, 0x1b, 0x07, 0x4e, 0x1b, 0x40, 0x2f, 0x0b,
  0x02, 0x0a, 0x03, 0x00, 0x00, 0x01, 0x61, 0x03, 0x01, 0x01, 0x01, 0x1a,
  0x4d, 0x00, 0x05, 0x05, 0x17, 0x4d, 0x0d, 0x01, 0x08, 0x08, 0x04, 0x61,
  0x0c, 0x01, 0x04, 0x04, 0x1d, 0x4d, 0x00, 0x06, 0x06, 0x15, 0x4d, 0x00,
  0x09, 0x09, 0x07, 0x61, 0x00, 0x07, 0x07, 0x1b, 0x07, 0x4e, 0x59, 0x59,
  0x40, 0x27, 0x32, 0x31, 0x19, 0x18, 0x0d, 0x0c, 0x01, 0x00, 0x3a, 0x38,
  0x31, 0x40, 0x32, 0x40, 0x28, 0x26, 0x21, 0x20, 0x1f, 0x1e, 0x18, 0x30,
  0x19, 0x30, 0x13, 0x11, 0x0c, 0x17, 0x0d, 0x17, 0x07, 0x05, 0x00, 0x0b,
  0x01, 0x0b, 0x0e, 0x07, 0x16, 0x2b, 0x01, 0x22, 0x26, 0x35, 0x34, 0x36,
  0x33, 0x32, 0x16, 0x15, 0x14, 0x06, 0x21, 0x22, 0x26, 0x35, 0x34, 0x36,
  0x33, 0x32, 0x16, 0x15, 0x14, 0x06, 0x17, 0x32, 0x16, 0x16, 0x17, 0x33,
  0x35, 0x33, 0x11, 0x23, 0x35, 0x23, 0x0e, 0x02, 0x23, 0x22, 0x2e, 0x02,
  0x35, 0x34, 0x3e, 0x02, 0x17, 0x22, 0x06, 0x06, 0x15, 0x14, 0x16, 0x16,
  0x33, 0x32, 0x36, 0x36, 0x35, 0x34, 0x26, 0x26, 0x01, 0xbd, 0x26, 0x30,
  0x30, 0x26, 0x25, 0x31, 0x31, 0xfe, 0xf8, 0x26, 0x30, 0x30, 0x26, 0x25,
  0x31, 0x31, 0x1f, 0x33, 0x42, 0x23, 0x04, 0x08, 0x98, 0x98, 0x08, 0x04,
  0x23, 0x42, 0x33, 0x3b, 0x57, 0x3a, 0x1d, 0x1d, 0x3a, 0x57, 0x67, 0x29,
  0x37, 0x1b, 0x1b, 0x37, 0x29, 0x29, 0x37, 0x1b, 0x1b, 0x37, 0x02, 0x4f,
  0x31, 0x22, 0x23, 0x30, 0x30, 0x23, 0x22, 0x31, 0x31, 0x22, 0x23, 0x30,
  0x30, 0x23, 0x22, 0x31, 0x33, 0x21, 0x26, 0x07, 0x44, 0xfd, 0xee, 0x44,
  0x07, 0x26, 0x21, 0x2f, 0x4f, 0x62, 0x33, 0x33, 0x62, 0x4f, 0x2f, 0x7b,
  0x2d, 0x46, 0x25, 0x25, 0x46, 0x2d, 0x2d, 0x46, 0x25, 0x25, 0x46, 0x2d,
  0x00, 0x03, 0x00, 0x35, 0xff, 0x09, 0x02, 0x5a, 0x02, 0x1c, 0x00, 0x18,
  0x00, 0x28, 0x00, 0x34, 0x00, 0x96, 0x4b, 0xb0, 0x17, 0x50, 0x58, 0x40,
  0x0a, 0x04, 0x01, 0x04, 0x00, 0x0a, 0x01, 0x02, 0x05, 0x02, 0x4c, 0x1b,
  0x40, 0x0a, 0x04, 0x01, 0x04, 0x01, 0x0a, 0x01, 0x02, 0x05, 0x02, 0x4c,
  0x59, 0x4b, 0xb0, 0x17, 0x50, 0x58, 0x40, 0x21, 0x00, 0x07, 0x0a, 0x01,
  0x06, 0x07, 0x06, 0x65, 0x09, 0x01, 0x04, 0x04, 0x00, 0x61, 0x01, 0x08,
  0x02, 0x00, 0x00, 0x1d, 0x4d, 0x00, 0x05, 0x05, 0x02, 0x61, 0x03, 0x01,
  0x02, 0x02, 0x15, 0x02, 0x4e, 0x1b, 0x40, 0x29, 0x00, 0x07, 0x0a, 0x01,
  0x06, 0x07, 0x06, 0x65, 0x00, 0x01, 0x01, 0x17, 0x4d, 0x09, 0x01, 0x04,
  0x04, 0x00, 0x61, 0x08, 0x01, 0x00, 0x00, 0x1d, 0x4d, 0x00, 0x02, 0x02,
  0x15, 0x4d, 0x00, 0x05, 0x05, 0x03, 0x61, 0x00, 0x03, 0x03, 0x1b, 0x03,
  0x4e, 0x59, 0x40, 0x1f, 0x2a, 0x29, 0x1a, 0x19, 0x01, 0x00, 0x30, 0x2e,
  0x29, 0x34, 0x2a, 0x34, 0x22, 0x20, 0x19, 0x28, 0x1a, 0x28, 0x10, 0x0e,
  0x09, 0x08, 0x07, 0x06, 0x00, 0x18, 0x01, 0x18, 0x0b, 0x07, 0x16, 0x2b,
  0x01, 0x32, 0x16, 0x16, 0x17, 0x33, 0x35, 0x33, 0x11, 0x23, 0x35, 0x23,
  0x0e, 0x02, 0x23, 0x22, 0x2e, 0x02, 0x35, 0x34, 0x3e, 0x02, 0x17, 0x22,
  0x06, 0x06, 0x15, 0x14, 0x16, 0x16, 0x33, 0x32, 0x36, 0x36, 0x35, 0x34,
  0x26, 0x26, 0x03, 0x22, 0x26, 0x35, 0x34, 0x36, 0x33, 0x32, 0x16, 0x15,
  0x14, 0x06, 0x01, 0x1e, 0x33, 0x42, 0x23, 0x04, 0x08, 0x98, 0x98, 0x08,
  0x04, 0x23, 0x42, 0x33, 0x3b, 0x57, 0x3a, 0x1d, 0x1d, 0x3a, 0x57, 0x67,
  0x29, 0x37, 0x1b, 0x1b, 0x37, 0x29, 0x29, 0x37, 0x1b, 0x1b, 0x37, 0x27,
  0x23, 0x2d, 0x2d, 0x23, 0x22, 0x2d, 0x2d, 0x02, 0x1c, 0x21, 0x26, 0x07,
  0x44, 0xfd, 0xee, 0x44, 0x07, 0x26, 0x21, 0x2f, 0x4f, 0x62, 0x33, 0x33,
  0x62, 0x4f, 0x2f, 0x7b, 0x2d, 0x46, 0x25, 0x25, 0x46, 0x2d, 0x2d, 0x46,
  0x25, 0x25, 0x46, 0x2d, 0xfd, 0x68, 0x2f, 0x21, 0x21, 0x2e, 0x2e, 0x21,
  0x21, 0x2f, 0x00, 0x00, 0x00, 0x03, 0x00, 0x35, 0xff, 0xf6, 0x02, 0x5a,
  0x03, 0x10, 0x00, 0x03, 0x00, 0x1c, 0x00, 0x2c, 0x00, 0xc4, 0x4b, 0xb0,
  0x17, 0x50, 0x58, 0x40, 0x0a, 0x08, 0x01, 0x06, 0x02, 0x0e, 0x01, 0x04,
  0x07, 0x02, 0x4c, 0x1b, 0x40, 0x0a, 0x08, 0x01, 0x06, 0x03, 0x0e, 0x01,
  0x04, 0x07, 0x02, 0x4c, 0x59, 0x4b, 0xb0, 0x16, 0x50, 0x58, 0x40, 0x24,
  0x08, 0x01, 0x01, 0x01, 0x00, 0x5f, 0x00, 0x00, 0x00, 0x16, 0x4d, 0x0a,
  0x01, 0x06, 0x06, 0x02, 0x61, 0x03, 0x09, 0x02, 0x02, 0x02, 0x1d, 0x4d,
  0x00, 0x07, 0x07, 0x04, 0x61, 0x05, 0x01, 0x04, 0x04, 0x15, 0x04, 0x4e,
  0x1b, 0x4b, 0xb0, 0x17, 0x50, 0x58, 0x40, 0x22, 0x00, 0x00, 0x08, 0x01,
  0x01, 0x02, 0x00, 0x01, 0x67, 0x0a, 0x01, 0x06, 0x06, 0x02, 0x61, 0x03,
  0x09, 0x02, 0x02, 0x02, 0x1d, 0x4d, 0x00, 0x07, 0x07, 0x04, 0x61, 0x05,
  0x01, 0x04, 0x04, 0x15, 0x04, 0x4e, 0x1b, 0x40, 0x2a, 0x00, 0x00, 0x08,
  0x01, 0x01, 0x02, 0x00, 0x01, 0x67, 0x00, 0x03, 0x03, 0x17, 0x4d, 0x0a,
  0x01, 0x06, 0x06, 0x02, 0x61, 0x09, 0x01, 0x02, 0x02, 0x1d, 0x4d, 0x00,
  0x04, 0x04, 0x15, 0x4d, 0x00, 0x07, 0x07, 0x05, 0x61, 0x00, 0x05, 0x05,
  0x1b, 0x05, 0x4e, 0x59, 0x59, 0x40, 0x1e, 0x1e, 0x1d, 0x05, 0x04, 0x00,
  0x00, 0x26, 0x24, 0x1d, 0x2c, 0x1e, 0x2c, 0x14, 0x12, 0x0d, 0x0c, 0x0b,
  0x0a, 0x04, 0x1c, 0x05, 0x1c, 0x00, 0x03, 0x00, 0x03, 0x11, 0x0b, 0x07,
  0x17, 0x2b, 0x01, 0x27, 0x33, 0x17, 0x07, 0x32, 0x16, 0x16, 0x17, 0x33,
  0x35, 0x33, 0x11, 0x23, 0x35, 0x23, 0x0e, 0x02, 0x23, 0x22, 0x2e, 0x02,
  0x35, 0x34, 0x3e, 0x02, 0x17, 0x22, 0x06, 0x06, 0x15, 0x14, 0x16, 0x16,
  0x33, 0x32, 0x36, 0x36, 0x35, 0x34, 0x26, 0x26, 0x01, 0x16, 0x6d, 0x8d,
  0x51, 0x69, 0x33, 0x42, 0x23, 0x04, 0x08, 0x98, 0x98, 0x08, 0x04, 0x23,
  0x42, 0x33, 0x3b, 0x57, 0x3a, 0x1d, 0x1d, 0x3a, 0x57, 0x67, 0x29, 0x37,
  0x1b, 0x1b, 0x37, 0x29, 0x29, 0x37, 0x1b, 0x1b, 0x37, 0x02, 0x5b, 0xb5,
  0xb4, 0x40, 0x21, 0x26, 0x07, 0x44, 0xfd, 0xee, 0x44, 0x07, 0x26, 0x21,
  0x2f, 0x4f, 0x62, 0x33, 0x33, 0x62, 0x4f, 0x2f, 0x7b, 0x2d, 0x46, 0x25,
  0x25, 0x46, 0x2d, 0x2d, 0x46, 0x25, 0x25, 0x46, 0x2d, 0x00, 0x00, 0x00,
  0x00, 0x03, 0x00, 0x35, 0xff, 0xf6, 0x02, 0x5a, 0x03, 0x3f, 0x00, 0x1c,
  0x00, 0x35, 0x00, 0x45, 0x00, 0xf7, 0x4b, 0xb0, 0x17, 0x50, 0x58, 0x40,
  0x0a, 0x21, 0x01, 0x08, 0x04, 0x27, 0x01, 0x06, 0x09, 0x02, 0x4c, 0x1b,
  0x40, 0x0a, 0x21, 0x01, 0x08, 0x05, 0x27, 0x01, 0x06, 0x09, 0x02, 0x4c,
  0x59, 0x4b, 0xb0, 0x17, 0x50, 0x58, 0x40, 0x30, 0x00, 0x01, 0x00, 0x03,
  0x00, 0x01, 0x72, 0x0a, 0x01, 0x03, 0x04, 0x00, 0x03, 0x04, 0x7e, 0x00,
  0x02, 0x00, 0x00, 0x01, 0x02, 0x00, 0x69, 0x0c, 0x01, 0x08, 0x08, 0x04,
  0x61, 0x05, 0x0b, 0x02, 0x04, 0x04, 0x1d, 0x4d, 0x00, 0x09, 0x09, 0x06,
  0x61, 0x07, 0x01, 0x06, 0x06, 0x15, 0x06, 0x4e, 0x1b, 0x4b, 0xb0, 0x21,
  0x50, 0x58, 0x40, 0x38, 0x00, 0x01, 0x00, 0x03, 0x00, 0x01, 0x72, 0x0a,
  0x01, 0x03, 0x04, 0x00, 0x03, 0x04, 0x7e, 0x00, 0x02, 0x00, 0x00, 0x01,
  0x02, 0x00, 0x69, 0x00, 0x05, 0x05, 0x17, 0x4d, 0x0c, 0x01, 0x08, 0x08,
  0x04, 0x61, 0x0b, 0x01, 0x04, 0x04, 0x1d, 0x4d, 0x00, 0x06, 0x06, 0x15,
  0x4d, 0x00, 0x09, 0x09, 0x07, 0x61, 0x00, 0x07, 0x07, 0x1b, 0x07, 0x4e,
  0x1b, 0x40, 0x39, 0x00, 0x01, 0x00, 0x03, 0x00, 0x01, 0x03, 0x80, 0x0a,
  0x01, 0x03, 0x04, 0x00, 0x03, 0x04, 0x7e, 0x00, 0x02, 0x00, 0x00, 0x01,
  0x02, 0x00, 0x69, 0x00, 0x05, 0x05, 0x17, 0x4d, 0x0c, 0x01, 0x08, 0x08,
  0x04, 0x61, 0x0b, 0x01, 0x04, 0x04, 0x1d, 0x4d, 0x00, 0x06, 0x06, 0x15,
  0x4d, 0x00, 0x09, 0x09, 0x07, 0x61, 0x00, 0x07, 0x07, 0x1b, 0x07, 0x4e,
  0x59, 0x59, 0x40, 0x20, 0x37, 0x36, 0x1e, 0x1d, 0x00, 0x00, 0x3f, 0x3d,
  0x36, 0x45, 0x37, 0x45, 0x2d, 0x2b, 0x26, 0x25, 0x24, 0x23, 0x1d, 0x35,
  0x1e, 0x35, 0x00, 0x1c, 0x00, 0x1c, 0x23, 0x22, 0x2a, 0x0d, 0x07, 0x19,
  0x2b, 0x01, 0x35, 0x34, 0x36, 0x37, 0x37, 0x36, 0x36, 0x35, 0x34, 0x26,
  0x23, 0x22, 0x06, 0x06, 0x15, 0x23, 0x26, 0x36, 0x36, 0x33, 0x32, 0x16,
  0x15, 0x14, 0x06, 0x07, 0x07, 0x15, 0x07, 0x32, 0x16, 0x16, 0x17, 0x33,
  0x35, 0x33, 0x11, 0x23, 0x35, 0x23, 0x0e, 0x02, 0x23, 0x22, 0x2e, 0x02,
  0x35, 0x34, 0x3e, 0x02, 0x17, 0x22, 0x06, 0x06, 0x15, 0x14, 0x16, 0x16,
  0x33, 0x32, 0x36, 0x36, 0x35, 0x34, 0x26, 0x26, 0x01, 0x21, 0x0b, 0x0e,
  0x0f, 0x15, 0x16, 0x13, 0x12, 0x12, 0x11, 0x04, 0x57, 0x01, 0x19, 0x38,
  0x2d, 0x3c, 0x46, 0x2f, 0x24, 0x05, 0x5a, 0x33, 0x42, 0x23, 0x04, 0x08,
  0x98, 0x98, 0x08, 0x04, 0x23, 0x42, 0x33, 0x3b, 0x57, 0x3a, 0x1d, 0x1d,
  0x3a, 0x57, 0x67, 0x29, 0x37, 0x1b, 0x1b, 0x37, 0x29, 0x29, 0x37, 0x1b,
  0x1b, 0x37, 0x02, 0x50, 0x21, 0x0d, 0x17, 0x06, 0x08, 0x0b, 0x15, 0x0f,
  0x0d, 0x14, 0x12, 0x14, 0x02, 0x1b, 0x35, 0x24, 0x3f, 0x2a, 0x24, 0x31,
  0x12, 0x03, 0x1c, 0x34, 0x21, 0x26, 0x07, 0x44, 0xfd, 0xee, 0x44, 0x07,
  0x26, 0x21, 0x2f, 0x4f, 0x62, 0x33, 0x33, 0x62, 0x4f, 0x2f, 0x7b, 0x2d,
  0x46, 0x25, 0x25, 0x46, 0x2d, 0x2d, 0x46, 0x25, 0x25, 0x46, 0x2d, 0x00,
  0x00, 0x03, 0x00, 0x35, 0xff, 0xf6, 0x02, 0x5a, 0x02, 0xc1, 0x00, 0x03,
  0x00, 0x1c, 0x00, 0x2c, 0x00, 0x97, 0x4b, 0xb0, 0x17, 0x50, 0x58, 0x40,
  0x0a, 0x08, 0x01, 0x06, 0x02, 0x0e, 0x01, 0x04, 0x07, 0x02, 0x4c, 0x1b,
  0x40, 0x0a, 0x08, 0x01, 0x06, 0x03, 0x0e, 0x01, 0x04, 0x07, 0x02, 0x4c,
  0x59, 0x4b, 0xb0, 0x17, 0x50, 0x58, 0x40, 0x22, 0x00, 0x00, 0x08, 0x01,
  0x01, 0x02, 0x00, 0x01, 0x67, 0x0a, 0x01, 0x06, 0x06, 0x02, 0x61, 0x03,
  0x09, 0x02, 0x02, 0x02, 0x1d, 0x4d, 0x00, 0x07, 0x07, 0x04, 0x61, 0x05,
  0x01, 0x04, 0x04, 0x15, 0x04, 0x4e, 0x1b, 0x40, 0x2a, 0x00, 0x00, 0x08,
  0x01, 0x01, 0x02, 0x00, 0x01, 0x67, 0x00, 0x03, 0x03, 0x17, 0x4d, 0x0a,
  0x01, 0x06, 0x06, 0x02, 0x61, 0x09, 0x01, 0x02, 0x02, 0x1d, 0x4d, 0x00,
  0x04, 0x04, 0x15, 0x4d, 0x00, 0x07, 0x07, 0x05, 0x61, 0x00, 0x05, 0x05,
  0x1b, 0x05, 0x4e, 0x59, 0x40, 0x1e, 0x1e, 0x1d, 0x05, 0x04, 0x00, 0x00,
  0x26, 0x24, 0x1d, 0x2c, 0x1e, 0x2c, 0x14, 0x12, 0x0d, 0x0c, 0x0b, 0x0a,
  0x04, 0x1c, 0x05, 0x1c, 0x00, 0x03, 0x00, 0x03, 0x11, 0x0b, 0x07, 0x17,
  0x2b, 0x13, 0x35, 0x21, 0x15, 0x07, 0x32, 0x16, 0x16, 0x17, 0x33, 0x35,
  0x33, 0x11, 0x23, 0x35, 0x23, 0x0e, 0x02, 0x23, 0x22, 0x2e, 0x02, 0x35,
  0x34, 0x3e, 0x02, 0x17, 0x22, 0x06, 0x06, 0x15, 0x14, 0x16, 0x16, 0x33,
  0x32, 0x36, 0x36, 0x35, 0x34, 0x26, 0x26, 0xa9, 0x01, 0x46, 0xd1, 0x33,
  0x42, 0x23, 0x04, 0x08, 0x98, 0x98, 0x08, 0x04, 0x23, 0x42, 0x33, 0x3b,
  0x57, 0x3a, 0x1d, 0x1d, 0x3a, 0x57, 0x67, 0x29, 0x37, 0x1b, 0x1b, 0x37,
  0x29, 0x29, 0x37, 0x1b, 0x1b, 0x37, 0x02, 0x67, 0x5a, 0x5a, 0x4b, 0x21,
  0x26, 0x07, 0x44, 0xfd, 0xee, 0x44, 0x07, 0x26, 0x21, 0x2f, 0x4f, 0x62,
  0x33, 0x33, 0x62, 0x4f, 0x2f, 0x7b, 0x2d, 0x46, 0x25, 0x25, 0x46, 0x2d,
  0x2d, 0x46, 0x25, 0x25, 0x46, 0x2d, 0x00, 0x00, 0x00, 0x02, 0x00, 0x35,
  0xff, 0x48, 0x02, 0x7f, 0x02, 0x1c, 0x00, 0x2c, 0x00, 0x3c, 0x00, 0xd9,
  0x4b, 0xb0, 0x17, 0x50, 0x58, 0x40, 0x13, 0x1b, 0x01, 0x06, 0x03, 0x08,
  0x01, 0x01, 0x07, 0x2a, 0x01, 0x00, 0x05, 0x03, 0x4c, 0x1f, 0x01, 0x01,
  0x01, 0x4b, 0x1b, 0x40, 0x13, 0x1b, 0x01, 0x06, 0x04, 0x08, 0x01, 0x01,
  0x07, 0x2a, 0x01, 0x00, 0x05, 0x03, 0x4c, 0x1f, 0x01, 0x01, 0x01, 0x4b,
  0x59, 0x4b, 0xb0, 0x17, 0x50, 0x58, 0x40, 0x23, 0x09, 0x01, 0x06, 0x06,
  0x03, 0x61, 0x04, 0x01, 0x03, 0x03, 0x1d, 0x4d, 0x00, 0x07, 0x07, 0x01,
  0x61, 0x02, 0x01, 0x01, 0x01, 0x15, 0x4d, 0x00, 0x05, 0x05, 0x00, 0x61,
  0x08, 0x01, 0x00, 0x00, 0x19, 0x00, 0x4e, 0x1b, 0x4b, 0xb0, 0x2e, 0x50,
  0x58, 0x40, 0x2b, 0x00, 0x04, 0x04, 0x17, 0x4d, 0x09, 0x01, 0x06, 0x06,
  0x03, 0x61, 0x00, 0x03, 0x03, 0x1d, 0x4d, 0x00, 0x01, 0x01, 0x15, 0x4d,
  0x00, 0x07, 0x07, 0x02, 0x61, 0x00, 0x02, 0x02, 0x1b, 0x4d, 0x00, 0x05,
  0x05, 0x00, 0x61, 0x08, 0x01, 0x00, 0x00, 0x19, 0x00, 0x4e, 0x1b, 0x40,
  0x28, 0x00, 0x05, 0x08, 0x01, 0x00, 0x05, 0x00, 0x65, 0x00, 0x04, 0x04,
  0x17, 0x4d, 0x09, 0x01, 0x06, 0x06, 0x03, 0x61, 0x00, 0x03, 0x03, 0x1d,
  0x4d, 0x00, 0x01, 0x01, 0x15, 0x4d, 0x00, 0x07, 0x07, 0x02, 0x61, 0x00,
  0x02, 0x02, 0x1b, 0x02, 0x4e, 0x59, 0x59, 0x40, 0x1b, 0x2e, 0x2d, 0x01,
  0x00, 0x36, 0x34, 0x2d, 0x3c, 0x2e, 0x3c, 0x27, 0x25, 0x1e, 0x1d, 0x18,
  0x16, 0x0e, 0x0c, 0x07, 0x06, 0x00, 0x2c, 0x01, 0x2c, 0x0a, 0x07, 0x16,
  0x2b, 0x05, 0x22, 0x26, 0x35, 0x34, 0x36, 0x37, 0x23, 0x35, 0x23, 0x0e,
  0x02, 0x23, 0x22, 0x2e, 0x02, 0x35, 0x34, 0x3e, 0x02, 0x33, 0x32, 0x16,
  0x16, 0x17, 0x33, 0x35, 0x33, 0x11, 0x30, 0x06, 0x06, 0x15, 0x14, 0x16,
  0x33, 0x32, 0x36, 0x31, 0x15, 0x30, 0x06, 0x01, 0x22, 0x06, 0x06, 0x15,
  0x14, 0x16, 0x16, 0x33, 0x32, 0x36, 0x36, 0x35, 0x34, 0x26, 0x26, 0x02,
  0x45, 0x49, 0x43, 0x1d, 0x13, 0x27, 0x08, 0x04, 0x23, 0x42, 0x33, 0x3b,
  0x57, 0x3a, 0x1d, 0x1d, 0x3a, 0x57, 0x3b, 0x33, 0x42, 0x23, 0x04, 0x08,
  0x98, 0x1a, 0x19, 0x19, 0x1d, 0x0c, 0x16, 0x21, 0xfe, 0xec, 0x29, 0x37,
  0x1b, 0x1b, 0x37, 0x29, 0x29, 0x37, 0x1b, 0x1b, 0x37, 0xb8, 0x3b, 0x29,
  0x1e, 0x29, 0x0d, 0x44, 0x07, 0x26, 0x21, 0x2f, 0x4f, 0x62, 0x33, 0x33,
  0x62, 0x4f, 0x2f, 0x21, 0x26, 0x07, 0x44, 0xfd, 0xee, 0x0d, 0x1a, 0x13,
  0x0f, 0x17, 0x03, 0x56, 0x05, 0x02, 0x59, 0x2d, 0x46, 0x25, 0x25, 0x46,
  0x2d, 0x2d, 0x46, 0x25, 0x25, 0x46, 0x2d, 0x00, 0x00, 0x04, 0x00, 0x35,
  0xff, 0xf6, 0x02, 0x5a, 0x03, 0x5b, 0x00, 0x0f, 0x00, 0x1b, 0x00, 0x34,
  0x00, 0x44, 0x00, 0xb2, 0x4b, 0xb0, 0x17, 0x50, 0x58, 0x40, 0x0a, 0x20,
  0x01, 0x08, 0x04, 0x26, 0x01, 0x06, 0x09, 0x02, 0x4c, 0x1b, 0x40, 0x0a,
  0x20, 0x01, 0x08, 0x05, 0x26, 0x01, 0x06, 0x09, 0x02, 0x4c, 0x59, 0x4b,
  0xb0, 0x17, 0x50, 0x58, 0x40, 0x2b, 0x00, 0x01, 0x00, 0x03, 0x02, 0x01,
  0x03, 0x69, 0x0b, 0x01, 0x02, 0x0a, 0x01, 0x00, 0x04, 0x02, 0x00, 0x69,
  0x0d, 0x01, 0x08, 0x08, 0x04, 0x61, 0x05, 0x0c, 0x02, 0x04, 0x04, 0x1d,
  0x4d, 0x00, 0x09, 0x09, 0x06, 0x61, 0x07, 0x01, 0x06, 0x06, 0x15, 0x06,
  0x4e, 0x1b, 0x40, 0x33, 0x00, 0x01, 0x00, 0x03, 0x02, 0x01, 0x03, 0x69,
  0x0b, 0x01, 0x02, 0x0a, 0x01, 0x00, 0x04, 0x02, 0x00, 0x69, 0x00, 0x05,
  0x05, 0x17, 0x4d, 0x0d, 0x01, 0x08, 0x08, 0x04, 0x61, 0x0c, 0x01, 0x04,
  0x04, 0x1d, 0x4d, 0x00, 0x06, 0x06, 0x15, 0x4d, 0x00, 0x09, 0x09, 0x07,
  0x61, 0x00, 0x07, 0x07, 0x1b, 0x07, 0x4e, 0x59, 0x40, 0x27, 0x36, 0x35,
  0x1d, 0x1c, 0x11, 0x10, 0x01, 0x00, 0x3e, 0x3c, 0x35, 0x44, 0x36, 0x44,
  0x2c, 0x2a, 0x25, 0x24, 0x23, 0x22, 0x1c, 0x34, 0x1d, 0x34, 0x17, 0x15,
  0x10, 0x1b, 0x11, 0x1b, 0x09, 0x07, 0x00, 0x0f, 0x01, 0x0f, 0x0e, 0x07,
  0x16, 0x2b, 0x01, 0x22, 0x26, 0x26, 0x35, 0x34, 0x36, 0x36, 0x33, 0x32,
  0x16, 0x16, 0x15, 0x14, 0x06, 0x06, 0x27, 0x32, 0x36, 0x35, 0x34, 0x26,
  0x23, 0x22, 0x06, 0x15, 0x14, 0x16, 0x07, 0x32, 0x16, 0x16, 0x17, 0x33,
  0x35, 0x33, 0x11, 0x23, 0x35, 0x23, 0x0e, 0x02, 0x23, 0x22, 0x2e, 0x02,
  0x35, 0x34, 0x3e, 0x02, 0x17, 0x22, 0x06, 0x06, 0x15, 0x14, 0x16, 0x16,
  0x33, 0x32, 0x36, 0x36, 0x35, 0x34, 0x26, 0x26, 0x01, 0x4c, 0x26, 0x3e,
  0x24, 0x24, 0x3e, 0x26, 0x25, 0x3e, 0x25, 0x25, 0x3e, 0x25, 0x16, 0x20,
  0x20, 0x16, 0x17, 0x20, 0x20, 0x17, 0x33, 0x42, 0x23, 0x04, 0x08, 0x98,
  0x98, 0x08, 0x04, 0x23, 0x42, 0x33, 0x3b, 0x57, 0x3a, 0x1d, 0x1d, 0x3a,
  0x57, 0x67, 0x29, 0x37, 0x1b, 0x1b, 0x37, 0x29, 0x29, 0x37, 0x1b, 0x1b,
  0x37, 0x02, 0x4c, 0x24, 0x3e, 0x25, 0x26, 0x3d, 0x25, 0x25, 0x3d, 0x26,
  0x25, 0x3e, 0x24, 0x51, 0x1f, 0x17, 0x17, 0x1f, 0x1f, 0x17, 0x17, 0x1f,
  0x81, 0x21, 0x26, 0x07, 0x44, 0xfd, 0xee, 0x44, 0x07, 0x26, 0x21, 0x2f,
  0x4f, 0x62, 0x33, 0x33, 0x62, 0x4f, 0x2f, 0x7b, 0x2d, 0x46, 0x25, 0x25,
  0x46, 0x2d, 0x2d, 0x46, 0x25, 0x25, 0x46, 0x2d, 0x00, 0x03, 0x00, 0x35,
  0xff, 0xf6, 0x02, 0x5a, 0x02, 0xff, 0x00, 0x18, 0x00, 0x31, 0x00, 0x41,
  0x01, 0x4d, 0x4b, 0xb0, 0x17, 0x50, 0x58, 0x40, 0x0a, 0x1d, 0x01, 0x0a,
  0x06, 0x23, 0x01, 0x08, 0x0b, 0x02, 0x4c, 0x1b, 0x40, 0x0a, 0x1d, 0x01,
  0x0a, 0x07, 0x23, 0x01, 0x08, 0x0b, 0x02, 0x4c, 0x59, 0x4b, 0xb0, 0x17,
  0x50, 0x58, 0x40, 0x2e, 0x00, 0x04, 0x02, 0x0c, 0x02, 0x00, 0x06, 0x04,
  0x00, 0x6a, 0x00, 0x01, 0x01, 0x03, 0x61, 0x05, 0x01, 0x03, 0x03, 0x16,
  0x4d, 0x0e, 0x01, 0x0a, 0x0a, 0x06, 0x61, 0x07, 0x0d, 0x02, 0x06, 0x06,
  0x1d, 0x4d, 0x00, 0x0b, 0x0b, 0x08, 0x61, 0x09, 0x01, 0x08, 0x08, 0x15,
  0x08, 0x4e, 0x1b, 0x4b, 0xb0, 0x26, 0x50, 0x58, 0x40, 0x36, 0x00, 0x04,
  0x02, 0x0c, 0x02, 0x00, 0x06, 0x04, 0x00, 0x6a, 0x00, 0x01, 0x01, 0x03,
  0x61, 0x05, 0x01, 0x03, 0x03, 0x16, 0x4d, 0x00, 0x07, 0x07, 0x17, 0x4d,
  0x0e, 0x01, 0x0a, 0x0a, 0x06, 0x61, 0x0d, 0x01, 0x06, 0x06, 0x1d, 0x4d,
  0x00, 0x08, 0x08, 0x15, 0x4d, 0x00, 0x0b, 0x0b, 0x09, 0x61, 0x00, 0x09,
  0x09, 0x1b, 0x09, 0x4e, 0x1b, 0x4b, 0xb0, 0x2f, 0x50, 0x58, 0x40, 0x41,
  0x00, 0x02, 0x01, 0x00, 0x01, 0x02, 0x00, 0x80, 0x00, 0x04, 0x0c, 0x01,
  0x00, 0x06, 0x04, 0x00, 0x6a, 0x00, 0x05, 0x05, 0x16, 0x4d, 0x00, 0x01,
  0x01, 0x03, 0x61, 0x00, 0x03, 0x03, 0x16, 0x4d, 0x00, 0x07, 0x07, 0x17,
  0x4d, 0x0e, 0x01, 0x0a, 0x0a, 0x06, 0x61, 0x0d, 0x01, 0x06, 0x06, 0x1d,
  0x4d, 0x00, 0x08, 0x08, 0x15, 0x4d, 0x00, 0x0b, 0x0b, 0x09, 0x61, 0x00,
  0x09, 0x09, 0x1b, 0x09, 0x4e, 0x1b, 0x40, 0x42, 0x00, 0x05, 0x03, 0x04,
  0x03, 0x05, 0x04, 0x80, 0x00, 0x02, 0x01, 0x00, 0x01, 0x02, 0x00, 0x80,
  0x00, 0x03, 0x00, 0x01, 0x02, 0x03, 0x01, 0x69, 0x00, 0x04, 0x0c, 0x01,
  0x00, 0x06, 0x04, 0x00, 0x6a, 0x00, 0x07, 0x07, 0x17, 0x4d, 0x0e, 0x01,
  0x0a, 0x0a, 0x06, 0x61, 0x0d, 0x01, 0x06, 0x06, 0x1d, 0x4d, 0x00, 0x08,
  0x08, 0x15, 0x4d, 0x00, 0x0b, 0x0b, 0x09, 0x61, 0x00, 0x09, 0x09, 0x1b,
  0x09, 0x4e, 0x59, 0x59, 0x59, 0x40, 0x27, 0x33, 0x32, 0x1a, 0x19, 0x01,
  0x00, 0x3b, 0x39, 0x32, 0x41, 0x33, 0x41, 0x29, 0x27, 0x22, 0x21, 0x20,
  0x1f, 0x19, 0x31, 0x1a, 0x31, 0x15, 0x14, 0x13, 0x11, 0x0e, 0x0c, 0x09,
  0x08, 0x06, 0x04, 0x00, 0x18, 0x01, 0x18, 0x0f, 0x07, 0x16, 0x2b, 0x01,
  0x22, 0x2e, 0x02, 0x23, 0x22, 0x06, 0x15, 0x23, 0x34, 0x36, 0x36, 0x33,
  0x32, 0x1e, 0x02, 0x33, 0x32, 0x35, 0x33, 0x14, 0x06, 0x06, 0x07, 0x32,
  0x16, 0x16, 0x17, 0x33, 0x35, 0x33, 0x11, 0x23, 0x35, 0x23, 0x0e, 0x02,
  0x23, 0x22, 0x2e, 0x02, 0x35, 0x34, 0x3e, 0x02, 0x17, 0x22, 0x06, 0x06,
  0x15, 0x14, 0x16, 0x16, 0x33, 0x32, 0x36, 0x36, 0x35, 0x34, 0x26, 0x26,
  0x01, 0x96, 0x1b, 0x27, 0x1e, 0x19, 0x0e, 0x10, 0x0c, 0x51, 0x0f, 0x2c,
  0x29, 0x1c, 0x27, 0x1e, 0x19, 0x0d, 0x1c, 0x51, 0x10, 0x2b, 0xa1, 0x33,
  0x42, 0x23, 0x04, 0x08, 0x98, 0x98, 0x08, 0x04, 0x23, 0x42, 0x33, 0x3b,
  0x57, 0x3a, 0x1d, 0x1d, 0x3a, 0x57, 0x67, 0x29, 0x37, 0x1b, 0x1b, 0x37,
  0x29, 0x29, 0x37, 0x1b, 0x1b, 0x37, 0x02, 0x66, 0x13, 0x18, 0x13, 0x1e,
  0x1a, 0x21, 0x44, 0x2e, 0x13, 0x18, 0x12, 0x37, 0x21, 0x44, 0x2e, 0x4a,
  0x21, 0x26, 0x07, 0x44, 0xfd, 0xee, 0x44, 0x07, 0x26, 0x21, 0x2f, 0x4f,
  0x62, 0x33, 0x33, 0x62, 0x4f, 0x2f, 0x7b, 0x2d, 0x46, 0x25, 0x25, 0x46,
  0x2d, 0x2d, 0x46, 0x25, 0x25, 0x46, 0x2d, 0x00, 0x00, 0x03, 0x00, 0x2d,
  0xff, 0xf6, 0x03, 0x89, 0x02, 0x1c, 0x00, 0x3f, 0x00, 0x46, 0x00, 0x51,
  0x00, 0xc9, 0x4b, 0xb0, 0x14, 0x50, 0x58, 0x40, 0x0a, 0x1b, 0x01, 0x02,
  0x04, 0x3a, 0x01, 0x00, 0x07, 0x02, 0x4c, 0x1b, 0x40, 0x0a, 0x1b, 0x01,
  0x02, 0x04, 0x3a, 0x01, 0x0c, 0x07, 0x02, 0x4c, 0x59, 0x4b, 0xb0, 0x14,
  0x50, 0x58, 0x40, 0x35, 0x00, 0x03, 0x02, 0x01, 0x02, 0x03, 0x01, 0x80,
  0x00, 0x08, 0x06, 0x07, 0x06, 0x08, 0x07, 0x80, 0x0a, 0x01, 0x01, 0x0d,
  0x01, 0x06, 0x08, 0x01, 0x06, 0x67, 0x0b, 0x01, 0x02, 0x02, 0x04, 0x61,
  0x05, 0x01, 0x04, 0x04, 0x1d, 0x4d, 0x0f, 0x0c, 0x02, 0x07, 0x07, 0x00,
  0x61, 0x09, 0x0e, 0x02, 0x00, 0x00, 0x1b, 0x00, 0x4e, 0x1b, 0x40, 0x40,
  0x00, 0x03, 0x02, 0x01, 0x02, 0x03, 0x01, 0x80, 0x00, 0x08, 0x06, 0x07,
  0x06, 0x08, 0x07, 0x80, 0x0a, 0x01, 0x01, 0x0d, 0x01, 0x06, 0x08, 0x01,
  0x06, 0x67, 0x0b, 0x01, 0x02, 0x02, 0x04, 0x61, 0x05, 0x01, 0x04, 0x04,
  0x1d, 0x4d, 0x00, 0x07, 0x07, 0x00, 0x61, 0x09, 0x0e, 0x02, 0x00, 0x00,
  0x1b, 0x4d, 0x0f, 0x01, 0x0c, 0x0c, 0x00, 0x61, 0x09, 0x0e, 0x02, 0x00,
  0x00, 0x1b, 0x00, 0x4e, 0x59, 0x40, 0x27, 0x48, 0x47, 0x01, 0x00, 0x4d,
  0x4b, 0x47, 0x51, 0x48, 0x51, 0x45, 0x43, 0x41, 0x40, 0x36, 0x34, 0x2f,
  0x2d, 0x2a, 0x28, 0x26, 0x25, 0x21, 0x1f, 0x18, 0x16, 0x11, 0x0f, 0x0c,
  0x0a, 0x07, 0x05, 0x00, 0x3f, 0x01, 0x3f, 0x10, 0x07, 0x16, 0x2b, 0x17,
  0x22, 0x26, 0x35, 0x34, 0x36, 0x37, 0x37, 0x35, 0x34, 0x26, 0x23, 0x22,
  0x0e, 0x02, 0x31, 0x23, 0x30, 0x3e, 0x03, 0x33, 0x32, 0x16, 0x16, 0x17,
  0x33, 0x3e, 0x02, 0x33, 0x32, 0x16, 0x16, 0x15, 0x15, 0x21, 0x16, 0x16,
  0x33, 0x32, 0x3e, 0x02, 0x31, 0x33, 0x30, 0x0e, 0x03, 0x23, 0x22, 0x2e,
  0x02, 0x27, 0x23, 0x30, 0x0e, 0x02, 0x13, 0x33, 0x26, 0x26, 0x23, 0x22,
  0x06, 0x01, 0x32, 0x36, 0x35, 0x35, 0x07, 0x06, 0x06, 0x15, 0x14, 0x16,
  0xed, 0x54, 0x6c, 0x6e, 0x69, 0x7e, 0x2a, 0x31, 0x1f, 0x26, 0x12, 0x06,
  0x90, 0x08, 0x19, 0x33, 0x53, 0x40, 0x3d, 0x4d, 0x27, 0x03, 0x04, 0x05,
  0x29, 0x4e, 0x3b, 0x47, 0x71, 0x41, 0xfe, 0x8f, 0x03, 0x40, 0x38, 0x20,
  0x29, 0x16, 0x09, 0x8a, 0x0a, 0x1c, 0x36, 0x57, 0x3f, 0x38, 0x50, 0x34,
  0x1a, 0x03, 0x05, 0x12, 0x2d, 0x4e, 0xf0, 0xe2, 0x03, 0x3e, 0x2e, 0x2f,
  0x40, 0xfe, 0xf7, 0x32, 0x3d, 0x70, 0x2b, 0x28, 0x31, 0x0a, 0x54, 0x4e,
  0x49, 0x57, 0x02, 0x02, 0x16, 0x22, 0x36, 0x15, 0x1a, 0x15, 0x25, 0x36,
  0x36, 0x25, 0x21, 0x29, 0x0b, 0x0a, 0x29, 0x22, 0x3e, 0x7c, 0x5d, 0x25,
  0x2f, 0x48, 0x14, 0x1a, 0x14, 0x25, 0x36, 0x36, 0x24, 0x1c, 0x28, 0x23,
  0x06, 0x21, 0x2b, 0x21, 0x01, 0x46, 0x3b, 0x35, 0x39, 0xfe, 0xea, 0x40,
  0x31, 0x10, 0x02, 0x01, 0x24, 0x1a, 0x1f, 0x21, 0x00, 0x02, 0x00, 0x44,
  0xff, 0xf6, 0x02, 0x69, 0x02, 0xf8, 0x00, 0x18, 0x00, 0x28, 0x00, 0xac,
  0x4b, 0xb0, 0x17, 0x50, 0x58, 0x40, 0x0a, 0x0a, 0x01, 0x05, 0x03, 0x04,
  0x01, 0x00, 0x04, 0x02, 0x4c, 0x1b, 0x40, 0x0a, 0x0a, 0x01, 0x05, 0x03,
  0x04, 0x01, 0x01, 0x04, 0x02, 0x4c, 0x59, 0x4b, 0xb0, 0x17, 0x50, 0x58,
  0x40, 0x1d, 0x00, 0x02, 0x02, 0x16, 0x4d, 0x00, 0x05, 0x05, 0x03, 0x61,
  0x00, 0x03, 0x03, 0x1d, 0x4d, 0x07, 0x01, 0x04, 0x04, 0x00, 0x61, 0x01,
  0x06, 0x02, 0x00, 0x00, 0x1b, 0x00, 0x4e, 0x1b, 0x4b, 0xb0, 0x2f, 0x50,
  0x58, 0x40, 0x21, 0x00, 0x02, 0x02, 0x16, 0x4d, 0x00, 0x05, 0x05, 0x03,
  0x61, 0x00, 0x03, 0x03, 0x1d, 0x4d, 0x00, 0x01, 0x01, 0x15, 0x4d, 0x07,
  0x01, 0x04, 0x04, 0x00, 0x61, 0x06, 0x01, 0x00, 0x00, 0x1b, 0x00, 0x4e,
  0x1b, 0x40, 0x21, 0x00, 0x05, 0x05, 0x03, 0x61, 0x00, 0x03, 0x03, 0x1d,
  0x4d, 0x00, 0x02, 0x02, 0x01, 0x5f, 0x00, 0x01, 0x01, 0x15, 0x4d, 0x07,
  0x01, 0x04, 0x04, 0x00, 0x61, 0x06, 0x01, 0x00, 0x00, 0x1b, 0x00, 0x4e,
  0x59, 0x59, 0x40, 0x17, 0x1a, 0x19, 0x01, 0x00, 0x22, 0x20, 0x19, 0x28,
  0x1a, 0x28, 0x10, 0x0e, 0x09, 0x08, 0x07, 0x06, 0x00, 0x18, 0x01, 0x18,
  0x08, 0x07, 0x16, 0x2b, 0x05, 0x22, 0x26, 0x26, 0x27, 0x23, 0x15, 0x23,
  0x11, 0x33, 0x11, 0x33, 0x3e, 0x02, 0x33, 0x32, 0x1e, 0x02, 0x15, 0x14,
  0x0e, 0x02, 0x27, 0x32, 0x36, 0x36, 0x35, 0x34, 0x26, 0x26, 0x23, 0x22,
  0x06, 0x06, 0x15, 0x14, 0x16, 0x16, 0x01, 0x80, 0x33, 0x42, 0x23, 0x05,
  0x07, 0x98, 0x98, 0x07, 0x05, 0x23, 0x42, 0x33, 0x3b, 0x57, 0x3a, 0x1d,
  0x1d, 0x3a, 0x57, 0x67, 0x29, 0x37, 0x1b, 0x1b, 0x37, 0x29, 0x29, 0x37,
  0x1b, 0x1b, 0x37, 0x0a, 0x21, 0x26, 0x07, 0x44, 0x02, 0xf8, 0xfe, 0xd6,
  0x07, 0x26, 0x21, 0x2f, 0x4f, 0x62, 0x33, 0x33, 0x62, 0x4f, 0x2f, 0x7b,
  0x2d, 0x46, 0x25, 0x25, 0x46, 0x2d, 0x2d, 0x46, 0x25, 0x25, 0x46, 0x2d,
  0x00, 0x01, 0x00, 0x33, 0xff, 0xf6, 0x02, 0x42, 0x02, 0x1c, 0x00, 0x29,
  0x00, 0x3b, 0x40, 0x38, 0x00, 0x02, 0x03, 0x05, 0x03, 0x02, 0x05, 0x80,
  0x00, 0x05, 0x04, 0x03, 0x05, 0x04, 0x7e, 0x00, 0x03, 0x03, 0x01, 0x61,
  0x00, 0x01, 0x01, 0x1d, 0x4d, 0x00, 0x04, 0x04, 0x00, 0x61, 0x06, 0x01,
  0x00, 0x00, 0x1b, 0x00, 0x4e, 0x01, 0x00, 0x24, 0x22, 0x1f, 0x1d, 0x17,
  0x15, 0x11, 0x0f, 0x0b, 0x09, 0x00, 0x29, 0x01, 0x29, 0x07, 0x07, 0x16,
  0x2b, 0x05, 0x22, 0x2e, 0x02, 0x35, 0x34, 0x3e, 0x02, 0x33, 0x32, 0x1e,
  0x03, 0x31, 0x23, 0x30, 0x2e, 0x02, 0x23, 0x22, 0x06, 0x06, 0x15, 0x14,
  0x16, 0x16, 0x33, 0x32, 0x3e, 0x02, 0x31, 0x33, 0x30, 0x0e, 0x03, 0x01,
  0x47, 0x46, 0x68, 0x44, 0x22, 0x22, 0x44, 0x68, 0x46, 0x47, 0x5c, 0x37,
  0x1a, 0x07, 0x8e, 0x07, 0x15, 0x2a, 0x23, 0x2b, 0x39, 0x1c, 0x1c, 0x39,
  0x2b, 0x23, 0x2a, 0x15, 0x07, 0x8e, 0x07, 0x1a, 0x37, 0x5c, 0x0a, 0x2f,
  0x4e, 0x63, 0x33, 0x33, 0x62, 0x4f, 0x2f, 0x29, 0x3d, 0x3d, 0x29, 0x19,
  0x21, 0x19, 0x2b, 0x46, 0x29, 0x29, 0x46, 0x2b, 0x19, 0x21, 0x19, 0x29,
  0x3d, 0x3d, 0x29, 0x00, 0x00, 0x02, 0x00, 0x33, 0xff, 0xf6, 0x02, 0x42,
  0x03, 0x10, 0x00, 0x03, 0x00, 0x2d, 0x00, 0x7f, 0x4b, 0xb0, 0x16, 0x50,
  0x58, 0x40, 0x2f, 0x00, 0x04, 0x05, 0x07, 0x05, 0x04, 0x07, 0x80, 0x00,
  0x07, 0x06, 0x05, 0x07, 0x06, 0x7e, 0x00, 0x00, 0x00, 0x01, 0x5f, 0x00,
  0x01, 0x01, 0x16, 0x4d, 0x00, 0x05, 0x05, 0x03, 0x61, 0x00, 0x03, 0x03,
  0x1d, 0x4d, 0x00, 0x06, 0x06, 0x02, 0x61, 0x08, 0x01, 0x02, 0x02, 0x1b,
  0x02, 0x4e, 0x1b, 0x40, 0x2d, 0x00, 0x04, 0x05, 0x07, 0x05, 0x04, 0x07,
  0x80, 0x00, 0x07, 0x06, 0x05, 0x07, 0x06, 0x7e, 0x00, 0x01, 0x00, 0x00,
  0x03, 0x01, 0x00, 0x67, 0x00, 0x05, 0x05, 0x03, 0x61, 0x00, 0x03, 0x03,
  0x1d, 0x4d, 0x00, 0x06, 0x06, 0x02, 0x61, 0x08, 0x01, 0x02, 0x02, 0x1b,
  0x02, 0x4e, 0x59, 0x40, 0x15, 0x05, 0x04, 0x28, 0x26, 0x23, 0x21, 0x1b,
  0x19, 0x15, 0x13, 0x0f, 0x0d, 0x04, 0x2d, 0x05, 0x2d, 0x11, 0x10, 0x09,
  0x07, 0x18, 0x2b, 0x01, 0x27, 0x37, 0x33, 0x03, 0x22, 0x2e, 0x02, 0x35,
  0x34, 0x3e, 0x02, 0x33, 0x32, 0x1e, 0x03, 0x31, 0x23, 0x30, 0x2e, 0x02,
  0x23, 0x22, 0x06, 0x06, 0x15, 0x14, 0x16, 0x16, 0x33, 0x32, 0x3e, 0x02,
  0x31, 0x33, 0x30, 0x0e, 0x03, 0x01, 0x84, 0x71, 0x51, 0x8d, 0xaa, 0x46,
  0x68, 0x44, 0x22, 0x22, 0x44, 0x68, 0x46, 0x47, 0x5d, 0x36, 0x1a, 0x07,
  0x8d, 0x07, 0x16, 0x2a, 0x23, 0x2b, 0x39, 0x1c, 0x1c, 0x39, 0x2b, 0x23,
  0x2a, 0x16, 0x07, 0x8d, 0x07, 0x1a, 0x36, 0x5d, 0x02, 0x5b, 0x01, 0xb4,
  0xfc, 0xe6, 0x2f, 0x4e, 0x63, 0x33, 0x33, 0x62, 0x4f, 0x2f, 0x29, 0x3d,
  0x3d, 0x29, 0x19, 0x21, 0x19, 0x2b, 0x46, 0x29, 0x29, 0x46, 0x2b, 0x19,
  0x21, 0x19, 0x29, 0x3d, 0x3d, 0x29, 0x00, 0x00, 0x00, 0x02, 0x00, 0x33,
  0xff, 0xf6, 0x02, 0x42, 0x03, 0x04, 0x00, 0x06, 0x00, 0x30, 0x00, 0x92,
  0xb5, 0x03, 0x01, 0x02, 0x00, 0x01, 0x4c, 0x4b, 0xb0, 0x2a, 0x50, 0x58,
  0x40, 0x32, 0x09, 0x01, 0x02, 0x00, 0x04, 0x00, 0x02, 0x04, 0x80, 0x00,
  0x08, 0x05, 0x07, 0x05, 0x08, 0x07, 0x80, 0x00, 0x06, 0x06, 0x04, 0x61,
  0x00, 0x04, 0x04, 0x1d, 0x4d, 0x00, 0x05, 0x05, 0x00, 0x5f, 0x01, 0x01,
  0x00, 0x00, 0x16, 0x4d, 0x00, 0x07, 0x07, 0x03, 0x62, 0x0a, 0x01, 0x03,
  0x03, 0x1b, 0x03, 0x4e, 0x1b, 0x40, 0x30, 0x09, 0x01, 0x02, 0x00, 0x04,
  0x00, 0x02, 0x04, 0x80, 0x00, 0x08, 0x05, 0x07, 0x05, 0x08, 0x07, 0x80,
  0x01, 0x01, 0x00, 0x00, 0x05, 0x08, 0x00, 0x05, 0x67, 0x00, 0x06, 0x06,
  0x04, 0x61, 0x00, 0x04, 0x04, 0x1d, 0x4d, 0x00, 0x07, 0x07, 0x03, 0x62,
  0x0a, 0x01, 0x03, 0x03, 0x1b, 0x03, 0x4e, 0x59, 0x40, 0x1b, 0x08, 0x07,
  0x00, 0x00, 0x2b, 0x29, 0x26, 0x24, 0x1e, 0x1c, 0x18, 0x16, 0x12, 0x10,
  0x07, 0x30, 0x08, 0x30, 0x00, 0x06, 0x00, 0x06, 0x12, 0x11, 0x0b, 0x07,
  0x18, 0x2b, 0x01, 0x27, 0x33, 0x17, 0x37, 0x33, 0x07, 0x03, 0x22, 0x2e,
  0x02, 0x35, 0x34, 0x3e, 0x02, 0x33, 0x32, 0x1e, 0x03, 0x31, 0x23, 0x30,
  0x2e, 0x02, 0x23, 0x22, 0x06, 0x06, 0x15, 0x14, 0x16, 0x16, 0x33, 0x32,
  0x3e, 0x02, 0x31, 0x33, 0x30, 0x0e, 0x03, 0x01, 0x0e, 0x81, 0x77, 0x47,
  0x46, 0x77, 0x81, 0x40, 0x46, 0x68, 0x44, 0x22, 0x22, 0x44, 0x68, 0x46,
  0x47, 0x5d, 0x36, 0x1a, 0x07, 0x8d, 0x07, 0x16, 0x2a, 0x23, 0x2b, 0x39,
  0x1c, 0x1c, 0x39, 0x2b, 0x23, 0x2a, 0x16, 0x07, 0x8d, 0x07, 0x1a, 0x36,
  0x5d, 0x02, 0x50, 0xb4, 0x68, 0x68, 0xb4, 0xfd, 0xa6, 0x2f, 0x4e, 0x63,
  0x33, 0x33, 0x62, 0x4f, 0x2f, 0x29, 0x3d, 0x3d, 0x29, 0x19, 0x21, 0x19,
  0x2b, 0x46, 0x29, 0x29, 0x46, 0x2b, 0x19, 0x21, 0x19, 0x29, 0x3d, 0x3d,
  0x29, 0x00, 0x00, 0x00, 0x00, 0x01, 0x00, 0x33, 0xfe, 0xf9, 0x02, 0x42,
  0x02, 0x1c, 0x00, 0x45, 0x00, 0x5c, 0x40, 0x59, 0x13, 0x01, 0x08, 0x06,
  0x12, 0x01, 0x02, 0x08, 0x04, 0x01, 0x01, 0x02, 0x03, 0x4c, 0x00, 0x04,
  0x05, 0x07, 0x05, 0x04, 0x07, 0x80, 0x00, 0x07, 0x06, 0x05, 0x07, 0x06,
  0x7e, 0x00, 0x08, 0x06, 0x02, 0x06, 0x08, 0x02, 0x80, 0x00, 0x06, 0x00,
  0x02, 0x01, 0x06, 0x02, 0x69, 0x00, 0x01, 0x09, 0x01, 0x00, 0x01, 0x00,
  0x66, 0x00, 0x05, 0x05, 0x03, 0x61, 0x00, 0x03, 0x03, 0x1d, 0x05, 0x4e,
  0x01, 0x00, 0x40, 0x3e, 0x36, 0x34, 0x31, 0x2f, 0x29, 0x27, 0x23, 0x21,
  0x1d, 0x1b, 0x0f, 0x0d, 0x09, 0x07, 0x00, 0x45, 0x01, 0x45, 0x0a, 0x07,
  0x16, 0x2b, 0x01, 0x22, 0x26, 0x31, 0x35, 0x30, 0x16, 0x16, 0x33, 0x32,
  0x36, 0x35, 0x34, 0x26, 0x23, 0x22, 0x06, 0x31, 0x27, 0x37, 0x2e, 0x02,
  0x35, 0x34, 0x3e, 0x02, 0x33, 0x32, 0x1e, 0x03, 0x31, 0x23, 0x30, 0x2e,
  0x02, 0x23, 0x22, 0x06, 0x06, 0x15, 0x14, 0x16, 0x16, 0x33, 0x32, 0x3e,
  0x02, 0x31, 0x33, 0x30, 0x0e, 0x03, 0x07, 0x07, 0x36, 0x33, 0x32, 0x16,
  0x15, 0x14, 0x06, 0x06, 0x01, 0x36, 0x1c, 0x35, 0x18, 0x23, 0x0f, 0x2b,
  0x1d, 0x16, 0x14, 0x16, 0x21, 0x35, 0x2f, 0x4b, 0x62, 0x30, 0x22, 0x44,
  0x68, 0x46, 0x47, 0x5d, 0x36, 0x1a, 0x07, 0x8d, 0x07, 0x16, 0x2a, 0x23,
  0x2b, 0x39, 0x1c, 0x1c, 0x39, 0x2b, 0x23, 0x2a, 0x16, 0x07, 0x8d, 0x06,
  0x16, 0x2e, 0x4f, 0x3c, 0x18, 0x0b, 0x0b, 0x31, 0x38, 0x21, 0x46, 0xfe,
  0xf9, 0x07, 0x4f, 0x03, 0x03, 0x1b, 0x0e, 0x0e, 0x13, 0x13, 0x36, 0x44,
  0x0d, 0x52, 0x73, 0x3d, 0x33, 0x62, 0x4f, 0x2f, 0x29, 0x3d, 0x3d, 0x29,
  0x19, 0x21, 0x19, 0x2b, 0x46, 0x29, 0x29, 0x46, 0x2b, 0x19, 0x21, 0x19,
  0x25, 0x38, 0x3b, 0x2c, 0x06, 0x22, 0x02, 0x3c, 0x2b, 0x1e, 0x37, 0x23,
  0x00, 0x02, 0x00, 0x33, 0xff, 0xf6, 0x02, 0x42, 0x03, 0x08, 0x00, 0x0b,
  0x00, 0x35, 0x00, 0x87, 0x4b, 0xb0, 0x2f, 0x50, 0x58, 0x40, 0x30, 0x00,
  0x04, 0x05, 0x07, 0x05, 0x04, 0x07, 0x80, 0x00, 0x07, 0x06, 0x05, 0x07,
  0x06, 0x7e, 0x08, 0x01, 0x00, 0x00, 0x01, 0x61, 0x00, 0x01, 0x01, 0x1c,
  0x4d, 0x00, 0x05, 0x05, 0x03, 0x61, 0x00, 0x03, 0x03, 0x1d, 0x4d, 0x00,
  0x06, 0x06, 0x02, 0x61, 0x09, 0x01, 0x02, 0x02, 0x1b, 0x02, 0x4e, 0x1b,
  0x40, 0x2e, 0x00, 0x04, 0x05, 0x07, 0x05, 0x04, 0x07, 0x80, 0x00, 0x07,
  0x06, 0x05, 0x07, 0x06, 0x7e, 0x00, 0x01, 0x08, 0x01, 0x00, 0x03, 0x01,
  0x00, 0x69, 0x00, 0x05, 0x05, 0x03, 0x61, 0x00, 0x03, 0x03, 0x1d, 0x4d,
  0x00, 0x06, 0x06, 0x02, 0x61, 0x09, 0x01, 0x02, 0x02, 0x1b, 0x02, 0x4e,
  0x59, 0x40, 0x1b, 0x0d, 0x0c, 0x01, 0x00, 0x30, 0x2e, 0x2b, 0x29, 0x23,
  0x21, 0x1d, 0x1b, 0x17, 0x15, 0x0c, 0x35, 0x0d, 0x35, 0x07, 0x05, 0x00,
  0x0b, 0x01, 0x0b, 0x0a, 0x07, 0x16, 0x2b, 0x01, 0x22, 0x26, 0x35, 0x34,
  0x36, 0x33, 0x32, 0x16, 0x15, 0x14, 0x06, 0x03, 0x22, 0x2e, 0x02, 0x35,
  0x34, 0x3e, 0x02, 0x33, 0x32, 0x1e, 0x03, 0x31, 0x23, 0x30, 0x2e, 0x02,
  0x23, 0x22, 0x06, 0x06, 0x15, 0x14, 0x16, 0x16, 0x33, 0x32, 0x3e, 0x02,
  0x31, 0x33, 0x30, 0x0e, 0x03, 0x01, 0x4b, 0x28, 0x32, 0x32, 0x28, 0x27,
  0x33, 0x33, 0x2b, 0x46, 0x68, 0x44, 0x22, 0x22, 0x44, 0x68, 0x46, 0x47,
  0x5d, 0x36, 0x1a, 0x07, 0x8d, 0x07, 0x16, 0x2a, 0x23, 0x2b, 0x39, 0x1c,
  0x1c, 0x39, 0x2b, 0x23, 0x2a, 0x16, 0x07, 0x8d, 0x07, 0x1a, 0x36, 0x5d,
  0x02, 0x5a, 0x33, 0x24, 0x24, 0x33, 0x33, 0x24, 0x24, 0x33, 0xfd, 0x9c,
  0x2f, 0x4e, 0x63, 0x33, 0x33, 0x62, 0x4f, 0x2f, 0x29, 0x3d, 0x3d, 0x29,
  0x19, 0x21, 0x19, 0x2b, 0x46, 0x29, 0x29, 0x46, 0x2b, 0x19, 0x21, 0x19,
  0x29, 0x3d, 0x3d, 0x29, 0x00, 0x02, 0x00, 0x33, 0xff, 0xf6, 0x02, 0x58,
  0x02, 0xf8, 0x00, 0x18, 0x00, 0x28, 0x00, 0xac, 0x4b, 0xb0, 0x17, 0x50,
  0x58, 0x40, 0x0a, 0x0e, 0x01, 0x05, 0x01, 0x14, 0x01, 0x00, 0x04, 0x02,
  0x4c, 0x1b, 0x40, 0x0a, 0x0e, 0x01, 0x05, 0x01, 0x14, 0x01, 0x03, 0x04,
  0x02, 0x4c, 0x59, 0x4b, 0xb0, 0x17, 0x50, 0x58, 0x40, 0x1d, 0x00, 0x02,
  0x02, 0x16, 0x4d, 0x00, 0x05, 0x05, 0x01, 0x61, 0x00, 0x01, 0x01, 0x1d,
  0x4d, 0x07, 0x01, 0x04, 0x04, 0x00, 0x61, 0x03, 0x06, 0x02, 0x00, 0x00,
  0x1b, 0x00, 0x4e, 0x1b, 0x4b, 0xb0, 0x2f, 0x50, 0x58, 0x40, 0x21, 0x00,
  0x02, 0x02, 0x16, 0x4d, 0x00, 0x05, 0x05, 0x01, 0x61, 0x00, 0x01, 0x01,
  0x1d, 0x4d, 0x00, 0x03, 0x03, 0x15, 0x4d, 0x07, 0x01, 0x04, 0x04, 0x00,
  0x61, 0x06, 0x01, 0x00, 0x00, 0x1b, 0x00, 0x4e, 0x1b, 0x40, 0x21, 0x00,
  0x05, 0x05, 0x01, 0x61, 0x00, 0x01, 0x01, 0x1d, 0x4d, 0x00, 0x02, 0x02,
  0x03, 0x5f, 0x00, 0x03, 0x03, 0x15, 0x4d, 0x07, 0x01, 0x04, 0x04, 0x00,
  0x61, 0x06, 0x01, 0x00, 0x00, 0x1b, 0x00, 0x4e, 0x59, 0x59, 0x40, 0x17,
  0x1a, 0x19, 0x01, 0x00, 0x22, 0x20, 0x19, 0x28, 0x1a, 0x28, 0x13, 0x12,
  0x11, 0x10, 0x0b, 0x09, 0x00, 0x18, 0x01, 0x18, 0x08, 0x07, 0x16, 0x2b,
  0x05, 0x22, 0x2e, 0x02, 0x35, 0x34, 0x3e, 0x02, 0x33, 0x32, 0x16, 0x16,
  0x17, 0x33, 0x11, 0x33, 0x11, 0x23, 0x35, 0x23, 0x0e, 0x02, 0x27, 0x32,
  0x36, 0x36, 0x35, 0x34, 0x26, 0x26, 0x23, 0x22, 0x06, 0x06, 0x15, 0x14,
  0x16, 0x16, 0x01, 0x1c, 0x3b, 0x57, 0x3a, 0x1d, 0x1d, 0x3a, 0x57, 0x3b,
  0x33, 0x42, 0x23, 0x04, 0x08, 0x98, 0x98, 0x08, 0x04, 0x23, 0x42, 0x07,
  0x29, 0x37, 0x1b, 0x1b, 0x37, 0x29, 0x29, 0x37, 0x1b, 0x1b, 0x37, 0x0a,
  0x2f, 0x4f, 0x62, 0x33, 0x33, 0x62, 0x4f, 0x2f, 0x21, 0x26, 0x07, 0x01,
  0x2a, 0xfd, 0x08, 0x44, 0x07, 0x26, 0x21, 0x7b, 0x2d, 0x46, 0x25, 0x25,
  0x46, 0x2d, 0x2d, 0x46, 0x25, 0x25, 0x46, 0x2d, 0x00, 0x02, 0x00, 0x33,
  0xff, 0xf6, 0x02, 0x60, 0x03, 0x4a, 0x00, 0x25, 0x00, 0x35, 0x00, 0x3f,
  0x40, 0x3c, 0x0d, 0x01, 0x03, 0x01, 0x01, 0x4c, 0x1e, 0x1d, 0x1c, 0x1b,
  0x17, 0x13, 0x12, 0x11, 0x10, 0x09, 0x01, 0x4a, 0x00, 0x03, 0x03, 0x01,
  0x61, 0x00, 0x01, 0x01, 0x17, 0x4d, 0x05, 0x01, 0x02, 0x02, 0x00, 0x61,
  0x04, 0x01, 0x00, 0x00, 0x1b, 0x00, 0x4e, 0x27, 0x26, 0x01, 0x00, 0x2f,
  0x2d, 0x26, 0x35, 0x27, 0x35, 0x0b, 0x09, 0x00, 0x25, 0x01, 0x25, 0x06,
  0x07, 0x16, 0x2b, 0x05, 0x22, 0x2e, 0x02, 0x35, 0x34, 0x3e, 0x02, 0x33,
  0x32, 0x16, 0x17, 0x26, 0x26, 0x27, 0x07, 0x27, 0x37, 0x26, 0x26, 0x31,
  0x37, 0x30, 0x16, 0x16, 0x17, 0x37, 0x17, 0x07, 0x1e, 0x02, 0x15, 0x14,
  0x06, 0x06, 0x27, 0x32, 0x36, 0x36, 0x35, 0x34, 0x26, 0x26, 0x23, 0x22,
  0x06, 0x06, 0x15, 0x14, 0x16, 0x16, 0x01, 0x49, 0x47, 0x69, 0x44, 0x22,
  0x1f, 0x3c, 0x59, 0x3b, 0x25, 0x3a, 0x14, 0x1b, 0x47, 0x25, 0x6f, 0x32,
  0x44, 0x26, 0x33, 0x32, 0x2c, 0x4a, 0x2c, 0x7b, 0x32, 0x52, 0x38, 0x63,
  0x3e, 0x3d, 0x7d, 0x5c, 0x2a, 0x37, 0x1b, 0x1c, 0x37, 0x29, 0x2a, 0x38,
  0x1b, 0x1b, 0x38, 0x0a, 0x2f, 0x4f, 0x62, 0x33, 0x31, 0x5e, 0x4b, 0x2c,
  0x13, 0x0e, 0x28, 0x45, 0x1c, 0x41, 0x56, 0x28, 0x16, 0x18, 0x68, 0x11,
  0x22, 0x1b, 0x48, 0x56, 0x30, 0x2c, 0x75, 0x95, 0x5b, 0x57, 0x8d, 0x53,
  0x7b, 0x2d, 0x46, 0x25, 0x26, 0x45, 0x2d, 0x2d, 0x45, 0x26, 0x25, 0x46,
  0x2d, 0x00, 0x00, 0x00, 0x00, 0x03, 0x00, 0x33, 0xff, 0xf6, 0x03, 0x25,
  0x02, 0xf8, 0x00, 0x18, 0x00, 0x1c, 0x00, 0x2c, 0x00, 0xca, 0x4b, 0xb0,
  0x17, 0x50, 0x58, 0x40, 0x0a, 0x0e, 0x01, 0x07, 0x05, 0x14, 0x01, 0x00,
  0x06, 0x02, 0x4c, 0x1b, 0x40, 0x0a, 0x0e, 0x01, 0x07, 0x05, 0x14, 0x01,
  0x03, 0x06, 0x02, 0x4c, 0x59, 0x4b, 0xb0, 0x17, 0x50, 0x58, 0x40, 0x24,
  0x09, 0x01, 0x05, 0x05, 0x02, 0x5f, 0x04, 0x01, 0x02, 0x02, 0x16, 0x4d,
  0x00, 0x07, 0x07, 0x01, 0x61, 0x00, 0x01, 0x01, 0x1d, 0x4d, 0x0a, 0x01,
  0x06, 0x06, 0x00, 0x61, 0x03, 0x08, 0x02, 0x00, 0x00, 0x1b, 0x00, 0x4e,
  0x1b, 0x4b, 0xb0, 0x2f, 0x50, 0x58, 0x40, 0x28, 0x09, 0x01, 0x05, 0x05,
  0x02, 0x5f, 0x04, 0x01, 0x02, 0x02, 0x16, 0x4d, 0x00, 0x07, 0x07, 0x01,
  0x61, 0x00, 0x01, 0x01, 0x1d, 0x4d, 0x00, 0x03, 0x03, 0x15, 0x4d, 0x0a,
  0x01, 0x06, 0x06, 0x00, 0x61, 0x08, 0x01, 0x00, 0x00, 0x1b, 0x00, 0x4e,
  0x1b, 0x40, 0x29, 0x09, 0x01, 0x05, 0x07, 0x02, 0x05, 0x57, 0x00, 0x07,
  0x07, 0x01, 0x61, 0x00, 0x01, 0x01, 0x1d, 0x4d, 0x04, 0x01, 0x02, 0x02,
  0x03, 0x5f, 0x00, 0x03, 0x03, 0x15, 0x4d, 0x0a, 0x01, 0x06, 0x06, 0x00,
  0x61, 0x08, 0x01, 0x00, 0x00, 0x1b, 0x00, 0x4e, 0x59, 0x59, 0x40, 0x1f,
  0x1e, 0x1d, 0x19, 0x19, 0x01, 0x00, 0x26, 0x24, 0x1d, 0x2c, 0x1e, 0x2c,
  0x19, 0x1c, 0x19, 0x1c, 0x1b, 0x1a, 0x13, 0x12, 0x11, 0x10, 0x0b, 0x09,
  0x00, 0x18, 0x01, 0x18, 0x0b, 0x07, 0x16, 0x2b, 0x05, 0x22, 0x2e, 0x02,
  0x35, 0x34, 0x3e, 0x02, 0x33, 0x32, 0x16, 0x16, 0x17, 0x33, 0x11, 0x33,
  0x11, 0x23, 0x35, 0x23, 0x0e, 0x02, 0x01, 0x37, 0x33, 0x07, 0x01, 0x32,
  0x36, 0x36, 0x35, 0x34, 0x26, 0x26, 0x23, 0x22, 0x06, 0x06, 0x15, 0x14,
  0x16, 0x16, 0x01, 0x1c, 0x3b, 0x57, 0x3a, 0x1d, 0x1d, 0x3a, 0x57, 0x3b,
  0x33, 0x42, 0x23, 0x04, 0x08, 0x98, 0x98, 0x08, 0x04, 0x23, 0x42, 0x01,
  0x4e, 0x0a, 0x7e, 0x33, 0xfe, 0x56, 0x29, 0x37, 0x1b, 0x1b, 0x37, 0x29,
  0x29, 0x37, 0x1b, 0x1b, 0x37, 0x0a, 0x2f, 0x4f, 0x62, 0x33, 0x33, 0x62,
  0x4f, 0x2f, 0x21, 0x26, 0x07, 0x01, 0x2a, 0xfd, 0x08, 0x44, 0x07, 0x26,
  0x21, 0x02, 0x21, 0xe1, 0xe1, 0xfe, 0x5a, 0x2d, 0x46, 0x25, 0x25, 0x46,
  0x2d, 0x2d, 0x46, 0x25, 0x25, 0x46, 0x2d, 0x00, 0x00, 0x02, 0x00, 0x33,
  0xff, 0xf6, 0x02, 0xaa, 0x02, 0xf8, 0x00, 0x20, 0x00, 0x30, 0x00, 0xd2,
  0x4b, 0xb0, 0x17, 0x50, 0x58, 0x40, 0x0a, 0x0e, 0x01, 0x09, 0x01, 0x1c,
  0x01, 0x00, 0x08, 0x02, 0x4c, 0x1b, 0x40, 0x0a, 0x0e, 0x01, 0x09, 0x01,
  0x1c, 0x01, 0x07, 0x08, 0x02, 0x4c, 0x59, 0x4b, 0xb0, 0x17, 0x50, 0x58,
  0x40, 0x27, 0x05, 0x01, 0x03, 0x06, 0x01, 0x02, 0x01, 0x03, 0x02, 0x67,
  0x00, 0x04, 0x04, 0x16, 0x4d, 0x00, 0x09, 0x09, 0x01, 0x61, 0x00, 0x01,
  0x01, 0x1d, 0x4d, 0x0b, 0x01, 0x08, 0x08, 0x00, 0x61, 0x07, 0x0a, 0x02,
  0x00, 0x00, 0x1b, 0x00, 0x4e, 0x1b, 0x4b, 0xb0, 0x2f, 0x50, 0x58, 0x40,
  0x2b, 0x05, 0x01, 0x03, 0x06, 0x01, 0x02, 0x01, 0x03, 0x02, 0x67, 0x00,
  0x04, 0x04, 0x16, 0x4d, 0x00, 0x09, 0x09, 0x01, 0x61, 0x00, 0x01, 0x01,
  0x1d, 0x4d, 0x00, 0x07, 0x07, 0x15, 0x4d, 0x0b, 0x01, 0x08, 0x08, 0x00,
  0x61, 0x0a, 0x01, 0x00, 0x00, 0x1b, 0x00, 0x4e, 0x1b, 0x40, 0x2b, 0x05,
  0x01, 0x03, 0x06, 0x01, 0x02, 0x01, 0x03, 0x02, 0x67, 0x00, 0x09, 0x09,
  0x01, 0x61, 0x00, 0x01, 0x01, 0x1d, 0x4d, 0x00, 0x04, 0x04, 0x07, 0x5f,
  0x00, 0x07, 0x07, 0x15, 0x4d, 0x0b, 0x01, 0x08, 0x08, 0x00, 0x61, 0x0a,
  0x01, 0x00, 0x00, 0x1b, 0x00, 0x4e, 0x59, 0x59, 0x40, 0x1f, 0x22, 0x21,
  0x01, 0x00, 0x2a, 0x28, 0x21, 0x30, 0x22, 0x30, 0x1b, 0x1a, 0x19, 0x18,
  0x17, 0x16, 0x15, 0x14, 0x13, 0x12, 0x11, 0x10, 0x0b, 0x09, 0x00, 0x20,
  0x01, 0x20, 0x0c, 0x07, 0x16, 0x2b, 0x05, 0x22, 0x2e, 0x02, 0x35, 0x34,
  0x3e, 0x02, 0x33, 0x32, 0x16, 0x16, 0x17, 0x33, 0x35, 0x23, 0x35, 0x33,
  0x35, 0x33, 0x15, 0x33, 0x15, 0x23, 0x11, 0x23, 0x35, 0x23, 0x0e, 0x02,
  0x27, 0x32, 0x36, 0x36, 0x35, 0x34, 0x26, 0x26, 0x23, 0x22, 0x06, 0x06,
  0x15, 0x14, 0x16, 0x16, 0x01, 0x1c, 0x3b, 0x57, 0x3a, 0x1d, 0x1d, 0x3a,
  0x57, 0x3b, 0x33, 0x42, 0x23, 0x04, 0x08, 0x82, 0x82, 0x98, 0x52, 0x52,
  0x98, 0x08, 0x04, 0x23, 0x42, 0x07, 0x29, 0x37, 0x1b, 0x1b, 0x37, 0x29,
  0x29, 0x37, 0x1b, 0x1b, 0x37, 0x0a, 0x2f, 0x4f, 0x62, 0x33, 0x33, 0x62,
  0x4f, 0x2f, 0x21, 0x26, 0x07, 0x70, 0x64, 0x56, 0x56, 0x64, 0xfd, 0xc2,
  0x44, 0x07, 0x26, 0x21, 0x7b, 0x2d, 0x46, 0x25, 0x25, 0x46, 0x2d, 0x2d,
  0x46, 0x25, 0x25, 0x46, 0x2d, 0x00, 0x00, 0x00, 0x00, 0x02, 0x00, 0x33,
  0xff, 0xf6, 0x02, 0x37, 0x02, 0x1c, 0x00, 0x1e, 0x00, 0x25, 0x00, 0x3e,
  0x40, 0x3b, 0x00, 0x04, 0x02, 0x03, 0x02, 0x04, 0x03, 0x80, 0x00, 0x05,
  0x00, 0x02, 0x04, 0x05, 0x02, 0x67, 0x00, 0x06, 0x06, 0x01, 0x61, 0x00,
  0x01, 0x01, 0x1d, 0x4d, 0x00, 0x03, 0x03, 0x00, 0x61, 0x07, 0x01, 0x00,
  0x00, 0x1b, 0x00, 0x4e, 0x01, 0x00, 0x24, 0x22, 0x20, 0x1f, 0x19, 0x17,
  0x14, 0x12, 0x10, 0x0f, 0x0b, 0x09, 0x00, 0x1e, 0x01, 0x1e, 0x08, 0x07,
  0x16, 0x2b, 0x05, 0x22, 0x2e, 0x02, 0x35, 0x34, 0x3e, 0x02, 0x33, 0x32,
  0x16, 0x16, 0x15, 0x15, 0x21, 0x16, 0x16, 0x33, 0x32, 0x3e, 0x02, 0x31,
  0x33, 0x30, 0x0e, 0x03, 0x03, 0x33, 0x26, 0x26, 0x23, 0x22, 0x06, 0x01,
  0x42, 0x46, 0x66, 0x42, 0x21, 0x1f, 0x41, 0x65, 0x45, 0x49, 0x71, 0x40,
  0xfe, 0x95, 0x03, 0x3d, 0x36, 0x1f, 0x27, 0x16, 0x08, 0x8c, 0x09, 0x1c,
  0x35, 0x56, 0xb6, 0xd9, 0x03, 0x3c, 0x2c, 0x2c, 0x3e, 0x0a, 0x2f, 0x4f,
  0x62, 0x34, 0x32, 0x61, 0x50, 0x2f, 0x40, 0x7d, 0x59, 0x25, 0x30, 0x46,
  0x13, 0x19, 0x14, 0x25, 0x36, 0x36, 0x24, 0x01, 0x47, 0x37, 0x36, 0x39,
  0x00, 0x03, 0x00, 0x33, 0xff, 0xf6, 0x02, 0x37, 0x03, 0x10, 0x00, 0x03,
  0x00, 0x22, 0x00, 0x29, 0x00, 0x83, 0x4b, 0xb0, 0x16, 0x50, 0x58, 0x40,
  0x30, 0x00, 0x06, 0x04, 0x05, 0x04, 0x06, 0x05, 0x80, 0x00, 0x07, 0x00,
  0x04, 0x06, 0x07, 0x04, 0x67, 0x00, 0x00, 0x00, 0x01, 0x5f, 0x00, 0x01,
  0x01, 0x16, 0x4d, 0x00, 0x08, 0x08, 0x03, 0x61, 0x00, 0x03, 0x03, 0x1d,
  0x4d, 0x00, 0x05, 0x05, 0x02, 0x61, 0x09, 0x01, 0x02, 0x02, 0x1b, 0x02,
  0x4e, 0x1b, 0x40, 0x2e, 0x00, 0x06, 0x04, 0x05, 0x04, 0x06, 0x05, 0x80,
  0x00, 0x01, 0x00, 0x00, 0x03, 0x01, 0x00, 0x67, 0x00, 0x07, 0x00, 0x04,
  0x06, 0x07, 0x04, 0x67, 0x00, 0x08, 0x08, 0x03, 0x61, 0x00, 0x03, 0x03,
  0x1d, 0x4d, 0x00, 0x05, 0x05, 0x02, 0x61, 0x09, 0x01, 0x02, 0x02, 0x1b,
  0x02, 0x4e, 0x59, 0x40, 0x17, 0x05, 0x04, 0x28, 0x26, 0x24, 0x23, 0x1d,
  0x1b, 0x18, 0x16, 0x14, 0x13, 0x0f, 0x0d, 0x04, 0x22, 0x05, 0x22, 0x11,
  0x10, 0x0a, 0x07, 0x18, 0x2b, 0x01, 0x27, 0x37, 0x33, 0x03, 0x22, 0x2e,
  0x02, 0x35, 0x34, 0x3e, 0x02, 0x33, 0x32, 0x16, 0x16, 0x15, 0x15, 0x21,
  0x16, 0x16, 0x33, 0x32, 0x3e, 0x02, 0x31, 0x33, 0x30, 0x0e, 0x03, 0x03,
  0x33, 0x26, 0x26, 0x23, 0x22, 0x06, 0x01, 0x76, 0x71, 0x51, 0x8d, 0xa1,
  0x46, 0x66, 0x42, 0x21, 0x20, 0x41, 0x64, 0x45, 0x4a, 0x70, 0x40, 0xfe,
  0x95, 0x03, 0x3d, 0x36, 0x1f, 0x27, 0x16, 0x09, 0x8c, 0x0a, 0x1c, 0x35,
  0x56, 0xb6, 0xd9, 0x02, 0x3d, 0x2c, 0x2c, 0x3d, 0x02, 0x5c, 0x01, 0xb3,
  0xfc, 0xe6, 0x2f, 0x4f, 0x62, 0x34, 0x32, 0x61, 0x50, 0x2f, 0x40, 0x7d,
  0x59, 0x25, 0x30, 0x46, 0x13, 0x19, 0x14, 0x25, 0x36, 0x36, 0x24, 0x01,
  0x47, 0x37, 0x36, 0x39, 0x00, 0x03, 0x00, 0x33, 0xff, 0xf6, 0x02, 0x37,
  0x03, 0x04, 0x00, 0x06, 0x00, 0x25, 0x00, 0x2c, 0x00, 0x99, 0xb5, 0x03,
  0x01, 0x02, 0x00, 0x01, 0x4c, 0x4b, 0xb0, 0x2a, 0x50, 0x58, 0x40, 0x35,
  0x0a, 0x01, 0x02, 0x00, 0x04, 0x00, 0x02, 0x04, 0x80, 0x00, 0x07, 0x05,
  0x06, 0x05, 0x07, 0x06, 0x80, 0x00, 0x08, 0x00, 0x05, 0x07, 0x08, 0x05,
  0x68, 0x01, 0x01, 0x00, 0x00, 0x16, 0x4d, 0x00, 0x09, 0x09, 0x04, 0x61,
  0x00, 0x04, 0x04, 0x1d, 0x4d, 0x00, 0x06, 0x06, 0x03, 0x61, 0x0b, 0x01,
  0x03, 0x03, 0x1b, 0x03, 0x4e, 0x1b, 0x40, 0x32, 0x01, 0x01, 0x00, 0x02,
  0x00, 0x85, 0x0a, 0x01, 0x02, 0x04, 0x02, 0x85, 0x00, 0x07, 0x05, 0x06,
  0x05, 0x07, 0x06, 0x80, 0x00, 0x08, 0x00, 0x05, 0x07, 0x08, 0x05, 0x68,
  0x00, 0x09, 0x09, 0x04, 0x61, 0x00, 0x04, 0x04, 0x1d, 0x4d, 0x00, 0x06,
  0x06, 0x03, 0x61, 0x0b, 0x01, 0x03, 0x03, 0x1b, 0x03, 0x4e, 0x59, 0x40,
  0x1d, 0x08, 0x07, 0x00, 0x00, 0x2b, 0x29, 0x27, 0x26, 0x20, 0x1e, 0x1b,
  0x19, 0x17, 0x16, 0x12, 0x10, 0x07, 0x25, 0x08, 0x25, 0x00, 0x06, 0x00,
  0x06, 0x12, 0x11, 0x0c, 0x07, 0x18, 0x2b, 0x01, 0x27, 0x33, 0x17, 0x37,
  0x33, 0x07, 0x03, 0x22, 0x2e, 0x02, 0x35, 0x34, 0x3e, 0x02, 0x33, 0x32,
  0x16, 0x16, 0x15, 0x15, 0x21, 0x16, 0x16, 0x33, 0x32, 0x3e, 0x02, 0x31,
  0x33, 0x30, 0x0e, 0x03, 0x03, 0x33, 0x26, 0x26, 0x23, 0x22, 0x06, 0x01,
  0x00, 0x81, 0x77, 0x47, 0x46, 0x77, 0x81, 0x37, 0x46, 0x66, 0x42, 0x21,
  0x20, 0x41, 0x64, 0x45, 0x4a, 0x70, 0x40, 0xfe, 0x95, 0x03, 0x3d, 0x36,
  0x1f, 0x27, 0x16, 0x09, 0x8c, 0x0a, 0x1c, 0x35, 0x56, 0xb6, 0xd9, 0x02,
  0x3d, 0x2c, 0x2c, 0x3d, 0x02, 0x50, 0xb4, 0x68, 0x68, 0xb4, 0xfd, 0xa6,
  0x2f, 0x4f, 0x62, 0x34, 0x32, 0x61, 0x50, 0x2f, 0x40, 0x7d, 0x59, 0x25,
  0x30, 0x46, 0x13, 0x19, 0x14, 0x25, 0x36, 0x36, 0x24, 0x01, 0x47, 0x37,
  0x36, 0x39, 0x00, 0x00, 0x00, 0x03, 0x00, 0x33, 0xff, 0xf6, 0x02, 0x37,
  0x03, 0x08, 0x00, 0x06, 0x00, 0x25, 0x00, 0x2c, 0x00, 0x99, 0xb5, 0x05,
  0x01, 0x01, 0x00, 0x01, 0x4c, 0x4b, 0xb0, 0x1f, 0x50, 0x58, 0x40, 0x35,
  0x0a, 0x02, 0x02, 0x01, 0x00, 0x04, 0x00, 0x01, 0x04, 0x80, 0x00, 0x07,
  0x05, 0x06, 0x05, 0x07, 0x06, 0x80, 0x00, 0x08, 0x00, 0x05, 0x07, 0x08,
  0x05, 0x67, 0x00, 0x00, 0x00, 0x16, 0x4d, 0x00, 0x09, 0x09, 0x04, 0x61,
  0x00, 0x04, 0x04, 0x1d, 0x4d, 0x00, 0x06, 0x06, 0x03, 0x61, 0x0b, 0x01,
  0x03, 0x03, 0x1b, 0x03, 0x4e, 0x1b, 0x40, 0x32, 0x00, 0x00, 0x01, 0x00,
  0x85, 0x0a, 0x02, 0x02, 0x01, 0x04, 0x01, 0x85, 0x00, 0x07, 0x05, 0x06,
  0x05, 0x07, 0x06, 0x80, 0x00, 0x08, 0x00, 0x05, 0x07, 0x08, 0x05, 0x67,
  0x00, 0x09, 0x09, 0x04, 0x61, 0x00, 0x04, 0x04, 0x1d, 0x4d, 0x00, 0x06,
  0x06, 0x03, 0x61, 0x0b, 0x01, 0x03, 0x03, 0x1b, 0x03, 0x4e, 0x59, 0x40,
  0x1d, 0x08, 0x07, 0x00, 0x00, 0x2b, 0x29, 0x27, 0x26, 0x20, 0x1e, 0x1b,
  0x19, 0x17, 0x16, 0x12, 0x10, 0x07, 0x25, 0x08, 0x25, 0x00, 0x06, 0x00,
  0x06, 0x11, 0x11, 0x0c, 0x07, 0x18, 0x2b, 0x13, 0x37, 0x33, 0x17, 0x23,
  0x27, 0x07, 0x13, 0x22, 0x2e, 0x02, 0x35, 0x34, 0x3e, 0x02, 0x33, 0x32,
  0x16, 0x16, 0x15, 0x15, 0x21, 0x16, 0x16, 0x33, 0x32, 0x3e, 0x02, 0x31,
  0x33, 0x30, 0x0e, 0x03, 0x03, 0x33, 0x26, 0x26, 0x23, 0x22, 0x06, 0x80,
  0x81, 0x79, 0x81, 0x77, 0x47, 0x46, 0x4b, 0x46, 0x66, 0x42, 0x21, 0x20,
  0x41, 0x64, 0x45, 0x4a, 0x70, 0x40, 0xfe, 0x95, 0x03, 0x3d, 0x36, 0x1f,
  0x27, 0x16, 0x09, 0x8c, 0x0a, 0x1c, 0x35, 0x56, 0xb6, 0xd9, 0x02, 0x3d,
  0x2c, 0x2c, 0x3d, 0x02, 0x54, 0xb4, 0xb4, 0x68, 0x68, 0xfd, 0xa2, 0x2f,
  0x4f, 0x62, 0x34, 0x32, 0x61, 0x50, 0x2f, 0x40, 0x7d, 0x59, 0x25, 0x30,
  0x46, 0x13, 0x19, 0x14, 0x25, 0x36, 0x36, 0x24, 0x01, 0x47, 0x37, 0x36,
  0x39, 0x00, 0x00, 0x00, 0x00, 0x04, 0x00, 0x33, 0xff, 0xf6, 0x02, 0x9a,
  0x03, 0x8a, 0x00, 0x03, 0x00, 0x0a, 0x00, 0x29, 0x00, 0x30, 0x00, 0xb1,
  0xb5, 0x09, 0x01, 0x03, 0x00, 0x01, 0x4c, 0x4b, 0xb0, 0x31, 0x50, 0x58,
  0x40, 0x3d, 0x0c, 0x04, 0x02, 0x03, 0x00, 0x06, 0x00, 0x03, 0x06, 0x80,
  0x00, 0x09, 0x07, 0x08, 0x07, 0x09, 0x08, 0x80, 0x00, 0x01, 0x00, 0x00,
  0x03, 0x01, 0x00, 0x67, 0x00, 0x0a, 0x00, 0x07, 0x09, 0x0a, 0x07, 0x67,
  0x00, 0x02, 0x02, 0x14, 0x4d, 0x00, 0x0b, 0x0b, 0x06, 0x61, 0x00, 0x06,
  0x06, 0x1d, 0x4d, 0x00, 0x08, 0x08, 0x05, 0x61, 0x0d, 0x01, 0x05, 0x05,
  0x1b, 0x05, 0x4e, 0x1b, 0x40, 0x40, 0x00, 0x02, 0x01, 0x00, 0x01, 0x02,
  0x00, 0x80, 0x0c, 0x04, 0x02, 0x03, 0x00, 0x06, 0x00, 0x03, 0x06, 0x80,
  0x00, 0x09, 0x07, 0x08, 0x07, 0x09, 0x08, 0x80, 0x00, 0x01, 0x00, 0x00,
  0x03, 0x01, 0x00, 0x67, 0x00, 0x0a, 0x00, 0x07, 0x09, 0x0a, 0x07, 0x67,
  0x00, 0x0b, 0x0b, 0x06, 0x61, 0x00, 0x06, 0x06, 0x1d, 0x4d, 0x00, 0x08,
  0x08, 0x05, 0x61, 0x0d, 0x01, 0x05, 0x05, 0x1b, 0x05, 0x4e, 0x59, 0x40,
  0x1f, 0x0c, 0x0b, 0x04, 0x04, 0x2f, 0x2d, 0x2b, 0x2a, 0x24, 0x22, 0x1f,
  0x1d, 0x1b, 0x1a, 0x16, 0x14, 0x0b, 0x29, 0x0c, 0x29, 0x04, 0x0a, 0x04,
  0x0a, 0x11, 0x12, 0x11, 0x10, 0x0e, 0x07, 0x1a, 0x2b, 0x01, 0x27, 0x37,
  0x33, 0x01, 0x37, 0x33, 0x17, 0x23, 0x27, 0x07, 0x13, 0x22, 0x2e, 0x02,
  0x35, 0x34, 0x3e, 0x02, 0x33, 0x32, 0x16, 0x16, 0x15, 0x15, 0x21, 0x16,
  0x16, 0x33, 0x32, 0x3e, 0x02, 0x31, 0x33, 0x30, 0x0e, 0x03, 0x03, 0x33,
  0x26, 0x26, 0x23, 0x22, 0x06, 0x02, 0x2d, 0x71, 0x51, 0x8d, 0xfd, 0xe5,
  0x81, 0x79, 0x81, 0x77, 0x46, 0x47, 0x4c, 0x46, 0x66, 0x42, 0x21, 0x20,
  0x41, 0x64, 0x45, 0x4a, 0x70, 0x40, 0xfe, 0x95, 0x03, 0x3d, 0x36, 0x1f,
  0x27, 0x16, 0x09, 0x8c, 0x0a, 0x1c, 0x35, 0x56, 0xb6, 0xd9, 0x02, 0x3d,
  0x2c, 0x2c, 0x3d, 0x02, 0xd5, 0x01, 0xb4, 0xfe, 0xca, 0x9a, 0x9a, 0x55,
  0x55, 0xfd, 0xa2, 0x2f, 0x4f, 0x62, 0x34, 0x32, 0x61, 0x50, 0x2f, 0x40,
  0x7d, 0x59, 0x25, 0x30, 0x46, 0x13, 0x19, 0x14, 0x25, 0x36, 0x36, 0x24,
  0x01, 0x47, 0x37, 0x36, 0x39, 0x00, 0x00, 0x00, 0x00, 0x04, 0x00, 0x33,
  0xff, 0x0a, 0x02, 0x37, 0x03, 0x08, 0x00, 0x06, 0x00, 0x25, 0x00, 0x2c,
  0x00, 0x38, 0x00, 0xb1, 0xb5, 0x05, 0x01, 0x01, 0x00, 0x01, 0x4c, 0x4b,
  0xb0, 0x1f, 0x50, 0x58, 0x40, 0x3d, 0x0c, 0x02, 0x02, 0x01, 0x00, 0x04,
  0x00, 0x01, 0x04, 0x80, 0x00, 0x07, 0x05, 0x06, 0x05, 0x07, 0x06, 0x80,
  0x00, 0x08, 0x00, 0x05, 0x07, 0x08, 0x05, 0x67, 0x00, 0x0b, 0x0e, 0x01,
  0x0a, 0x0b, 0x0a, 0x65, 0x00, 0x00, 0x00, 0x16, 0x4d, 0x00, 0x09, 0x09,
  0x04, 0x61, 0x00, 0x04, 0x04, 0x1d, 0x4d, 0x00, 0x06, 0x06, 0x03, 0x61,
  0x0d, 0x01, 0x03, 0x03, 0x1b, 0x03, 0x4e, 0x1b, 0x40, 0x3a, 0x00, 0x00,
  0x01, 0x00, 0x85, 0x0c, 0x02, 0x02, 0x01, 0x04, 0x01, 0x85, 0x00, 0x07,
  0x05, 0x06, 0x05, 0x07, 0x06, 0x80, 0x00, 0x08, 0x00, 0x05, 0x07, 0x08,
  0x05, 0x67, 0x00, 0x0b, 0x0e, 0x01, 0x0a, 0x0b, 0x0a, 0x65, 0x00, 0x09,
  0x09, 0x04, 0x61, 0x00, 0x04, 0x04, 0x1d, 0x4d, 0x00, 0x06, 0x06, 0x03,
  0x61, 0x0d, 0x01, 0x03, 0x03, 0x1b, 0x03, 0x4e, 0x59, 0x40, 0x25, 0x2e,
  0x2d, 0x08, 0x07, 0x00, 0x00, 0x34, 0x32, 0x2d, 0x38, 0x2e, 0x38, 0x2b,
  0x29, 0x27, 0x26, 0x20, 0x1e, 0x1b, 0x19, 0x17, 0x16, 0x12, 0x10, 0x07,
  0x25, 0x08, 0x25, 0x00, 0x06, 0x00, 0x06, 0x11, 0x11, 0x0f, 0x07, 0x18,
  0x2b, 0x13, 0x37, 0x33, 0x17, 0x23, 0x27, 0x07, 0x13, 0x22, 0x2e, 0x02,
  0x35, 0x34, 0x3e, 0x02, 0x33, 0x32, 0x16, 0x16, 0x15, 0x15, 0x21, 0x16,
  0x16, 0x33, 0x32, 0x3e, 0x02, 0x31, 0x33, 0x30, 0x0e, 0x03, 0x03, 0x33,
  0x26, 0x26, 0x23, 0x22, 0x06, 0x13, 0x22, 0x26, 0x35, 0x34, 0x36, 0x33,
  0x32, 0x16, 0x15, 0x14, 0x06, 0x80, 0x81, 0x79, 0x81, 0x77, 0x47, 0x46,
  0x4b, 0x46, 0x66, 0x42, 0x21, 0x20, 0x41, 0x64, 0x45, 0x4a, 0x70, 0x40,
  0xfe, 0x95, 0x03, 0x3d, 0x36, 0x1f, 0x27, 0x16, 0x09, 0x8c, 0x0a, 0x1c,
  0x35, 0x56, 0xb6, 0xd9, 0x02, 0x3d, 0x2c, 0x2c, 0x3d, 0x6c, 0x23, 0x2d,
  0x2d, 0x23, 0x22, 0x2d, 0x2d, 0x02, 0x54, 0xb4, 0xb4, 0x68, 0x68, 0xfd,
  0xa2, 0x2f, 0x4f, 0x62, 0x34, 0x32, 0x61, 0x50, 0x2f, 0x40, 0x7d, 0x59,
  0x25, 0x30, 0x46, 0x13, 0x19, 0x14, 0x25, 0x36, 0x36, 0x24, 0x01, 0x47,
  0x37, 0x36, 0x39, 0xfd, 0x99, 0x2f, 0x20, 0x21, 0x2f, 0x2f, 0x21, 0x20,
  0x2f, 0x00, 0x00, 0x00, 0x00, 0x04, 0x00, 0x33, 0xff, 0xf6, 0x02, 0x43,
  0x03, 0x8a, 0x00, 0x03, 0x00, 0x0a, 0x00, 0x29, 0x00, 0x30, 0x01, 0x00,
  0xb5, 0x09, 0x01, 0x03, 0x01, 0x01, 0x4c, 0x4b, 0xb0, 0x0a, 0x50, 0x58,
  0x40, 0x3d, 0x0d, 0x04, 0x02, 0x03, 0x01, 0x06, 0x01, 0x03, 0x72, 0x00,
  0x09, 0x07, 0x08, 0x07, 0x09, 0x08, 0x80, 0x00, 0x00, 0x0c, 0x01, 0x01,
  0x03, 0x00, 0x01, 0x67, 0x00, 0x0a, 0x00, 0x07, 0x09, 0x0a, 0x07, 0x67,
  0x00, 0x02, 0x02, 0x14, 0x4d, 0x00, 0x0b, 0x0b, 0x06, 0x61, 0x00, 0x06,
  0x06, 0x1d, 0x4d, 0x00, 0x08, 0x08, 0x05, 0x61, 0x0e, 0x01, 0x05, 0x05,
  0x1b, 0x05, 0x4e, 0x1b, 0x4b, 0xb0, 0x31, 0x50, 0x58, 0x40, 0x3e, 0x0d,
  0x04, 0x02, 0x03, 0x01, 0x06, 0x01, 0x03, 0x06, 0x80, 0x00, 0x09, 0x07,
  0x08, 0x07, 0x09, 0x08, 0x80, 0x00, 0x00, 0x0c, 0x01, 0x01, 0x03, 0x00,
  0x01, 0x67, 0x00, 0x0a, 0x00, 0x07, 0x09, 0x0a, 0x07, 0x67, 0x00, 0x02,
  0x02, 0x14, 0x4d, 0x00, 0x0b, 0x0b, 0x06, 0x61, 0x00, 0x06, 0x06, 0x1d,
  0x4d, 0x00, 0x08, 0x08, 0x05, 0x61, 0x0e, 0x01, 0x05, 0x05, 0x1b, 0x05,
  0x4e, 0x1b, 0x40, 0x41, 0x00, 0x02, 0x00, 0x01, 0x00, 0x02, 0x01, 0x80,
  0x0d, 0x04, 0x02, 0x03, 0x01, 0x06, 0x01, 0x03, 0x06, 0x80, 0x00, 0x09,
  0x07, 0x08, 0x07, 0x09, 0x08, 0x80, 0x00, 0x00, 0x0c, 0x01, 0x01, 0x03,
  0x00, 0x01, 0x67, 0x00, 0x0a, 0x00, 0x07, 0x09, 0x0a, 0x07, 0x67, 0x00,
  0x0b, 0x0b, 0x06, 0x61, 0x00, 0x06, 0x06, 0x1d, 0x4d, 0x00, 0x08, 0x08,
  0x05, 0x61, 0x0e, 0x01, 0x05, 0x05, 0x1b, 0x05, 0x4e, 0x59, 0x59, 0x40,
  0x26, 0x0c, 0x0b, 0x04, 0x04, 0x00, 0x00, 0x2f, 0x2d, 0x2b, 0x2a, 0x24,
  0x22, 0x1f, 0x1d, 0x1b, 0x1a, 0x16, 0x14, 0x0b, 0x29, 0x0c, 0x29, 0x04,
  0x0a, 0x04, 0x0a, 0x08, 0x07, 0x06, 0x05, 0x00, 0x03, 0x00, 0x03, 0x11,
  0x0f, 0x07, 0x17, 0x2b, 0x01, 0x27, 0x33, 0x17, 0x05, 0x37, 0x33, 0x17,
  0x23, 0x27, 0x07, 0x13, 0x22, 0x2e, 0x02, 0x35, 0x34, 0x3e, 0x02, 0x33,
  0x32, 0x16, 0x16, 0x15, 0x15, 0x21, 0x16, 0x16, 0x33, 0x32, 0x3e, 0x02,
  0x31, 0x33, 0x30, 0x0e, 0x03, 0x03, 0x33, 0x26, 0x26, 0x23, 0x22, 0x06,
  0x01, 0xd3, 0x6e, 0x8e, 0x50, 0xfe, 0x3d, 0x81, 0x79, 0x81, 0x77, 0x47,
  0x46, 0x4b, 0x46, 0x66, 0x42, 0x21, 0x20, 0x41, 0x64, 0x45, 0x4a, 0x70,
  0x40, 0xfe, 0x95, 0x03, 0x3d, 0x36, 0x1f, 0x27, 0x16, 0x09, 0x8c, 0x0a,
  0x1c, 0x35, 0x56, 0xb6, 0xd9, 0x02, 0x3d, 0x2c, 0x2c, 0x3d, 0x02, 0xd5,
  0xb5, 0xb4, 0x82, 0x9a, 0x9a, 0x55, 0x55, 0xfd, 0xa2, 0x2f, 0x4f, 0x62,
  0x34, 0x32, 0x61, 0x50, 0x2f, 0x40, 0x7d, 0x59, 0x25, 0x30, 0x46, 0x13,
  0x19, 0x14, 0x25, 0x36, 0x36, 0x24, 0x01, 0x47, 0x37, 0x36, 0x39, 0x00,
  0x00, 0x04, 0x00, 0x33, 0xff, 0xf6, 0x02, 0x81, 0x03, 0xb4, 0x00, 0x1c,
  0x00, 0x23, 0x00, 0x42, 0x00, 0x49, 0x01, 0x2d, 0xb5, 0x22, 0x01, 0x05,
  0x03, 0x01, 0x4c, 0x4b, 0xb0, 0x21, 0x50, 0x58, 0x40, 0x4c, 0x00, 0x01,
  0x00, 0x04, 0x00, 0x01, 0x72, 0x0e, 0x01, 0x03, 0x04, 0x05, 0x04, 0x03,
  0x05, 0x80, 0x0f, 0x06, 0x02, 0x05, 0x08, 0x04, 0x05, 0x08, 0x7e, 0x00,
  0x0b, 0x09, 0x0a, 0x09, 0x0b, 0x0a, 0x80, 0x00, 0x02, 0x00, 0x00, 0x01,
  0x02, 0x00, 0x69, 0x00, 0x0c, 0x00, 0x09, 0x0b, 0x0c, 0x09, 0x67, 0x00,
  0x04, 0x04, 0x14, 0x4d, 0x00, 0x0d, 0x0d, 0x08, 0x61, 0x00, 0x08, 0x08,
  0x1d, 0x4d, 0x00, 0x0a, 0x0a, 0x07, 0x61, 0x10, 0x01, 0x07, 0x07, 0x1b,
  0x07, 0x4e, 0x1b, 0x4b, 0xb0, 0x31, 0x50, 0x58, 0x40, 0x4d, 0x00, 0x01,
  0x00, 0x04, 0x00, 0x01, 0x04, 0x80, 0x0e, 0x01, 0x03, 0x04, 0x05, 0x04,
  0x03, 0x05, 0x80, 0x0f, 0x06, 0x02, 0x05, 0x08, 0x04, 0x05, 0x08, 0x7e,
  0x00, 0x0b, 0x09, 0x0a, 0x09, 0x0b, 0x0a, 0x80, 0x00, 0x02, 0x00, 0x00,
  0x01, 0x02, 0x00, 0x69, 0x00, 0x0c, 0x00, 0x09, 0x0b, 0x0c, 0x09, 0x67,
  0x00, 0x04, 0x04, 0x14, 0x4d, 0x00, 0x0d, 0x0d, 0x08, 0x61, 0x00, 0x08,
  0x08, 0x1d, 0x4d, 0x00, 0x0a, 0x0a, 0x07, 0x61, 0x10, 0x01, 0x07, 0x07,
  0x1b, 0x07, 0x4e, 0x1b, 0x40, 0x4e, 0x00, 0x01, 0x00, 0x04, 0x00, 0x01,
  0x04, 0x80, 0x00, 0x04, 0x03, 0x00, 0x04, 0x03, 0x7e, 0x0e, 0x01, 0x03,
  0x05, 0x00, 0x03, 0x05, 0x7e, 0x0f, 0x06, 0x02, 0x05, 0x08, 0x00, 0x05,
  0x08, 0x7e, 0x00, 0x0b, 0x09, 0x0a, 0x09, 0x0b, 0x0a, 0x80, 0x00, 0x02,
  0x00, 0x00, 0x01, 0x02, 0x00, 0x69, 0x00, 0x0c, 0x00, 0x09, 0x0b, 0x0c,
  0x09, 0x67, 0x00, 0x0d, 0x0d, 0x08, 0x61, 0x00, 0x08, 0x08, 0x1d, 0x4d,
  0x00, 0x0a, 0x0a, 0x07, 0x61, 0x10, 0x01, 0x07, 0x07, 0x1b, 0x07, 0x4e,
  0x59, 0x59, 0x40, 0x28, 0x25, 0x24, 0x1d, 0x1d, 0x00, 0x00, 0x48, 0x46,
  0x44, 0x43, 0x3d, 0x3b, 0x38, 0x36, 0x34, 0x33, 0x2f, 0x2d, 0x24, 0x42,
  0x25, 0x42, 0x1d, 0x23, 0x1d, 0x23, 0x21, 0x20, 0x1f, 0x1e, 0x00, 0x1c,
  0x00, 0x1c, 0x23, 0x22, 0x2a, 0x11, 0x07, 0x19, 0x2b, 0x01, 0x35, 0x34,
  0x36, 0x37, 0x37, 0x36, 0x36, 0x35, 0x34, 0x26, 0x23, 0x22, 0x06, 0x06,
  0x15, 0x23, 0x26, 0x36, 0x36, 0x33, 0x32, 0x16, 0x15, 0x14, 0x06, 0x07,
  0x07, 0x15, 0x05, 0x37, 0x33, 0x17, 0x23, 0x27, 0x07, 0x13, 0x22, 0x2e,
  0x02, 0x35, 0x34, 0x3e, 0x02, 0x33, 0x32, 0x16, 0x16, 0x15, 0x15, 0x21,
  0x16, 0x16, 0x33, 0x32, 0x3e, 0x02, 0x31, 0x33, 0x30, 0x0e, 0x03, 0x03,
  0x33, 0x26, 0x26, 0x23, 0x22, 0x06, 0x01, 0xd2, 0x0b, 0x0e, 0x0f, 0x15,
  0x16, 0x13, 0x12, 0x12, 0x11, 0x04, 0x57, 0x01, 0x19, 0x38, 0x2d, 0x3c,
  0x46, 0x2f, 0x24, 0x05, 0xfe, 0x53, 0x81, 0x79, 0x81, 0x77, 0x46, 0x47,
  0x4f, 0x46, 0x66, 0x42, 0x21, 0x20, 0x41, 0x64, 0x45, 0x4a, 0x70, 0x40,
  0xfe, 0x95, 0x03, 0x3d, 0x36, 0x1f, 0x27, 0x16, 0x09, 0x8c, 0x0a, 0x1c,
  0x35, 0x56, 0xb6, 0xd9, 0x02, 0x3d, 0x2c, 0x2c, 0x3d, 0x02, 0xc5, 0x21,
  0x0d, 0x17, 0x06, 0x08, 0x0b, 0x15, 0x0f, 0x0d, 0x14, 0x12, 0x14, 0x02,
  0x1b, 0x35, 0x24, 0x3f, 0x2a, 0x24, 0x31, 0x12, 0x03, 0x1c, 0x71, 0x9a,
  0x9a, 0x55, 0x55, 0xfd, 0xa2, 0x2f, 0x4f, 0x62, 0x34, 0x32, 0x61, 0x50,
  0x2f, 0x40, 0x7d, 0x59, 0x25, 0x30, 0x46, 0x13, 0x19, 0x14, 0x25, 0x36,
  0x36, 0x24, 0x01, 0x47, 0x37, 0x36, 0x39, 0x00, 0x00, 0x04, 0x00, 0x33,
  0xff, 0xf6, 0x02, 0x37, 0x03, 0xab, 0x00, 0x18, 0x00, 0x1f, 0x00, 0x3e,
  0x00, 0x45, 0x01, 0x9b, 0xb5, 0x1e, 0x01, 0x07, 0x06, 0x01, 0x4c, 0x4b,
  0xb0, 0x26, 0x50, 0x58, 0x40, 0x48, 0x11, 0x08, 0x02, 0x07, 0x06, 0x0a,
  0x06, 0x07, 0x0a, 0x80, 0x00, 0x0d, 0x0b, 0x0c, 0x0b, 0x0d, 0x0c, 0x80,
  0x05, 0x01, 0x03, 0x00, 0x01, 0x00, 0x03, 0x01, 0x69, 0x00, 0x04, 0x02,
  0x10, 0x02, 0x00, 0x06, 0x04, 0x00, 0x6a, 0x00, 0x0e, 0x00, 0x0b, 0x0d,
  0x0e, 0x0b, 0x67, 0x00, 0x06, 0x06, 0x14, 0x4d, 0x00, 0x0f, 0x0f, 0x0a,
  0x61, 0x00, 0x0a, 0x0a, 0x1d, 0x4d, 0x00, 0x0c, 0x0c, 0x09, 0x61, 0x12,
  0x01, 0x09, 0x09, 0x1b, 0x09, 0x4e, 0x1b, 0x4b, 0xb0, 0x2e, 0x50, 0x58,
  0x40, 0x4f, 0x00, 0x02, 0x01, 0x00, 0x01, 0x02, 0x00, 0x80, 0x11, 0x08,
  0x02, 0x07, 0x06, 0x0a, 0x06, 0x07, 0x0a, 0x80, 0x00, 0x0d, 0x0b, 0x0c,
  0x0b, 0x0d, 0x0c, 0x80, 0x05, 0x01, 0x03, 0x00, 0x01, 0x02, 0x03, 0x01,
  0x69, 0x00, 0x04, 0x10, 0x01, 0x00, 0x06, 0x04, 0x00, 0x6a, 0x00, 0x0e,
  0x00, 0x0b, 0x0d, 0x0e, 0x0b, 0x67, 0x00, 0x06, 0x06, 0x14, 0x4d, 0x00,
  0x0f, 0x0f, 0x0a, 0x61, 0x00, 0x0a, 0x0a, 0x1d, 0x4d, 0x00, 0x0c, 0x0c,
  0x09, 0x61, 0x12, 0x01, 0x09, 0x09, 0x1b, 0x09, 0x4e, 0x1b, 0x4b, 0xb0,
  0x31, 0x50, 0x58, 0x40, 0x56, 0x00, 0x05, 0x03, 0x04, 0x03, 0x05, 0x04,
  0x80, 0x00, 0x02, 0x01, 0x00, 0x01, 0x02, 0x00, 0x80, 0x11, 0x08, 0x02,
  0x07, 0x06, 0x0a, 0x06, 0x07, 0x0a, 0x80, 0x00, 0x0d, 0x0b, 0x0c, 0x0b,
  0x0d, 0x0c, 0x80, 0x00, 0x03, 0x00, 0x01, 0x02, 0x03, 0x01, 0x69, 0x00,
  0x04, 0x10, 0x01, 0x00, 0x06, 0x04, 0x00, 0x6a, 0x00, 0x0e, 0x00, 0x0b,
  0x0d, 0x0e, 0x0b, 0x67, 0x00, 0x06, 0x06, 0x14, 0x4d, 0x00, 0x0f, 0x0f,
  0x0a, 0x61, 0x00, 0x0a, 0x0a, 0x1d, 0x4d, 0x00, 0x0c, 0x0c, 0x09, 0x61,
  0x12, 0x01, 0x09, 0x09, 0x1b, 0x09, 0x4e, 0x1b, 0x40, 0x58, 0x00, 0x05,
  0x03, 0x04, 0x03, 0x05, 0x04, 0x80, 0x00, 0x02, 0x01, 0x00, 0x01, 0x02,
  0x00, 0x80, 0x00, 0x06, 0x00, 0x07, 0x00, 0x06, 0x07, 0x80, 0x11, 0x08,
  0x02, 0x07, 0x0a, 0x00, 0x07, 0x0a, 0x7e, 0x00, 0x0d, 0x0b, 0x0c, 0x0b,
  0x0d, 0x0c, 0x80, 0x00, 0x03, 0x00, 0x01, 0x02, 0x03, 0x01, 0x69, 0x00,
  0x04, 0x10, 0x01, 0x00, 0x06, 0x04, 0x00, 0x6a, 0x00, 0x0e, 0x00, 0x0b,
  0x0d, 0x0e, 0x0b, 0x67, 0x00, 0x0f, 0x0f, 0x0a, 0x61, 0x00, 0x0a, 0x0a,
  0x1d, 0x4d, 0x00, 0x0c, 0x0c, 0x09, 0x61, 0x12, 0x01, 0x09, 0x09, 0x1b,
  0x09, 0x4e, 0x59, 0x59, 0x59, 0x40, 0x2f, 0x21, 0x20, 0x19, 0x19, 0x01,
  0x00, 0x44, 0x42, 0x40, 0x3f, 0x39, 0x37, 0x34, 0x32, 0x30, 0x2f, 0x2b,
  0x29, 0x20, 0x3e, 0x21, 0x3e, 0x19, 0x1f, 0x19, 0x1f, 0x1d, 0x1c, 0x1b,
  0x1a, 0x15, 0x14, 0x13, 0x11, 0x0e, 0x0c, 0x09, 0x08, 0x06, 0x04, 0x00,
  0x18, 0x01, 0x18, 0x13, 0x07, 0x16, 0x2b, 0x01, 0x22, 0x2e, 0x02, 0x23,
  0x22, 0x06, 0x15, 0x23, 0x34, 0x36, 0x36, 0x33, 0x32, 0x1e, 0x02, 0x33,
  0x32, 0x35, 0x33, 0x14, 0x06, 0x06, 0x05, 0x37, 0x33, 0x17, 0x23, 0x27,
  0x07, 0x13, 0x22, 0x2e, 0x02, 0x35, 0x34, 0x3e, 0x02, 0x33, 0x32, 0x16,
  0x16, 0x15, 0x15, 0x21, 0x16, 0x16, 0x33, 0x32, 0x3e, 0x02, 0x31, 0x33,
  0x30, 0x0e, 0x03, 0x03, 0x33, 0x26, 0x26, 0x23, 0x22, 0x06, 0x01, 0x84,
  0x1b, 0x27, 0x1d, 0x19, 0x0e, 0x10, 0x0c, 0x52, 0x10, 0x2c, 0x29, 0x1b,
  0x28, 0x1e, 0x19, 0x0d, 0x1b, 0x52, 0x10, 0x2b, 0xfe, 0xd1, 0x81, 0x79,
  0x81, 0x77, 0x47, 0x46, 0x4c, 0x46, 0x66, 0x42, 0x21, 0x20, 0x41, 0x64,
  0x45, 0x4a, 0x70, 0x40, 0xfe, 0x95, 0x03, 0x3d, 0x36, 0x1f, 0x27, 0x16,
  0x09, 0x8c, 0x0a, 0x1c, 0x35, 0x56, 0xb6, 0xd9, 0x02, 0x3d, 0x2c, 0x2c,
  0x3d, 0x03, 0x12, 0x13, 0x18, 0x13, 0x1e, 0x1a, 0x21, 0x44, 0x2e, 0x12,
  0x19, 0x12, 0x38, 0x21, 0x45, 0x2e, 0xbe, 0x9a, 0x9a, 0x55, 0x55, 0xfd,
  0xa2, 0x2f, 0x4f, 0x62, 0x34, 0x32, 0x61, 0x50, 0x2f, 0x40, 0x7d, 0x59,
  0x25, 0x30, 0x46, 0x13, 0x19, 0x14, 0x25, 0x36, 0x36, 0x24, 0x01, 0x47,
  0x37, 0x36, 0x39, 0x00, 0x00, 0x04, 0x00, 0x33, 0xff, 0xf6, 0x02, 0x37,
  0x02, 0xf6, 0x00, 0x0b, 0x00, 0x17, 0x00, 0x36, 0x00, 0x3d, 0x00, 0x9b,
  0x4b, 0xb0, 0x2f, 0x50, 0x58, 0x40, 0x34, 0x00, 0x08, 0x06, 0x07, 0x06,
  0x08, 0x07, 0x80, 0x00, 0x09, 0x00, 0x06, 0x08, 0x09, 0x06, 0x67, 0x0c,
  0x02, 0x0b, 0x03, 0x00, 0x00, 0x01, 0x61, 0x03, 0x01, 0x01, 0x01, 0x16,
  0x4d, 0x00, 0x0a, 0x0a, 0x05, 0x61, 0x00, 0x05, 0x05, 0x1d, 0x4d, 0x00,
  0x07, 0x07, 0x04, 0x61, 0x0d, 0x01, 0x04, 0x04, 0x1b, 0x04, 0x4e, 0x1b,
  0x40, 0x34, 0x00, 0x08, 0x06, 0x07, 0x06, 0x08, 0x07, 0x80, 0x00, 0x09,
  0x00, 0x06, 0x08, 0x09, 0x06, 0x67, 0x0c, 0x02, 0x0b, 0x03, 0x00, 0x00,
  0x01, 0x61, 0x03, 0x01, 0x01, 0x01, 0x1a, 0x4d, 0x00, 0x0a, 0x0a, 0x05,
  0x61, 0x00, 0x05, 0x05, 0x1d, 0x4d, 0x00, 0x07, 0x07, 0x04, 0x61, 0x0d,
  0x01, 0x04, 0x04, 0x1b, 0x04, 0x4e, 0x59, 0x40, 0x25, 0x19, 0x18, 0x0d,
  0x0c, 0x01, 0x00, 0x3c, 0x3a, 0x38, 0x37, 0x31, 0x2f, 0x2c, 0x2a, 0x28,
  0x27, 0x23, 0x21, 0x18, 0x36, 0x19, 0x36, 0x13, 0x11, 0x0c, 0x17, 0x0d,
  0x17, 0x07, 0x05, 0x00, 0x0b, 0x01, 0x0b, 0x0e, 0x07, 0x16, 0x2b, 0x01,
  0x22, 0x26, 0x35, 0x34, 0x36, 0x33, 0x32, 0x16, 0x15, 0x14, 0x06, 0x21,
  0x22, 0x26, 0x35, 0x34, 0x36, 0x33, 0x32, 0x16, 0x15, 0x14, 0x06, 0x13,
  0x22, 0x2e, 0x02, 0x35, 0x34, 0x3e, 0x02, 0x33, 0x32, 0x16, 0x16, 0x15,
  0x15, 0x21, 0x16, 0x16, 0x33, 0x32, 0x3e, 0x02, 0x31, 0x33, 0x30, 0x0e,
  0x03, 0x03, 0x33, 0x26, 0x26, 0x23, 0x22, 0x06, 0x01, 0xae, 0x26, 0x30,
  0x30, 0x26, 0x25, 0x31, 0x31, 0xfe, 0xf8, 0x26, 0x30, 0x30, 0x26, 0x25,
  0x31, 0x31, 0x52, 0x46, 0x66, 0x42, 0x21, 0x20, 0x41, 0x64, 0x45, 0x4a,
  0x70, 0x40, 0xfe, 0x95, 0x03, 0x3d, 0x36, 0x1f, 0x27, 0x16, 0x09, 0x8c,
  0x0a, 0x1c, 0x35, 0x56, 0xb6, 0xd9, 0x02, 0x3d, 0x2c, 0x2c, 0x3d, 0x02,
  0x4f, 0x31, 0x22, 0x23, 0x31, 0x31, 0x23, 0x22, 0x31, 0x31, 0x22, 0x23,
  0x31, 0x31, 0x23, 0x22, 0x31, 0xfd, 0xa7, 0x2f, 0x4f, 0x62, 0x34, 0x32,
  0x61, 0x50, 0x2f, 0x40, 0x7d, 0x59, 0x25, 0x30, 0x46, 0x13, 0x19, 0x14,
  0x25, 0x36, 0x36, 0x24, 0x01, 0x47, 0x37, 0x36, 0x39, 0x00, 0x00, 0x00,
  0x00, 0x03, 0x00, 0x33, 0xff, 0xf6, 0x02, 0x37, 0x03, 0x08, 0x00, 0x0b,
  0x00, 0x2a, 0x00, 0x31, 0x00, 0x8b, 0x4b, 0xb0, 0x2f, 0x50, 0x58, 0x40,
  0x31, 0x00, 0x06, 0x04, 0x05, 0x04, 0x06, 0x05, 0x80, 0x00, 0x07, 0x00,
  0x04, 0x06, 0x07, 0x04, 0x67, 0x09, 0x01, 0x00, 0x00, 0x01, 0x61, 0x00,
  0x01, 0x01, 0x1c, 0x4d, 0x00, 0x08, 0x08, 0x03, 0x61, 0x00, 0x03, 0x03,
  0x1d, 0x4d, 0x00, 0x05, 0x05, 0x02, 0x61, 0x0a, 0x01, 0x02, 0x02, 0x1b,
  0x02, 0x4e, 0x1b, 0x40, 0x2f, 0x00, 0x06, 0x04, 0x05, 0x04, 0x06, 0x05,
  0x80, 0x00, 0x01, 0x09, 0x01, 0x00, 0x03, 0x01, 0x00, 0x69, 0x00, 0x07,
  0x00, 0x04, 0x06, 0x07, 0x04, 0x67, 0x00, 0x08, 0x08, 0x03, 0x61, 0x00,
  0x03, 0x03, 0x1d, 0x4d, 0x00, 0x05, 0x05, 0x02, 0x61, 0x0a, 0x01, 0x02,
  0x02, 0x1b, 0x02, 0x4e, 0x59, 0x40, 0x1d, 0x0d, 0x0c, 0x01, 0x00, 0x30,
  0x2e, 0x2c, 0x2b, 0x25, 0x23, 0x20, 0x1e, 0x1c, 0x1b, 0x17, 0x15, 0x0c,
  0x2a, 0x0d, 0x2a, 0x07, 0x05, 0x00, 0x0b, 0x01, 0x0b, 0x0b, 0x07, 0x16,
  0x2b, 0x01, 0x22, 0x26, 0x35, 0x34, 0x36, 0x33, 0x32, 0x16, 0x15, 0x14,
  0x06, 0x03, 0x22, 0x2e, 0x02, 0x35, 0x34, 0x3e, 0x02, 0x33, 0x32, 0x16,
  0x16, 0x15, 0x15, 0x21, 0x16, 0x16, 0x33, 0x32, 0x3e, 0x02, 0x31, 0x33,
  0x30, 0x0e, 0x03, 0x03, 0x33, 0x26, 0x26, 0x23, 0x22, 0x06, 0x01, 0x3d,
  0x28, 0x32, 0x32, 0x28, 0x27, 0x33, 0x33, 0x22, 0x46, 0x66, 0x42, 0x21,
  0x20, 0x41, 0x64, 0x45, 0x4a, 0x70, 0x40, 0xfe, 0x95, 0x03, 0x3d, 0x36,
  0x1f, 0x27, 0x16, 0x09, 0x8c, 0x0a, 0x1c, 0x35, 0x56, 0xb6, 0xd9, 0x02,
  0x3d, 0x2c, 0x2c, 0x3d, 0x02, 0x5a, 0x33, 0x24, 0x24, 0x33, 0x33, 0x24,
  0x24, 0x33, 0xfd, 0x9c, 0x2f, 0x4f, 0x62, 0x34, 0x32, 0x61, 0x50, 0x2f,
  0x40, 0x7d, 0x59, 0x25, 0x30, 0x46, 0x13, 0x19, 0x14, 0x25, 0x36, 0x36,
  0x24, 0x01, 0x47, 0x37, 0x36, 0x39, 0x00, 0x00, 0x00, 0x03, 0x00, 0x33,
  0xff, 0x0a, 0x02, 0x37, 0x02, 0x1c, 0x00, 0x1e, 0x00, 0x25, 0x00, 0x31,
  0x00, 0x4e, 0x40, 0x4b, 0x00, 0x04, 0x02, 0x03, 0x02, 0x04, 0x03, 0x80,
  0x00, 0x05, 0x00, 0x02, 0x04, 0x05, 0x02, 0x67, 0x00, 0x08, 0x0a, 0x01,
  0x07, 0x08, 0x07, 0x65, 0x00, 0x06, 0x06, 0x01, 0x61, 0x00, 0x01, 0x01,
  0x1d, 0x4d, 0x00, 0x03, 0x03, 0x00, 0x61, 0x09, 0x01, 0x00, 0x00, 0x1b,
  0x00, 0x4e, 0x27, 0x26, 0x01, 0x00, 0x2d, 0x2b, 0x26, 0x31, 0x27, 0x31,
  0x24, 0x22, 0x20, 0x1f, 0x19, 0x17, 0x14, 0x12, 0x10, 0x0f, 0x0b, 0x09,
  0x00, 0x1e, 0x01, 0x1e, 0x0b, 0x07, 0x16, 0x2b, 0x05, 0x22, 0x2e, 0x02,
  0x35, 0x34, 0x3e, 0x02, 0x33, 0x32, 0x16, 0x16, 0x15, 0x15, 0x21, 0x16,
  0x16, 0x33, 0x32, 0x3e, 0x02, 0x31, 0x33, 0x30, 0x0e, 0x03, 0x03, 0x33,
  0x26, 0x26, 0x23, 0x22, 0x06, 0x13, 0x22, 0x26, 0x35, 0x34, 0x36, 0x33,
  0x32, 0x16, 0x15, 0x14, 0x06, 0x01, 0x42, 0x46, 0x66, 0x42, 0x21, 0x20,
  0x41, 0x64, 0x45, 0x4a, 0x70, 0x40, 0xfe, 0x95, 0x03, 0x3d, 0x36, 0x1f,
  0x27, 0x16, 0x09, 0x8c, 0x0a, 0x1c, 0x35, 0x56, 0xb6, 0xd9, 0x02, 0x3d,
  0x2c, 0x2c, 0x3d, 0x6c, 0x23, 0x2d, 0x2d, 0x23, 0x22, 0x2d, 0x2d, 0x0a,
  0x2f, 0x4f, 0x62, 0x34, 0x32, 0x61, 0x50, 0x2f, 0x40, 0x7d, 0x59, 0x25,
  0x30, 0x46, 0x13, 0x19, 0x14, 0x25, 0x36, 0x36, 0x24, 0x01, 0x47, 0x37,
  0x36, 0x39, 0xfd, 0x99, 0x2f, 0x20, 0x21, 0x2f, 0x2f, 0x21, 0x20, 0x2f,
  0x00, 0x03, 0x00, 0x33, 0xff, 0xf6, 0x02, 0x37, 0x03, 0x10, 0x00, 0x03,
  0x00, 0x22, 0x00, 0x29, 0x00, 0x8a, 0x4b, 0xb0, 0x16, 0x50, 0x58, 0x40,
  0x31, 0x00, 0x06, 0x04, 0x05, 0x04, 0x06, 0x05, 0x80, 0x00, 0x07, 0x00,
  0x04, 0x06, 0x07, 0x04, 0x67, 0x09, 0x01, 0x01, 0x01, 0x00, 0x5f, 0x00,
  0x00, 0x00, 0x16, 0x4d, 0x00, 0x08, 0x08, 0x03, 0x61, 0x00, 0x03, 0x03,
  0x1d, 0x4d, 0x00, 0x05, 0x05, 0x02, 0x61, 0x0a, 0x01, 0x02, 0x02, 0x1b,
  0x02, 0x4e, 0x1b, 0x40, 0x2f, 0x00, 0x06, 0x04, 0x05, 0x04, 0x06, 0x05,
  0x80, 0x00, 0x00, 0x09, 0x01, 0x01, 0x03, 0x00, 0x01, 0x67, 0x00, 0x07,
  0x00, 0x04, 0x06, 0x07, 0x04, 0x67, 0x00, 0x08, 0x08, 0x03, 0x61, 0x00,
  0x03, 0x03, 0x1d, 0x4d, 0x00, 0x05, 0x05, 0x02, 0x61, 0x0a, 0x01, 0x02,
  0x02, 0x1b, 0x02, 0x4e, 0x59, 0x40, 0x1c, 0x05, 0x04, 0x00, 0x00, 0x28,
  0x26, 0x24, 0x23, 0x1d, 0x1b, 0x18, 0x16, 0x14, 0x13, 0x0f, 0x0d, 0x04,
  0x22, 0x05, 0x22, 0x00, 0x03, 0x00, 0x03, 0x11, 0x0b, 0x07, 0x17, 0x2b,
  0x01, 0x27, 0x33, 0x17, 0x03, 0x22, 0x2e, 0x02, 0x35, 0x34, 0x3e, 0x02,
  0x33, 0x32, 0x16, 0x16, 0x15, 0x15, 0x21, 0x16, 0x16, 0x33, 0x32, 0x3e,
  0x02, 0x31, 0x33, 0x30, 0x0e, 0x03, 0x03, 0x33, 0x26, 0x26, 0x23, 0x22,
  0x06, 0x01, 0x07, 0x6d, 0x8d, 0x51, 0x36, 0x46, 0x66, 0x42, 0x21, 0x20,
  0x41, 0x64, 0x45, 0x4a, 0x70, 0x40, 0xfe, 0x95, 0x03, 0x3d, 0x36, 0x1f,
  0x27, 0x16, 0x09, 0x8c, 0x0a, 0x1c, 0x35, 0x56, 0xb6, 0xd9, 0x02, 0x3d,
  0x2c, 0x2c, 0x3d, 0x02, 0x5c, 0xb4, 0xb3, 0xfd, 0x99, 0x2f, 0x4f, 0x62,
  0x34, 0x32, 0x61, 0x50, 0x2f, 0x40, 0x7d, 0x59, 0x25, 0x30, 0x46, 0x13,
  0x19, 0x14, 0x25, 0x36, 0x36, 0x24, 0x01, 0x47, 0x37, 0x36, 0x39, 0x00,
  0x00, 0x03, 0x00, 0x33, 0xff, 0xf6, 0x02, 0x37, 0x03, 0x3f, 0x00, 0x1c,
  0x00, 0x3b, 0x00, 0x42, 0x00, 0xa7, 0x4b, 0xb0, 0x21, 0x50, 0x58, 0x40,
  0x3d, 0x00, 0x01, 0x00, 0x03, 0x00, 0x01, 0x72, 0x0b, 0x01, 0x03, 0x05,
  0x00, 0x03, 0x05, 0x7e, 0x00, 0x08, 0x06, 0x07, 0x06, 0x08, 0x07, 0x80,
  0x00, 0x02, 0x00, 0x00, 0x01, 0x02, 0x00, 0x69, 0x00, 0x09, 0x00, 0x06,
  0x08, 0x09, 0x06, 0x67, 0x00, 0x0a, 0x0a, 0x05, 0x61, 0x00, 0x05, 0x05,
  0x1d, 0x4d, 0x00, 0x07, 0x07, 0x04, 0x61, 0x0c, 0x01, 0x04, 0x04, 0x1b,
  0x04, 0x4e, 0x1b, 0x40, 0x3e, 0x00, 0x01, 0x00, 0x03, 0x00, 0x01, 0x03,
  0x80, 0x0b, 0x01, 0x03, 0x05, 0x00, 0x03, 0x05, 0x7e, 0x00, 0x08, 0x06,
  0x07, 0x06, 0x08, 0x07, 0x80, 0x00, 0x02, 0x00, 0x00, 0x01, 0x02, 0x00,
  0x69, 0x00, 0x09, 0x00, 0x06, 0x08, 0x09, 0x06, 0x67, 0x00, 0x0a, 0x0a,
  0x05, 0x61, 0x00, 0x05, 0x05, 0x1d, 0x4d, 0x00, 0x07, 0x07, 0x04, 0x61,
  0x0c, 0x01, 0x04, 0x04, 0x1b, 0x04, 0x4e, 0x59, 0x40, 0x1e, 0x1e, 0x1d,
  0x00, 0x00, 0x41, 0x3f, 0x3d, 0x3c, 0x36, 0x34, 0x31, 0x2f, 0x2d, 0x2c,
  0x28, 0x26, 0x1d, 0x3b, 0x1e, 0x3b, 0x00, 0x1c, 0x00, 0x1c, 0x23, 0x22,
  0x2a, 0x0d, 0x07, 0x19, 0x2b, 0x01, 0x35, 0x34, 0x36, 0x37, 0x37, 0x36,
  0x36, 0x35, 0x34, 0x26, 0x23, 0x22, 0x06, 0x06, 0x15, 0x23, 0x26, 0x36,
  0x36, 0x33, 0x32, 0x16, 0x15, 0x14, 0x06, 0x07, 0x07, 0x15, 0x03, 0x22,
  0x2e, 0x02, 0x35, 0x34, 0x3e, 0x02, 0x33, 0x32, 0x16, 0x16, 0x15, 0x15,
  0x21, 0x16, 0x16, 0x33, 0x32, 0x3e, 0x02, 0x31, 0x33, 0x30, 0x0e, 0x03,
  0x03, 0x33, 0x26, 0x26, 0x23, 0x22, 0x06, 0x01, 0x12, 0x0b, 0x0e, 0x0f,
  0x15, 0x16, 0x13, 0x12, 0x12, 0x11, 0x04, 0x57, 0x01, 0x19, 0x38, 0x2d,
  0x3c, 0x46, 0x2f, 0x24, 0x05, 0x27, 0x46, 0x66, 0x42, 0x21, 0x20, 0x41,
  0x64, 0x45, 0x4a, 0x70, 0x40, 0xfe, 0x95, 0x03, 0x3d, 0x36, 0x1f, 0x27,
  0x16, 0x09, 0x8c, 0x0a, 0x1c, 0x35, 0x56, 0xb6, 0xd9, 0x02, 0x3d, 0x2c,
  0x2c, 0x3d, 0x02, 0x50, 0x21, 0x0d, 0x17, 0x07, 0x07, 0x0b, 0x15, 0x10,
  0x0c, 0x14, 0x12, 0x13, 0x03, 0x1b, 0x36, 0x23, 0x3e, 0x2b, 0x24, 0x30,
  0x13, 0x03, 0x1c, 0xfd, 0xa6, 0x2f, 0x4f, 0x62, 0x34, 0x32, 0x61, 0x50,
  0x2f, 0x40, 0x7d, 0x59, 0x25, 0x30, 0x46, 0x13, 0x19, 0x14, 0x25, 0x36,
  0x36, 0x24, 0x01, 0x47, 0x37, 0x36, 0x39, 0x00, 0x00, 0x03, 0x00, 0x33,
  0xff, 0xf6, 0x02, 0x37, 0x02, 0xc1, 0x00, 0x03, 0x00, 0x22, 0x00, 0x29,
  0x00, 0x4e, 0x40, 0x4b, 0x00, 0x06, 0x04, 0x05, 0x04, 0x06, 0x05, 0x80,
  0x00, 0x00, 0x09, 0x01, 0x01, 0x03, 0x00, 0x01, 0x67, 0x00, 0x07, 0x00,
  0x04, 0x06, 0x07, 0x04, 0x67, 0x00, 0x08, 0x08, 0x03, 0x61, 0x00, 0x03,
  0x03, 0x1d, 0x4d, 0x00, 0x05, 0x05, 0x02, 0x61, 0x0a, 0x01, 0x02, 0x02,
  0x1b, 0x02, 0x4e, 0x05, 0x04, 0x00, 0x00, 0x28, 0x26, 0x24, 0x23, 0x1d,
  0x1b, 0x18, 0x16, 0x14, 0x13, 0x0f, 0x0d, 0x04, 0x22, 0x05, 0x22, 0x00,
  0x03, 0x00, 0x03, 0x11, 0x0b, 0x07, 0x17, 0x2b, 0x13, 0x35, 0x21, 0x15,
  0x03, 0x22, 0x2e, 0x02, 0x35, 0x34, 0x3e, 0x02, 0x33, 0x32, 0x16, 0x16,
  0x15, 0x15, 0x21, 0x16, 0x16, 0x33, 0x32, 0x3e, 0x02, 0x31, 0x33, 0x30,
  0x0e, 0x03, 0x03, 0x33, 0x26, 0x26, 0x23, 0x22, 0x06, 0x9a, 0x01, 0x46,
  0x9e, 0x46, 0x66, 0x42, 0x21, 0x20, 0x41, 0x64, 0x45, 0x4a, 0x70, 0x40,
  0xfe, 0x95, 0x03, 0x3d, 0x36, 0x1f, 0x27, 0x16, 0x09, 0x8c, 0x0a, 0x1c,
  0x35, 0x56, 0xb6, 0xd9, 0x02, 0x3d, 0x2c, 0x2c, 0x3d, 0x02, 0x67, 0x5a,
  0x5a, 0xfd, 0x8f, 0x2f, 0x4f, 0x62, 0x34, 0x32, 0x61, 0x50, 0x2f, 0x40,
  0x7d, 0x59, 0x25, 0x30, 0x46, 0x13, 0x19, 0x14, 0x25, 0x36, 0x36, 0x24,
  0x01, 0x47, 0x37, 0x36, 0x39, 0x00, 0x00, 0x00, 0x00, 0x02, 0x00, 0x33,
  0xff, 0x44, 0x02, 0x37, 0x02, 0x1c, 0x00, 0x30, 0x00, 0x37, 0x00, 0x51,
  0x40, 0x4e, 0x06, 0x01, 0x05, 0x03, 0x2e, 0x01, 0x00, 0x05, 0x02, 0x4c,
  0x00, 0x04, 0x02, 0x03, 0x02, 0x04, 0x03, 0x80, 0x00, 0x03, 0x05, 0x02,
  0x03, 0x05, 0x7e, 0x00, 0x06, 0x00, 0x02, 0x04, 0x06, 0x02, 0x67, 0x00,
  0x07, 0x07, 0x01, 0x61, 0x00, 0x01, 0x01, 0x1d, 0x4d, 0x00, 0x05, 0x05,
  0x00, 0x62, 0x08, 0x01, 0x00, 0x00, 0x19, 0x00, 0x4e, 0x01, 0x00, 0x36,
  0x34, 0x32, 0x31, 0x2b, 0x29, 0x1e, 0x1c, 0x19, 0x17, 0x15, 0x14, 0x10,
  0x0e, 0x00, 0x30, 0x01, 0x30, 0x09, 0x07, 0x16, 0x2b, 0x05, 0x22, 0x26,
  0x35, 0x34, 0x36, 0x37, 0x2e, 0x02, 0x35, 0x34, 0x3e, 0x02, 0x33, 0x32,
  0x16, 0x16, 0x15, 0x15, 0x21, 0x16, 0x16, 0x33, 0x32, 0x3e, 0x02, 0x31,
  0x33, 0x30, 0x0e, 0x03, 0x07, 0x06, 0x06, 0x15, 0x14, 0x16, 0x33, 0x32,
  0x36, 0x31, 0x15, 0x30, 0x06, 0x03, 0x33, 0x26, 0x26, 0x23, 0x22, 0x06,
  0x01, 0x63, 0x49, 0x43, 0x1d, 0x12, 0x48, 0x5d, 0x2e, 0x20, 0x41, 0x64,
  0x45, 0x4a, 0x70, 0x40, 0xfe, 0x95, 0x03, 0x3d, 0x36, 0x1f, 0x27, 0x16,
  0x09, 0x8c, 0x08, 0x17, 0x2b, 0x46, 0x33, 0x0a, 0x21, 0x1a, 0x1c, 0x0d,
  0x15, 0x21, 0xb0, 0xd9, 0x02, 0x3d, 0x2c, 0x2c, 0x3d, 0xbc, 0x3c, 0x29,
  0x1d, 0x29, 0x0c, 0x0e, 0x52, 0x72, 0x3d, 0x32, 0x61, 0x50, 0x2f, 0x40,
  0x7d, 0x59, 0x25, 0x30, 0x46, 0x13, 0x19, 0x14, 0x20, 0x30, 0x33, 0x28,
  0x07, 0x05, 0x1c, 0x15, 0x10, 0x17, 0x04, 0x56, 0x06, 0x01, 0xf9, 0x37,
  0x36, 0x39, 0x00, 0x00, 0x00, 0x03, 0x00, 0x33, 0xff, 0xf6, 0x02, 0x37,
  0x02, 0xff, 0x00, 0x18, 0x00, 0x37, 0x00, 0x3e, 0x01, 0x4f, 0x4b, 0xb0,
  0x26, 0x50, 0x58, 0x40, 0x3b, 0x00, 0x0a, 0x08, 0x09, 0x08, 0x0a, 0x09,
  0x80, 0x00, 0x04, 0x02, 0x0d, 0x02, 0x00, 0x07, 0x04, 0x00, 0x6a, 0x00,
  0x0b, 0x00, 0x08, 0x0a, 0x0b, 0x08, 0x67, 0x00, 0x01, 0x01, 0x03, 0x61,
  0x05, 0x01, 0x03, 0x03, 0x16, 0x4d, 0x00, 0x0c, 0x0c, 0x07, 0x61, 0x00,
  0x07, 0x07, 0x1d, 0x4d, 0x00, 0x09, 0x09, 0x06, 0x61, 0x0e, 0x01, 0x06,
  0x06, 0x1b, 0x06, 0x4e, 0x1b, 0x4b, 0xb0, 0x2e, 0x50, 0x58, 0x40, 0x42,
  0x00, 0x02, 0x01, 0x00, 0x01, 0x02, 0x00, 0x80, 0x00, 0x0a, 0x08, 0x09,
  0x08, 0x0a, 0x09, 0x80, 0x00, 0x04, 0x0d, 0x01, 0x00, 0x07, 0x04, 0x00,
  0x6a, 0x00, 0x0b, 0x00, 0x08, 0x0a, 0x0b, 0x08, 0x67, 0x00, 0x01, 0x01,
  0x03, 0x61, 0x05, 0x01, 0x03, 0x03, 0x16, 0x4d, 0x00, 0x0c, 0x0c, 0x07,
  0x61, 0x00, 0x07, 0x07, 0x1d, 0x4d, 0x00, 0x09, 0x09, 0x06, 0x61, 0x0e,
  0x01, 0x06, 0x06, 0x1b, 0x06, 0x4e, 0x1b, 0x4b, 0xb0, 0x2f, 0x50, 0x58,
  0x40, 0x46, 0x00, 0x02, 0x01, 0x00, 0x01, 0x02, 0x00, 0x80, 0x00, 0x0a,
  0x08, 0x09, 0x08, 0x0a, 0x09, 0x80, 0x00, 0x04, 0x0d, 0x01, 0x00, 0x07,
  0x04, 0x00, 0x6a, 0x00, 0x0b, 0x00, 0x08, 0x0a, 0x0b, 0x08, 0x67, 0x00,
  0x05, 0x05, 0x16, 0x4d, 0x00, 0x01, 0x01, 0x03, 0x61, 0x00, 0x03, 0x03,
  0x16, 0x4d, 0x00, 0x0c, 0x0c, 0x07, 0x61, 0x00, 0x07, 0x07, 0x1d, 0x4d,
  0x00, 0x09, 0x09, 0x06, 0x61, 0x0e, 0x01, 0x06, 0x06, 0x1b, 0x06, 0x4e,
  0x1b, 0x40, 0x47, 0x00, 0x05, 0x03, 0x04, 0x03, 0x05, 0x04, 0x80, 0x00,
  0x02, 0x01, 0x00, 0x01, 0x02, 0x00, 0x80, 0x00, 0x0a, 0x08, 0x09, 0x08,
  0x0a, 0x09, 0x80, 0x00, 0x03, 0x00, 0x01, 0x02, 0x03, 0x01, 0x69, 0x00,
  0x04, 0x0d, 0x01, 0x00, 0x07, 0x04, 0x00, 0x6a, 0x00, 0x0b, 0x00, 0x08,
  0x0a, 0x0b, 0x08, 0x67, 0x00, 0x0c, 0x0c, 0x07, 0x61, 0x00, 0x07, 0x07,
  0x1d, 0x4d, 0x00, 0x09, 0x09, 0x06, 0x61, 0x0e, 0x01, 0x06, 0x06, 0x1b,
  0x06, 0x4e, 0x59, 0x59, 0x59, 0x40, 0x25, 0x1a, 0x19, 0x01, 0x00, 0x3d,
  0x3b, 0x39, 0x38, 0x32, 0x30, 0x2d, 0x2b, 0x29, 0x28, 0x24, 0x22, 0x19,
  0x37, 0x1a, 0x37, 0x15, 0x14, 0x13, 0x11, 0x0e, 0x0c, 0x09, 0x08, 0x06,
  0x04, 0x00, 0x18, 0x01, 0x18, 0x0f, 0x07, 0x16, 0x2b, 0x01, 0x22, 0x2e,
  0x02, 0x23, 0x22, 0x06, 0x15, 0x23, 0x34, 0x36, 0x36, 0x33, 0x32, 0x1e,
  0x02, 0x33, 0x32, 0x35, 0x33, 0x14, 0x06, 0x06, 0x03, 0x22, 0x2e, 0x02,
  0x35, 0x34, 0x3e, 0x02, 0x33, 0x32, 0x16, 0x16, 0x15, 0x15, 0x21, 0x16,
  0x16, 0x33, 0x32, 0x3e, 0x02, 0x31, 0x33, 0x30, 0x0e, 0x03, 0x03, 0x33,
  0x26, 0x26, 0x23, 0x22, 0x06, 0x01, 0x87, 0x1b, 0x27, 0x1e, 0x19, 0x0e,
  0x0f, 0x0d, 0x51, 0x0f, 0x2c, 0x29, 0x1c, 0x27, 0x1e, 0x19, 0x0d, 0x1c,
  0x51, 0x10, 0x2b, 0x6e, 0x46, 0x66, 0x42, 0x21, 0x20, 0x41, 0x64, 0x45,
  0x4a, 0x70, 0x40, 0xfe, 0x95, 0x03, 0x3d, 0x36, 0x1f, 0x27, 0x16, 0x09,
  0x8c, 0x0a, 0x1c, 0x35, 0x56, 0xb6, 0xd9, 0x02, 0x3d, 0x2c, 0x2c, 0x3d,
  0x02, 0x66, 0x13, 0x18, 0x13, 0x1e, 0x1a, 0x21, 0x44, 0x2e, 0x12, 0x19,
  0x12, 0x38, 0x21, 0x45, 0x2e, 0xfd, 0x90, 0x2f, 0x4f, 0x62, 0x34, 0x32,
  0x61, 0x50, 0x2f, 0x40, 0x7d, 0x59, 0x25, 0x30, 0x46, 0x13, 0x19, 0x14,
  0x25, 0x36, 0x36, 0x24, 0x01, 0x47, 0x37, 0x36, 0x39, 0x00, 0x00, 0x00,
  0x00, 0x01, 0x00, 0x24, 0x00, 0x00, 0x01, 0x7e, 0x03, 0x02, 0x00, 0x19,
  0x00, 0x5c, 0xb5, 0x0e, 0x01, 0x01, 0x03, 0x01, 0x4c, 0x4b, 0xb0, 0x2f,
  0x50, 0x58, 0x40, 0x1d, 0x00, 0x03, 0x03, 0x02, 0x61, 0x00, 0x02, 0x02,
  0x1c, 0x4d, 0x05, 0x01, 0x00, 0x00, 0x01, 0x5f, 0x04, 0x01, 0x01, 0x01,
  0x17, 0x4d, 0x07, 0x01, 0x06, 0x06, 0x15, 0x06, 0x4e, 0x1b, 0x40, 0x1b,
  0x00, 0x02, 0x00, 0x03, 0x01, 0x02, 0x03, 0x69, 0x05, 0x01, 0x00, 0x00,
  0x01, 0x5f, 0x04, 0x01, 0x01, 0x01, 0x17, 0x4d, 0x07, 0x01, 0x06, 0x06,
  0x15, 0x06, 0x4e, 0x59, 0x40, 0x0f, 0x00, 0x00, 0x00, 0x19, 0x00, 0x19,
  0x11, 0x13, 0x25, 0x25, 0x11, 0x11, 0x08, 0x07, 0x1c, 0x2b, 0x33, 0x11,
  0x23, 0x35, 0x33, 0x35, 0x34, 0x3e, 0x02, 0x33, 0x32, 0x16, 0x31, 0x15,
  0x30, 0x26, 0x23, 0x22, 0x06, 0x15, 0x15, 0x33, 0x15, 0x23, 0x11, 0x78,
  0x54, 0x54, 0x10, 0x29, 0x4a, 0x3a, 0x20, 0x29, 0x18, 0x0d, 0x29, 0x20,
  0x6b, 0x6b, 0x01, 0x99, 0x79, 0x2a, 0x1d, 0x44, 0x3e, 0x27, 0x09, 0x6b,
  0x04, 0x30, 0x26, 0x2a, 0x79, 0xfe, 0x67, 0x00, 0x00, 0x02, 0x00, 0x33,
  0xff, 0x2c, 0x02, 0x59, 0x02, 0x1c, 0x00, 0x2a, 0x00, 0x3a, 0x00, 0xd5,
  0x4b, 0xb0, 0x17, 0x50, 0x58, 0x40, 0x0a, 0x23, 0x01, 0x07, 0x04, 0x10,
  0x01, 0x03, 0x06, 0x02, 0x4c, 0x1b, 0x40, 0x0a, 0x23, 0x01, 0x07, 0x05,
  0x10, 0x01, 0x03, 0x06, 0x02, 0x4c, 0x59, 0x4b, 0xb0, 0x17, 0x50, 0x58,
  0x40, 0x2a, 0x00, 0x01, 0x03, 0x02, 0x03, 0x01, 0x02, 0x80, 0x00, 0x07,
  0x07, 0x04, 0x61, 0x05, 0x01, 0x04, 0x04, 0x1d, 0x4d, 0x09, 0x01, 0x06,
  0x06, 0x03, 0x61, 0x00, 0x03, 0x03, 0x15, 0x4d, 0x00, 0x02, 0x02, 0x00,
  0x61, 0x08, 0x01, 0x00, 0x00, 0x1f, 0x00, 0x4e, 0x1b, 0x4b, 0xb0, 0x31,
  0x50, 0x58, 0x40, 0x2e, 0x00, 0x01, 0x03, 0x02, 0x03, 0x01, 0x02, 0x80,
  0x00, 0x05, 0x05, 0x17, 0x4d, 0x00, 0x07, 0x07, 0x04, 0x61, 0x00, 0x04,
  0x04, 0x1d, 0x4d, 0x09, 0x01, 0x06, 0x06, 0x03, 0x61, 0x00, 0x03, 0x03,
  0x15, 0x4d, 0x00, 0x02, 0x02, 0x00, 0x61, 0x08, 0x01, 0x00, 0x00, 0x1f,
  0x00, 0x4e, 0x1b, 0x40, 0x2c, 0x00, 0x01, 0x03, 0x02, 0x03, 0x01, 0x02,
  0x80, 0x09, 0x01, 0x06, 0x00, 0x03, 0x01, 0x06, 0x03, 0x69, 0x00, 0x05,
  0x05, 0x17, 0x4d, 0x00, 0x07, 0x07, 0x04, 0x61, 0x00, 0x04, 0x04, 0x1d,
  0x4d, 0x00, 0x02, 0x02, 0x00, 0x61, 0x08, 0x01, 0x00, 0x00, 0x1f, 0x00,
  0x4e, 0x59, 0x59, 0x40, 0x1b, 0x2c, 0x2b, 0x01, 0x00, 0x34, 0x32, 0x2b,
  0x3a, 0x2c, 0x3a, 0x26, 0x25, 0x20, 0x1e, 0x16, 0x14, 0x0d, 0x0b, 0x07,
  0x05, 0x00, 0x2a, 0x01, 0x2a, 0x0a, 0x07, 0x16, 0x2b, 0x05, 0x22, 0x2e,
  0x03, 0x31, 0x33, 0x30, 0x1e, 0x02, 0x33, 0x32, 0x36, 0x35, 0x35, 0x23,
  0x0e, 0x02, 0x23, 0x22, 0x2e, 0x02, 0x35, 0x34, 0x3e, 0x02, 0x33, 0x32,
  0x16, 0x16, 0x17, 0x33, 0x35, 0x33, 0x11, 0x14, 0x06, 0x06, 0x03, 0x32,
  0x36, 0x36, 0x35, 0x34, 0x26, 0x26, 0x23, 0x22, 0x06, 0x06, 0x15, 0x14,
  0x16, 0x16, 0x01, 0x4a, 0x4a, 0x5f, 0x38, 0x1a, 0x07, 0x94, 0x07, 0x16,
  0x2b, 0x24, 0x3e, 0x3b, 0x07, 0x0a, 0x28, 0x3e, 0x2c, 0x3b, 0x58, 0x3b,
  0x1d, 0x1d, 0x3b, 0x58, 0x3b, 0x2c, 0x3e, 0x29, 0x09, 0x07, 0x98, 0x3a,
  0x78, 0x5f, 0x2a, 0x37, 0x1c, 0x1c, 0x37, 0x2a, 0x29, 0x37, 0x1c, 0x1c,
  0x37, 0xd4, 0x24, 0x37, 0x36, 0x25, 0x13, 0x19, 0x13, 0x46, 0x39, 0x38,
  0x10, 0x26, 0x1a, 0x2d, 0x4c, 0x5e, 0x32, 0x31, 0x5f, 0x4c, 0x2d, 0x1b,
  0x25, 0x11, 0x47, 0xfe, 0x10, 0x42, 0x70, 0x44, 0x01, 0x56, 0x2a, 0x43,
  0x24, 0x25, 0x42, 0x2a, 0x2a, 0x42, 0x25, 0x24, 0x43, 0x2a, 0x00, 0x00,
  0x00, 0x03, 0x00, 0x33, 0xff, 0x2c, 0x02, 0x59, 0x03, 0x02, 0x00, 0x17,
  0x00, 0x42, 0x00, 0x52, 0x01, 0x54, 0x4b, 0xb0, 0x17, 0x50, 0x58, 0x40,
  0x0a, 0x3b, 0x01, 0x0b, 0x08, 0x28, 0x01, 0x07, 0x0a, 0x02, 0x4c, 0x1b,
  0x40, 0x0a, 0x3b, 0x01, 0x0b, 0x09, 0x28, 0x01, 0x07, 0x0a, 0x02, 0x4c,
  0x59, 0x4b, 0xb0, 0x17, 0x50, 0x58, 0x40, 0x39, 0x00, 0x05, 0x07, 0x06,
  0x07, 0x05, 0x06, 0x80, 0x00, 0x02, 0x0c, 0x01, 0x00, 0x08, 0x02, 0x00,
  0x69, 0x03, 0x01, 0x01, 0x01, 0x16, 0x4d, 0x00, 0x0b, 0x0b, 0x08, 0x61,
  0x09, 0x01, 0x08, 0x08, 0x1d, 0x4d, 0x0e, 0x01, 0x0a, 0x0a, 0x07, 0x62,
  0x00, 0x07, 0x07, 0x15, 0x4d, 0x00, 0x06, 0x06, 0x04, 0x61, 0x0d, 0x01,
  0x04, 0x04, 0x1f, 0x04, 0x4e, 0x1b, 0x4b, 0xb0, 0x2f, 0x50, 0x58, 0x40,
  0x3d, 0x00, 0x05, 0x07, 0x06, 0x07, 0x05, 0x06, 0x80, 0x00, 0x02, 0x0c,
  0x01, 0x00, 0x08, 0x02, 0x00, 0x69, 0x03, 0x01, 0x01, 0x01, 0x16, 0x4d,
  0x00, 0x09, 0x09, 0x17, 0x4d, 0x00, 0x0b, 0x0b, 0x08, 0x61, 0x00, 0x08,
  0x08, 0x1d, 0x4d, 0x0e, 0x01, 0x0a, 0x0a, 0x07, 0x62, 0x00, 0x07, 0x07,
  0x15, 0x4d, 0x00, 0x06, 0x06, 0x04, 0x61, 0x0d, 0x01, 0x04, 0x04, 0x1f,
  0x04, 0x4e, 0x1b, 0x4b, 0xb0, 0x31, 0x50, 0x58, 0x40, 0x3d, 0x03, 0x01,
  0x01, 0x02, 0x01, 0x85, 0x00, 0x05, 0x07, 0x06, 0x07, 0x05, 0x06, 0x80,
  0x00, 0x02, 0x0c, 0x01, 0x00, 0x08, 0x02, 0x00, 0x69, 0x00, 0x09, 0x09,
  0x17, 0x4d, 0x00, 0x0b, 0x0b, 0x08, 0x61, 0x00, 0x08, 0x08, 0x1d, 0x4d,
  0x0e, 0x01, 0x0a, 0x0a, 0x07, 0x62, 0x00, 0x07, 0x07, 0x15, 0x4d, 0x00,
  0x06, 0x06, 0x04, 0x61, 0x0d, 0x01, 0x04, 0x04, 0x1f, 0x04, 0x4e, 0x1b,
  0x40, 0x3b, 0x03, 0x01, 0x01, 0x02, 0x01, 0x85, 0x00, 0x05, 0x07, 0x06,
  0x07, 0x05, 0x06, 0x80, 0x00, 0x02, 0x0c, 0x01, 0x00, 0x08, 0x02, 0x00,
  0x69, 0x0e, 0x01, 0x0a, 0x00, 0x07, 0x05, 0x0a, 0x07, 0x6a, 0x00, 0x09,
  0x09, 0x17, 0x4d, 0x00, 0x0b, 0x0b, 0x08, 0x61, 0x00, 0x08, 0x08, 0x1d,
  0x4d, 0x00, 0x06, 0x06, 0x04, 0x61, 0x0d, 0x01, 0x04, 0x04, 0x1f, 0x04,
  0x4e, 0x59, 0x59, 0x59, 0x40, 0x27, 0x44, 0x43, 0x19, 0x18, 0x01, 0x00,
  0x4c, 0x4a, 0x43, 0x52, 0x44, 0x52, 0x3e, 0x3d, 0x38, 0x36, 0x2e, 0x2c,
  0x25, 0x23, 0x1f, 0x1d, 0x18, 0x42, 0x19, 0x42, 0x12, 0x10, 0x0d, 0x0b,
  0x07, 0x05, 0x00, 0x17, 0x01, 0x17, 0x0f, 0x07, 0x16, 0x2b, 0x01, 0x22,
  0x2e, 0x03, 0x31, 0x33, 0x30, 0x1e, 0x02, 0x33, 0x32, 0x3e, 0x02, 0x31,
  0x33, 0x30, 0x0e, 0x03, 0x03, 0x22, 0x2e, 0x03, 0x31, 0x33, 0x30, 0x1e,
  0x02, 0x33, 0x32, 0x36, 0x35, 0x35, 0x23, 0x0e, 0x02, 0x23, 0x22, 0x2e,
  0x02, 0x35, 0x34, 0x3e, 0x02, 0x33, 0x32, 0x16, 0x16, 0x17, 0x33, 0x35,
  0x33, 0x11, 0x14, 0x06, 0x06, 0x03, 0x32, 0x36, 0x36, 0x35, 0x34, 0x26,
  0x26, 0x23, 0x22, 0x06, 0x06, 0x15, 0x14, 0x16, 0x16, 0x01, 0x4b, 0x38,
  0x45, 0x26, 0x0f, 0x03, 0x64, 0x03, 0x0f, 0x21, 0x1e, 0x1d, 0x22, 0x0e,
  0x03, 0x64, 0x03, 0x0f, 0x26, 0x45, 0x38, 0x49, 0x60, 0x37, 0x1b, 0x07,
  0x94, 0x07, 0x16, 0x2c, 0x23, 0x3e, 0x3b, 0x06, 0x0b, 0x28, 0x3e, 0x2c,
  0x3b, 0x58, 0x3a, 0x1e, 0x1e, 0x3a, 0x58, 0x3b, 0x2c, 0x3f, 0x28, 0x0a,
  0x06, 0x98, 0x3a, 0x78, 0x5e, 0x29, 0x37, 0x1c, 0x1c, 0x37, 0x29, 0x2a,
  0x37, 0x1c, 0x1c, 0x37, 0x02, 0x55, 0x23, 0x33, 0x34, 0x23, 0x1a, 0x21,
  0x19, 0x19, 0x21, 0x1a, 0x23, 0x34, 0x33, 0x23, 0xfc, 0xd7, 0x24, 0x37,
  0x36, 0x25, 0x13, 0x19, 0x13, 0x46, 0x39, 0x38, 0x10, 0x26, 0x1a, 0x2d,
  0x4c, 0x5e, 0x32, 0x31, 0x5f, 0x4c, 0x2d, 0x1b, 0x25, 0x11, 0x47, 0xfe,
  0x10, 0x42, 0x70, 0x44, 0x01, 0x56, 0x2a, 0x43, 0x24, 0x25, 0x42, 0x2a,
  0x2a, 0x42, 0x25, 0x24, 0x43, 0x2a, 0x00, 0x00, 0x00, 0x03, 0x00, 0x33,
  0xff, 0x2c, 0x02, 0x59, 0x03, 0x04, 0x00, 0x06, 0x00, 0x31, 0x00, 0x41,
  0x01, 0x52, 0x4b, 0xb0, 0x17, 0x50, 0x58, 0x40, 0x0e, 0x03, 0x01, 0x02,
  0x00, 0x2a, 0x01, 0x0a, 0x07, 0x17, 0x01, 0x06, 0x09, 0x03, 0x4c, 0x1b,
  0x40, 0x0e, 0x03, 0x01, 0x02, 0x00, 0x2a, 0x01, 0x0a, 0x08, 0x17, 0x01,
  0x06, 0x09, 0x03, 0x4c, 0x59, 0x4b, 0xb0, 0x17, 0x50, 0x58, 0x40, 0x39,
  0x0b, 0x01, 0x02, 0x00, 0x07, 0x00, 0x02, 0x07, 0x80, 0x00, 0x04, 0x06,
  0x05, 0x06, 0x04, 0x05, 0x80, 0x01, 0x01, 0x00, 0x00, 0x16, 0x4d, 0x00,
  0x0a, 0x0a, 0x07, 0x61, 0x08, 0x01, 0x07, 0x07, 0x1d, 0x4d, 0x0d, 0x01,
  0x09, 0x09, 0x06, 0x62, 0x00, 0x06, 0x06, 0x15, 0x4d, 0x00, 0x05, 0x05,
  0x03, 0x61, 0x0c, 0x01, 0x03, 0x03, 0x1f, 0x03, 0x4e, 0x1b, 0x4b, 0xb0,
  0x2a, 0x50, 0x58, 0x40, 0x3d, 0x0b, 0x01, 0x02, 0x00, 0x07, 0x00, 0x02,
  0x07, 0x80, 0x00, 0x04, 0x06, 0x05, 0x06, 0x04, 0x05, 0x80, 0x01, 0x01,
  0x00, 0x00, 0x16, 0x4d, 0x00, 0x08, 0x08, 0x17, 0x4d, 0x00, 0x0a, 0x0a,
  0x07, 0x61, 0x00, 0x07, 0x07, 0x1d, 0x4d, 0x0d, 0x01, 0x09, 0x09, 0x06,
  0x62, 0x00, 0x06, 0x06, 0x15, 0x4d, 0x00, 0x05, 0x05, 0x03, 0x61, 0x0c,
  0x01, 0x03, 0x03, 0x1f, 0x03, 0x4e, 0x1b, 0x4b, 0xb0, 0x31, 0x50, 0x58,
  0x40, 0x3a, 0x01, 0x01, 0x00, 0x02, 0x00, 0x85, 0x0b, 0x01, 0x02, 0x07,
  0x02, 0x85, 0x00, 0x04, 0x06, 0x05, 0x06, 0x04, 0x05, 0x80, 0x00, 0x08,
  0x08, 0x17, 0x4d, 0x00, 0x0a, 0x0a, 0x07, 0x61, 0x00, 0x07, 0x07, 0x1d,
  0x4d, 0x0d, 0x01, 0x09, 0x09, 0x06, 0x62, 0x00, 0x06, 0x06, 0x15, 0x4d,
  0x00, 0x05, 0x05, 0x03, 0x61, 0x0c, 0x01, 0x03, 0x03, 0x1f, 0x03, 0x4e,
  0x1b, 0x40, 0x38, 0x01, 0x01, 0x00, 0x02, 0x00, 0x85, 0x0b, 0x01, 0x02,
  0x07, 0x02, 0x85, 0x00, 0x04, 0x06, 0x05, 0x06, 0x04, 0x05, 0x80, 0x0d,
  0x01, 0x09, 0x00, 0x06, 0x04, 0x09, 0x06, 0x6a, 0x00, 0x08, 0x08, 0x17,
  0x4d, 0x00, 0x0a, 0x0a, 0x07, 0x61, 0x00, 0x07, 0x07, 0x1d, 0x4d, 0x00,
  0x05, 0x05, 0x03, 0x61, 0x0c, 0x01, 0x03, 0x03, 0x1f, 0x03, 0x4e, 0x59,
  0x59, 0x59, 0x40, 0x23, 0x33, 0x32, 0x08, 0x07, 0x00, 0x00, 0x3b, 0x39,
  0x32, 0x41, 0x33, 0x41, 0x2d, 0x2c, 0x27, 0x25, 0x1d, 0x1b, 0x14, 0x12,
  0x0e, 0x0c, 0x07, 0x31, 0x08, 0x31, 0x00, 0x06, 0x00, 0x06, 0x12, 0x11,
  0x0e, 0x07, 0x18, 0x2b, 0x01, 0x27, 0x33, 0x17, 0x37, 0x33, 0x07, 0x03,
  0x22, 0x2e, 0x03, 0x31, 0x33, 0x30, 0x1e, 0x02, 0x33, 0x32, 0x36, 0x35,
  0x35, 0x23, 0x0e, 0x02, 0x23, 0x22, 0x2e, 0x02, 0x35, 0x34, 0x3e, 0x02,
  0x33, 0x32, 0x16, 0x16, 0x17, 0x33, 0x35, 0x33, 0x11, 0x14, 0x06, 0x06,
  0x03, 0x32, 0x36, 0x36, 0x35, 0x34, 0x26, 0x26, 0x23, 0x22, 0x06, 0x06,
  0x15, 0x14, 0x16, 0x16, 0x01, 0x0e, 0x81, 0x77, 0x47, 0x46, 0x77, 0x81,
  0x3d, 0x49, 0x60, 0x37, 0x1b, 0x07, 0x94, 0x07, 0x16, 0x2c, 0x23, 0x3e,
  0x3b, 0x06, 0x0b, 0x28, 0x3e, 0x2c, 0x3b, 0x58, 0x3a, 0x1e, 0x1e, 0x3a,
  0x58, 0x3b, 0x2c, 0x3f, 0x28, 0x0a, 0x06, 0x98, 0x3a, 0x78, 0x5e, 0x29,
  0x37, 0x1c, 0x1c, 0x37, 0x29, 0x2a, 0x37, 0x1c, 0x1c, 0x37, 0x02, 0x50,
  0xb4, 0x68, 0x68, 0xb4, 0xfc, 0xdc, 0x24, 0x37, 0x36, 0x25, 0x13, 0x19,
  0x13, 0x46, 0x39, 0x38, 0x10, 0x26, 0x1a, 0x2d, 0x4c, 0x5e, 0x32, 0x31,
  0x5f, 0x4c, 0x2d, 0x1b, 0x25, 0x11, 0x47, 0xfe, 0x10, 0x42, 0x70, 0x44,
  0x01, 0x56, 0x2a, 0x43, 0x24, 0x25, 0x42, 0x2a, 0x2a, 0x42, 0x25, 0x24,
  0x43, 0x2a, 0x00, 0x00, 0x00, 0x03, 0x00, 0x33, 0xff, 0x2c, 0x02, 0x59,
  0x03, 0x08, 0x00, 0x0b, 0x00, 0x36, 0x00, 0x46, 0x01, 0x3c, 0x4b, 0xb0,
  0x17, 0x50, 0x58, 0x40, 0x0a, 0x2f, 0x01, 0x09, 0x06, 0x1c, 0x01, 0x05,
  0x08, 0x02, 0x4c, 0x1b, 0x40, 0x0a, 0x2f, 0x01, 0x09, 0x07, 0x1c, 0x01,
  0x05, 0x08, 0x02, 0x4c, 0x59, 0x4b, 0xb0, 0x17, 0x50, 0x58, 0x40, 0x35,
  0x00, 0x03, 0x05, 0x04, 0x05, 0x03, 0x04, 0x80, 0x0a, 0x01, 0x00, 0x00,
  0x01, 0x61, 0x00, 0x01, 0x01, 0x1c, 0x4d, 0x00, 0x09, 0x09, 0x06, 0x61,
  0x07, 0x01, 0x06, 0x06, 0x1d, 0x4d, 0x0c, 0x01, 0x08, 0x08, 0x05, 0x61,
  0x00, 0x05, 0x05, 0x15, 0x4d, 0x00, 0x04, 0x04, 0x02, 0x61, 0x0b, 0x01,
  0x02, 0x02, 0x1f, 0x02, 0x4e, 0x1b, 0x4b, 0xb0, 0x2f, 0x50, 0x58, 0x40,
  0x39, 0x00, 0x03, 0x05, 0x04, 0x05, 0x03, 0x04, 0x80, 0x0a, 0x01, 0x00,
  0x00, 0x01, 0x61, 0x00, 0x01, 0x01, 0x1c, 0x4d, 0x00, 0x07, 0x07, 0x17,
  0x4d, 0x00, 0x09, 0x09, 0x06, 0x61, 0x00, 0x06, 0x06, 0x1d, 0x4d, 0x0c,
  0x01, 0x08, 0x08, 0x05, 0x61, 0x00, 0x05, 0x05, 0x15, 0x4d, 0x00, 0x04,
  0x04, 0x02, 0x61, 0x0b, 0x01, 0x02, 0x02, 0x1f, 0x02, 0x4e, 0x1b, 0x4b,
  0xb0, 0x31, 0x50, 0x58, 0x40, 0x37, 0x00, 0x03, 0x05, 0x04, 0x05, 0x03,
  0x04, 0x80, 0x00, 0x01, 0x0a, 0x01, 0x00, 0x06, 0x01, 0x00, 0x69, 0x00,
  0x07, 0x07, 0x17, 0x4d, 0x00, 0x09, 0x09, 0x06, 0x61, 0x00, 0x06, 0x06,
  0x1d, 0x4d, 0x0c, 0x01, 0x08, 0x08, 0x05, 0x61, 0x00, 0x05, 0x05, 0x15,
  0x4d, 0x00, 0x04, 0x04, 0x02, 0x61, 0x0b, 0x01, 0x02, 0x02, 0x1f, 0x02,
  0x4e, 0x1b, 0x40, 0x35, 0x00, 0x03, 0x05, 0x04, 0x05, 0x03, 0x04, 0x80,
  0x00, 0x01, 0x0a, 0x01, 0x00, 0x06, 0x01, 0x00, 0x69, 0x0c, 0x01, 0x08,
  0x00, 0x05, 0x03, 0x08, 0x05, 0x69, 0x00, 0x07, 0x07, 0x17, 0x4d, 0x00,
  0x09, 0x09, 0x06, 0x61, 0x00, 0x06, 0x06, 0x1d, 0x4d, 0x00, 0x04, 0x04,
  0x02, 0x61, 0x0b, 0x01, 0x02, 0x02, 0x1f, 0x02, 0x4e, 0x59, 0x59, 0x59,
  0x40, 0x23, 0x38, 0x37, 0x0d, 0x0c, 0x01, 0x00, 0x40, 0x3e, 0x37, 0x46,
  0x38, 0x46, 0x32, 0x31, 0x2c, 0x2a, 0x22, 0x20, 0x19, 0x17, 0x13, 0x11,
  0x0c, 0x36, 0x0d, 0x36, 0x07, 0x05, 0x00, 0x0b, 0x01, 0x0b, 0x0d, 0x07,
  0x16, 0x2b, 0x01, 0x22, 0x26, 0x35, 0x34, 0x36, 0x33, 0x32, 0x16, 0x15,
  0x14, 0x06, 0x03, 0x22, 0x2e, 0x03, 0x31, 0x33, 0x30, 0x1e, 0x02, 0x33,
  0x32, 0x36, 0x35, 0x35, 0x23, 0x0e, 0x02, 0x23, 0x22, 0x2e, 0x02, 0x35,
  0x34, 0x3e, 0x02, 0x33, 0x32, 0x16, 0x16, 0x17, 0x33, 0x35, 0x33, 0x11,
  0x14, 0x06, 0x06, 0x03, 0x32, 0x36, 0x36, 0x35, 0x34, 0x26, 0x26, 0x23,
  0x22, 0x06, 0x06, 0x15, 0x14, 0x16, 0x16, 0x01, 0x4b, 0x28, 0x32, 0x32,
  0x28, 0x27, 0x33, 0x33, 0x28, 0x49, 0x60, 0x37, 0x1b, 0x07, 0x94, 0x07,
  0x16, 0x2c, 0x23, 0x3e, 0x3b, 0x06, 0x0b, 0x28, 0x3e, 0x2c, 0x3b, 0x58,
  0x3a, 0x1e, 0x1e, 0x3a, 0x58, 0x3b, 0x2c, 0x3f, 0x28, 0x0a, 0x06, 0x98,
  0x3a, 0x78, 0x5e, 0x29, 0x37, 0x1c, 0x1c, 0x37, 0x29, 0x2a, 0x37, 0x1c,
  0x1c, 0x37, 0x02, 0x5a, 0x33, 0x24, 0x24, 0x33, 0x33, 0x24, 0x24, 0x33,
  0xfc, 0xd2, 0x24, 0x37, 0x36, 0x25, 0x13, 0x19, 0x13, 0x46, 0x39, 0x38,
  0x10, 0x26, 0x1a, 0x2d, 0x4c, 0x5e, 0x32, 0x31, 0x5f, 0x4c, 0x2d, 0x1b,
  0x25, 0x11, 0x47, 0xfe, 0x10, 0x42, 0x70, 0x44, 0x01, 0x56, 0x2a, 0x43,
  0x24, 0x25, 0x42, 0x2a, 0x2a, 0x42, 0x25, 0x24, 0x43, 0x2a, 0x00, 0x00,
  0x00, 0x03, 0x00, 0x33, 0xff, 0x2c, 0x02, 0x59, 0x02, 0xc1, 0x00, 0x03,
  0x00, 0x2e, 0x00, 0x3e, 0x00, 0xf7, 0x4b, 0xb0, 0x17, 0x50, 0x58, 0x40,
  0x0a, 0x27, 0x01, 0x09, 0x06, 0x14, 0x01, 0x05, 0x08, 0x02, 0x4c, 0x1b,
  0x40, 0x0a, 0x27, 0x01, 0x09, 0x07, 0x14, 0x01, 0x05, 0x08, 0x02, 0x4c,
  0x59, 0x4b, 0xb0, 0x17, 0x50, 0x58, 0x40, 0x33, 0x00, 0x03, 0x05, 0x04,
  0x05, 0x03, 0x04, 0x80, 0x00, 0x00, 0x0a, 0x01, 0x01, 0x06, 0x00, 0x01,
  0x67, 0x00, 0x09, 0x09, 0x06, 0x61, 0x07, 0x01, 0x06, 0x06, 0x1d, 0x4d,
  0x0c, 0x01, 0x08, 0x08, 0x05, 0x61, 0x00, 0x05, 0x05, 0x15, 0x4d, 0x00,
  0x04, 0x04, 0x02, 0x61, 0x0b, 0x01, 0x02, 0x02, 0x1f, 0x02, 0x4e, 0x1b,
  0x4b, 0xb0, 0x31, 0x50, 0x58, 0x40, 0x37, 0x00, 0x03, 0x05, 0x04, 0x05,
  0x03, 0x04, 0x80, 0x00, 0x00, 0x0a, 0x01, 0x01, 0x06, 0x00, 0x01, 0x67,
  0x00, 0x07, 0x07, 0x17, 0x4d, 0x00, 0x09, 0x09, 0x06, 0x61, 0x00, 0x06,
  0x06, 0x1d, 0x4d, 0x0c, 0x01, 0x08, 0x08, 0x05, 0x61, 0x00, 0x05, 0x05,
  0x15, 0x4d, 0x00, 0x04, 0x04, 0x02, 0x61, 0x0b, 0x01, 0x02, 0x02, 0x1f,
  0x02, 0x4e, 0x1b, 0x40, 0x35, 0x00, 0x03, 0x05, 0x04, 0x05, 0x03, 0x04,
  0x80, 0x00, 0x00, 0x0a, 0x01, 0x01, 0x06, 0x00, 0x01, 0x67, 0x0c, 0x01,
  0x08, 0x00, 0x05, 0x03, 0x08, 0x05, 0x69, 0x00, 0x07, 0x07, 0x17, 0x4d,
  0x00, 0x09, 0x09, 0x06, 0x61, 0x00, 0x06, 0x06, 0x1d, 0x4d, 0x00, 0x04,
  0x04, 0x02, 0x61, 0x0b, 0x01, 0x02, 0x02, 0x1f, 0x02, 0x4e, 0x59, 0x59,
  0x40, 0x22, 0x30, 0x2f, 0x05, 0x04, 0x00, 0x00, 0x38, 0x36, 0x2f, 0x3e,
  0x30, 0x3e, 0x2a, 0x29, 0x24, 0x22, 0x1a, 0x18, 0x11, 0x0f, 0x0b, 0x09,
  0x04, 0x2e, 0x05, 0x2e, 0x00, 0x03, 0x00, 0x03, 0x11, 0x0d, 0x07, 0x17,
  0x2b, 0x13, 0x35, 0x21, 0x15, 0x03, 0x22, 0x2e, 0x03, 0x31, 0x33, 0x30,
  0x1e, 0x02, 0x33, 0x32, 0x36, 0x35, 0x35, 0x23, 0x0e, 0x02, 0x23, 0x22,
  0x2e, 0x02, 0x35, 0x34, 0x3e, 0x02, 0x33, 0x32, 0x16, 0x16, 0x17, 0x33,
  0x35, 0x33, 0x11, 0x14, 0x06, 0x06, 0x03, 0x32, 0x36, 0x36, 0x35, 0x34,
  0x26, 0x26, 0x23, 0x22, 0x06, 0x06, 0x15, 0x14, 0x16, 0x16, 0xa8, 0x01,
  0x45, 0xa3, 0x49, 0x60, 0x37, 0x1b, 0x07, 0x94, 0x07, 0x16, 0x2c, 0x23,
  0x3e, 0x3b, 0x06, 0x0b, 0x28, 0x3e, 0x2c, 0x3b, 0x58, 0x3a, 0x1e, 0x1e,
  0x3a, 0x58, 0x3b, 0x2c, 0x3f, 0x28, 0x0a, 0x06, 0x98, 0x3a, 0x78, 0x5e,
  0x29, 0x37, 0x1c, 0x1c, 0x37, 0x29, 0x2a, 0x37, 0x1c, 0x1c, 0x37, 0x02,
  0x67, 0x5a, 0x5a, 0xfc, 0xc5, 0x24, 0x37, 0x36, 0x25, 0x13, 0x19, 0x13,
  0x46, 0x39, 0x38, 0x10, 0x26, 0x1a, 0x2d, 0x4c, 0x5e, 0x32, 0x31, 0x5f,
  0x4c, 0x2d, 0x1b, 0x25, 0x11, 0x47, 0xfe, 0x10, 0x42, 0x70, 0x44, 0x01,
  0x56, 0x2a, 0x43, 0x24, 0x25, 0x42, 0x2a, 0x2a, 0x42, 0x25, 0x24, 0x43,
  0x2a, 0x00, 0x00, 0x00, 0x00, 0x01, 0x00, 0x44, 0x00, 0x00, 0x02, 0x26,
  0x02, 0xf8, 0x00, 0x17, 0x00, 0x50, 0xb5, 0x03, 0x01, 0x03, 0x01, 0x01,
  0x4c, 0x4b, 0xb0, 0x2f, 0x50, 0x58, 0x40, 0x17, 0x00, 0x00, 0x00, 0x16,
  0x4d, 0x00, 0x03, 0x03, 0x01, 0x61, 0x00, 0x01, 0x01, 0x1d, 0x4d, 0x05,
  0x04, 0x02, 0x02, 0x02, 0x15, 0x02, 0x4e, 0x1b, 0x40, 0x17, 0x00, 0x03,
  0x03, 0x01, 0x61, 0x00, 0x01, 0x01, 0x1d, 0x4d, 0x00, 0x00, 0x00, 0x02,
  0x5f, 0x05, 0x04, 0x02, 0x02, 0x02, 0x15, 0x02, 0x4e, 0x59, 0x40, 0x0d,
  0x00, 0x00, 0x00, 0x17, 0x00, 0x17, 0x23, 0x14, 0x25, 0x11, 0x06, 0x07,
  0x1a, 0x2b, 0x33, 0x11, 0x33, 0x11, 0x33, 0x3e, 0x02, 0x33, 0x32, 0x16,
  0x16, 0x15, 0x11, 0x23, 0x11, 0x34, 0x26, 0x23, 0x22, 0x06, 0x06, 0x15,
  0x11, 0x44, 0x98, 0x05, 0x09, 0x23, 0x3b, 0x2e, 0x3e, 0x4e, 0x24, 0x98,
  0x29, 0x2d, 0x22, 0x28, 0x12, 0x02, 0xf8, 0xfe, 0xce, 0x10, 0x28, 0x1e,
  0x39, 0x59, 0x31, 0xfe, 0xa7, 0x01, 0x3f, 0x26, 0x3a, 0x20, 0x32, 0x1c,
  0xfe, 0xcf, 0x00, 0x00, 0x00, 0x01, 0x00, 0x08, 0x00, 0x00, 0x02, 0x44,
  0x02, 0xf8, 0x00, 0x1f, 0x00, 0x68, 0xb5, 0x0b, 0x01, 0x07, 0x05, 0x01,
  0x4c, 0x4b, 0xb0, 0x2f, 0x50, 0x58, 0x40, 0x21, 0x03, 0x01, 0x01, 0x04,
  0x01, 0x00, 0x05, 0x01, 0x00, 0x67, 0x00, 0x02, 0x02, 0x16, 0x4d, 0x00,
  0x07, 0x07, 0x05, 0x61, 0x00, 0x05, 0x05, 0x1d, 0x4d, 0x09, 0x08, 0x02,
  0x06, 0x06, 0x15, 0x06, 0x4e, 0x1b, 0x40, 0x21, 0x03, 0x01, 0x01, 0x04,
  0x01, 0x00, 0x05, 0x01, 0x00, 0x67, 0x00, 0x07, 0x07, 0x05, 0x61, 0x00,
  0x05, 0x05, 0x1d, 0x4d, 0x00, 0x02, 0x02, 0x06, 0x5f, 0x09, 0x08, 0x02,
  0x06, 0x06, 0x15, 0x06, 0x4e, 0x59, 0x40, 0x11, 0x00, 0x00, 0x00, 0x1f,
  0x00, 0x1f, 0x23, 0x14, 0x25, 0x11, 0x11, 0x11, 0x11, 0x11, 0x0a, 0x07,
  0x1e, 0x2b, 0x33, 0x11, 0x23, 0x35, 0x33, 0x35, 0x33, 0x15, 0x33, 0x15,
  0x23, 0x15, 0x33, 0x3e, 0x02, 0x33, 0x32, 0x16, 0x16, 0x15, 0x11, 0x23,
  0x11, 0x34, 0x26, 0x23, 0x22, 0x06, 0x06, 0x15, 0x11, 0x62, 0x5a, 0x5a,
  0x98, 0x7a, 0x7a, 0x05, 0x09, 0x23, 0x3b, 0x2d, 0x3f, 0x4d, 0x25, 0x98,
  0x2a, 0x2c, 0x22, 0x28, 0x12, 0x02, 0x3e, 0x64, 0x56, 0x56, 0x64, 0x78,
  0x10, 0x28, 0x1e, 0x39, 0x59, 0x31, 0xfe, 0xa7, 0x01, 0x3f, 0x26, 0x3a,
  0x20, 0x32, 0x1c, 0xfe, 0xcf, 0x00, 0x00, 0x00, 0x00, 0x02, 0x00, 0x3a,
  0x00, 0x00, 0x00, 0xee, 0x03, 0x08, 0x00, 0x0b, 0x00, 0x0f, 0x00, 0x4d,
  0x4b, 0xb0, 0x2f, 0x50, 0x58, 0x40, 0x17, 0x04, 0x01, 0x00, 0x00, 0x01,
  0x61, 0x00, 0x01, 0x01, 0x1c, 0x4d, 0x00, 0x02, 0x02, 0x17, 0x4d, 0x05,
  0x01, 0x03, 0x03, 0x15, 0x03, 0x4e, 0x1b, 0x40, 0x15, 0x00, 0x01, 0x04,
  0x01, 0x00, 0x02, 0x01, 0x00, 0x69, 0x00, 0x02, 0x02, 0x17, 0x4d, 0x05,
  0x01, 0x03, 0x03, 0x15, 0x03, 0x4e, 0x59, 0x40, 0x13, 0x0c, 0x0c, 0x01,
  0x00, 0x0c, 0x0f, 0x0c, 0x0f, 0x0e, 0x0d, 0x07, 0x05, 0x00, 0x0b, 0x01,
  0x0b, 0x06, 0x07, 0x16, 0x2b, 0x13, 0x22, 0x26, 0x35, 0x34, 0x36, 0x33,
  0x32, 0x16, 0x15, 0x14, 0x06, 0x03, 0x11, 0x33, 0x11, 0x94, 0x28, 0x32,
  0x32, 0x28, 0x26, 0x34, 0x34, 0x72, 0x98, 0x02, 0x5a, 0x33, 0x23, 0x25,
  0x33, 0x33, 0x25, 0x23, 0x33, 0xfd, 0xa6, 0x02, 0x12, 0xfd, 0xee, 0x00,
  0x00, 0x01, 0x00, 0x4b, 0x00, 0x00, 0x00, 0xe3, 0x02, 0x12, 0x00, 0x03,
  0x00, 0x19, 0x40, 0x16, 0x00, 0x00, 0x00, 0x17, 0x4d, 0x02, 0x01, 0x01,
  0x01, 0x15, 0x01, 0x4e, 0x00, 0x00, 0x00, 0x03, 0x00, 0x03, 0x11, 0x03,
  0x07, 0x17, 0x2b, 0x33, 0x11, 0x33, 0x11, 0x4b, 0x98, 0x02, 0x12, 0xfd,
  0xee, 0x00, 0x00, 0x00, 0x00, 0x02, 0x00, 0x4b, 0x00, 0x00, 0x01, 0x3e,
  0x03, 0x10, 0x00, 0x03, 0x00, 0x07, 0x00, 0x44, 0x4b, 0xb0, 0x16, 0x50,
  0x58, 0x40, 0x16, 0x00, 0x00, 0x00, 0x01, 0x5f, 0x00, 0x01, 0x01, 0x16,
  0x4d, 0x00, 0x02, 0x02, 0x17, 0x4d, 0x04, 0x01, 0x03, 0x03, 0x15, 0x03,
  0x4e, 0x1b, 0x40, 0x14, 0x00, 0x01, 0x00, 0x00, 0x02, 0x01, 0x00, 0x67,
  0x00, 0x02, 0x02, 0x17, 0x4d, 0x04, 0x01, 0x03, 0x03, 0x15, 0x03, 0x4e,
  0x59, 0x40, 0x0c, 0x04, 0x04, 0x04, 0x07, 0x04, 0x07, 0x12, 0x11, 0x10,
  0x05, 0x07, 0x19, 0x2b, 0x13, 0x27, 0x37, 0x33, 0x03, 0x11, 0x33, 0x11,
  0xd0, 0x70, 0x50, 0x8e, 0xf3, 0x98, 0x02, 0x5b, 0x01, 0xb4, 0xfc, 0xf0,
  0x02, 0x12, 0xfd, 0xee, 0x00, 0x02, 0xff, 0xda, 0x00, 0x00, 0x01, 0x55,
  0x03, 0x08, 0x00, 0x06, 0x00, 0x0a, 0x00, 0x5b, 0xb5, 0x05, 0x01, 0x01,
  0x00, 0x01, 0x4c, 0x4b, 0xb0, 0x1f, 0x50, 0x58, 0x40, 0x1b, 0x05, 0x02,
  0x02, 0x01, 0x00, 0x03, 0x00, 0x01, 0x03, 0x80, 0x00, 0x00, 0x00, 0x16,
  0x4d, 0x00, 0x03, 0x03, 0x17, 0x4d, 0x06, 0x01, 0x04, 0x04, 0x15, 0x04,
  0x4e, 0x1b, 0x40, 0x18, 0x00, 0x00, 0x01, 0x00, 0x85, 0x05, 0x02, 0x02,
  0x01, 0x03, 0x01, 0x85, 0x00, 0x03, 0x03, 0x17, 0x4d, 0x06, 0x01, 0x04,
  0x04, 0x15, 0x04, 0x4e, 0x59, 0x40, 0x13, 0x07, 0x07, 0x00, 0x00, 0x07,
  0x0a, 0x07, 0x0a, 0x09, 0x08, 0x00, 0x06, 0x00, 0x06, 0x11, 0x11, 0x07,
  0x07, 0x18, 0x2b, 0x03, 0x37, 0x33, 0x17, 0x23, 0x27, 0x07, 0x03, 0x11,
  0x33, 0x11, 0x26, 0x81, 0x79, 0x81, 0x77, 0x46, 0x47, 0x06, 0x98, 0x02,
  0x54, 0xb4, 0xb4, 0x68, 0x68, 0xfd, 0xac, 0x02, 0x12, 0xfd, 0xee, 0x00,
  0x00, 0x03, 0xff, 0xcf, 0x00, 0x00, 0x01, 0x5e, 0x02, 0xf5, 0x00, 0x0b,
  0x00, 0x17, 0x00, 0x1b, 0x00, 0x5d, 0x4b, 0xb0, 0x2f, 0x50, 0x58, 0x40,
  0x1a, 0x07, 0x02, 0x06, 0x03, 0x00, 0x00, 0x01, 0x61, 0x03, 0x01, 0x01,
  0x01, 0x16, 0x4d, 0x00, 0x04, 0x04, 0x17, 0x4d, 0x08, 0x01, 0x05, 0x05,
  0x15, 0x05, 0x4e, 0x1b, 0x40, 0x1a, 0x07, 0x02, 0x06, 0x03, 0x00, 0x00,
  0x01, 0x61, 0x03, 0x01, 0x01, 0x01, 0x1a, 0x4d, 0x00, 0x04, 0x04, 0x17,
  0x4d, 0x08, 0x01, 0x05, 0x05, 0x15, 0x05, 0x4e, 0x59, 0x40, 0x1b, 0x18,
  0x18, 0x0d, 0x0c, 0x01, 0x00, 0x18, 0x1b, 0x18, 0x1b, 0x1a, 0x19, 0x13,
  0x11, 0x0c, 0x17, 0x0d, 0x17, 0x07, 0x05, 0x00, 0x0b, 0x01, 0x0b, 0x09,
  0x07, 0x16, 0x2b, 0x01, 0x22, 0x26, 0x35, 0x34, 0x36, 0x33, 0x32, 0x16,
  0x15, 0x14, 0x06, 0x21, 0x22, 0x26, 0x35, 0x34, 0x36, 0x33, 0x32, 0x16,
  0x15, 0x14, 0x06, 0x11, 0x11, 0x33, 0x11, 0x01, 0x08, 0x26, 0x30, 0x30,
  0x26, 0x25, 0x31, 0x31, 0xfe, 0xf9, 0x26, 0x31, 0x31, 0x26, 0x25, 0x31,
  0x31, 0x98, 0x02, 0x4f, 0x31, 0x22, 0x23, 0x30, 0x30, 0x23, 0x22, 0x31,
  0x31, 0x22, 0x23, 0x30, 0x30, 0x23, 0x22, 0x31, 0xfd, 0xb1, 0x02, 0x12,
  0xfd, 0xee, 0x00, 0x00, 0x00, 0x02, 0x00, 0x3d, 0x00, 0x00, 0x00, 0xf1,
  0x03, 0x08, 0x00, 0x0b, 0x00, 0x0f, 0x00, 0x4d, 0x4b, 0xb0, 0x2f, 0x50,
  0x58, 0x40, 0x17, 0x04, 0x01, 0x00, 0x00, 0x01, 0x61, 0x00, 0x01, 0x01,
  0x1c, 0x4d, 0x00, 0x02, 0x02, 0x17, 0x4d, 0x05, 0x01, 0x03, 0x03, 0x15,
  0x03, 0x4e, 0x1b, 0x40, 0x15, 0x00, 0x01, 0x04, 0x01, 0x00, 0x02, 0x01,
  0x00, 0x69, 0x00, 0x02, 0x02, 0x17, 0x4d, 0x05, 0x01, 0x03, 0x03, 0x15,
  0x03, 0x4e, 0x59, 0x40, 0x13, 0x0c, 0x0c, 0x01, 0x00, 0x0c, 0x0f, 0x0c,
  0x0f, 0x0e, 0x0d, 0x07, 0x05, 0x00, 0x0b, 0x01, 0x0b, 0x06, 0x07, 0x16,
  0x2b, 0x13, 0x22, 0x26, 0x35, 0x34, 0x36, 0x33, 0x32, 0x16, 0x15, 0x14,
  0x06, 0x03, 0x11, 0x33, 0x11, 0x97, 0x27, 0x33, 0x33, 0x27, 0x27, 0x33,
  0x33, 0x73, 0x98, 0x02, 0x5a, 0x33, 0x24, 0x24, 0x33, 0x33, 0x24, 0x24,
  0x33, 0xfd, 0xa6, 0x02, 0x12, 0xfd, 0xee, 0x00, 0x00, 0x03, 0x00, 0x3e,
  0xff, 0x09, 0x00, 0xf1, 0x03, 0x08, 0x00, 0x0b, 0x00, 0x0f, 0x00, 0x1b,
  0x00, 0x65, 0x4b, 0xb0, 0x2f, 0x50, 0x58, 0x40, 0x1f, 0x00, 0x05, 0x08,
  0x01, 0x04, 0x05, 0x04, 0x65, 0x06, 0x01, 0x00, 0x00, 0x01, 0x61, 0x00,
  0x01, 0x01, 0x1c, 0x4d, 0x00, 0x02, 0x02, 0x17, 0x4d, 0x07, 0x01, 0x03,
  0x03, 0x15, 0x03, 0x4e, 0x1b, 0x40, 0x1d, 0x00, 0x01, 0x06, 0x01, 0x00,
  0x02, 0x01, 0x00, 0x69, 0x00, 0x05, 0x08, 0x01, 0x04, 0x05, 0x04, 0x65,
  0x00, 0x02, 0x02, 0x17, 0x4d, 0x07, 0x01, 0x03, 0x03, 0x15, 0x03, 0x4e,
  0x59, 0x40, 0x1b, 0x11, 0x10, 0x0c, 0x0c, 0x01, 0x00, 0x17, 0x15, 0x10,
  0x1b, 0x11, 0x1b, 0x0c, 0x0f, 0x0c, 0x0f, 0x0e, 0x0d, 0x07, 0x05, 0x00,
  0x0b, 0x01, 0x0b, 0x09, 0x07, 0x16, 0x2b, 0x13, 0x22, 0x26, 0x35, 0x34,
  0x36, 0x33, 0x32, 0x16, 0x15, 0x14, 0x06, 0x03, 0x11, 0x33, 0x11, 0x07,
  0x22, 0x26, 0x35, 0x34, 0x36, 0x33, 0x32, 0x16, 0x15, 0x14, 0x06, 0x97,
  0x27, 0x32, 0x32, 0x27, 0x27, 0x33, 0x33, 0x73, 0x98, 0x4c, 0x23, 0x2c,
  0x2c, 0x23, 0x22, 0x2d, 0x2d, 0x02, 0x5a, 0x33, 0x23, 0x25, 0x33, 0x33,
  0x25, 0x23, 0x33, 0xfd, 0xa6, 0x02, 0x12, 0xfd, 0xee, 0xf7, 0x2f, 0x21,
  0x21, 0x2e, 0x2e, 0x21, 0x21, 0x2f, 0x00, 0x00, 0x00, 0x02, 0xff, 0xf4,
  0x00, 0x00, 0x00, 0xe3, 0x03, 0x10, 0x00, 0x03, 0x00, 0x07, 0x00, 0x4c,
  0x4b, 0xb0, 0x16, 0x50, 0x58, 0x40, 0x17, 0x04, 0x01, 0x01, 0x01, 0x00,
  0x5f, 0x00, 0x00, 0x00, 0x16, 0x4d, 0x00, 0x02, 0x02, 0x17, 0x4d, 0x05,
  0x01, 0x03, 0x03, 0x15, 0x03, 0x4e, 0x1b, 0x40, 0x15, 0x00, 0x00, 0x04,
  0x01, 0x01, 0x02, 0x00, 0x01, 0x67, 0x00, 0x02, 0x02, 0x17, 0x4d, 0x05,
  0x01, 0x03, 0x03, 0x15, 0x03, 0x4e, 0x59, 0x40, 0x12, 0x04, 0x04, 0x00,
  0x00, 0x04, 0x07, 0x04, 0x07, 0x06, 0x05, 0x00, 0x03, 0x00, 0x03, 0x11,
  0x06, 0x07, 0x17, 0x2b, 0x13, 0x27, 0x33, 0x17, 0x03, 0x11, 0x33, 0x11,
  0x62, 0x6e, 0x8d, 0x51, 0x87, 0x98, 0x02, 0x5b, 0xb5, 0xb4, 0xfd, 0xa4,
  0x02, 0x12, 0xfd, 0xee, 0x00, 0x02, 0x00, 0x1c, 0x00, 0x00, 0x01, 0x1c,
  0x03, 0x3f, 0x00, 0x1c, 0x00, 0x20, 0x00, 0x69, 0x4b, 0xb0, 0x21, 0x50,
  0x58, 0x40, 0x23, 0x00, 0x01, 0x00, 0x03, 0x00, 0x01, 0x72, 0x06, 0x01,
  0x03, 0x04, 0x00, 0x03, 0x04, 0x7e, 0x00, 0x02, 0x00, 0x00, 0x01, 0x02,
  0x00, 0x69, 0x00, 0x04, 0x04, 0x17, 0x4d, 0x07, 0x01, 0x05, 0x05, 0x15,
  0x05, 0x4e, 0x1b, 0x40, 0x24, 0x00, 0x01, 0x00, 0x03, 0x00, 0x01, 0x03,
  0x80, 0x06, 0x01, 0x03, 0x04, 0x00, 0x03, 0x04, 0x7e, 0x00, 0x02, 0x00,
  0x00, 0x01, 0x02, 0x00, 0x69, 0x00, 0x04, 0x04, 0x17, 0x4d, 0x07, 0x01,
  0x05, 0x05, 0x15, 0x05, 0x4e, 0x59, 0x40, 0x14, 0x1d, 0x1d, 0x00, 0x00,
  0x1d, 0x20, 0x1d, 0x20, 0x1f, 0x1e, 0x00, 0x1c, 0x00, 0x1c, 0x23, 0x22,
  0x2a, 0x08, 0x07, 0x19, 0x2b, 0x13, 0x35, 0x34, 0x36, 0x37, 0x37, 0x36,
  0x36, 0x35, 0x34, 0x26, 0x23, 0x22, 0x06, 0x06, 0x15, 0x23, 0x26, 0x36,
  0x36, 0x33, 0x32, 0x16, 0x15, 0x14, 0x06, 0x07, 0x07, 0x15, 0x03, 0x11,
  0x33, 0x11, 0x6c, 0x0b, 0x0e, 0x0f, 0x15, 0x16, 0x13, 0x11, 0x13, 0x10,
  0x04, 0x57, 0x01, 0x19, 0x37, 0x2d, 0x3d, 0x46, 0x2f, 0x25, 0x04, 0x79,
  0x98, 0x02, 0x50, 0x21, 0x0d, 0x17, 0x06, 0x08, 0x0b, 0x15, 0x0f, 0x0d,
  0x14, 0x12, 0x14, 0x02, 0x1b, 0x35, 0x24, 0x3f, 0x2a, 0x24, 0x31, 0x12,
  0x03, 0x1c, 0xfd, 0xb0, 0x02, 0x12, 0xfd, 0xee, 0x00, 0x02, 0xff, 0xf4,
  0x00, 0x00, 0x01, 0x3a, 0x02, 0xc1, 0x00, 0x03, 0x00, 0x07, 0x00, 0x2a,
  0x40, 0x27, 0x00, 0x00, 0x04, 0x01, 0x01, 0x02, 0x00, 0x01, 0x67, 0x00,
  0x02, 0x02, 0x17, 0x4d, 0x05, 0x01, 0x03, 0x03, 0x15, 0x03, 0x4e, 0x04,
  0x04, 0x00, 0x00, 0x04, 0x07, 0x04, 0x07, 0x06, 0x05, 0x00, 0x03, 0x00,
  0x03, 0x11, 0x06, 0x07, 0x17, 0x2b, 0x03, 0x35, 0x21, 0x15, 0x03, 0x11,
  0x33, 0x11, 0x0c, 0x01, 0x46, 0xef, 0x98, 0x02, 0x67, 0x5a, 0x5a, 0xfd,
  0x99, 0x02, 0x12, 0xfd, 0xee, 0x00, 0x00, 0x00, 0x00, 0x02, 0x00, 0x3d,
  0xff, 0x48, 0x01, 0x08, 0x03, 0x08, 0x00, 0x0b, 0x00, 0x23, 0x00, 0x96,
  0x40, 0x0b, 0x1a, 0x01, 0x04, 0x03, 0x01, 0x4c, 0x0f, 0x01, 0x05, 0x01,
  0x4b, 0x4b, 0xb0, 0x2e, 0x50, 0x58, 0x40, 0x21, 0x06, 0x01, 0x00, 0x00,
  0x01, 0x61, 0x00, 0x01, 0x01, 0x1c, 0x4d, 0x00, 0x02, 0x02, 0x17, 0x4d,
  0x07, 0x01, 0x05, 0x05, 0x15, 0x4d, 0x00, 0x03, 0x03, 0x04, 0x61, 0x00,
  0x04, 0x04, 0x19, 0x04, 0x4e, 0x1b, 0x4b, 0xb0, 0x2f, 0x50, 0x58, 0x40,
  0x1e, 0x00, 0x03, 0x00, 0x04, 0x03, 0x04, 0x65, 0x06, 0x01, 0x00, 0x00,
  0x01, 0x61, 0x00, 0x01, 0x01, 0x1c, 0x4d, 0x00, 0x02, 0x02, 0x17, 0x4d,
  0x07, 0x01, 0x05, 0x05, 0x15, 0x05, 0x4e, 0x1b, 0x40, 0x1c, 0x00, 0x01,
  0x06, 0x01, 0x00, 0x02, 0x01, 0x00, 0x69, 0x00, 0x03, 0x00, 0x04, 0x03,
  0x04, 0x65, 0x00, 0x02, 0x02, 0x17, 0x4d, 0x07, 0x01, 0x05, 0x05, 0x15,
  0x05, 0x4e, 0x59, 0x59, 0x40, 0x17, 0x0c, 0x0c, 0x01, 0x00, 0x0c, 0x23,
  0x0c, 0x23, 0x1e, 0x1c, 0x17, 0x15, 0x0e, 0x0d, 0x07, 0x05, 0x00, 0x0b,
  0x01, 0x0b, 0x08, 0x07, 0x16, 0x2b, 0x13, 0x22, 0x26, 0x35, 0x34, 0x36,
  0x33, 0x32, 0x16, 0x15, 0x14, 0x06, 0x03, 0x11, 0x33, 0x11, 0x30, 0x06,
  0x06, 0x15, 0x14, 0x16, 0x33, 0x32, 0x36, 0x31, 0x15, 0x30, 0x06, 0x23,
  0x22, 0x26, 0x35, 0x34, 0x36, 0x37, 0x97, 0x27, 0x33, 0x33, 0x27, 0x27,
  0x33, 0x33, 0x73, 0x98, 0x19, 0x1a, 0x1a, 0x1c, 0x0d, 0x15, 0x21, 0x18,
  0x4a, 0x42, 0x1d, 0x13, 0x02, 0x5a, 0x33, 0x24, 0x24, 0x33, 0x33, 0x24,
  0x24, 0x33, 0xfd, 0xa6, 0x02, 0x12, 0xfd, 0xee, 0x0d, 0x1a, 0x13, 0x0f,
  0x17, 0x03, 0x56, 0x05, 0x3b, 0x29, 0x1e, 0x29, 0x0d, 0x00, 0x00, 0x00,
  0x00, 0x02, 0xff, 0xed, 0x00, 0x00, 0x01, 0x46, 0x02, 0xff, 0x00, 0x18,
  0x00, 0x1c, 0x00, 0xac, 0x4b, 0xb0, 0x26, 0x50, 0x58, 0x40, 0x21, 0x00,
  0x04, 0x02, 0x08, 0x02, 0x00, 0x06, 0x04, 0x00, 0x6a, 0x00, 0x01, 0x01,
  0x03, 0x61, 0x05, 0x01, 0x03, 0x03, 0x16, 0x4d, 0x00, 0x06, 0x06, 0x17,
  0x4d, 0x09, 0x01, 0x07, 0x07, 0x15, 0x07, 0x4e, 0x1b, 0x4b, 0xb0, 0x2f,
  0x50, 0x58, 0x40, 0x2c, 0x00, 0x02, 0x01, 0x00, 0x01, 0x02, 0x00, 0x80,
  0x00, 0x04, 0x08, 0x01, 0x00, 0x06, 0x04, 0x00, 0x6a, 0x00, 0x05, 0x05,
  0x16, 0x4d, 0x00, 0x01, 0x01, 0x03, 0x61, 0x00, 0x03, 0x03, 0x16, 0x4d,
  0x00, 0x06, 0x06, 0x17, 0x4d, 0x09, 0x01, 0x07, 0x07, 0x15, 0x07, 0x4e,
  0x1b, 0x40, 0x2d, 0x00, 0x05, 0x03, 0x04, 0x03, 0x05, 0x04, 0x80, 0x00,
  0x02, 0x01, 0x00, 0x01, 0x02, 0x00, 0x80, 0x00, 0x03, 0x00, 0x01, 0x02,
  0x03, 0x01, 0x69, 0x00, 0x04, 0x08, 0x01, 0x00, 0x06, 0x04, 0x00, 0x6a,
  0x00, 0x06, 0x06, 0x17, 0x4d, 0x09, 0x01, 0x07, 0x07, 0x15, 0x07, 0x4e,
  0x59, 0x59, 0x40, 0x1b, 0x19, 0x19, 0x01, 0x00, 0x19, 0x1c, 0x19, 0x1c,
  0x1b, 0x1a, 0x15, 0x14, 0x13, 0x11, 0x0e, 0x0c, 0x09, 0x08, 0x06, 0x04,
  0x00, 0x18, 0x01, 0x18, 0x0a, 0x07, 0x16, 0x2b, 0x13, 0x22, 0x2e, 0x02,
  0x23, 0x22, 0x06, 0x15, 0x23, 0x34, 0x36, 0x36, 0x33, 0x32, 0x1e, 0x02,
  0x33, 0x32, 0x35, 0x33, 0x14, 0x06, 0x06, 0x03, 0x11, 0x33, 0x11, 0xe1,
  0x1b, 0x27, 0x1d, 0x1a, 0x0d, 0x10, 0x0d, 0x51, 0x10, 0x2b, 0x2a, 0x1b,
  0x28, 0x1e, 0x19, 0x0d, 0x1b, 0x52, 0x10, 0x2b, 0xc0, 0x98, 0x02, 0x66,
  0x13, 0x18, 0x13, 0x1e, 0x1a, 0x21, 0x44, 0x2e, 0x13, 0x18, 0x12, 0x37,
  0x21, 0x44, 0x2e, 0xfd, 0x9a, 0x02, 0x12, 0xfd, 0xee, 0x00, 0x00, 0x00,
  0x00, 0x02, 0xff, 0xd6, 0xff, 0x33, 0x00, 0xf3, 0x03, 0x08, 0x00, 0x0b,
  0x00, 0x1d, 0x00, 0x60, 0xb5, 0x10, 0x01, 0x03, 0x04, 0x01, 0x4c, 0x4b,
  0xb0, 0x2f, 0x50, 0x58, 0x40, 0x1c, 0x05, 0x01, 0x00, 0x00, 0x01, 0x61,
  0x00, 0x01, 0x01, 0x1c, 0x4d, 0x00, 0x04, 0x04, 0x17, 0x4d, 0x00, 0x03,
  0x03, 0x02, 0x62, 0x06, 0x01, 0x02, 0x02, 0x1f, 0x02, 0x4e, 0x1b, 0x40,
  0x1a, 0x00, 0x01, 0x05, 0x01, 0x00, 0x04, 0x01, 0x00, 0x69, 0x00, 0x04,
  0x04, 0x17, 0x4d, 0x00, 0x03, 0x03, 0x02, 0x62, 0x06, 0x01, 0x02, 0x02,
  0x1f, 0x02, 0x4e, 0x59, 0x40, 0x15, 0x0d, 0x0c, 0x01, 0x00, 0x18, 0x17,
  0x14, 0x12, 0x0c, 0x1d, 0x0d, 0x1d, 0x07, 0x05, 0x00, 0x0b, 0x01, 0x0b,
  0x07, 0x07, 0x16, 0x2b, 0x13, 0x22, 0x26, 0x35, 0x34, 0x36, 0x33, 0x32,
  0x16, 0x15, 0x14, 0x06, 0x03, 0x22, 0x26, 0x31, 0x35, 0x30, 0x16, 0x33,
  0x32, 0x36, 0x35, 0x11, 0x33, 0x11, 0x14, 0x0e, 0x02, 0x99, 0x27, 0x33,
  0x33, 0x27, 0x27, 0x33, 0x33, 0xa1, 0x20, 0x29, 0x16, 0x0d, 0x32, 0x22,
  0x98, 0x0e, 0x28, 0x4f, 0x02, 0x5a, 0x33, 0x23, 0x25, 0x33, 0x33, 0x25,
  0x23, 0x33, 0xfc, 0xd9, 0x07, 0x74, 0x03, 0x2c, 0x2b, 0x02, 0x10, 0xfd,
  0xec, 0x1d, 0x46, 0x40, 0x28, 0x00, 0x00, 0x00, 0x00, 0x01, 0x00, 0x44,
  0x00, 0x00, 0x02, 0x41, 0x02, 0xf8, 0x00, 0x0a, 0x00, 0x4e, 0xb7, 0x09,
  0x06, 0x03, 0x03, 0x02, 0x01, 0x01, 0x4c, 0x4b, 0xb0, 0x2f, 0x50, 0x58,
  0x40, 0x12, 0x00, 0x00, 0x00, 0x16, 0x4d, 0x00, 0x01, 0x01, 0x17, 0x4d,
  0x04, 0x03, 0x02, 0x02, 0x02, 0x15, 0x02, 0x4e, 0x1b, 0x40, 0x19, 0x00,
  0x00, 0x00, 0x02, 0x5f, 0x04, 0x03, 0x02, 0x02, 0x02, 0x15, 0x4d, 0x00,
  0x01, 0x01, 0x17, 0x4d, 0x04, 0x03, 0x02, 0x02, 0x02, 0x15, 0x02, 0x4e,
  0x59, 0x40, 0x0c, 0x00, 0x00, 0x00, 0x0a, 0x00, 0x0a, 0x12, 0x12, 0x11,
  0x05, 0x07, 0x19, 0x2b, 0x33, 0x11, 0x33, 0x11, 0x37, 0x33, 0x07, 0x13,
  0x23, 0x27, 0x15, 0x44, 0x98, 0xaf, 0xad, 0xd0, 0xd9, 0xb3, 0xb2, 0x02,
  0xf8, 0xfe, 0x4a, 0xd0, 0xf2, 0xfe, 0xe0, 0xee, 0xee, 0x00, 0x00, 0x00,
  0x00, 0x01, 0x00, 0x44, 0x00, 0x00, 0x00, 0xdc, 0x02, 0xf8, 0x00, 0x03,
  0x00, 0x30, 0x4b, 0xb0, 0x2f, 0x50, 0x58, 0x40, 0x0c, 0x00, 0x00, 0x00,
  0x16, 0x4d, 0x02, 0x01, 0x01, 0x01, 0x15, 0x01, 0x4e, 0x1b, 0x40, 0x0c,
  0x00, 0x00, 0x00, 0x01, 0x5f, 0x02, 0x01, 0x01, 0x01, 0x15, 0x01, 0x4e,
  0x59, 0x40, 0x0a, 0x00, 0x00, 0x00, 0x03, 0x00, 0x03, 0x11, 0x03, 0x07,
  0x17, 0x2b, 0x33, 0x11, 0x33, 0x11, 0x44, 0x98, 0x02, 0xf8, 0xfd, 0x08,
  0x00, 0x02, 0x00, 0x48, 0x00, 0x00, 0x01, 0x3b, 0x03, 0xf7, 0x00, 0x03,
  0x00, 0x07, 0x00, 0x42, 0x4b, 0xb0, 0x2f, 0x50, 0x58, 0x40, 0x14, 0x00,
  0x01, 0x00, 0x00, 0x02, 0x01, 0x00, 0x67, 0x00, 0x02, 0x02, 0x16, 0x4d,
  0x04, 0x01, 0x03, 0x03, 0x15, 0x03, 0x4e, 0x1b, 0x40, 0x14, 0x00, 0x01,
  0x00, 0x00, 0x02, 0x01, 0x00, 0x67, 0x00, 0x02, 0x02, 0x03, 0x5f, 0x04,
  0x01, 0x03, 0x03, 0x15, 0x03, 0x4e, 0x59, 0x40, 0x0c, 0x04, 0x04, 0x04,
  0x07, 0x04, 0x07, 0x12, 0x11, 0x10, 0x05, 0x07, 0x19, 0x2b, 0x13, 0x27,
  0x37, 0x33, 0x03, 0x11, 0x33, 0x11, 0xcd, 0x70, 0x50, 0x8e, 0xf3, 0x98,
  0x03, 0x43, 0x01, 0xb3, 0xfc, 0x09, 0x02, 0xf8, 0xfd, 0x08, 0x00, 0x00,
  0x00, 0x02, 0x00, 0x44, 0x00, 0x00, 0x01, 0xad, 0x02, 0xf8, 0x00, 0x03,
  0x00, 0x07, 0x00, 0x47, 0x4b, 0xb0, 0x2f, 0x50, 0x58, 0x40, 0x13, 0x05,
  0x01, 0x03, 0x03, 0x00, 0x5f, 0x02, 0x01, 0x00, 0x00, 0x16, 0x4d, 0x04,
  0x01, 0x01, 0x01, 0x15, 0x01, 0x4e, 0x1b, 0x40, 0x14, 0x05, 0x01, 0x03,
  0x01, 0x00, 0x03, 0x57, 0x02, 0x01, 0x00, 0x00, 0x01, 0x5f, 0x04, 0x01,
  0x01, 0x01, 0x15, 0x01, 0x4e, 0x59, 0x40, 0x12, 0x04, 0x04, 0x00, 0x00,
  0x04, 0x07, 0x04, 0x07, 0x06, 0x05, 0x00, 0x03, 0x00, 0x03, 0x11, 0x06,
  0x07, 0x17, 0x2b, 0x33, 0x11, 0x33, 0x11, 0x13, 0x37, 0x33, 0x07, 0x44,
  0x98, 0x49, 0x0a, 0x7e, 0x33, 0x02, 0xf8, 0xfd, 0x08, 0x02, 0x17, 0xe1,
  0xe1, 0x00, 0x00, 0x00, 0x00, 0x01, 0x00, 0x12, 0x00, 0x00, 0x01, 0x8c,
  0x02, 0xf8, 0x00, 0x0b, 0x00, 0x3f, 0x40, 0x0d, 0x0a, 0x09, 0x08, 0x07,
  0x04, 0x03, 0x02, 0x01, 0x08, 0x01, 0x00, 0x01, 0x4c, 0x4b, 0xb0, 0x2f,
  0x50, 0x58, 0x40, 0x0c, 0x00, 0x00, 0x00, 0x16, 0x4d, 0x02, 0x01, 0x01,
  0x01, 0x15, 0x01, 0x4e, 0x1b, 0x40, 0x0c, 0x00, 0x00, 0x00, 0x01, 0x5f,
  0x02, 0x01, 0x01, 0x01, 0x15, 0x01, 0x4e, 0x59, 0x40, 0x0a, 0x00, 0x00,
  0x00, 0x0b, 0x00, 0x0b, 0x15, 0x03, 0x07, 0x17, 0x2b, 0x33, 0x11, 0x07,
  0x35, 0x37, 0x13, 0x33, 0x11, 0x37, 0x15, 0x07, 0x11, 0x7f, 0x6d, 0x6d,
  0x01, 0x97, 0x75, 0x75, 0x01, 0x27, 0x2d, 0x71, 0x2e, 0x01, 0x5f, 0xfe,
  0xe0, 0x31, 0x72, 0x30, 0xfe, 0x99, 0x00, 0x00, 0x00, 0x01, 0x00, 0x3a,
  0x00, 0x00, 0x03, 0x46, 0x02, 0x1c, 0x00, 0x28, 0x00, 0x56, 0xb6, 0x0a,
  0x03, 0x02, 0x04, 0x00, 0x01, 0x4c, 0x4b, 0xb0, 0x17, 0x50, 0x58, 0x40,
  0x16, 0x06, 0x01, 0x04, 0x04, 0x00, 0x61, 0x02, 0x01, 0x02, 0x00, 0x00,
  0x17, 0x4d, 0x08, 0x07, 0x05, 0x03, 0x03, 0x03, 0x15, 0x03, 0x4e, 0x1b,
  0x40, 0x1a, 0x00, 0x00, 0x00, 0x17, 0x4d, 0x06, 0x01, 0x04, 0x04, 0x01,
  0x61, 0x02, 0x01, 0x01, 0x01, 0x1d, 0x4d, 0x08, 0x07, 0x05, 0x03, 0x03,
  0x03, 0x15, 0x03, 0x4e, 0x59, 0x40, 0x10, 0x00, 0x00, 0x00, 0x28, 0x00,
  0x28, 0x23, 0x14, 0x23, 0x14, 0x26, 0x24, 0x11, 0x09, 0x07, 0x1d, 0x2b,
  0x33, 0x11, 0x33, 0x15, 0x33, 0x36, 0x36, 0x33, 0x32, 0x16, 0x17, 0x33,
  0x3e, 0x02, 0x33, 0x32, 0x16, 0x16, 0x15, 0x11, 0x23, 0x11, 0x34, 0x26,
  0x23, 0x22, 0x06, 0x06, 0x15, 0x11, 0x23, 0x11, 0x34, 0x26, 0x23, 0x22,
  0x06, 0x06, 0x15, 0x11, 0x3a, 0x98, 0x05, 0x11, 0x44, 0x3b, 0x3c, 0x49,
  0x11, 0x02, 0x0d, 0x2b, 0x41, 0x2c, 0x37, 0x48, 0x23, 0x98, 0x27, 0x27,
  0x1e, 0x25, 0x11, 0x98, 0x27, 0x27, 0x1e, 0x25, 0x11, 0x02, 0x12, 0x48,
  0x1d, 0x35, 0x38, 0x29, 0x17, 0x2d, 0x1d, 0x32, 0x51, 0x2e, 0xfe, 0x95,
  0x01, 0x45, 0x27, 0x33, 0x1e, 0x2f, 0x19, 0xfe, 0xc7, 0x01, 0x45, 0x27,
  0x33, 0x1e, 0x2f, 0x19, 0xfe, 0xc7, 0x00, 0x00, 0x00, 0x01, 0x00, 0x3a,
  0x00, 0x00, 0x02, 0x1c, 0x02, 0x1c, 0x00, 0x17, 0x00, 0x4c, 0xb5, 0x03,
  0x01, 0x03, 0x00, 0x01, 0x4c, 0x4b, 0xb0, 0x17, 0x50, 0x58, 0x40, 0x13,
  0x00, 0x03, 0x03, 0x00, 0x61, 0x01, 0x01, 0x00, 0x00, 0x17, 0x4d, 0x05,
  0x04, 0x02, 0x02, 0x02, 0x15, 0x02, 0x4e, 0x1b, 0x40, 0x17, 0x00, 0x00,
  0x00, 0x17, 0x4d, 0x00, 0x03, 0x03, 0x01, 0x61, 0x00, 0x01, 0x01, 0x1d,
  0x4d, 0x05, 0x04, 0x02, 0x02, 0x02, 0x15, 0x02, 0x4e, 0x59, 0x40, 0x0d,
  0x00, 0x00, 0x00, 0x17, 0x00, 0x17, 0x23, 0x14, 0x25, 0x11, 0x06, 0x07,
  0x1a, 0x2b, 0x33, 0x11, 0x33, 0x15, 0x33, 0x3e, 0x02, 0x33, 0x32, 0x16,
  0x16, 0x15, 0x11, 0x23, 0x11, 0x34, 0x26, 0x23, 0x22, 0x06, 0x06, 0x15,
  0x11, 0x3a, 0x98, 0x05, 0x09, 0x23, 0x3b, 0x2e, 0x3e, 0x4e, 0x24, 0x98,
  0x29, 0x2d, 0x22, 0x28, 0x12, 0x02, 0x12, 0x4c, 0x10, 0x28, 0x1e, 0x39,
  0x59, 0x31, 0xfe, 0xa7, 0x01, 0x3f, 0x26, 0x3a, 0x20, 0x32, 0x1c, 0xfe,
  0xcf, 0x00, 0x00, 0x00, 0x00, 0x02, 0x00, 0x43, 0x00, 0x00, 0x02, 0x25,
  0x03, 0x10, 0x00, 0x03, 0x00, 0x1b, 0x00, 0x84, 0xb5, 0x07, 0x01, 0x05,
  0x02, 0x01, 0x4c, 0x4b, 0xb0, 0x16, 0x50, 0x58, 0x40, 0x1d, 0x00, 0x00,
  0x00, 0x01, 0x5f, 0x00, 0x01, 0x01, 0x16, 0x4d, 0x00, 0x05, 0x05, 0x02,
  0x61, 0x03, 0x01, 0x02, 0x02, 0x17, 0x4d, 0x07, 0x06, 0x02, 0x04, 0x04,
  0x15, 0x04, 0x4e, 0x1b, 0x4b, 0xb0, 0x17, 0x50, 0x58, 0x40, 0x1b, 0x00,
  0x01, 0x00, 0x00, 0x02, 0x01, 0x00, 0x67, 0x00, 0x05, 0x05, 0x02, 0x61,
  0x03, 0x01, 0x02, 0x02, 0x17, 0x4d, 0x07, 0x06, 0x02, 0x04, 0x04, 0x15,
  0x04, 0x4e, 0x1b, 0x40, 0x1f, 0x00, 0x01, 0x00, 0x00, 0x03, 0x01, 0x00,
  0x67, 0x00, 0x02, 0x02, 0x17, 0x4d, 0x00, 0x05, 0x05, 0x03, 0x61, 0x00,
  0x03, 0x03, 0x1d, 0x4d, 0x07, 0x06, 0x02, 0x04, 0x04, 0x15, 0x04, 0x4e,
  0x59, 0x59, 0x40, 0x0f, 0x04, 0x04, 0x04, 0x1b, 0x04, 0x1b, 0x23, 0x14,
  0x25, 0x12, 0x11, 0x10, 0x08, 0x07, 0x1c, 0x2b, 0x01, 0x27, 0x37, 0x33,
  0x01, 0x11, 0x33, 0x15, 0x33, 0x3e, 0x02, 0x33, 0x32, 0x16, 0x16, 0x15,
  0x11, 0x23, 0x11, 0x34, 0x26, 0x23, 0x22, 0x06, 0x06, 0x15, 0x11, 0x01,
  0x6d, 0x70, 0x51, 0x8d, 0xfe, 0x68, 0x98, 0x05, 0x09, 0x23, 0x3b, 0x2e,
  0x3e, 0x4e, 0x24, 0x98, 0x29, 0x2d, 0x22, 0x28, 0x12, 0x02, 0x5b, 0x01,
  0xb4, 0xfc, 0xf0, 0x02, 0x12, 0x4c, 0x10, 0x28, 0x1e, 0x39, 0x59, 0x31,
  0xfe, 0xa7, 0x01, 0x3f, 0x26, 0x3a, 0x20, 0x32, 0x1c, 0xfe, 0xcf, 0x00,
  0x00, 0x02, 0x00, 0x43, 0x00, 0x00, 0x02, 0x25, 0x03, 0x04, 0x00, 0x06,
  0x00, 0x1e, 0x00, 0xa7, 0x40, 0x0a, 0x03, 0x01, 0x02, 0x00, 0x0a, 0x01,
  0x06, 0x03, 0x02, 0x4c, 0x4b, 0xb0, 0x17, 0x50, 0x58, 0x40, 0x22, 0x08,
  0x01, 0x02, 0x00, 0x03, 0x00, 0x02, 0x03, 0x80, 0x01, 0x01, 0x00, 0x00,
  0x16, 0x4d, 0x00, 0x06, 0x06, 0x03, 0x61, 0x04, 0x01, 0x03, 0x03, 0x17,
  0x4d, 0x09, 0x07, 0x02, 0x05, 0x05, 0x15, 0x05, 0x4e, 0x1b, 0x4b, 0xb0,
  0x2a, 0x50, 0x58, 0x40, 0x26, 0x08, 0x01, 0x02, 0x00, 0x04, 0x00, 0x02,
  0x04, 0x80, 0x01, 0x01, 0x00, 0x00, 0x16, 0x4d, 0x00, 0x03, 0x03, 0x17,
  0x4d, 0x00, 0x06, 0x06, 0x04, 0x61, 0x00, 0x04, 0x04, 0x1d, 0x4d, 0x09,
  0x07, 0x02, 0x05, 0x05, 0x15, 0x05, 0x4e, 0x1b, 0x40, 0x23, 0x01, 0x01,
  0x00, 0x02, 0x00, 0x85, 0x08, 0x01, 0x02, 0x04, 0x02, 0x85, 0x00, 0x03,
  0x03, 0x17, 0x4d, 0x00, 0x06, 0x06, 0x04, 0x61, 0x00, 0x04, 0x04, 0x1d,
  0x4d, 0x09, 0x07, 0x02, 0x05, 0x05, 0x15, 0x05, 0x4e, 0x59, 0x59, 0x40,
  0x19, 0x07, 0x07, 0x00, 0x00, 0x07, 0x1e, 0x07, 0x1e, 0x1a, 0x18, 0x15,
  0x14, 0x10, 0x0e, 0x09, 0x08, 0x00, 0x06, 0x00, 0x06, 0x12, 0x11, 0x0a,
  0x07, 0x18, 0x2b, 0x13, 0x27, 0x33, 0x17, 0x37, 0x33, 0x07, 0x01, 0x11,
  0x33, 0x15, 0x33, 0x3e, 0x02, 0x33, 0x32, 0x16, 0x16, 0x15, 0x11, 0x23,
  0x11, 0x34, 0x26, 0x23, 0x22, 0x06, 0x06, 0x15, 0x11, 0xf8, 0x81, 0x77,
  0x47, 0x46, 0x77, 0x81, 0xfe, 0xd2, 0x98, 0x05, 0x09, 0x23, 0x3b, 0x2e,
  0x3e, 0x4e, 0x24, 0x98, 0x29, 0x2d, 0x22, 0x28, 0x12, 0x02, 0x50, 0xb4,
  0x68, 0x68, 0xb4, 0xfd, 0xb0, 0x02, 0x12, 0x4c, 0x10, 0x28, 0x1e, 0x39,
  0x59, 0x31, 0xfe, 0xa7, 0x01, 0x3f, 0x26, 0x3a, 0x20, 0x32, 0x1c, 0xfe,
  0xcf, 0x00, 0x00, 0x00, 0x00, 0x02, 0x00, 0x43, 0x00, 0x00, 0x02, 0x25,
  0x02, 0xff, 0x00, 0x18, 0x00, 0x30, 0x01, 0x0b, 0xb5, 0x1c, 0x01, 0x09,
  0x06, 0x01, 0x4c, 0x4b, 0xb0, 0x17, 0x50, 0x58, 0x40, 0x28, 0x00, 0x04,
  0x02, 0x0b, 0x02, 0x00, 0x06, 0x04, 0x00, 0x6a, 0x00, 0x01, 0x01, 0x03,
  0x61, 0x05, 0x01, 0x03, 0x03, 0x16, 0x4d, 0x00, 0x09, 0x09, 0x06, 0x61,
  0x07, 0x01, 0x06, 0x06, 0x17, 0x4d, 0x0c, 0x0a, 0x02, 0x08, 0x08, 0x15,
  0x08, 0x4e, 0x1b, 0x4b, 0xb0, 0x26, 0x50, 0x58, 0x40, 0x2c, 0x00, 0x04,
  0x02, 0x0b, 0x02, 0x00, 0x07, 0x04, 0x00, 0x6a, 0x00, 0x01, 0x01, 0x03,
  0x61, 0x05, 0x01, 0x03, 0x03, 0x16, 0x4d, 0x00, 0x06, 0x06, 0x17, 0x4d,
  0x00, 0x09, 0x09, 0x07, 0x61, 0x00, 0x07, 0x07, 0x1d, 0x4d, 0x0c, 0x0a,
  0x02, 0x08, 0x08, 0x15, 0x08, 0x4e, 0x1b, 0x4b, 0xb0, 0x2f, 0x50, 0x58,
  0x40, 0x37, 0x00, 0x02, 0x01, 0x00, 0x01, 0x02, 0x00, 0x80, 0x00, 0x04,
  0x0b, 0x01, 0x00, 0x07, 0x04, 0x00, 0x6a, 0x00, 0x05, 0x05, 0x16, 0x4d,
  0x00, 0x01, 0x01, 0x03, 0x61, 0x00, 0x03, 0x03, 0x16, 0x4d, 0x00, 0x06,
  0x06, 0x17, 0x4d, 0x00, 0x09, 0x09, 0x07, 0x61, 0x00, 0x07, 0x07, 0x1d,
  0x4d, 0x0c, 0x0a, 0x02, 0x08, 0x08, 0x15, 0x08, 0x4e, 0x1b, 0x40, 0x38,
  0x00, 0x05, 0x03, 0x04, 0x03, 0x05, 0x04, 0x80, 0x00, 0x02, 0x01, 0x00,
  0x01, 0x02, 0x00, 0x80, 0x00, 0x03, 0x00, 0x01, 0x02, 0x03, 0x01, 0x69,
  0x00, 0x04, 0x0b, 0x01, 0x00, 0x07, 0x04, 0x00, 0x6a, 0x00, 0x06, 0x06,
  0x17, 0x4d, 0x00, 0x09, 0x09, 0x07, 0x61, 0x00, 0x07, 0x07, 0x1d, 0x4d,
  0x0c, 0x0a, 0x02, 0x08, 0x08, 0x15, 0x08, 0x4e, 0x59, 0x59, 0x59, 0x40,
  0x21, 0x19, 0x19, 0x01, 0x00, 0x19, 0x30, 0x19, 0x30, 0x2c, 0x2a, 0x27,
  0x26, 0x22, 0x20, 0x1b, 0x1a, 0x15, 0x14, 0x13, 0x11, 0x0e, 0x0c, 0x09,
  0x08, 0x06, 0x04, 0x00, 0x18, 0x01, 0x18, 0x0d, 0x07, 0x16, 0x2b, 0x01,
  0x22, 0x2e, 0x02, 0x23, 0x22, 0x06, 0x15, 0x23, 0x34, 0x36, 0x36, 0x33,
  0x32, 0x1e, 0x02, 0x33, 0x32, 0x35, 0x33, 0x14, 0x06, 0x06, 0x01, 0x11,
  0x33, 0x15, 0x33, 0x3e, 0x02, 0x33, 0x32, 0x16, 0x16, 0x15, 0x11, 0x23,
  0x11, 0x34, 0x26, 0x23, 0x22, 0x06, 0x06, 0x15, 0x11, 0x01, 0x7e, 0x1b,
  0x27, 0x1d, 0x19, 0x0e, 0x10, 0x0c, 0x52, 0x10, 0x2c, 0x29, 0x1b, 0x28,
  0x1e, 0x19, 0x0d, 0x1b, 0x52, 0x10, 0x2b, 0xfe, 0x9b, 0x98, 0x05, 0x09,
  0x23, 0x3b, 0x2e, 0x3e, 0x4e, 0x24, 0x98, 0x29, 0x2d, 0x22, 0x28, 0x12,
  0x02, 0x66, 0x13, 0x18, 0x13, 0x1e, 0x1a, 0x21, 0x44, 0x2e, 0x13, 0x18,
  0x12, 0x37, 0x21, 0x44, 0x2e, 0xfd, 0x9a, 0x02, 0x12, 0x4c, 0x10, 0x28,
  0x1e, 0x39, 0x59, 0x31, 0xfe, 0xa7, 0x01, 0x3f, 0x26, 0x3a, 0x20, 0x32,
  0x1c, 0xfe, 0xcf, 0x00, 0x00, 0x02, 0x00, 0x33, 0xff, 0xf6, 0x02, 0x5f,
  0x02, 0x1c, 0x00, 0x0f, 0x00, 0x1f, 0x00, 0x2d, 0x40, 0x2a, 0x00, 0x03,
  0x03, 0x01, 0x61, 0x00, 0x01, 0x01, 0x1d, 0x4d, 0x05, 0x01, 0x02, 0x02,
  0x00, 0x61, 0x04, 0x01, 0x00, 0x00, 0x1b, 0x00, 0x4e, 0x11, 0x10, 0x01,
  0x00, 0x19, 0x17, 0x10, 0x1f, 0x11, 0x1f, 0x09, 0x07, 0x00, 0x0f, 0x01,
  0x0f, 0x06, 0x07, 0x16, 0x2b, 0x05, 0x22, 0x26, 0x26, 0x35, 0x34, 0x36,
  0x36, 0x33, 0x32, 0x16, 0x16, 0x15, 0x14, 0x06, 0x06, 0x27, 0x32, 0x36,
  0x36, 0x35, 0x34, 0x26, 0x26, 0x23, 0x22, 0x06, 0x06, 0x15, 0x14, 0x16,
  0x16, 0x01, 0x49, 0x59, 0x7c, 0x41, 0x41, 0x7c, 0x59, 0x59, 0x7c, 0x41,
  0x41, 0x7c, 0x59, 0x28, 0x37, 0x1e, 0x1e, 0x37, 0x28, 0x28, 0x38, 0x1d,
  0x1d, 0x38, 0x0a, 0x4d, 0x7d, 0x49, 0x49, 0x7d, 0x4d, 0x4d, 0x7d, 0x49,
  0x49, 0x7d, 0x4d, 0x7c, 0x2a, 0x45, 0x28, 0x29, 0x44, 0x2a, 0x2a, 0x44,
  0x29, 0x28, 0x45, 0x2a, 0x00, 0x03, 0x00, 0x33, 0xff, 0xf6, 0x02, 0x5f,
  0x03, 0x10, 0x00, 0x03, 0x00, 0x13, 0x00, 0x23, 0x00, 0x63, 0x4b, 0xb0,
  0x16, 0x50, 0x58, 0x40, 0x21, 0x00, 0x00, 0x00, 0x01, 0x5f, 0x00, 0x01,
  0x01, 0x16, 0x4d, 0x00, 0x05, 0x05, 0x03, 0x61, 0x00, 0x03, 0x03, 0x1d,
  0x4d, 0x07, 0x01, 0x04, 0x04, 0x02, 0x61, 0x06, 0x01, 0x02, 0x02, 0x1b,
  0x02, 0x4e, 0x1b, 0x40, 0x1f, 0x00, 0x01, 0x00, 0x00, 0x03, 0x01, 0x00,
  0x67, 0x00, 0x05, 0x05, 0x03, 0x61, 0x00, 0x03, 0x03, 0x1d, 0x4d, 0x07,
  0x01, 0x04, 0x04, 0x02, 0x61, 0x06, 0x01, 0x02, 0x02, 0x1b, 0x02, 0x4e,
  0x59, 0x40, 0x15, 0x15, 0x14, 0x05, 0x04, 0x1d, 0x1b, 0x14, 0x23, 0x15,
  0x23, 0x0d, 0x0b, 0x04, 0x13, 0x05, 0x13, 0x11, 0x10, 0x08, 0x07, 0x18,
  0x2b, 0x01, 0x27, 0x37, 0x33, 0x03, 0x22, 0x26, 0x26, 0x35, 0x34, 0x36,
  0x36, 0x33, 0x32, 0x16, 0x16, 0x15, 0x14, 0x06, 0x06, 0x27, 0x32, 0x36,
  0x36, 0x35, 0x34, 0x26, 0x26, 0x23, 0x22, 0x06, 0x06, 0x15, 0x14, 0x16,
  0x16, 0x01, 0x81, 0x70, 0x51, 0x8d, 0xa6, 0x59, 0x7c, 0x41, 0x41, 0x7c,
  0x59, 0x59, 0x7c, 0x41, 0x41, 0x7c, 0x59, 0x28, 0x38, 0x1d, 0x1d, 0x38,
  0x28, 0x28, 0x38, 0x1d, 0x1d, 0x38, 0x02, 0x5c, 0x01, 0xb3, 0xfc, 0xe6,
  0x4d, 0x7d, 0x49, 0x49, 0x7d, 0x4d, 0x4d, 0x7d, 0x49, 0x49, 0x7d, 0x4d,
  0x7c, 0x2a, 0x45, 0x28, 0x29, 0x44, 0x2a, 0x2a, 0x44, 0x29, 0x28, 0x45,
  0x2a, 0x00, 0x00, 0x00, 0x00, 0x03, 0x00, 0x33, 0xff, 0xf6, 0x02, 0x5f,
  0x03, 0x08, 0x00, 0x06, 0x00, 0x16, 0x00, 0x26, 0x00, 0x79, 0xb5, 0x05,
  0x01, 0x01, 0x00, 0x01, 0x4c, 0x4b, 0xb0, 0x1f, 0x50, 0x58, 0x40, 0x26,
  0x07, 0x02, 0x02, 0x01, 0x00, 0x04, 0x00, 0x01, 0x04, 0x80, 0x00, 0x00,
  0x00, 0x16, 0x4d, 0x00, 0x06, 0x06, 0x04, 0x61, 0x00, 0x04, 0x04, 0x1d,
  0x4d, 0x09, 0x01, 0x05, 0x05, 0x03, 0x61, 0x08, 0x01, 0x03, 0x03, 0x1b,
  0x03, 0x4e, 0x1b, 0x40, 0x23, 0x00, 0x00, 0x01, 0x00, 0x85, 0x07, 0x02,
  0x02, 0x01, 0x04, 0x01, 0x85, 0x00, 0x06, 0x06, 0x04, 0x61, 0x00, 0x04,
  0x04, 0x1d, 0x4d, 0x09, 0x01, 0x05, 0x05, 0x03, 0x61, 0x08, 0x01, 0x03,
  0x03, 0x1b, 0x03, 0x4e, 0x59, 0x40, 0x1b, 0x18, 0x17, 0x08, 0x07, 0x00,
  0x00, 0x20, 0x1e, 0x17, 0x26, 0x18, 0x26, 0x10, 0x0e, 0x07, 0x16, 0x08,
  0x16, 0x00, 0x06, 0x00, 0x06, 0x11, 0x11, 0x0a, 0x07, 0x18, 0x2b, 0x13,
  0x37, 0x33, 0x17, 0x23, 0x27, 0x07, 0x13, 0x22, 0x26, 0x26, 0x35, 0x34,
  0x36, 0x36, 0x33, 0x32, 0x16, 0x16, 0x15, 0x14, 0x06, 0x06, 0x27, 0x32,
  0x36, 0x36, 0x35, 0x34, 0x26, 0x26, 0x23, 0x22, 0x06, 0x06, 0x15, 0x14,
  0x16, 0x16, 0x8b, 0x82, 0x78, 0x82, 0x77, 0x47, 0x47, 0x47, 0x59, 0x7c,
  0x41, 0x41, 0x7c, 0x59, 0x59, 0x7c, 0x41, 0x41, 0x7c, 0x59, 0x28, 0x38,
  0x1d, 0x1d, 0x38, 0x28, 0x28, 0x38, 0x1d, 0x1d, 0x38, 0x02, 0x54, 0xb4,
  0xb4, 0x68, 0x68, 0xfd, 0xa2, 0x4d, 0x7d, 0x49, 0x49, 0x7d, 0x4d, 0x4d,
  0x7d, 0x49, 0x49, 0x7d, 0x4d, 0x7c, 0x2a, 0x45, 0x28, 0x29, 0x44, 0x2a,
  0x2a, 0x44, 0x29, 0x28, 0x45, 0x2a, 0x00, 0x00, 0x00, 0x04, 0x00, 0x33,
  0xff, 0xf6, 0x02, 0xa6, 0x03, 0x8a, 0x00, 0x03, 0x00, 0x0a, 0x00, 0x1a,
  0x00, 0x2a, 0x00, 0x91, 0xb5, 0x09, 0x01, 0x03, 0x00, 0x01, 0x4c, 0x4b,
  0xb0, 0x31, 0x50, 0x58, 0x40, 0x2e, 0x09, 0x04, 0x02, 0x03, 0x00, 0x06,
  0x00, 0x03, 0x06, 0x80, 0x00, 0x01, 0x00, 0x00, 0x03, 0x01, 0x00, 0x67,
  0x00, 0x02, 0x02, 0x14, 0x4d, 0x00, 0x08, 0x08, 0x06, 0x61, 0x00, 0x06,
  0x06, 0x1d, 0x4d, 0x0b, 0x01, 0x07, 0x07, 0x05, 0x61, 0x0a, 0x01, 0x05,
  0x05, 0x1b, 0x05, 0x4e, 0x1b, 0x40, 0x31, 0x00, 0x02, 0x01, 0x00, 0x01,
  0x02, 0x00, 0x80, 0x09, 0x04, 0x02, 0x03, 0x00, 0x06, 0x00, 0x03, 0x06,
  0x80, 0x00, 0x01, 0x00, 0x00, 0x03, 0x01, 0x00, 0x67, 0x00, 0x08, 0x08,
  0x06, 0x61, 0x00, 0x06, 0x06, 0x1d, 0x4d, 0x0b, 0x01, 0x07, 0x07, 0x05,
  0x61, 0x0a, 0x01, 0x05, 0x05, 0x1b, 0x05, 0x4e, 0x59, 0x40, 0x1d, 0x1c,
  0x1b, 0x0c, 0x0b, 0x04, 0x04, 0x24, 0x22, 0x1b, 0x2a, 0x1c, 0x2a, 0x14,
  0x12, 0x0b, 0x1a, 0x0c, 0x1a, 0x04, 0x0a, 0x04, 0x0a, 0x11, 0x12, 0x11,
  0x10, 0x0c, 0x07, 0x1a, 0x2b, 0x01, 0x27, 0x37, 0x33, 0x01, 0x37, 0x33,
  0x17, 0x23, 0x27, 0x07, 0x13, 0x22, 0x26, 0x26, 0x35, 0x34, 0x36, 0x36,
  0x33, 0x32, 0x16, 0x16, 0x15, 0x14, 0x06, 0x06, 0x27, 0x32, 0x36, 0x36,
  0x35, 0x34, 0x26, 0x26, 0x23, 0x22, 0x06, 0x06, 0x15, 0x14, 0x16, 0x16,
  0x02, 0x38, 0x70, 0x51, 0x8d, 0xfd, 0xe5, 0x81, 0x79, 0x81, 0x77, 0x46,
  0x47, 0x47, 0x59, 0x7c, 0x41, 0x41, 0x7c, 0x59, 0x59, 0x7c, 0x41, 0x41,
  0x7c, 0x59, 0x28, 0x38, 0x1d, 0x1d, 0x38, 0x28, 0x28, 0x38, 0x1d, 0x1d,
  0x38, 0x02, 0xd5, 0x01, 0xb4, 0xfe, 0xca, 0x9a, 0x9a, 0x56, 0x56, 0xfd,
  0xa2, 0x4d, 0x7d, 0x49, 0x49, 0x7d, 0x4d, 0x4d, 0x7d, 0x49, 0x49, 0x7d,
  0x4d, 0x7c, 0x2a, 0x45, 0x28, 0x29, 0x44, 0x2a, 0x2a, 0x44, 0x29, 0x28,
  0x45, 0x2a, 0x00, 0x00, 0x00, 0x04, 0x00, 0x33, 0xff, 0x09, 0x02, 0x5f,
  0x03, 0x08, 0x00, 0x06, 0x00, 0x16, 0x00, 0x26, 0x00, 0x32, 0x00, 0x91,
  0xb5, 0x05, 0x01, 0x01, 0x00, 0x01, 0x4c, 0x4b, 0xb0, 0x1f, 0x50, 0x58,
  0x40, 0x2e, 0x09, 0x02, 0x02, 0x01, 0x00, 0x04, 0x00, 0x01, 0x04, 0x80,
  0x00, 0x08, 0x0c, 0x01, 0x07, 0x08, 0x07, 0x65, 0x00, 0x00, 0x00, 0x16,
  0x4d, 0x00, 0x06, 0x06, 0x04, 0x61, 0x00, 0x04, 0x04, 0x1d, 0x4d, 0x0b,
  0x01, 0x05, 0x05, 0x03, 0x61, 0x0a, 0x01, 0x03, 0x03, 0x1b, 0x03, 0x4e,
  0x1b, 0x40, 0x2b, 0x00, 0x00, 0x01, 0x00, 0x85, 0x09, 0x02, 0x02, 0x01,
  0x04, 0x01, 0x85, 0x00, 0x08, 0x0c, 0x01, 0x07, 0x08, 0x07, 0x65, 0x00,
  0x06, 0x06, 0x04, 0x61, 0x00, 0x04, 0x04, 0x1d, 0x4d, 0x0b, 0x01, 0x05,
  0x05, 0x03, 0x61, 0x0a, 0x01, 0x03, 0x03, 0x1b, 0x03, 0x4e, 0x59, 0x40,
  0x23, 0x28, 0x27, 0x18, 0x17, 0x08, 0x07, 0x00, 0x00, 0x2e, 0x2c, 0x27,
  0x32, 0x28, 0x32, 0x20, 0x1e, 0x17, 0x26, 0x18, 0x26, 0x10, 0x0e, 0x07,
  0x16, 0x08, 0x16, 0x00, 0x06, 0x00, 0x06, 0x11, 0x11, 0x0d, 0x07, 0x18,
  0x2b, 0x13, 0x37, 0x33, 0x17, 0x23, 0x27, 0x07, 0x13, 0x22, 0x26, 0x26,
  0x35, 0x34, 0x36, 0x36, 0x33, 0x32, 0x16, 0x16, 0x15, 0x14, 0x06, 0x06,
  0x27, 0x32, 0x36, 0x36, 0x35, 0x34, 0x26, 0x26, 0x23, 0x22, 0x06, 0x06,
  0x15, 0x14, 0x16, 0x16, 0x13, 0x22, 0x26, 0x35, 0x34, 0x36, 0x33, 0x32,
  0x16, 0x15, 0x14, 0x06, 0x8b, 0x82, 0x78, 0x82, 0x77, 0x47, 0x47, 0x47,
  0x59, 0x7c, 0x41, 0x41, 0x7c, 0x59, 0x59, 0x7c, 0x41, 0x41, 0x7c, 0x59,
  0x28, 0x38, 0x1d, 0x1d, 0x38, 0x28, 0x28, 0x38, 0x1d, 0x1d, 0x38, 0x28,
  0x23, 0x2d, 0x2d, 0x23, 0x22, 0x2d, 0x2d, 0x02, 0x54, 0xb4, 0xb4, 0x68,
  0x68, 0xfd, 0xa2, 0x4d, 0x7d, 0x49, 0x49, 0x7d, 0x4d, 0x4d, 0x7d, 0x49,
  0x49, 0x7d, 0x4d, 0x7c, 0x2a, 0x45, 0x28, 0x29, 0x44, 0x2a, 0x2a, 0x44,
  0x29, 0x28, 0x45, 0x2a, 0xfe, 0x97, 0x2f, 0x21, 0x21, 0x2e, 0x2e, 0x21,
  0x21, 0x2f, 0x00, 0x00, 0x00, 0x04, 0x00, 0x33, 0xff, 0xf6, 0x02, 0x5f,
  0x03, 0x8a, 0x00, 0x03, 0x00, 0x0a, 0x00, 0x1a, 0x00, 0x2a, 0x00, 0xd1,
  0xb5, 0x09, 0x01, 0x03, 0x01, 0x01, 0x4c, 0x4b, 0xb0, 0x0a, 0x50, 0x58,
  0x40, 0x2e, 0x0a, 0x04, 0x02, 0x03, 0x01, 0x06, 0x01, 0x03, 0x72, 0x00,
  0x00, 0x09, 0x01, 0x01, 0x03, 0x00, 0x01, 0x67, 0x00, 0x02, 0x02, 0x14,
  0x4d, 0x00, 0x08, 0x08, 0x06, 0x61, 0x00, 0x06, 0x06, 0x1d, 0x4d, 0x0c,
  0x01, 0x07, 0x07, 0x05, 0x61, 0x0b, 0x01, 0x05, 0x05, 0x1b, 0x05, 0x4e,
  0x1b, 0x4b, 0xb0, 0x31, 0x50, 0x58, 0x40, 0x2f, 0x0a, 0x04, 0x02, 0x03,
  0x01, 0x06, 0x01, 0x03, 0x06, 0x80, 0x00, 0x00, 0x09, 0x01, 0x01, 0x03,
  0x00, 0x01, 0x67, 0x00, 0x02, 0x02, 0x14, 0x4d, 0x00, 0x08, 0x08, 0x06,
  0x61, 0x00, 0x06, 0x06, 0x1d, 0x4d, 0x0c, 0x01, 0x07, 0x07, 0x05, 0x61,
  0x0b, 0x01, 0x05, 0x05, 0x1b, 0x05, 0x4e, 0x1b, 0x40, 0x32, 0x00, 0x02,
  0x00, 0x01, 0x00, 0x02, 0x01, 0x80, 0x0a, 0x04, 0x02, 0x03, 0x01, 0x06,
  0x01, 0x03, 0x06, 0x80, 0x00, 0x00, 0x09, 0x01, 0x01, 0x03, 0x00, 0x01,
  0x67, 0x00, 0x08, 0x08, 0x06, 0x61, 0x00, 0x06, 0x06, 0x1d, 0x4d, 0x0c,
  0x01, 0x07, 0x07, 0x05, 0x61, 0x0b, 0x01, 0x05, 0x05, 0x1b, 0x05, 0x4e,
  0x59, 0x59, 0x40, 0x24, 0x1c, 0x1b, 0x0c, 0x0b, 0x04, 0x04, 0x00, 0x00,
  0x24, 0x22, 0x1b, 0x2a, 0x1c, 0x2a, 0x14, 0x12, 0x0b, 0x1a, 0x0c, 0x1a,
  0x04, 0x0a, 0x04, 0x0a, 0x08, 0x07, 0x06, 0x05, 0x00, 0x03, 0x00, 0x03,
  0x11, 0x0d, 0x07, 0x17, 0x2b, 0x01, 0x27, 0x33, 0x17, 0x05, 0x37, 0x33,
  0x17, 0x23, 0x27, 0x07, 0x13, 0x22, 0x26, 0x26, 0x35, 0x34, 0x36, 0x36,
  0x33, 0x32, 0x16, 0x16, 0x15, 0x14, 0x06, 0x06, 0x27, 0x32, 0x36, 0x36,
  0x35, 0x34, 0x26, 0x26, 0x23, 0x22, 0x06, 0x06, 0x15, 0x14, 0x16, 0x16,
  0x01, 0xdf, 0x6e, 0x8d, 0x51, 0xfe, 0x3c, 0x82, 0x78, 0x82, 0x77, 0x47,
  0x47, 0x47, 0x59, 0x7c, 0x41, 0x41, 0x7c, 0x59, 0x59, 0x7c, 0x41, 0x41,
  0x7c, 0x59, 0x28, 0x38, 0x1d, 0x1d, 0x38, 0x28, 0x28, 0x38, 0x1d, 0x1d,
  0x38, 0x02, 0xd5, 0xb5, 0xb4, 0x82, 0x9a, 0x9a, 0x56, 0x56, 0xfd, 0xa2,
  0x4d, 0x7d, 0x49, 0x49, 0x7d, 0x4d, 0x4d, 0x7d, 0x49, 0x49, 0x7d, 0x4d,
  0x7c, 0x2a, 0x45, 0x28, 0x29, 0x44, 0x2a, 0x2a, 0x44, 0x29, 0x28, 0x45,
  0x2a, 0x00, 0x00, 0x00, 0x00, 0x04, 0x00, 0x33, 0xff, 0xf6, 0x02, 0x8d,
  0x03, 0xb4, 0x00, 0x1c, 0x00, 0x23, 0x00, 0x33, 0x00, 0x43, 0x00, 0xfe,
  0xb5, 0x22, 0x01, 0x05, 0x03, 0x01, 0x4c, 0x4b, 0xb0, 0x21, 0x50, 0x58,
  0x40, 0x3d, 0x00, 0x01, 0x00, 0x04, 0x00, 0x01, 0x72, 0x0b, 0x01, 0x03,
  0x04, 0x05, 0x04, 0x03, 0x05, 0x80, 0x0c, 0x06, 0x02, 0x05, 0x08, 0x04,
  0x05, 0x08, 0x7e, 0x00, 0x02, 0x00, 0x00, 0x01, 0x02, 0x00, 0x69, 0x00,
  0x04, 0x04, 0x14, 0x4d, 0x00, 0x0a, 0x0a, 0x08, 0x61, 0x00, 0x08, 0x08,
  0x1d, 0x4d, 0x0e, 0x01, 0x09, 0x09, 0x07, 0x61, 0x0d, 0x01, 0x07, 0x07,
  0x1b, 0x07, 0x4e, 0x1b, 0x4b, 0xb0, 0x31, 0x50, 0x58, 0x40, 0x3e, 0x00,
  0x01, 0x00, 0x04, 0x00, 0x01, 0x04, 0x80, 0x0b, 0x01, 0x03, 0x04, 0x05,
  0x04, 0x03, 0x05, 0x80, 0x0c, 0x06, 0x02, 0x05, 0x08, 0x04, 0x05, 0x08,
  0x7e, 0x00, 0x02, 0x00, 0x00, 0x01, 0x02, 0x00, 0x69, 0x00, 0x04, 0x04,
  0x14, 0x4d, 0x00, 0x0a, 0x0a, 0x08, 0x61, 0x00, 0x08, 0x08, 0x1d, 0x4d,
  0x0e, 0x01, 0x09, 0x09, 0x07, 0x61, 0x0d, 0x01, 0x07, 0x07, 0x1b, 0x07,
  0x4e, 0x1b, 0x40, 0x3f, 0x00, 0x01, 0x00, 0x04, 0x00, 0x01, 0x04, 0x80,
  0x00, 0x04, 0x03, 0x00, 0x04, 0x03, 0x7e, 0x0b, 0x01, 0x03, 0x05, 0x00,
  0x03, 0x05, 0x7e, 0x0c, 0x06, 0x02, 0x05, 0x08, 0x00, 0x05, 0x08, 0x7e,
  0x00, 0x02, 0x00, 0x00, 0x01, 0x02, 0x00, 0x69, 0x00, 0x0a, 0x0a, 0x08,
  0x61, 0x00, 0x08, 0x08, 0x1d, 0x4d, 0x0e, 0x01, 0x09, 0x09, 0x07, 0x61,
  0x0d, 0x01, 0x07, 0x07, 0x1b, 0x07, 0x4e, 0x59, 0x59, 0x40, 0x26, 0x35,
  0x34, 0x25, 0x24, 0x1d, 0x1d, 0x00, 0x00, 0x3d, 0x3b, 0x34, 0x43, 0x35,
  0x43, 0x2d, 0x2b, 0x24, 0x33, 0x25, 0x33, 0x1d, 0x23, 0x1d, 0x23, 0x21,
  0x20, 0x1f, 0x1e, 0x00, 0x1c, 0x00, 0x1c, 0x23, 0x22, 0x2a, 0x0f, 0x07,
  0x19, 0x2b, 0x01, 0x35, 0x34, 0x36, 0x37, 0x37, 0x36, 0x36, 0x35, 0x34,
  0x26, 0x23, 0x22, 0x06, 0x06, 0x15, 0x23, 0x26, 0x36, 0x36, 0x33, 0x32,
  0x16, 0x15, 0x14, 0x06, 0x07, 0x07, 0x15, 0x05, 0x37, 0x33, 0x17, 0x23,
  0x27, 0x07, 0x13, 0x22, 0x26, 0x26, 0x35, 0x34, 0x36, 0x36, 0x33, 0x32,
  0x16, 0x16, 0x15, 0x14, 0x06, 0x06, 0x27, 0x32, 0x36, 0x36, 0x35, 0x34,
  0x26, 0x26, 0x23, 0x22, 0x06, 0x06, 0x15, 0x14, 0x16, 0x16, 0x01, 0xde,
  0x0b, 0x0e, 0x0f, 0x15, 0x16, 0x13, 0x12, 0x12, 0x11, 0x04, 0x57, 0x01,
  0x19, 0x38, 0x2c, 0x3d, 0x46, 0x2f, 0x24, 0x05, 0xfe, 0x53, 0x81, 0x79,
  0x81, 0x77, 0x46, 0x47, 0x4a, 0x59, 0x7c, 0x41, 0x41, 0x7c, 0x59, 0x59,
  0x7c, 0x41, 0x41, 0x7c, 0x59, 0x28, 0x38, 0x1d, 0x1d, 0x38, 0x28, 0x28,
  0x38, 0x1d, 0x1d, 0x38, 0x02, 0xc5, 0x21, 0x0d, 0x17, 0x07, 0x07, 0x0b,
  0x15, 0x10, 0x0c, 0x14, 0x12, 0x13, 0x03, 0x1b, 0x36, 0x23, 0x3e, 0x2b,
  0x24, 0x30, 0x13, 0x03, 0x1c, 0x71, 0x9a, 0x9a, 0x56, 0x56, 0xfd, 0xa2,
  0x4d, 0x7d, 0x49, 0x49, 0x7d, 0x4d, 0x4d, 0x7d, 0x49, 0x49, 0x7d, 0x4d,
  0x7c, 0x2a, 0x45, 0x28, 0x29, 0x44, 0x2a, 0x2a, 0x44, 0x29, 0x28, 0x45,
  0x2a, 0x00, 0x00, 0x00, 0x00, 0x04, 0x00, 0x33, 0xff, 0xf6, 0x02, 0x5f,
  0x03, 0xab, 0x00, 0x18, 0x00, 0x1f, 0x00, 0x2f, 0x00, 0x3f, 0x01, 0x5d,
  0xb5, 0x1e, 0x01, 0x07, 0x06, 0x01, 0x4c, 0x4b, 0xb0, 0x26, 0x50, 0x58,
  0x40, 0x39, 0x0e, 0x08, 0x02, 0x07, 0x06, 0x0a, 0x06, 0x07, 0x0a, 0x80,
  0x05, 0x01, 0x03, 0x00, 0x01, 0x00, 0x03, 0x01, 0x69, 0x00, 0x04, 0x02,
  0x0d, 0x02, 0x00, 0x06, 0x04, 0x00, 0x6a, 0x00, 0x06, 0x06, 0x14, 0x4d,
  0x00, 0x0c, 0x0c, 0x0a, 0x61, 0x00, 0x0a, 0x0a, 0x1d, 0x4d, 0x10, 0x01,
  0x0b, 0x0b, 0x09, 0x61, 0x0f, 0x01, 0x09, 0x09, 0x1b, 0x09, 0x4e, 0x1b,
  0x4b, 0xb0, 0x2e, 0x50, 0x58, 0x40, 0x40, 0x00, 0x02, 0x01, 0x00, 0x01,
  0x02, 0x00, 0x80, 0x0e, 0x08, 0x02, 0x07, 0x06, 0x0a, 0x06, 0x07, 0x0a,
  0x80, 0x05, 0x01, 0x03, 0x00, 0x01, 0x02, 0x03, 0x01, 0x69, 0x00, 0x04,
  0x0d, 0x01, 0x00, 0x06, 0x04, 0x00, 0x6a, 0x00, 0x06, 0x06, 0x14, 0x4d,
  0x00, 0x0c, 0x0c, 0x0a, 0x61, 0x00, 0x0a, 0x0a, 0x1d, 0x4d, 0x10, 0x01,
  0x0b, 0x0b, 0x09, 0x61, 0x0f, 0x01, 0x09, 0x09, 0x1b, 0x09, 0x4e, 0x1b,
  0x4b, 0xb0, 0x31, 0x50, 0x58, 0x40, 0x47, 0x00, 0x05, 0x03, 0x04, 0x03,
  0x05, 0x04, 0x80, 0x00, 0x02, 0x01, 0x00, 0x01, 0x02, 0x00, 0x80, 0x0e,
  0x08, 0x02, 0x07, 0x06, 0x0a, 0x06, 0x07, 0x0a, 0x80, 0x00, 0x03, 0x00,
  0x01, 0x02, 0x03, 0x01, 0x69, 0x00, 0x04, 0x0d, 0x01, 0x00, 0x06, 0x04,
  0x00, 0x6a, 0x00, 0x06, 0x06, 0x14, 0x4d, 0x00, 0x0c, 0x0c, 0x0a, 0x61,
  0x00, 0x0a, 0x0a, 0x1d, 0x4d, 0x10, 0x01, 0x0b, 0x0b, 0x09, 0x61, 0x0f,
  0x01, 0x09, 0x09, 0x1b, 0x09, 0x4e, 0x1b, 0x40, 0x49, 0x00, 0x05, 0x03,
  0x04, 0x03, 0x05, 0x04, 0x80, 0x00, 0x02, 0x01, 0x00, 0x01, 0x02, 0x00,
  0x80, 0x00, 0x06, 0x00, 0x07, 0x00, 0x06, 0x07, 0x80, 0x0e, 0x08, 0x02,
  0x07, 0x0a, 0x00, 0x07, 0x0a, 0x7e, 0x00, 0x03, 0x00, 0x01, 0x02, 0x03,
  0x01, 0x69, 0x00, 0x04, 0x0d, 0x01, 0x00, 0x06, 0x04, 0x00, 0x6a, 0x00,
  0x0c, 0x0c, 0x0a, 0x61, 0x00, 0x0a, 0x0a, 0x1d, 0x4d, 0x10, 0x01, 0x0b,
  0x0b, 0x09, 0x61, 0x0f, 0x01, 0x09, 0x09, 0x1b, 0x09, 0x4e, 0x59, 0x59,
  0x59, 0x40, 0x2d, 0x31, 0x30, 0x21, 0x20, 0x19, 0x19, 0x01, 0x00, 0x39,
  0x37, 0x30, 0x3f, 0x31, 0x3f, 0x29, 0x27, 0x20, 0x2f, 0x21, 0x2f, 0x19,
  0x1f, 0x19, 0x1f, 0x1d, 0x1c, 0x1b, 0x1a, 0x15, 0x14, 0x13, 0x11, 0x0e,
  0x0c, 0x09, 0x08, 0x06, 0x04, 0x00, 0x18, 0x01, 0x18, 0x11, 0x07, 0x16,
  0x2b, 0x01, 0x22, 0x2e, 0x02, 0x23, 0x22, 0x06, 0x15, 0x23, 0x34, 0x36,
  0x36, 0x33, 0x32, 0x1e, 0x02, 0x33, 0x32, 0x35, 0x33, 0x14, 0x06, 0x06,
  0x05, 0x37, 0x33, 0x17, 0x23, 0x27, 0x07, 0x13, 0x22, 0x26, 0x26, 0x35,
  0x34, 0x36, 0x36, 0x33, 0x32, 0x16, 0x16, 0x15, 0x14, 0x06, 0x06, 0x27,
  0x32, 0x36, 0x36, 0x35, 0x34, 0x26, 0x26, 0x23, 0x22, 0x06, 0x06, 0x15,
  0x14, 0x16, 0x16, 0x01, 0x90, 0x1b, 0x27, 0x1d, 0x1a, 0x0d, 0x10, 0x0d,
  0x51, 0x10, 0x2b, 0x2a, 0x1b, 0x28, 0x1e, 0x19, 0x0d, 0x1b, 0x52, 0x10,
  0x2b, 0xfe, 0xd0, 0x82, 0x78, 0x82, 0x77, 0x47, 0x47, 0x48, 0x59, 0x7c,
  0x41, 0x41, 0x7c, 0x59, 0x59, 0x7c, 0x41, 0x41, 0x7c, 0x59, 0x28, 0x38,
  0x1d, 0x1d, 0x38, 0x28, 0x28, 0x38, 0x1d, 0x1d, 0x38, 0x03, 0x12, 0x13,
  0x19, 0x12, 0x1d, 0x1b, 0x22, 0x43, 0x2e, 0x12, 0x18, 0x13, 0x38, 0x21,
  0x44, 0x2f, 0xbe, 0x9a, 0x9a, 0x56, 0x56, 0xfd, 0xa2, 0x4d, 0x7d, 0x49,
  0x49, 0x7d, 0x4d, 0x4d, 0x7d, 0x49, 0x49, 0x7d, 0x4d, 0x7c, 0x2a, 0x45,
  0x28, 0x29, 0x44, 0x2a, 0x2a, 0x44, 0x29, 0x28, 0x45, 0x2a, 0x00, 0x00,
  0x00, 0x04, 0x00, 0x33, 0xff, 0xf6, 0x02, 0x5f, 0x02, 0xf6, 0x00, 0x0b,
  0x00, 0x17, 0x00, 0x27, 0x00, 0x37, 0x00, 0x7b, 0x4b, 0xb0, 0x2f, 0x50,
  0x58, 0x40, 0x25, 0x09, 0x02, 0x08, 0x03, 0x00, 0x00, 0x01, 0x61, 0x03,
  0x01, 0x01, 0x01, 0x16, 0x4d, 0x00, 0x07, 0x07, 0x05, 0x61, 0x00, 0x05,
  0x05, 0x1d, 0x4d, 0x0b, 0x01, 0x06, 0x06, 0x04, 0x61, 0x0a, 0x01, 0x04,
  0x04, 0x1b, 0x04, 0x4e, 0x1b, 0x40, 0x25, 0x09, 0x02, 0x08, 0x03, 0x00,
  0x00, 0x01, 0x61, 0x03, 0x01, 0x01, 0x01, 0x1a, 0x4d, 0x00, 0x07, 0x07,
  0x05, 0x61, 0x00, 0x05, 0x05, 0x1d, 0x4d, 0x0b, 0x01, 0x06, 0x06, 0x04,
  0x61, 0x0a, 0x01, 0x04, 0x04, 0x1b, 0x04, 0x4e, 0x59, 0x40, 0x23, 0x29,
  0x28, 0x19, 0x18, 0x0d, 0x0c, 0x01, 0x00, 0x31, 0x2f, 0x28, 0x37, 0x29,
  0x37, 0x21, 0x1f, 0x18, 0x27, 0x19, 0x27, 0x13, 0x11, 0x0c, 0x17, 0x0d,
  0x17, 0x07, 0x05, 0x00, 0x0b, 0x01, 0x0b, 0x0c, 0x07, 0x16, 0x2b, 0x01,
  0x22, 0x26, 0x35, 0x34, 0x36, 0x33, 0x32, 0x16, 0x15, 0x14, 0x06, 0x21,
  0x22, 0x26, 0x35, 0x34, 0x36, 0x33, 0x32, 0x16, 0x15, 0x14, 0x06, 0x13,
  0x22, 0x26, 0x26, 0x35, 0x34, 0x36, 0x36, 0x33, 0x32, 0x16, 0x16, 0x15,
  0x14, 0x06, 0x06, 0x27, 0x32, 0x36, 0x36, 0x35, 0x34, 0x26, 0x26, 0x23,
  0x22, 0x06, 0x06, 0x15, 0x14, 0x16, 0x16, 0x01, 0xba, 0x26, 0x31, 0x31,
  0x26, 0x25, 0x31, 0x31, 0xfe, 0xf8, 0x26, 0x30, 0x30, 0x26, 0x25, 0x31,
  0x31, 0x4d, 0x59, 0x7c, 0x41, 0x41, 0x7c, 0x59, 0x59, 0x7c, 0x41, 0x41,
  0x7c, 0x59, 0x28, 0x38, 0x1d, 0x1d, 0x38, 0x28, 0x28, 0x38, 0x1d, 0x1d,
  0x38, 0x02, 0x4f, 0x31, 0x22, 0x23, 0x31, 0x31, 0x23, 0x22, 0x31, 0x31,
  0x22, 0x23, 0x31, 0x31, 0x23, 0x22, 0x31, 0xfd, 0xa7, 0x4d, 0x7d, 0x49,
  0x49, 0x7d, 0x4d, 0x4d, 0x7d, 0x49, 0x49, 0x7d, 0x4d, 0x7c, 0x2a, 0x45,
  0x28, 0x29, 0x44, 0x2a, 0x2a, 0x44, 0x29, 0x28, 0x45, 0x2a, 0x00, 0x00,
  0x00, 0x03, 0x00, 0x33, 0xff, 0x09, 0x02, 0x5f, 0x02, 0x1c, 0x00, 0x0f,
  0x00, 0x1f, 0x00, 0x2b, 0x00, 0x3d, 0x40, 0x3a, 0x00, 0x05, 0x08, 0x01,
  0x04, 0x05, 0x04, 0x65, 0x00, 0x03, 0x03, 0x01, 0x61, 0x00, 0x01, 0x01,
  0x1d, 0x4d, 0x07, 0x01, 0x02, 0x02, 0x00, 0x61, 0x06, 0x01, 0x00, 0x00,
  0x1b, 0x00, 0x4e, 0x21, 0x20, 0x11, 0x10, 0x01, 0x00, 0x27, 0x25, 0x20,
  0x2b, 0x21, 0x2b, 0x19, 0x17, 0x10, 0x1f, 0x11, 0x1f, 0x09, 0x07, 0x00,
  0x0f, 0x01, 0x0f, 0x09, 0x07, 0x16, 0x2b, 0x05, 0x22, 0x26, 0x26, 0x35,
  0x34, 0x36, 0x36, 0x33, 0x32, 0x16, 0x16, 0x15, 0x14, 0x06, 0x06, 0x27,
  0x32, 0x36, 0x36, 0x35, 0x34, 0x26, 0x26, 0x23, 0x22, 0x06, 0x06, 0x15,
  0x14, 0x16, 0x16, 0x13, 0x22, 0x26, 0x35, 0x34, 0x36, 0x33, 0x32, 0x16,
  0x15, 0x14, 0x06, 0x01, 0x49, 0x59, 0x7c, 0x41, 0x41, 0x7c, 0x59, 0x59,
  0x7c, 0x41, 0x41, 0x7c, 0x59, 0x28, 0x38, 0x1d, 0x1d, 0x38, 0x28, 0x28,
  0x38, 0x1d, 0x1d, 0x38, 0x28, 0x23, 0x2d, 0x2d, 0x23, 0x22, 0x2d, 0x2d,
  0x0a, 0x4d, 0x7d, 0x49, 0x49, 0x7d, 0x4d, 0x4d, 0x7d, 0x49, 0x49, 0x7d,
  0x4d, 0x7c, 0x2a, 0x45, 0x28, 0x29, 0x44, 0x2a, 0x2a, 0x44, 0x29, 0x28,
  0x45, 0x2a, 0xfe, 0x97, 0x2f, 0x21, 0x21, 0x2e, 0x2e, 0x21, 0x21, 0x2f,
  0x00, 0x03, 0x00, 0x33, 0xff, 0xf6, 0x02, 0x5f, 0x03, 0x10, 0x00, 0x03,
  0x00, 0x13, 0x00, 0x23, 0x00, 0x6a, 0x4b, 0xb0, 0x16, 0x50, 0x58, 0x40,
  0x22, 0x06, 0x01, 0x01, 0x01, 0x00, 0x5f, 0x00, 0x00, 0x00, 0x16, 0x4d,
  0x00, 0x05, 0x05, 0x03, 0x61, 0x00, 0x03, 0x03, 0x1d, 0x4d, 0x08, 0x01,
  0x04, 0x04, 0x02, 0x61, 0x07, 0x01, 0x02, 0x02, 0x1b, 0x02, 0x4e, 0x1b,
  0x40, 0x20, 0x00, 0x00, 0x06, 0x01, 0x01, 0x03, 0x00, 0x01, 0x67, 0x00,
  0x05, 0x05, 0x03, 0x61, 0x00, 0x03, 0x03, 0x1d, 0x4d, 0x08, 0x01, 0x04,
  0x04, 0x02, 0x61, 0x07, 0x01, 0x02, 0x02, 0x1b, 0x02, 0x4e, 0x59, 0x40,
  0x1a, 0x15, 0x14, 0x05, 0x04, 0x00, 0x00, 0x1d, 0x1b, 0x14, 0x23, 0x15,
  0x23, 0x0d, 0x0b, 0x04, 0x13, 0x05, 0x13, 0x00, 0x03, 0x00, 0x03, 0x11,
  0x09, 0x07, 0x17, 0x2b, 0x01, 0x27, 0x33, 0x17, 0x03, 0x22, 0x26, 0x26,
  0x35, 0x34, 0x36, 0x36, 0x33, 0x32, 0x16, 0x16, 0x15, 0x14, 0x06, 0x06,
  0x27, 0x32, 0x36, 0x36, 0x35, 0x34, 0x26, 0x26, 0x23, 0x22, 0x06, 0x06,
  0x15, 0x14, 0x16, 0x16, 0x01, 0x13, 0x6d, 0x8d, 0x50, 0x3a, 0x59, 0x7c,
  0x41, 0x41, 0x7c, 0x59, 0x59, 0x7c, 0x41, 0x41, 0x7c, 0x59, 0x28, 0x38,
  0x1d, 0x1d, 0x38, 0x28, 0x28, 0x38, 0x1d, 0x1d, 0x38, 0x02, 0x5c, 0xb4,
  0xb3, 0xfd, 0x99, 0x4d, 0x7d, 0x49, 0x49, 0x7d, 0x4d, 0x4d, 0x7d, 0x49,
  0x49, 0x7d, 0x4d, 0x7c, 0x2a, 0x45, 0x28, 0x29, 0x44, 0x2a, 0x2a, 0x44,
  0x29, 0x28, 0x45, 0x2a, 0x00, 0x03, 0x00, 0x33, 0xff, 0xf6, 0x02, 0x5f,
  0x03, 0x40, 0x00, 0x1c, 0x00, 0x2c, 0x00, 0x3c, 0x00, 0x87, 0x4b, 0xb0,
  0x21, 0x50, 0x58, 0x40, 0x2e, 0x00, 0x01, 0x00, 0x03, 0x00, 0x01, 0x72,
  0x08, 0x01, 0x03, 0x05, 0x00, 0x03, 0x05, 0x7e, 0x00, 0x02, 0x00, 0x00,
  0x01, 0x02, 0x00, 0x69, 0x00, 0x07, 0x07, 0x05, 0x61, 0x00, 0x05, 0x05,
  0x1d, 0x4d, 0x0a, 0x01, 0x06, 0x06, 0x04, 0x61, 0x09, 0x01, 0x04, 0x04,
  0x1b, 0x04, 0x4e, 0x1b, 0x40, 0x2f, 0x00, 0x01, 0x00, 0x03, 0x00, 0x01,
  0x03, 0x80, 0x08, 0x01, 0x03, 0x05, 0x00, 0x03, 0x05, 0x7e, 0x00, 0x02,
  0x00, 0x00, 0x01, 0x02, 0x00, 0x69, 0x00, 0x07, 0x07, 0x05, 0x61, 0x00,
  0x05, 0x05, 0x1d, 0x4d, 0x0a, 0x01, 0x06, 0x06, 0x04, 0x61, 0x09, 0x01,
  0x04, 0x04, 0x1b, 0x04, 0x4e, 0x59, 0x40, 0x1c, 0x2e, 0x2d, 0x1e, 0x1d,
  0x00, 0x00, 0x36, 0x34, 0x2d, 0x3c, 0x2e, 0x3c, 0x26, 0x24, 0x1d, 0x2c,
  0x1e, 0x2c, 0x00, 0x1c, 0x00, 0x1c, 0x23, 0x22, 0x2a, 0x0b, 0x07, 0x19,
  0x2b, 0x01, 0x35, 0x34, 0x36, 0x37, 0x37, 0x36, 0x36, 0x35, 0x34, 0x26,
  0x23, 0x22, 0x06, 0x06, 0x15, 0x23, 0x26, 0x36, 0x36, 0x33, 0x32, 0x16,
  0x15, 0x14, 0x06, 0x07, 0x07, 0x15, 0x03, 0x22, 0x26, 0x26, 0x35, 0x34,
  0x36, 0x36, 0x33, 0x32, 0x16, 0x16, 0x15, 0x14, 0x06, 0x06, 0x27, 0x32,
  0x36, 0x36, 0x35, 0x34, 0x26, 0x26, 0x23, 0x22, 0x06, 0x06, 0x15, 0x14,
  0x16, 0x16, 0x01, 0x1e, 0x0b, 0x0e, 0x0f, 0x15, 0x16, 0x13, 0x12, 0x12,
  0x11, 0x04, 0x57, 0x01, 0x19, 0x38, 0x2c, 0x3d, 0x46, 0x2f, 0x24, 0x05,
  0x2c, 0x59, 0x7c, 0x41, 0x41, 0x7c, 0x59, 0x59, 0x7c, 0x41, 0x41, 0x7c,
  0x59, 0x28, 0x38, 0x1d, 0x1d, 0x38, 0x28, 0x28, 0x38, 0x1d, 0x1d, 0x38,
  0x02, 0x51, 0x20, 0x0d, 0x17, 0x07, 0x07, 0x0b, 0x15, 0x10, 0x0c, 0x14,
  0x12, 0x13, 0x02, 0x1a, 0x36, 0x24, 0x3f, 0x2b, 0x24, 0x30, 0x13, 0x02,
  0x1c, 0xfd, 0xa5, 0x4d, 0x7d, 0x49, 0x49, 0x7d, 0x4d, 0x4d, 0x7d, 0x49,
  0x49, 0x7d, 0x4d, 0x7c, 0x2a, 0x45, 0x28, 0x29, 0x44, 0x2a, 0x2a, 0x44,
  0x29, 0x28, 0x45, 0x2a, 0x00, 0x02, 0x00, 0x33, 0xff, 0xf6, 0x02, 0x69,
  0x02, 0x8b, 0x00, 0x17, 0x00, 0x27, 0x00, 0x60, 0xb5, 0x11, 0x01, 0x04,
  0x01, 0x01, 0x4c, 0x4b, 0xb0, 0x31, 0x50, 0x58, 0x40, 0x1c, 0x00, 0x02,
  0x01, 0x02, 0x85, 0x00, 0x04, 0x04, 0x01, 0x5f, 0x00, 0x01, 0x01, 0x17,
  0x4d, 0x06, 0x01, 0x03, 0x03, 0x00, 0x61, 0x05, 0x01, 0x00, 0x00, 0x1b,
  0x00, 0x4e, 0x1b, 0x40, 0x1a, 0x00, 0x02, 0x01, 0x02, 0x85, 0x00, 0x01,
  0x00, 0x04, 0x03, 0x01, 0x04, 0x69, 0x06, 0x01, 0x03, 0x03, 0x00, 0x61,
  0x05, 0x01, 0x00, 0x00, 0x1b, 0x00, 0x4e, 0x59, 0x40, 0x15, 0x19, 0x18,
  0x01, 0x00, 0x21, 0x1f, 0x18, 0x27, 0x19, 0x27, 0x0d, 0x0c, 0x0a, 0x07,
  0x00, 0x17, 0x01, 0x17, 0x07, 0x07, 0x16, 0x2b, 0x05, 0x22, 0x26, 0x26,
  0x35, 0x34, 0x36, 0x36, 0x33, 0x33, 0x32, 0x35, 0x35, 0x33, 0x15, 0x14,
  0x06, 0x07, 0x16, 0x16, 0x15, 0x14, 0x06, 0x06, 0x27, 0x32, 0x36, 0x36,
  0x35, 0x34, 0x26, 0x26, 0x23, 0x22, 0x06, 0x06, 0x15, 0x14, 0x16, 0x16,
  0x01, 0x49, 0x59, 0x7c, 0x41, 0x41, 0x7c, 0x59, 0x7f, 0x27, 0x7a, 0x2d,
  0x2d, 0x27, 0x29, 0x41, 0x7c, 0x59, 0x28, 0x37, 0x1e, 0x1e, 0x37, 0x28,
  0x28, 0x38, 0x1d, 0x1d, 0x38, 0x0a, 0x4d, 0x7d, 0x49, 0x49, 0x7d, 0x4d,
  0x28, 0x47, 0x4c, 0x30, 0x3a, 0x05, 0x26, 0x68, 0x39, 0x49, 0x7d, 0x4d,
  0x7c, 0x2a, 0x45, 0x28, 0x29, 0x44, 0x2a, 0x2a, 0x44, 0x29, 0x28, 0x45,
  0x2a, 0x00, 0x00, 0x00, 0x00, 0x03, 0x00, 0x33, 0xff, 0xf6, 0x02, 0x69,
  0x03, 0x10, 0x00, 0x03, 0x00, 0x1b, 0x00, 0x2b, 0x00, 0xaa, 0xb5, 0x15,
  0x01, 0x06, 0x03, 0x01, 0x4c, 0x4b, 0xb0, 0x16, 0x50, 0x58, 0x40, 0x29,
  0x00, 0x04, 0x01, 0x00, 0x01, 0x04, 0x00, 0x80, 0x00, 0x00, 0x00, 0x01,
  0x5f, 0x00, 0x01, 0x01, 0x16, 0x4d, 0x00, 0x06, 0x06, 0x03, 0x5f, 0x00,
  0x03, 0x03, 0x17, 0x4d, 0x08, 0x01, 0x05, 0x05, 0x02, 0x61, 0x07, 0x01,
  0x02, 0x02, 0x1b, 0x02, 0x4e, 0x1b, 0x4b, 0xb0, 0x31, 0x50, 0x58, 0x40,
  0x27, 0x00, 0x04, 0x01, 0x00, 0x01, 0x04, 0x00, 0x80, 0x00, 0x01, 0x00,
  0x00, 0x03, 0x01, 0x00, 0x67, 0x00, 0x06, 0x06, 0x03, 0x5f, 0x00, 0x03,
  0x03, 0x17, 0x4d, 0x08, 0x01, 0x05, 0x05, 0x02, 0x61, 0x07, 0x01, 0x02,
  0x02, 0x1b, 0x02, 0x4e, 0x1b, 0x40, 0x25, 0x00, 0x04, 0x01, 0x00, 0x01,
  0x04, 0x00, 0x80, 0x00, 0x01, 0x00, 0x00, 0x03, 0x01, 0x00, 0x67, 0x00,
  0x03, 0x00, 0x06, 0x05, 0x03, 0x06, 0x69, 0x08, 0x01, 0x05, 0x05, 0x02,
  0x61, 0x07, 0x01, 0x02, 0x02, 0x1b, 0x02, 0x4e, 0x59, 0x59, 0x40, 0x17,
  0x1d, 0x1c, 0x05, 0x04, 0x25, 0x23, 0x1c, 0x2b, 0x1d, 0x2b, 0x11, 0x10,
  0x0e, 0x0b, 0x04, 0x1b, 0x05, 0x1b, 0x11, 0x10, 0x09, 0x07, 0x18, 0x2b,
  0x01, 0x27, 0x37, 0x33, 0x03, 0x22, 0x26, 0x26, 0x35, 0x34, 0x36, 0x36,
  0x33, 0x33, 0x32, 0x35, 0x35, 0x33, 0x15, 0x14, 0x06, 0x07, 0x16, 0x16,
  0x15, 0x14, 0x06, 0x06, 0x27, 0x32, 0x36, 0x36, 0x35, 0x34, 0x26, 0x26,
  0x23, 0x22, 0x06, 0x06, 0x15, 0x14, 0x16, 0x16, 0x01, 0x82, 0x70, 0x50,
  0x8d, 0xa6, 0x59, 0x7c, 0x41, 0x41, 0x7c, 0x59, 0x7f, 0x28, 0x79, 0x2d,
  0x2c, 0x26, 0x29, 0x41, 0x7c, 0x59, 0x28, 0x38, 0x1d, 0x1d, 0x38, 0x28,
  0x28, 0x38, 0x1d, 0x1d, 0x38, 0x02, 0x5b, 0x01, 0xb4, 0xfc, 0xe6, 0x4d,
  0x7d, 0x49, 0x49, 0x7d, 0x4d, 0x28, 0x47, 0x4c, 0x30, 0x3a, 0x05, 0x26,
  0x68, 0x39, 0x49, 0x7d, 0x4d, 0x7c, 0x2a, 0x45, 0x28, 0x29, 0x44, 0x2a,
  0x2a, 0x44, 0x29, 0x28, 0x45, 0x2a, 0x00, 0x00, 0x00, 0x03, 0x00, 0x33,
  0xff, 0x09, 0x02, 0x69, 0x02, 0x8b, 0x00, 0x17, 0x00, 0x27, 0x00, 0x33,
  0x00, 0x78, 0xb5, 0x11, 0x01, 0x04, 0x01, 0x01, 0x4c, 0x4b, 0xb0, 0x31,
  0x50, 0x58, 0x40, 0x24, 0x00, 0x02, 0x01, 0x02, 0x85, 0x00, 0x06, 0x09,
  0x01, 0x05, 0x06, 0x05, 0x65, 0x00, 0x04, 0x04, 0x01, 0x5f, 0x00, 0x01,
  0x01, 0x17, 0x4d, 0x08, 0x01, 0x03, 0x03, 0x00, 0x61, 0x07, 0x01, 0x00,
  0x00, 0x1b, 0x00, 0x4e, 0x1b, 0x40, 0x22, 0x00, 0x02, 0x01, 0x02, 0x85,
  0x00, 0x01, 0x00, 0x04, 0x03, 0x01, 0x04, 0x69, 0x00, 0x06, 0x09, 0x01,
  0x05, 0x06, 0x05, 0x65, 0x08, 0x01, 0x03, 0x03, 0x00, 0x61, 0x07, 0x01,
  0x00, 0x00, 0x1b, 0x00, 0x4e, 0x59, 0x40, 0x1d, 0x29, 0x28, 0x19, 0x18,
  0x01, 0x00, 0x2f, 0x2d, 0x28, 0x33, 0x29, 0x33, 0x21, 0x1f, 0x18, 0x27,
  0x19, 0x27, 0x0d, 0x0c, 0x0a, 0x07, 0x00, 0x17, 0x01, 0x17, 0x0a, 0x07,
  0x16, 0x2b, 0x05, 0x22, 0x26, 0x26, 0x35, 0x34, 0x36, 0x36, 0x33, 0x33,
  0x32, 0x35, 0x35, 0x33, 0x15, 0x14, 0x06, 0x07, 0x16, 0x16, 0x15, 0x14,
  0x06, 0x06, 0x27, 0x32, 0x36, 0x36, 0x35, 0x34, 0x26, 0x26, 0x23, 0x22,
  0x06, 0x06, 0x15, 0x14, 0x16, 0x16, 0x13, 0x22, 0x26, 0x35, 0x34, 0x36,
  0x33, 0x32, 0x16, 0x15, 0x14, 0x06, 0x01, 0x49, 0x59, 0x7c, 0x41, 0x41,
  0x7c, 0x59, 0x7f, 0x28, 0x79, 0x2d, 0x2c, 0x26, 0x29, 0x41, 0x7c, 0x59,
  0x28, 0x38, 0x1d, 0x1d, 0x38, 0x28, 0x28, 0x38, 0x1d, 0x1d, 0x38, 0x4a,
  0x23, 0x2c, 0x2c, 0x23, 0x22, 0x2d, 0x2d, 0x0a, 0x4d, 0x7d, 0x49, 0x49,
  0x7d, 0x4d, 0x28, 0x47, 0x4c, 0x30, 0x3a, 0x05, 0x26, 0x68, 0x39, 0x49,
  0x7d, 0x4d, 0x7c, 0x2a, 0x45, 0x28, 0x29, 0x44, 0x2a, 0x2a, 0x44, 0x29,
  0x28, 0x45, 0x2a, 0xfe, 0x97, 0x2f, 0x21, 0x21, 0x2e, 0x2e, 0x21, 0x21,
  0x2f, 0x00, 0x00, 0x00, 0x00, 0x03, 0x00, 0x33, 0xff, 0xf6, 0x02, 0x69,
  0x03, 0x10, 0x00, 0x03, 0x00, 0x1b, 0x00, 0x2b, 0x00, 0xb2, 0xb5, 0x15,
  0x01, 0x06, 0x03, 0x01, 0x4c, 0x4b, 0xb0, 0x16, 0x50, 0x58, 0x40, 0x2a,
  0x00, 0x04, 0x00, 0x01, 0x00, 0x04, 0x01, 0x80, 0x07, 0x01, 0x01, 0x01,
  0x00, 0x5f, 0x00, 0x00, 0x00, 0x16, 0x4d, 0x00, 0x06, 0x06, 0x03, 0x5f,
  0x00, 0x03, 0x03, 0x17, 0x4d, 0x09, 0x01, 0x05, 0x05, 0x02, 0x61, 0x08,
  0x01, 0x02, 0x02, 0x1b, 0x02, 0x4e, 0x1b, 0x4b, 0xb0, 0x31, 0x50, 0x58,
  0x40, 0x28, 0x00, 0x04, 0x00, 0x01, 0x00, 0x04, 0x01, 0x80, 0x00, 0x00,
  0x07, 0x01, 0x01, 0x03, 0x00, 0x01, 0x67, 0x00, 0x06, 0x06, 0x03, 0x5f,
  0x00, 0x03, 0x03, 0x17, 0x4d, 0x09, 0x01, 0x05, 0x05, 0x02, 0x61, 0x08,
  0x01, 0x02, 0x02, 0x1b, 0x02, 0x4e, 0x1b, 0x40, 0x26, 0x00, 0x04, 0x00,
  0x01, 0x00, 0x04, 0x01, 0x80, 0x00, 0x00, 0x07, 0x01, 0x01, 0x03, 0x00,
  0x01, 0x67, 0x00, 0x03, 0x00, 0x06, 0x05, 0x03, 0x06, 0x69, 0x09, 0x01,
  0x05, 0x05, 0x02, 0x61, 0x08, 0x01, 0x02, 0x02, 0x1b, 0x02, 0x4e, 0x59,
  0x59, 0x40, 0x1c, 0x1d, 0x1c, 0x05, 0x04, 0x00, 0x00, 0x25, 0x23, 0x1c,
  0x2b, 0x1d, 0x2b, 0x11, 0x10, 0x0e, 0x0b, 0x04, 0x1b, 0x05, 0x1b, 0x00,
  0x03, 0x00, 0x03, 0x11, 0x0a, 0x07, 0x17, 0x2b, 0x01, 0x27, 0x33, 0x17,
  0x03, 0x22, 0x26, 0x26, 0x35, 0x34, 0x36, 0x36, 0x33, 0x33, 0x32, 0x35,
  0x35, 0x33, 0x15, 0x14, 0x06, 0x07, 0x16, 0x16, 0x15, 0x14, 0x06, 0x06,
  0x27, 0x32, 0x36, 0x36, 0x35, 0x34, 0x26, 0x26, 0x23, 0x22, 0x06, 0x06,
  0x15, 0x14, 0x16, 0x16, 0x01, 0x14, 0x6e, 0x8d, 0x51, 0x3b, 0x59, 0x7c,
  0x41, 0x41, 0x7c, 0x59, 0x7f, 0x28, 0x79, 0x2d, 0x2c, 0x26, 0x29, 0x41,
  0x7c, 0x59, 0x28, 0x38, 0x1d, 0x1d, 0x38, 0x28, 0x28, 0x38, 0x1d, 0x1d,
  0x38, 0x02, 0x5b, 0xb5, 0xb4, 0xfd, 0x9a, 0x4d, 0x7d, 0x49, 0x49, 0x7d,
  0x4d, 0x28, 0x47, 0x4c, 0x30, 0x3a, 0x05, 0x26, 0x68, 0x39, 0x49, 0x7d,
  0x4d, 0x7c, 0x2a, 0x45, 0x28, 0x29, 0x44, 0x2a, 0x2a, 0x44, 0x29, 0x28,
  0x45, 0x2a, 0x00, 0x00, 0x00, 0x03, 0x00, 0x33, 0xff, 0xf6, 0x02, 0x69,
  0x03, 0x3f, 0x00, 0x1c, 0x00, 0x34, 0x00, 0x44, 0x00, 0xdb, 0xb5, 0x2e,
  0x01, 0x08, 0x05, 0x01, 0x4c, 0x4b, 0xb0, 0x21, 0x50, 0x58, 0x40, 0x35,
  0x00, 0x01, 0x00, 0x06, 0x00, 0x01, 0x72, 0x00, 0x06, 0x03, 0x00, 0x06,
  0x03, 0x7e, 0x09, 0x01, 0x03, 0x05, 0x00, 0x03, 0x05, 0x7e, 0x00, 0x02,
  0x00, 0x00, 0x01, 0x02, 0x00, 0x69, 0x00, 0x08, 0x08, 0x05, 0x5f, 0x00,
  0x05, 0x05, 0x17, 0x4d, 0x0b, 0x01, 0x07, 0x07, 0x04, 0x61, 0x0a, 0x01,
  0x04, 0x04, 0x1b, 0x04, 0x4e, 0x1b, 0x4b, 0xb0, 0x31, 0x50, 0x58, 0x40,
  0x36, 0x00, 0x01, 0x00, 0x06, 0x00, 0x01, 0x06, 0x80, 0x00, 0x06, 0x03,
  0x00, 0x06, 0x03, 0x7e, 0x09, 0x01, 0x03, 0x05, 0x00, 0x03, 0x05, 0x7e,
  0x00, 0x02, 0x00, 0x00, 0x01, 0x02, 0x00, 0x69, 0x00, 0x08, 0x08, 0x05,
  0x5f, 0x00, 0x05, 0x05, 0x17, 0x4d, 0x0b, 0x01, 0x07, 0x07, 0x04, 0x61,
  0x0a, 0x01, 0x04, 0x04, 0x1b, 0x04, 0x4e, 0x1b, 0x40, 0x34, 0x00, 0x01,
  0x00, 0x06, 0x00, 0x01, 0x06, 0x80, 0x00, 0x06, 0x03, 0x00, 0x06, 0x03,
  0x7e, 0x09, 0x01, 0x03, 0x05, 0x00, 0x03, 0x05, 0x7e, 0x00, 0x02, 0x00,
  0x00, 0x01, 0x02, 0x00, 0x69, 0x00, 0x05, 0x00, 0x08, 0x07, 0x05, 0x08,
  0x69, 0x0b, 0x01, 0x07, 0x07, 0x04, 0x61, 0x0a, 0x01, 0x04, 0x04, 0x1b,
  0x04, 0x4e, 0x59, 0x59, 0x40, 0x1e, 0x36, 0x35, 0x1e, 0x1d, 0x00, 0x00,
  0x3e, 0x3c, 0x35, 0x44, 0x36, 0x44, 0x2a, 0x29, 0x27, 0x24, 0x1d, 0x34,
  0x1e, 0x34, 0x00, 0x1c, 0x00, 0x1c, 0x23, 0x22, 0x2a, 0x0c, 0x07, 0x19,
  0x2b, 0x01, 0x35, 0x34, 0x36, 0x37, 0x37, 0x36, 0x36, 0x35, 0x34, 0x26,
  0x23, 0x22, 0x06, 0x06, 0x15, 0x23, 0x26, 0x36, 0x36, 0x33, 0x32, 0x16,
  0x15, 0x14, 0x06, 0x07, 0x07, 0x15, 0x03, 0x22, 0x26, 0x26, 0x35, 0x34,
  0x36, 0x36, 0x33, 0x33, 0x32, 0x35, 0x35, 0x33, 0x15, 0x14, 0x06, 0x07,
  0x16, 0x16, 0x15, 0x14, 0x06, 0x06, 0x27, 0x32, 0x36, 0x36, 0x35, 0x34,
  0x26, 0x26, 0x23, 0x22, 0x06, 0x06, 0x15, 0x14, 0x16, 0x16, 0x01, 0x15,
  0x0b, 0x0d, 0x10, 0x14, 0x17, 0x14, 0x11, 0x13, 0x10, 0x04, 0x57, 0x01,
  0x19, 0x37, 0x2d, 0x3d, 0x46, 0x2f, 0x25, 0x04, 0x23, 0x59, 0x7c, 0x41,
  0x41, 0x7c, 0x59, 0x7f, 0x28, 0x79, 0x2d, 0x2c, 0x26, 0x29, 0x41, 0x7c,
  0x59, 0x28, 0x38, 0x1d, 0x1d, 0x38, 0x28, 0x28, 0x38, 0x1d, 0x1d, 0x38,
  0x02, 0x50, 0x21, 0x0d, 0x17, 0x06, 0x08, 0x0b, 0x15, 0x0f, 0x0d, 0x14,
  0x12, 0x14, 0x02, 0x1b, 0x35, 0x24, 0x3f, 0x2a, 0x24, 0x31, 0x12, 0x03,
  0x1c, 0xfd, 0xa6, 0x4d, 0x7d, 0x49, 0x49, 0x7d, 0x4d, 0x28, 0x47, 0x4c,
  0x30, 0x3a, 0x05, 0x26, 0x68, 0x39, 0x49, 0x7d, 0x4d, 0x7c, 0x2a, 0x45,
  0x28, 0x29, 0x44, 0x2a, 0x2a, 0x44, 0x29, 0x28, 0x45, 0x2a, 0x00, 0x00,
  0x00, 0x03, 0x00, 0x33, 0xff, 0xf6, 0x02, 0x69, 0x02, 0xfe, 0x00, 0x19,
  0x00, 0x31, 0x00, 0x41, 0x01, 0x3a, 0xb5, 0x2b, 0x01, 0x0a, 0x07, 0x01,
  0x4c, 0x4b, 0xb0, 0x26, 0x50, 0x58, 0x40, 0x34, 0x00, 0x08, 0x01, 0x00,
  0x01, 0x08, 0x00, 0x80, 0x00, 0x04, 0x02, 0x0b, 0x02, 0x00, 0x07, 0x04,
  0x00, 0x6a, 0x00, 0x01, 0x01, 0x03, 0x61, 0x05, 0x01, 0x03, 0x03, 0x16,
  0x4d, 0x00, 0x0a, 0x0a, 0x07, 0x5f, 0x00, 0x07, 0x07, 0x17, 0x4d, 0x0d,
  0x01, 0x09, 0x09, 0x06, 0x61, 0x0c, 0x01, 0x06, 0x06, 0x1b, 0x06, 0x4e,
  0x1b, 0x4b, 0xb0, 0x2f, 0x50, 0x58, 0x40, 0x3e, 0x00, 0x08, 0x01, 0x02,
  0x01, 0x08, 0x02, 0x80, 0x00, 0x02, 0x00, 0x01, 0x02, 0x00, 0x7e, 0x00,
  0x04, 0x0b, 0x01, 0x00, 0x07, 0x04, 0x00, 0x6a, 0x00, 0x05, 0x05, 0x16,
  0x4d, 0x00, 0x01, 0x01, 0x03, 0x61, 0x00, 0x03, 0x03, 0x16, 0x4d, 0x00,
  0x0a, 0x0a, 0x07, 0x5f, 0x00, 0x07, 0x07, 0x17, 0x4d, 0x0d, 0x01, 0x09,
  0x09, 0x06, 0x61, 0x0c, 0x01, 0x06, 0x06, 0x1b, 0x06, 0x4e, 0x1b, 0x4b,
  0xb0, 0x31, 0x50, 0x58, 0x40, 0x3f, 0x00, 0x05, 0x03, 0x04, 0x03, 0x05,
  0x04, 0x80, 0x00, 0x08, 0x01, 0x02, 0x01, 0x08, 0x02, 0x80, 0x00, 0x02,
  0x00, 0x01, 0x02, 0x00, 0x7e, 0x00, 0x03, 0x00, 0x01, 0x08, 0x03, 0x01,
  0x69, 0x00, 0x04, 0x0b, 0x01, 0x00, 0x07, 0x04, 0x00, 0x6a, 0x00, 0x0a,
  0x0a, 0x07, 0x5f, 0x00, 0x07, 0x07, 0x17, 0x4d, 0x0d, 0x01, 0x09, 0x09,
  0x06, 0x61, 0x0c, 0x01, 0x06, 0x06, 0x1b, 0x06, 0x4e, 0x1b, 0x40, 0x3d,
  0x00, 0x05, 0x03, 0x04, 0x03, 0x05, 0x04, 0x80, 0x00, 0x08, 0x01, 0x02,
  0x01, 0x08, 0x02, 0x80, 0x00, 0x02, 0x00, 0x01, 0x02, 0x00, 0x7e, 0x00,
  0x03, 0x00, 0x01, 0x08, 0x03, 0x01, 0x69, 0x00, 0x04, 0x0b, 0x01, 0x00,
  0x07, 0x04, 0x00, 0x6a, 0x00, 0x07, 0x00, 0x0a, 0x09, 0x07, 0x0a, 0x69,
  0x0d, 0x01, 0x09, 0x09, 0x06, 0x61, 0x0c, 0x01, 0x06, 0x06, 0x1b, 0x06,
  0x4e, 0x59, 0x59, 0x59, 0x40, 0x25, 0x33, 0x32, 0x1b, 0x1a, 0x01, 0x00,
  0x3b, 0x39, 0x32, 0x41, 0x33, 0x41, 0x27, 0x26, 0x24, 0x21, 0x1a, 0x31,
  0x1b, 0x31, 0x16, 0x15, 0x13, 0x11, 0x0e, 0x0c, 0x09, 0x08, 0x06, 0x04,
  0x00, 0x19, 0x01, 0x19, 0x0e, 0x07, 0x16, 0x2b, 0x01, 0x22, 0x2e, 0x02,
  0x23, 0x22, 0x06, 0x15, 0x23, 0x34, 0x36, 0x36, 0x33, 0x32, 0x1e, 0x02,
  0x33, 0x32, 0x36, 0x35, 0x33, 0x14, 0x06, 0x06, 0x03, 0x22, 0x26, 0x26,
  0x35, 0x34, 0x36, 0x36, 0x33, 0x33, 0x32, 0x35, 0x35, 0x33, 0x15, 0x14,
  0x06, 0x07, 0x16, 0x16, 0x15, 0x14, 0x06, 0x06, 0x27, 0x32, 0x36, 0x36,
  0x35, 0x34, 0x26, 0x26, 0x23, 0x22, 0x06, 0x06, 0x15, 0x14, 0x16, 0x16,
  0x01, 0x82, 0x1a, 0x25, 0x1c, 0x19, 0x0d, 0x0f, 0x0d, 0x4a, 0x0f, 0x29,
  0x28, 0x1a, 0x26, 0x1d, 0x18, 0x0d, 0x0e, 0x0d, 0x4a, 0x0f, 0x29, 0x61,
  0x59, 0x7c, 0x41, 0x41, 0x7c, 0x59, 0x7f, 0x28, 0x79, 0x2d, 0x2c, 0x26,
  0x29, 0x41, 0x7c, 0x59, 0x28, 0x38, 0x1d, 0x1d, 0x38, 0x28, 0x28, 0x38,
  0x1d, 0x1d, 0x38, 0x02, 0x66, 0x13, 0x19, 0x12, 0x1e, 0x1a, 0x24, 0x43,
  0x2b, 0x13, 0x18, 0x13, 0x1e, 0x1a, 0x24, 0x43, 0x2b, 0xfd, 0x90, 0x4d,
  0x7d, 0x49, 0x49, 0x7d, 0x4d, 0x28, 0x47, 0x4c, 0x30, 0x3a, 0x05, 0x26,
  0x68, 0x39, 0x49, 0x7d, 0x4d, 0x7c, 0x2a, 0x45, 0x28, 0x29, 0x44, 0x2a,
  0x2a, 0x44, 0x29, 0x28, 0x45, 0x2a, 0x00, 0x00, 0x00, 0x04, 0x00, 0x33,
  0xff, 0xf6, 0x02, 0x5f, 0x03, 0x10, 0x00, 0x03, 0x00, 0x07, 0x00, 0x17,
  0x00, 0x27, 0x00, 0x69, 0x4b, 0xb0, 0x16, 0x50, 0x58, 0x40, 0x23, 0x02,
  0x01, 0x00, 0x00, 0x01, 0x5f, 0x03, 0x01, 0x01, 0x01, 0x16, 0x4d, 0x00,
  0x07, 0x07, 0x05, 0x61, 0x00, 0x05, 0x05, 0x1d, 0x4d, 0x09, 0x01, 0x06,
  0x06, 0x04, 0x61, 0x08, 0x01, 0x04, 0x04, 0x1b, 0x04, 0x4e, 0x1b, 0x40,
  0x21, 0x03, 0x01, 0x01, 0x02, 0x01, 0x00, 0x05, 0x01, 0x00, 0x67, 0x00,
  0x07, 0x07, 0x05, 0x61, 0x00, 0x05, 0x05, 0x1d, 0x4d, 0x09, 0x01, 0x06,
  0x06, 0x04, 0x61, 0x08, 0x01, 0x04, 0x04, 0x1b, 0x04, 0x4e, 0x59, 0x40,
  0x17, 0x19, 0x18, 0x09, 0x08, 0x21, 0x1f, 0x18, 0x27, 0x19, 0x27, 0x11,
  0x0f, 0x08, 0x17, 0x09, 0x17, 0x11, 0x11, 0x11, 0x10, 0x0a, 0x07, 0x1a,
  0x2b, 0x01, 0x27, 0x37, 0x33, 0x17, 0x27, 0x37, 0x33, 0x03, 0x22, 0x26,
  0x26, 0x35, 0x34, 0x36, 0x36, 0x33, 0x32, 0x16, 0x16, 0x15, 0x14, 0x06,
  0x06, 0x27, 0x32, 0x36, 0x36, 0x35, 0x34, 0x26, 0x26, 0x23, 0x22, 0x06,
  0x06, 0x15, 0x14, 0x16, 0x16, 0x01, 0x1f, 0x6a, 0x2f, 0x87, 0x6e, 0x6b,
  0x2f, 0x87, 0xdb, 0x59, 0x7c, 0x41, 0x41, 0x7c, 0x59, 0x59, 0x7c, 0x41,
  0x41, 0x7c, 0x59, 0x28, 0x38, 0x1d, 0x1d, 0x38, 0x28, 0x28, 0x38, 0x1d,
  0x1d, 0x38, 0x02, 0x5c, 0x01, 0xb3, 0xb4, 0x01, 0xb3, 0xfc, 0xe6, 0x4d,
  0x7d, 0x49, 0x49, 0x7d, 0x4d, 0x4d, 0x7d, 0x49, 0x49, 0x7d, 0x4d, 0x7c,
  0x2a, 0x45, 0x28, 0x29, 0x44, 0x2a, 0x2a, 0x44, 0x29, 0x28, 0x45, 0x2a,
  0x00, 0x03, 0x00, 0x33, 0xff, 0xf6, 0x02, 0x5f, 0x02, 0xc2, 0x00, 0x03,
  0x00, 0x13, 0x00, 0x23, 0x00, 0x3d, 0x40, 0x3a, 0x00, 0x00, 0x06, 0x01,
  0x01, 0x03, 0x00, 0x01, 0x67, 0x00, 0x05, 0x05, 0x03, 0x61, 0x00, 0x03,
  0x03, 0x1d, 0x4d, 0x08, 0x01, 0x04, 0x04, 0x02, 0x61, 0x07, 0x01, 0x02,
  0x02, 0x1b, 0x02, 0x4e, 0x15, 0x14, 0x05, 0x04, 0x00, 0x00, 0x1d, 0x1b,
  0x14, 0x23, 0x15, 0x23, 0x0d, 0x0b, 0x04, 0x13, 0x05, 0x13, 0x00, 0x03,
  0x00, 0x03, 0x11, 0x09, 0x07, 0x17, 0x2b, 0x13, 0x35, 0x21, 0x15, 0x03,
  0x22, 0x26, 0x26, 0x35, 0x34, 0x36, 0x36, 0x33, 0x32, 0x16, 0x16, 0x15,
  0x14, 0x06, 0x06, 0x27, 0x32, 0x36, 0x36, 0x35, 0x34, 0x26, 0x26, 0x23,
  0x22, 0x06, 0x06, 0x15, 0x14, 0x16, 0x16, 0xa6, 0x01, 0x45, 0xa2, 0x59,
  0x7c, 0x41, 0x41, 0x7c, 0x59, 0x59, 0x7c, 0x41, 0x41, 0x7c, 0x59, 0x28,
  0x38, 0x1d, 0x1d, 0x38, 0x28, 0x28, 0x38, 0x1d, 0x1d, 0x38, 0x02, 0x68,
  0x5a, 0x5a, 0xfd, 0x8e, 0x4d, 0x7d, 0x49, 0x49, 0x7d, 0x4d, 0x4d, 0x7d,
  0x49, 0x49, 0x7d, 0x4d, 0x7c, 0x2a, 0x45, 0x28, 0x29, 0x44, 0x2a, 0x2a,
  0x44, 0x29, 0x28, 0x45, 0x2a, 0x00, 0x00, 0x00, 0x00, 0x03, 0x00, 0x33,
  0xff, 0xd7, 0x02, 0x5f, 0x02, 0x3b, 0x00, 0x17, 0x00, 0x20, 0x00, 0x29,
  0x00, 0x4b, 0x40, 0x48, 0x0d, 0x0a, 0x02, 0x04, 0x00, 0x28, 0x27, 0x1b,
  0x1a, 0x04, 0x05, 0x04, 0x16, 0x01, 0x02, 0x02, 0x05, 0x03, 0x4c, 0x00,
  0x01, 0x00, 0x01, 0x85, 0x06, 0x01, 0x03, 0x02, 0x03, 0x86, 0x00, 0x04,
  0x04, 0x00, 0x61, 0x00, 0x00, 0x00, 0x1d, 0x4d, 0x07, 0x01, 0x05, 0x05,
  0x02, 0x61, 0x00, 0x02, 0x02, 0x1b, 0x02, 0x4e, 0x22, 0x21, 0x00, 0x00,
  0x21, 0x29, 0x22, 0x29, 0x1e, 0x1c, 0x00, 0x17, 0x00, 0x17, 0x27, 0x12,
  0x27, 0x08, 0x07, 0x19, 0x2b, 0x17, 0x37, 0x26, 0x26, 0x35, 0x34, 0x36,
  0x36, 0x33, 0x32, 0x17, 0x37, 0x33, 0x07, 0x16, 0x16, 0x15, 0x14, 0x06,
  0x06, 0x23, 0x22, 0x27, 0x07, 0x11, 0x14, 0x17, 0x37, 0x26, 0x23, 0x22,
  0x06, 0x06, 0x17, 0x32, 0x36, 0x36, 0x35, 0x34, 0x27, 0x07, 0x16, 0x62,
  0x33, 0x30, 0x32, 0x41, 0x7c, 0x59, 0x31, 0x2c, 0x19, 0x69, 0x31, 0x33,
  0x35, 0x41, 0x7c, 0x59, 0x35, 0x2e, 0x1a, 0x14, 0x85, 0x0e, 0x0e, 0x28,
  0x38, 0x1d, 0x7d, 0x28, 0x37, 0x1e, 0x18, 0x87, 0x10, 0x29, 0x5a, 0x26,
  0x72, 0x40, 0x49, 0x7d, 0x4d, 0x0d, 0x2c, 0x56, 0x26, 0x75, 0x41, 0x49,
  0x7d, 0x4d, 0x0f, 0x2e, 0x01, 0x32, 0x30, 0x26, 0xea, 0x03, 0x2a, 0x44,
  0xc0, 0x2a, 0x45, 0x28, 0x35, 0x27, 0xee, 0x05, 0x00, 0x03, 0x00, 0x33,
  0xff, 0xf6, 0x02, 0x5f, 0x02, 0xff, 0x00, 0x18, 0x00, 0x28, 0x00, 0x38,
  0x01, 0x11, 0x4b, 0xb0, 0x26, 0x50, 0x58, 0x40, 0x2c, 0x00, 0x04, 0x02,
  0x0a, 0x02, 0x00, 0x07, 0x04, 0x00, 0x6a, 0x00, 0x01, 0x01, 0x03, 0x61,
  0x05, 0x01, 0x03, 0x03, 0x16, 0x4d, 0x00, 0x09, 0x09, 0x07, 0x61, 0x00,
  0x07, 0x07, 0x1d, 0x4d, 0x0c, 0x01, 0x08, 0x08, 0x06, 0x61, 0x0b, 0x01,
  0x06, 0x06, 0x1b, 0x06, 0x4e, 0x1b, 0x4b, 0xb0, 0x2e, 0x50, 0x58, 0x40,
  0x33, 0x00, 0x02, 0x01, 0x00, 0x01, 0x02, 0x00, 0x80, 0x00, 0x04, 0x0a,
  0x01, 0x00, 0x07, 0x04, 0x00, 0x6a, 0x00, 0x01, 0x01, 0x03, 0x61, 0x05,
  0x01, 0x03, 0x03, 0x16, 0x4d, 0x00, 0x09, 0x09, 0x07, 0x61, 0x00, 0x07,
  0x07, 0x1d, 0x4d, 0x0c, 0x01, 0x08, 0x08, 0x06, 0x61, 0x0b, 0x01, 0x06,
  0x06, 0x1b, 0x06, 0x4e, 0x1b, 0x4b, 0xb0, 0x2f, 0x50, 0x58, 0x40, 0x37,
  0x00, 0x02, 0x01, 0x00, 0x01, 0x02, 0x00, 0x80, 0x00, 0x04, 0x0a, 0x01,
  0x00, 0x07, 0x04, 0x00, 0x6a, 0x00, 0x05, 0x05, 0x16, 0x4d, 0x00, 0x01,
  0x01, 0x03, 0x61, 0x00, 0x03, 0x03, 0x16, 0x4d, 0x00, 0x09, 0x09, 0x07,
  0x61, 0x00, 0x07, 0x07, 0x1d, 0x4d, 0x0c, 0x01, 0x08, 0x08, 0x06, 0x61,
  0x0b, 0x01, 0x06, 0x06, 0x1b, 0x06, 0x4e, 0x1b, 0x40, 0x38, 0x00, 0x05,
  0x03, 0x04, 0x03, 0x05, 0x04, 0x80, 0x00, 0x02, 0x01, 0x00, 0x01, 0x02,
  0x00, 0x80, 0x00, 0x03, 0x00, 0x01, 0x02, 0x03, 0x01, 0x69, 0x00, 0x04,
  0x0a, 0x01, 0x00, 0x07, 0x04, 0x00, 0x6a, 0x00, 0x09, 0x09, 0x07, 0x61,
  0x00, 0x07, 0x07, 0x1d, 0x4d, 0x0c, 0x01, 0x08, 0x08, 0x06, 0x61, 0x0b,
  0x01, 0x06, 0x06, 0x1b, 0x06, 0x4e, 0x59, 0x59, 0x59, 0x40, 0x23, 0x2a,
  0x29, 0x1a, 0x19, 0x01, 0x00, 0x32, 0x30, 0x29, 0x38, 0x2a, 0x38, 0x22,
  0x20, 0x19, 0x28, 0x1a, 0x28, 0x15, 0x14, 0x13, 0x11, 0x0e, 0x0c, 0x09,
  0x08, 0x06, 0x04, 0x00, 0x18, 0x01, 0x18, 0x0d, 0x07, 0x16, 0x2b, 0x01,
  0x22, 0x2e, 0x02, 0x23, 0x22, 0x06, 0x15, 0x23, 0x34, 0x36, 0x36, 0x33,
  0x32, 0x1e, 0x02, 0x33, 0x32, 0x35, 0x33, 0x14, 0x06, 0x06, 0x03, 0x22,
  0x26, 0x26, 0x35, 0x34, 0x36, 0x36, 0x33, 0x32, 0x16, 0x16, 0x15, 0x14,
  0x06, 0x06, 0x27, 0x32, 0x36, 0x36, 0x35, 0x34, 0x26, 0x26, 0x23, 0x22,
  0x06, 0x06, 0x15, 0x14, 0x16, 0x16, 0x01, 0x93, 0x1c, 0x26, 0x1e, 0x19,
  0x0e, 0x10, 0x0c, 0x52, 0x10, 0x2c, 0x29, 0x1c, 0x27, 0x1e, 0x19, 0x0d,
  0x1c, 0x51, 0x10, 0x2b, 0x73, 0x59, 0x7c, 0x41, 0x41, 0x7c, 0x59, 0x59,
  0x7c, 0x41, 0x41, 0x7c, 0x59, 0x28, 0x38, 0x1d, 0x1d, 0x38, 0x28, 0x28,
  0x38, 0x1d, 0x1d, 0x38, 0x02, 0x66, 0x13, 0x19, 0x12, 0x1d, 0x1b, 0x22,
  0x43, 0x2e, 0x12, 0x18, 0x13, 0x38, 0x21, 0x44, 0x2f, 0xfd, 0x90, 0x4d,
  0x7d, 0x49, 0x49, 0x7d, 0x4d, 0x4d, 0x7d, 0x49, 0x49, 0x7d, 0x4d, 0x7c,
  0x2a, 0x45, 0x28, 0x29, 0x44, 0x2a, 0x2a, 0x44, 0x29, 0x28, 0x45, 0x2a,
  0x00, 0x03, 0x00, 0x33, 0xff, 0xf6, 0x03, 0xc3, 0x02, 0x1c, 0x00, 0x28,
  0x00, 0x2f, 0x00, 0x3f, 0x00, 0xe4, 0x40, 0x0a, 0x0b, 0x01, 0x08, 0x01,
  0x26, 0x01, 0x00, 0x04, 0x02, 0x4c, 0x4b, 0xb0, 0x1b, 0x50, 0x58, 0x40,
  0x2b, 0x00, 0x05, 0x03, 0x04, 0x03, 0x05, 0x04, 0x80, 0x00, 0x07, 0x00,
  0x03, 0x05, 0x07, 0x03, 0x67, 0x0a, 0x01, 0x08, 0x08, 0x01, 0x61, 0x02,
  0x01, 0x01, 0x01, 0x1d, 0x4d, 0x0c, 0x09, 0x02, 0x04, 0x04, 0x00, 0x61,
  0x06, 0x0b, 0x02, 0x00, 0x00, 0x1b, 0x00, 0x4e, 0x1b, 0x4b, 0xb0, 0x21,
  0x50, 0x58, 0x40, 0x35, 0x00, 0x05, 0x03, 0x04, 0x03, 0x05, 0x04, 0x80,
  0x00, 0x07, 0x00, 0x03, 0x05, 0x07, 0x03, 0x67, 0x00, 0x08, 0x08, 0x01,
  0x61, 0x02, 0x01, 0x01, 0x01, 0x1d, 0x4d, 0x00, 0x0a, 0x0a, 0x01, 0x61,
  0x02, 0x01, 0x01, 0x01, 0x1d, 0x4d, 0x0c, 0x09, 0x02, 0x04, 0x04, 0x00,
  0x61, 0x06, 0x0b, 0x02, 0x00, 0x00, 0x1b, 0x00, 0x4e, 0x1b, 0x40, 0x40,
  0x00, 0x05, 0x03, 0x09, 0x03, 0x05, 0x09, 0x80, 0x00, 0x07, 0x00, 0x03,
  0x05, 0x07, 0x03, 0x67, 0x00, 0x08, 0x08, 0x01, 0x61, 0x02, 0x01, 0x01,
  0x01, 0x1d, 0x4d, 0x00, 0x0a, 0x0a, 0x01, 0x61, 0x02, 0x01, 0x01, 0x01,
  0x1d, 0x4d, 0x0c, 0x01, 0x09, 0x09, 0x00, 0x61, 0x06, 0x0b, 0x02, 0x00,
  0x00, 0x1b, 0x4d, 0x00, 0x04, 0x04, 0x00, 0x61, 0x06, 0x0b, 0x02, 0x00,
  0x00, 0x1b, 0x00, 0x4e, 0x59, 0x59, 0x40, 0x21, 0x31, 0x30, 0x01, 0x00,
  0x39, 0x37, 0x30, 0x3f, 0x31, 0x3f, 0x2e, 0x2c, 0x2a, 0x29, 0x24, 0x22,
  0x1d, 0x1b, 0x18, 0x16, 0x14, 0x13, 0x0f, 0x0d, 0x09, 0x07, 0x00, 0x28,
  0x01, 0x28, 0x0d, 0x07, 0x16, 0x2b, 0x05, 0x22, 0x26, 0x26, 0x35, 0x34,
  0x36, 0x36, 0x33, 0x32, 0x16, 0x17, 0x36, 0x36, 0x33, 0x32, 0x16, 0x16,
  0x15, 0x15, 0x21, 0x16, 0x16, 0x33, 0x32, 0x3e, 0x02, 0x31, 0x33, 0x30,
  0x0e, 0x03, 0x23, 0x22, 0x26, 0x27, 0x06, 0x06, 0x13, 0x33, 0x26, 0x26,
  0x23, 0x22, 0x06, 0x01, 0x32, 0x36, 0x36, 0x35, 0x34, 0x26, 0x26, 0x23,
  0x22, 0x06, 0x06, 0x15, 0x14, 0x16, 0x16, 0x01, 0x45, 0x58, 0x7a, 0x40,
  0x40, 0x7a, 0x58, 0x41, 0x62, 0x21, 0x1f, 0x5f, 0x41, 0x4b, 0x71, 0x3f,
  0xfe, 0x96, 0x03, 0x3d, 0x36, 0x1f, 0x27, 0x15, 0x09, 0x8c, 0x0a, 0x1b,
  0x36, 0x56, 0x40, 0x43, 0x61, 0x20, 0x21, 0x62, 0xd2, 0xd8, 0x02, 0x3c,
  0x2a, 0x2d, 0x3e, 0xfe, 0xe7, 0x27, 0x38, 0x1e, 0x1e, 0x38, 0x27, 0x28,
  0x38, 0x1d, 0x1d, 0x38, 0x0a, 0x4d, 0x7d, 0x49, 0x49, 0x7d, 0x4d, 0x30,
  0x2e, 0x2d, 0x31, 0x41, 0x7c, 0x59, 0x25, 0x31, 0x45, 0x13, 0x19, 0x14,
  0x25, 0x36, 0x36, 0x24, 0x31, 0x2d, 0x2d, 0x31, 0x01, 0x4b, 0x35, 0x33,
  0x37, 0xff, 0x00, 0x2a, 0x45, 0x28, 0x29, 0x44, 0x2a, 0x2a, 0x44, 0x29,
  0x28, 0x45, 0x2a, 0x00, 0x00, 0x02, 0x00, 0x44, 0xff, 0x3d, 0x02, 0x69,
  0x02, 0x1c, 0x00, 0x18, 0x00, 0x28, 0x00, 0x66, 0x40, 0x0a, 0x03, 0x01,
  0x05, 0x00, 0x16, 0x01, 0x02, 0x04, 0x02, 0x4c, 0x4b, 0xb0, 0x17, 0x50,
  0x58, 0x40, 0x1c, 0x00, 0x05, 0x05, 0x00, 0x61, 0x01, 0x01, 0x00, 0x00,
  0x17, 0x4d, 0x00, 0x04, 0x04, 0x02, 0x61, 0x00, 0x02, 0x02, 0x1b, 0x4d,
  0x06, 0x01, 0x03, 0x03, 0x19, 0x03, 0x4e, 0x1b, 0x40, 0x20, 0x00, 0x00,
  0x00, 0x17, 0x4d, 0x00, 0x05, 0x05, 0x01, 0x61, 0x00, 0x01, 0x01, 0x1d,
  0x4d, 0x00, 0x04, 0x04, 0x02, 0x61, 0x00, 0x02, 0x02, 0x1b, 0x4d, 0x06,
  0x01, 0x03, 0x03, 0x19, 0x03, 0x4e, 0x59, 0x40, 0x10, 0x00, 0x00, 0x26,
  0x24, 0x1e, 0x1c, 0x00, 0x18, 0x00, 0x18, 0x28, 0x25, 0x11, 0x07, 0x07,
  0x19, 0x2b, 0x17, 0x11, 0x33, 0x15, 0x33, 0x3e, 0x02, 0x33, 0x32, 0x1e,
  0x02, 0x15, 0x14, 0x0e, 0x02, 0x23, 0x22, 0x26, 0x26, 0x27, 0x23, 0x11,
  0x03, 0x14, 0x16, 0x16, 0x33, 0x32, 0x36, 0x36, 0x35, 0x34, 0x26, 0x26,
  0x23, 0x22, 0x06, 0x06, 0x44, 0x98, 0x07, 0x05, 0x23, 0x42, 0x33, 0x3b,
  0x57, 0x3a, 0x1d, 0x1d, 0x3a, 0x57, 0x3b, 0x33, 0x42, 0x23, 0x05, 0x07,
  0x03, 0x1b, 0x37, 0x29, 0x29, 0x37, 0x1b, 0x1b, 0x37, 0x29, 0x29, 0x37,
  0x1b, 0xc3, 0x02, 0xd5, 0x44, 0x07, 0x26, 0x21, 0x2f, 0x4f, 0x62, 0x33,
  0x33, 0x62, 0x4f, 0x2f, 0x21, 0x26, 0x07, 0xfe, 0xf9, 0x01, 0xcc, 0x25,
  0x46, 0x2d, 0x2d, 0x46, 0x25, 0x25, 0x46, 0x2d, 0x2d, 0x46, 0x00, 0x00,
  0x00, 0x02, 0x00, 0x44, 0xff, 0x3d, 0x02, 0x69, 0x02, 0xf8, 0x00, 0x18,
  0x00, 0x28, 0x00, 0x6a, 0x40, 0x0a, 0x03, 0x01, 0x05, 0x01, 0x16, 0x01,
  0x02, 0x04, 0x02, 0x4c, 0x4b, 0xb0, 0x2f, 0x50, 0x58, 0x40, 0x20, 0x00,
  0x00, 0x00, 0x16, 0x4d, 0x00, 0x05, 0x05, 0x01, 0x61, 0x00, 0x01, 0x01,
  0x1d, 0x4d, 0x00, 0x04, 0x04, 0x02, 0x61, 0x00, 0x02, 0x02, 0x1b, 0x4d,
  0x06, 0x01, 0x03, 0x03, 0x19, 0x03, 0x4e, 0x1b, 0x40, 0x20, 0x00, 0x05,
  0x05, 0x01, 0x61, 0x00, 0x01, 0x01, 0x1d, 0x4d, 0x00, 0x04, 0x04, 0x02,
  0x61, 0x00, 0x02, 0x02, 0x1b, 0x4d, 0x00, 0x00, 0x00, 0x03, 0x5f, 0x06,
  0x01, 0x03, 0x03, 0x19, 0x03, 0x4e, 0x59, 0x40, 0x10, 0x00, 0x00, 0x26,
  0x24, 0x1e, 0x1c, 0x00, 0x18, 0x00, 0x18, 0x28, 0x25, 0x11, 0x07, 0x07,
  0x19, 0x2b, 0x17, 0x11, 0x33, 0x11, 0x33, 0x3e, 0x02, 0x33, 0x32, 0x1e,
  0x02, 0x15, 0x14, 0x0e, 0x02, 0x23, 0x22, 0x26, 0x26, 0x27, 0x23, 0x11,
  0x03, 0x14, 0x16, 0x16, 0x33, 0x32, 0x36, 0x36, 0x35, 0x34, 0x26, 0x26,
  0x23, 0x22, 0x06, 0x06, 0x44, 0x98, 0x07, 0x05, 0x23, 0x42, 0x33, 0x3b,
  0x57, 0x3a, 0x1d, 0x1d, 0x3a, 0x57, 0x3b, 0x33, 0x42, 0x23, 0x05, 0x07,
  0x03, 0x1b, 0x37, 0x29, 0x29, 0x37, 0x1b, 0x1b, 0x37, 0x29, 0x29, 0x37,
  0x1b, 0xc3, 0x03, 0xbb, 0xfe, 0xd6, 0x07, 0x26, 0x21, 0x2f, 0x4f, 0x62,
  0x33, 0x33, 0x62, 0x4f, 0x2f, 0x21, 0x26, 0x07, 0xfe, 0xf9, 0x01, 0xcc,
  0x25, 0x46, 0x2d, 0x2d, 0x46, 0x25, 0x25, 0x46, 0x2d, 0x2d, 0x46, 0x00,
  0x00, 0x02, 0x00, 0x33, 0xff, 0x3d, 0x02, 0x58, 0x02, 0x1c, 0x00, 0x18,
  0x00, 0x28, 0x00, 0x7f, 0x4b, 0xb0, 0x17, 0x50, 0x58, 0x40, 0x0a, 0x14,
  0x01, 0x05, 0x01, 0x01, 0x01, 0x00, 0x04, 0x02, 0x4c, 0x1b, 0x40, 0x0a,
  0x14, 0x01, 0x05, 0x02, 0x01, 0x01, 0x00, 0x04, 0x02, 0x4c, 0x59, 0x4b,
  0xb0, 0x17, 0x50, 0x58, 0x40, 0x1d, 0x00, 0x05, 0x05, 0x01, 0x61, 0x02,
  0x01, 0x01, 0x01, 0x1d, 0x4d, 0x07, 0x01, 0x04, 0x04, 0x00, 0x61, 0x00,
  0x00, 0x00, 0x1b, 0x4d, 0x06, 0x01, 0x03, 0x03, 0x19, 0x03, 0x4e, 0x1b,
  0x40, 0x21, 0x00, 0x02, 0x02, 0x17, 0x4d, 0x00, 0x05, 0x05, 0x01, 0x61,
  0x00, 0x01, 0x01, 0x1d, 0x4d, 0x07, 0x01, 0x04, 0x04, 0x00, 0x61, 0x00,
  0x00, 0x00, 0x1b, 0x4d, 0x06, 0x01, 0x03, 0x03, 0x19, 0x03, 0x4e, 0x59,
  0x40, 0x14, 0x1a, 0x19, 0x00, 0x00, 0x22, 0x20, 0x19, 0x28, 0x1a, 0x28,
  0x00, 0x18, 0x00, 0x18, 0x15, 0x28, 0x25, 0x08, 0x07, 0x19, 0x2b, 0x05,
  0x11, 0x23, 0x0e, 0x02, 0x23, 0x22, 0x2e, 0x02, 0x35, 0x34, 0x3e, 0x02,
  0x33, 0x32, 0x16, 0x16, 0x17, 0x33, 0x35, 0x33, 0x11, 0x01, 0x32, 0x36,
  0x36, 0x35, 0x34, 0x26, 0x26, 0x23, 0x22, 0x06, 0x06, 0x15, 0x14, 0x16,
  0x16, 0x01, 0xc0, 0x08, 0x04, 0x23, 0x42, 0x33, 0x3b, 0x57, 0x3a, 0x1d,
  0x1d, 0x3a, 0x57, 0x3b, 0x33, 0x42, 0x23, 0x04, 0x08, 0x98, 0xfe, 0xf0,
  0x29, 0x37, 0x1b, 0x1b, 0x37, 0x29, 0x29, 0x37, 0x1b, 0x1b, 0x37, 0xc3,
  0x01, 0x07, 0x07, 0x26, 0x21, 0x2f, 0x4f, 0x62, 0x33, 0x33, 0x62, 0x4f,
  0x2f, 0x21, 0x26, 0x07, 0x44, 0xfd, 0x2b, 0x01, 0x34, 0x2d, 0x46, 0x25,
  0x25, 0x46, 0x2d, 0x2d, 0x46, 0x25, 0x25, 0x46, 0x2d, 0x00, 0x00, 0x00,
  0x00, 0x01, 0x00, 0x3a, 0x00, 0x00, 0x01, 0x93, 0x02, 0x1c, 0x00, 0x13,
  0x00, 0x4e, 0x40, 0x0a, 0x03, 0x01, 0x02, 0x00, 0x0c, 0x01, 0x03, 0x02,
  0x02, 0x4c, 0x4b, 0xb0, 0x17, 0x50, 0x58, 0x40, 0x12, 0x00, 0x02, 0x02,
  0x00, 0x61, 0x01, 0x01, 0x00, 0x00, 0x17, 0x4d, 0x04, 0x01, 0x03, 0x03,
  0x15, 0x03, 0x4e, 0x1b, 0x40, 0x16, 0x00, 0x00, 0x00, 0x17, 0x4d, 0x00,
  0x02, 0x02, 0x01, 0x61, 0x00, 0x01, 0x01, 0x1d, 0x4d, 0x04, 0x01, 0x03,
  0x03, 0x15, 0x03, 0x4e, 0x59, 0x40, 0x0c, 0x00, 0x00, 0x00, 0x13, 0x00,
  0x13, 0x25, 0x25, 0x11, 0x05, 0x07, 0x19, 0x2b, 0x33, 0x11, 0x33, 0x15,
  0x33, 0x3e, 0x02, 0x33, 0x32, 0x16, 0x31, 0x15, 0x30, 0x26, 0x23, 0x22,
  0x06, 0x15, 0x15, 0x3a, 0x97, 0x05, 0x09, 0x20, 0x38, 0x2c, 0x16, 0x1a,
  0x1d, 0x17, 0x47, 0x46, 0x02, 0x12, 0x4d, 0x15, 0x28, 0x1a, 0x05, 0x96,
  0x06, 0x4d, 0x57, 0xe3, 0x00, 0x02, 0x00, 0x48, 0x00, 0x00, 0x01, 0xa1,
  0x03, 0x10, 0x00, 0x03, 0x00, 0x17, 0x00, 0x85, 0x40, 0x0a, 0x07, 0x01,
  0x04, 0x02, 0x10, 0x01, 0x05, 0x04, 0x02, 0x4c, 0x4b, 0xb0, 0x16, 0x50,
  0x58, 0x40, 0x1c, 0x00, 0x00, 0x00, 0x01, 0x5f, 0x00, 0x01, 0x01, 0x16,
  0x4d, 0x00, 0x04, 0x04, 0x02, 0x61, 0x03, 0x01, 0x02, 0x02, 0x17, 0x4d,
  0x06, 0x01, 0x05, 0x05, 0x15, 0x05, 0x4e, 0x1b, 0x4b, 0xb0, 0x17, 0x50,
  0x58, 0x40, 0x1a, 0x00, 0x01, 0x00, 0x00, 0x02, 0x01, 0x00, 0x67, 0x00,
  0x04, 0x04, 0x02, 0x61, 0x03, 0x01, 0x02, 0x02, 0x17, 0x4d, 0x06, 0x01,
  0x05, 0x05, 0x15, 0x05, 0x4e, 0x1b, 0x40, 0x1e, 0x00, 0x01, 0x00, 0x00,
  0x03, 0x01, 0x00, 0x67, 0x00, 0x02, 0x02, 0x17, 0x4d, 0x00, 0x04, 0x04,
  0x03, 0x61, 0x00, 0x03, 0x03, 0x1d, 0x4d, 0x06, 0x01, 0x05, 0x05, 0x15,
  0x05, 0x4e, 0x59, 0x59, 0x40, 0x0e, 0x04, 0x04, 0x04, 0x17, 0x04, 0x17,
  0x25, 0x25, 0x12, 0x11, 0x10, 0x07, 0x07, 0x1b, 0x2b, 0x01, 0x27, 0x37,
  0x33, 0x01, 0x11, 0x33, 0x15, 0x33, 0x3e, 0x02, 0x33, 0x32, 0x16, 0x31,
  0x15, 0x30, 0x26, 0x23, 0x22, 0x06, 0x15, 0x15, 0x01, 0x1a, 0x70, 0x50,
  0x8e, 0xfe, 0xc0, 0x97, 0x05, 0x09, 0x20, 0x38, 0x2c, 0x16, 0x1a, 0x1d,
  0x17, 0x47, 0x46, 0x02, 0x5b, 0x01, 0xb4, 0xfc, 0xf0, 0x02, 0x12, 0x4d,
  0x15, 0x28, 0x1a, 0x05, 0x96, 0x06, 0x4d, 0x57, 0xe3, 0x00, 0x00, 0x00,
  0x00, 0x02, 0x00, 0x23, 0x00, 0x00, 0x01, 0xa1, 0x03, 0x04, 0x00, 0x06,
  0x00, 0x1a, 0x00, 0xa6, 0x40, 0x0e, 0x03, 0x01, 0x02, 0x00, 0x0a, 0x01,
  0x05, 0x03, 0x13, 0x01, 0x06, 0x05, 0x03, 0x4c, 0x4b, 0xb0, 0x17, 0x50,
  0x58, 0x40, 0x21, 0x07, 0x01, 0x02, 0x00, 0x03, 0x00, 0x02, 0x03, 0x80,
  0x01, 0x01, 0x00, 0x00, 0x16, 0x4d, 0x00, 0x05, 0x05, 0x03, 0x61, 0x04,
  0x01, 0x03, 0x03, 0x17, 0x4d, 0x08, 0x01, 0x06, 0x06, 0x15, 0x06, 0x4e,
  0x1b, 0x4b, 0xb0, 0x2a, 0x50, 0x58, 0x40, 0x25, 0x07, 0x01, 0x02, 0x00,
  0x04, 0x00, 0x02, 0x04, 0x80, 0x01, 0x01, 0x00, 0x00, 0x16, 0x4d, 0x00,
  0x03, 0x03, 0x17, 0x4d, 0x00, 0x05, 0x05, 0x04, 0x61, 0x00, 0x04, 0x04,
  0x1d, 0x4d, 0x08, 0x01, 0x06, 0x06, 0x15, 0x06, 0x4e, 0x1b, 0x40, 0x22,
  0x01, 0x01, 0x00, 0x02, 0x00, 0x85, 0x07, 0x01, 0x02, 0x04, 0x02, 0x85,
  0x00, 0x03, 0x03, 0x17, 0x4d, 0x00, 0x05, 0x05, 0x04, 0x61, 0x00, 0x04,
  0x04, 0x1d, 0x4d, 0x08, 0x01, 0x06, 0x06, 0x15, 0x06, 0x4e, 0x59, 0x59,
  0x40, 0x17, 0x07, 0x07, 0x00, 0x00, 0x07, 0x1a, 0x07, 0x1a, 0x17, 0x15,
  0x10, 0x0e, 0x09, 0x08, 0x00, 0x06, 0x00, 0x06, 0x12, 0x11, 0x09, 0x07,
  0x18, 0x2b, 0x13, 0x27, 0x33, 0x17, 0x37, 0x33, 0x07, 0x03, 0x11, 0x33,
  0x15, 0x33, 0x3e, 0x02, 0x33, 0x32, 0x16, 0x31, 0x15, 0x30, 0x26, 0x23,
  0x22, 0x06, 0x15, 0x15, 0xa5, 0x82, 0x77, 0x47, 0x47, 0x77, 0x82, 0xd5,
  0x97, 0x05, 0x09, 0x20, 0x38, 0x2c, 0x16, 0x1a, 0x1d, 0x17, 0x47, 0x46,
  0x02, 0x50, 0xb4, 0x68, 0x68, 0xb4, 0xfd, 0xb0, 0x02, 0x12, 0x4d, 0x15,
  0x28, 0x1a, 0x05, 0x96, 0x06, 0x4d, 0x57, 0xe3, 0x00, 0x01, 0x00, 0x2e,
  0xff, 0xf6, 0x01, 0xf1, 0x02, 0x1c, 0x00, 0x32, 0x00, 0x3b, 0x40, 0x38,
  0x00, 0x04, 0x05, 0x01, 0x05, 0x04, 0x01, 0x80, 0x00, 0x01, 0x02, 0x05,
  0x01, 0x02, 0x7e, 0x00, 0x05, 0x05, 0x03, 0x61, 0x00, 0x03, 0x03, 0x1d,
  0x4d, 0x00, 0x02, 0x02, 0x00, 0x61, 0x06, 0x01, 0x00, 0x00, 0x1b, 0x00,
  0x4e, 0x01, 0x00, 0x26, 0x24, 0x21, 0x1f, 0x1b, 0x19, 0x0d, 0x0b, 0x07,
  0x05, 0x00, 0x32, 0x01, 0x32, 0x07, 0x07, 0x16, 0x2b, 0x05, 0x22, 0x2e,
  0x03, 0x31, 0x33, 0x30, 0x1e, 0x02, 0x33, 0x32, 0x36, 0x35, 0x34, 0x27,
  0x27, 0x2e, 0x02, 0x35, 0x34, 0x36, 0x36, 0x33, 0x32, 0x1e, 0x03, 0x31,
  0x23, 0x30, 0x26, 0x26, 0x23, 0x22, 0x06, 0x15, 0x14, 0x16, 0x17, 0x17,
  0x16, 0x16, 0x15, 0x14, 0x06, 0x06, 0x01, 0x19, 0x42, 0x56, 0x33, 0x19,
  0x07, 0x8d, 0x06, 0x15, 0x28, 0x22, 0x2a, 0x1f, 0x3b, 0x48, 0x2e, 0x51,
  0x31, 0x32, 0x5d, 0x41, 0x3d, 0x51, 0x30, 0x18, 0x07, 0x88, 0x0c, 0x25,
  0x26, 0x27, 0x1e, 0x23, 0x1c, 0x45, 0x4c, 0x62, 0x32, 0x60, 0x0a, 0x24,
  0x35, 0x35, 0x24, 0x14, 0x1a, 0x14, 0x22, 0x11, 0x24, 0x0c, 0x0e, 0x09,
  0x23, 0x3f, 0x32, 0x30, 0x4c, 0x2c, 0x21, 0x31, 0x31, 0x21, 0x1b, 0x1b,
  0x1f, 0x11, 0x14, 0x14, 0x06, 0x0e, 0x0f, 0x4b, 0x47, 0x30, 0x4e, 0x2d,
  0x00, 0x02, 0x00, 0x30, 0xff, 0xf6, 0x01, 0xf3, 0x03, 0x10, 0x00, 0x03,
  0x00, 0x36, 0x00, 0x7f, 0x4b, 0xb0, 0x16, 0x50, 0x58, 0x40, 0x2f, 0x00,
  0x06, 0x07, 0x03, 0x07, 0x06, 0x03, 0x80, 0x00, 0x03, 0x04, 0x07, 0x03,
  0x04, 0x7e, 0x00, 0x00, 0x00, 0x01, 0x5f, 0x00, 0x01, 0x01, 0x16, 0x4d,
  0x00, 0x07, 0x07, 0x05, 0x61, 0x00, 0x05, 0x05, 0x1d, 0x4d, 0x00, 0x04,
  0x04, 0x02, 0x61, 0x08, 0x01, 0x02, 0x02, 0x1b, 0x02, 0x4e, 0x1b, 0x40,
  0x2d, 0x00, 0x06, 0x07, 0x03, 0x07, 0x06, 0x03, 0x80, 0x00, 0x03, 0x04,
  0x07, 0x03, 0x04, 0x7e, 0x00, 0x01, 0x00, 0x00, 0x05, 0x01, 0x00, 0x67,
  0x00, 0x07, 0x07, 0x05, 0x61, 0x00, 0x05, 0x05, 0x1d, 0x4d, 0x00, 0x04,
  0x04, 0x02, 0x61, 0x08, 0x01, 0x02, 0x02, 0x1b, 0x02, 0x4e, 0x59, 0x40,
  0x15, 0x05, 0x04, 0x2a, 0x28, 0x25, 0x23, 0x1f, 0x1d, 0x11, 0x0f, 0x0b,
  0x09, 0x04, 0x36, 0x05, 0x36, 0x11, 0x10, 0x09, 0x07, 0x18, 0x2b, 0x01,
  0x27, 0x37, 0x33, 0x03, 0x22, 0x2e, 0x03, 0x31, 0x33, 0x30, 0x1e, 0x02,
  0x33, 0x32, 0x36, 0x35, 0x34, 0x27, 0x27, 0x2e, 0x02, 0x35, 0x34, 0x36,
  0x36, 0x33, 0x32, 0x1e, 0x03, 0x31, 0x23, 0x30, 0x26, 0x26, 0x23, 0x22,
  0x06, 0x15, 0x14, 0x16, 0x17, 0x17, 0x16, 0x16, 0x15, 0x14, 0x06, 0x06,
  0x01, 0x53, 0x70, 0x50, 0x8d, 0xa4, 0x42, 0x57, 0x33, 0x18, 0x08, 0x8d,
  0x07, 0x14, 0x29, 0x22, 0x29, 0x1f, 0x3a, 0x49, 0x2e, 0x50, 0x32, 0x32,
  0x5d, 0x42, 0x3d, 0x50, 0x31, 0x17, 0x08, 0x89, 0x0c, 0x25, 0x26, 0x26,
  0x1f, 0x24, 0x1c, 0x44, 0x4c, 0x62, 0x32, 0x60, 0x02, 0x5b, 0x01, 0xb4,
  0xfc, 0xe6, 0x24, 0x35, 0x35, 0x24, 0x14, 0x1a, 0x14, 0x22, 0x11, 0x24,
  0x0c, 0x0e, 0x09, 0x23, 0x3f, 0x32, 0x30, 0x4c, 0x2c, 0x21, 0x31, 0x31,
  0x21, 0x1b, 0x1b, 0x1f, 0x11, 0x14, 0x14, 0x06, 0x0e, 0x0f, 0x4b, 0x47,
  0x30, 0x4e, 0x2d, 0x00, 0x00, 0x02, 0x00, 0x30, 0xff, 0xf6, 0x01, 0xf3,
  0x02, 0xef, 0x00, 0x06, 0x00, 0x39, 0x00, 0x8b, 0xb5, 0x02, 0x01, 0x02,
  0x00, 0x01, 0x4c, 0x4b, 0xb0, 0x2f, 0x50, 0x58, 0x40, 0x31, 0x00, 0x02,
  0x00, 0x06, 0x00, 0x02, 0x06, 0x80, 0x00, 0x04, 0x07, 0x05, 0x07, 0x04,
  0x05, 0x80, 0x00, 0x08, 0x08, 0x06, 0x61, 0x00, 0x06, 0x06, 0x1d, 0x4d,
  0x00, 0x07, 0x07, 0x00, 0x5f, 0x01, 0x01, 0x00, 0x00, 0x16, 0x4d, 0x00,
  0x05, 0x05, 0x03, 0x61, 0x09, 0x01, 0x03, 0x03, 0x1b, 0x03, 0x4e, 0x1b,
  0x40, 0x2f, 0x00, 0x02, 0x00, 0x06, 0x00, 0x02, 0x06, 0x80, 0x00, 0x04,
  0x07, 0x05, 0x07, 0x04, 0x05, 0x80, 0x01, 0x01, 0x00, 0x00, 0x07, 0x04,
  0x00, 0x07, 0x67, 0x00, 0x08, 0x08, 0x06, 0x61, 0x00, 0x06, 0x06, 0x1d,
  0x4d, 0x00, 0x05, 0x05, 0x03, 0x61, 0x09, 0x01, 0x03, 0x03, 0x1b, 0x03,
  0x4e, 0x59, 0x40, 0x16, 0x08, 0x07, 0x2d, 0x2b, 0x28, 0x26, 0x22, 0x20,
  0x14, 0x12, 0x0e, 0x0c, 0x07, 0x39, 0x08, 0x39, 0x11, 0x12, 0x10, 0x0a,
  0x07, 0x19, 0x2b, 0x13, 0x33, 0x17, 0x37, 0x33, 0x07, 0x23, 0x13, 0x22,
  0x2e, 0x03, 0x31, 0x33, 0x30, 0x1e, 0x02, 0x33, 0x32, 0x36, 0x35, 0x34,
  0x27, 0x27, 0x2e, 0x02, 0x35, 0x34, 0x36, 0x36, 0x33, 0x32, 0x1e, 0x03,
  0x31, 0x23, 0x30, 0x26, 0x26, 0x23, 0x22, 0x06, 0x15, 0x14, 0x16, 0x17,
  0x17, 0x16, 0x16, 0x15, 0x14, 0x06, 0x06, 0x5c, 0x77, 0x47, 0x46, 0x77,
  0x81, 0x79, 0x3f, 0x42, 0x57, 0x33, 0x18, 0x08, 0x8d, 0x07, 0x14, 0x29,
  0x22, 0x29, 0x1f, 0x3a, 0x49, 0x2e, 0x50, 0x32, 0x32, 0x5d, 0x42, 0x3d,
  0x50, 0x31, 0x17, 0x08, 0x89, 0x0c, 0x25, 0x26, 0x26, 0x1f, 0x24, 0x1c,
  0x44, 0x4c, 0x62, 0x32, 0x60, 0x02, 0xef, 0x55, 0x55, 0x9a, 0xfd, 0xa1,
  0x24, 0x35, 0x35, 0x24, 0x14, 0x1a, 0x14, 0x22, 0x11, 0x24, 0x0c, 0x0e,
  0x09, 0x23, 0x3f, 0x32, 0x30, 0x4c, 0x2c, 0x21, 0x31, 0x31, 0x21, 0x1b,
  0x1b, 0x1f, 0x11, 0x14, 0x14, 0x06, 0x0e, 0x0f, 0x4b, 0x47, 0x30, 0x4e,
  0x2d, 0x00, 0x00, 0x00, 0x00, 0x01, 0x00, 0x30, 0xfe, 0xfb, 0x01, 0xf3,
  0x02, 0x1c, 0x00, 0x4e, 0x00, 0x5d, 0x40, 0x5a, 0x13, 0x01, 0x08, 0x04,
  0x46, 0x12, 0x02, 0x02, 0x08, 0x04, 0x01, 0x01, 0x02, 0x03, 0x4c, 0x00,
  0x06, 0x07, 0x03, 0x07, 0x06, 0x03, 0x80, 0x00, 0x03, 0x04, 0x07, 0x03,
  0x04, 0x7e, 0x00, 0x08, 0x04, 0x02, 0x04, 0x08, 0x02, 0x80, 0x00, 0x04,
  0x00, 0x02, 0x01, 0x04, 0x02, 0x69, 0x00, 0x01, 0x09, 0x01, 0x00, 0x01,
  0x00, 0x66, 0x00, 0x07, 0x07, 0x05, 0x61, 0x00, 0x05, 0x05, 0x1d, 0x07,
  0x4e, 0x01, 0x00, 0x49, 0x47, 0x39, 0x37, 0x34, 0x32, 0x2e, 0x2c, 0x20,
  0x1e, 0x1a, 0x18, 0x0f, 0x0d, 0x09, 0x07, 0x00, 0x4e, 0x01, 0x4e, 0x0a,
  0x07, 0x16, 0x2b, 0x01, 0x22, 0x26, 0x31, 0x35, 0x30, 0x16, 0x16, 0x33,
  0x32, 0x36, 0x35, 0x34, 0x26, 0x23, 0x22, 0x06, 0x31, 0x27, 0x37, 0x2e,
  0x04, 0x31, 0x33, 0x30, 0x1e, 0x02, 0x33, 0x32, 0x36, 0x35, 0x34, 0x27,
  0x27, 0x2e, 0x02, 0x35, 0x34, 0x36, 0x36, 0x33, 0x32, 0x1e, 0x03, 0x31,
  0x23, 0x30, 0x26, 0x26, 0x23, 0x22, 0x06, 0x15, 0x14, 0x16, 0x17, 0x17,
  0x16, 0x16, 0x15, 0x14, 0x06, 0x07, 0x07, 0x36, 0x33, 0x32, 0x16, 0x15,
  0x14, 0x06, 0x06, 0x01, 0x04, 0x1c, 0x36, 0x19, 0x22, 0x0f, 0x2b, 0x1e,
  0x16, 0x14, 0x17, 0x20, 0x35, 0x2e, 0x30, 0x3f, 0x26, 0x12, 0x06, 0x8d,
  0x07, 0x14, 0x29, 0x22, 0x29, 0x1f, 0x3a, 0x49, 0x2e, 0x50, 0x32, 0x32,
  0x5d, 0x42, 0x3d, 0x50, 0x31, 0x17, 0x08, 0x89, 0x0c, 0x25, 0x26, 0x26,
  0x1f, 0x24, 0x1c, 0x44, 0x4c, 0x62, 0x60, 0x5a, 0x16, 0x0a, 0x0c, 0x31,
  0x38, 0x21, 0x46, 0xfe, 0xfb, 0x07, 0x4e, 0x03, 0x03, 0x1c, 0x0e, 0x0e,
  0x12, 0x13, 0x36, 0x44, 0x09, 0x29, 0x30, 0x2d, 0x1e, 0x14, 0x1a, 0x14,
  0x22, 0x11, 0x24, 0x0c, 0x0e, 0x09, 0x23, 0x3f, 0x32, 0x30, 0x4c, 0x2c,
  0x21, 0x31, 0x31, 0x21, 0x1b, 0x1b, 0x1f, 0x11, 0x14, 0x14, 0x06, 0x0e,
  0x0f, 0x4b, 0x47, 0x43, 0x5f, 0x08, 0x1f, 0x02, 0x3c, 0x2b, 0x1f, 0x37,
  0x22, 0x00, 0x00, 0x00, 0x00, 0x01, 0x00, 0x44, 0xff, 0xf6, 0x02, 0x8b,
  0x02, 0xfa, 0x00, 0x33, 0x00, 0x9b, 0x40, 0x0a, 0x08, 0x01, 0x03, 0x04,
  0x17, 0x01, 0x02, 0x03, 0x02, 0x4c, 0x4b, 0xb0, 0x1b, 0x50, 0x58, 0x40,
  0x1f, 0x00, 0x04, 0x00, 0x03, 0x02, 0x04, 0x03, 0x67, 0x00, 0x05, 0x05,
  0x00, 0x61, 0x07, 0x01, 0x00, 0x00, 0x16, 0x4d, 0x00, 0x02, 0x02, 0x01,
  0x61, 0x06, 0x01, 0x01, 0x01, 0x1b, 0x01, 0x4e, 0x1b, 0x4b, 0xb0, 0x2f,
  0x50, 0x58, 0x40, 0x23, 0x00, 0x04, 0x00, 0x03, 0x02, 0x04, 0x03, 0x67,
  0x00, 0x05, 0x05, 0x00, 0x61, 0x07, 0x01, 0x00, 0x00, 0x16, 0x4d, 0x00,
  0x06, 0x06, 0x15, 0x4d, 0x00, 0x02, 0x02, 0x01, 0x61, 0x00, 0x01, 0x01,
  0x1b, 0x01, 0x4e, 0x1b, 0x40, 0x21, 0x07, 0x01, 0x00, 0x00, 0x05, 0x04,
  0x00, 0x05, 0x69, 0x00, 0x04, 0x00, 0x03, 0x02, 0x04, 0x03, 0x67, 0x00,
  0x06, 0x06, 0x15, 0x4d, 0x00, 0x02, 0x02, 0x01, 0x61, 0x00, 0x01, 0x01,
  0x1b, 0x01, 0x4e, 0x59, 0x59, 0x40, 0x15, 0x01, 0x00, 0x2e, 0x2d, 0x2a,
  0x28, 0x24, 0x22, 0x21, 0x1f, 0x1b, 0x19, 0x14, 0x12, 0x00, 0x33, 0x01,
  0x33, 0x08, 0x07, 0x16, 0x2b, 0x01, 0x32, 0x16, 0x16, 0x15, 0x14, 0x06,
  0x06, 0x07, 0x15, 0x30, 0x1e, 0x03, 0x15, 0x14, 0x06, 0x06, 0x23, 0x22,
  0x26, 0x31, 0x35, 0x30, 0x16, 0x33, 0x32, 0x36, 0x35, 0x34, 0x26, 0x23,
  0x23, 0x35, 0x33, 0x32, 0x36, 0x35, 0x34, 0x26, 0x23, 0x22, 0x06, 0x15,
  0x11, 0x23, 0x11, 0x34, 0x3e, 0x02, 0x01, 0x61, 0x48, 0x7b, 0x4c, 0x25,
  0x36, 0x1b, 0x1e, 0x2b, 0x2b, 0x1d, 0x49, 0x80, 0x51, 0x25, 0x33, 0x30,
  0x1a, 0x49, 0x44, 0x3f, 0x3a, 0x48, 0x3e, 0x32, 0x39, 0x41, 0x33, 0x3d,
  0x4b, 0x98, 0x20, 0x43, 0x6d, 0x02, 0xfa, 0x32, 0x5d, 0x42, 0x2e, 0x44,
  0x2b, 0x09, 0x06, 0x09, 0x17, 0x28, 0x3d, 0x2c, 0x42, 0x60, 0x34, 0x08,
  0x7d, 0x06, 0x40, 0x2c, 0x2c, 0x36, 0x78, 0x36, 0x28, 0x2b, 0x37, 0x51,
  0x4f, 0xfe, 0x24, 0x01, 0xdb, 0x33, 0x66, 0x54, 0x33, 0x00, 0x00, 0x00,
  0x00, 0x01, 0x00, 0x1d, 0xff, 0xf6, 0x01, 0x8b, 0x02, 0x95, 0x00, 0x19,
  0x00, 0x3b, 0x40, 0x38, 0x17, 0x01, 0x00, 0x06, 0x01, 0x4c, 0x00, 0x03,
  0x02, 0x03, 0x85, 0x05, 0x01, 0x01, 0x01, 0x02, 0x5f, 0x04, 0x01, 0x02,
  0x02, 0x17, 0x4d, 0x00, 0x06, 0x06, 0x00, 0x62, 0x07, 0x01, 0x00, 0x00,
  0x1b, 0x00, 0x4e, 0x01, 0x00, 0x14, 0x12, 0x0f, 0x0e, 0x0d, 0x0c, 0x0b,
  0x0a, 0x09, 0x08, 0x07, 0x06, 0x00, 0x19, 0x01, 0x19, 0x08, 0x07, 0x16,
  0x2b, 0x05, 0x22, 0x2e, 0x02, 0x35, 0x35, 0x23, 0x35, 0x33, 0x35, 0x33,
  0x15, 0x33, 0x15, 0x23, 0x15, 0x14, 0x16, 0x33, 0x32, 0x36, 0x31, 0x15,
  0x30, 0x06, 0x01, 0x31, 0x3e, 0x4a, 0x26, 0x0c, 0x5a, 0x5a, 0x98, 0x71,
  0x71, 0x23, 0x29, 0x12, 0x1e, 0x36, 0x0a, 0x25, 0x39, 0x40, 0x1b, 0xea,
  0x79, 0x83, 0x83, 0x79, 0xe6, 0x21, 0x24, 0x06, 0x75, 0x09, 0x00, 0x00,
  0x00, 0x01, 0x00, 0x1d, 0xff, 0xf6, 0x01, 0x8b, 0x02, 0x95, 0x00, 0x21,
  0x00, 0x44, 0x40, 0x41, 0x18, 0x01, 0x09, 0x08, 0x01, 0x4c, 0x00, 0x03,
  0x02, 0x03, 0x85, 0x06, 0x01, 0x00, 0x0b, 0x0a, 0x02, 0x07, 0x08, 0x00,
  0x07, 0x67, 0x05, 0x01, 0x01, 0x01, 0x02, 0x5f, 0x04, 0x01, 0x02, 0x02,
  0x17, 0x4d, 0x00, 0x08, 0x08, 0x09, 0x62, 0x00, 0x09, 0x09, 0x1b, 0x09,
  0x4e, 0x00, 0x00, 0x00, 0x21, 0x00, 0x21, 0x1c, 0x1a, 0x23, 0x11, 0x11,
  0x11, 0x11, 0x11, 0x11, 0x11, 0x11, 0x0c, 0x07, 0x1f, 0x2b, 0x37, 0x35,
  0x33, 0x35, 0x23, 0x35, 0x33, 0x35, 0x33, 0x15, 0x33, 0x15, 0x23, 0x15,
  0x33, 0x15, 0x23, 0x15, 0x14, 0x16, 0x33, 0x32, 0x36, 0x31, 0x15, 0x30,
  0x06, 0x23, 0x22, 0x2e, 0x02, 0x35, 0x35, 0x28, 0x4f, 0x5a, 0x5a, 0x98,
  0x71, 0x71, 0x52, 0x52, 0x23, 0x29, 0x12, 0x1e, 0x36, 0x24, 0x3e, 0x4a,
  0x26, 0x0c, 0xec, 0x6b, 0x42, 0x79, 0x83, 0x83, 0x79, 0x42, 0x6b, 0x39,
  0x21, 0x24, 0x06, 0x75, 0x09, 0x25, 0x39, 0x40, 0x1b, 0x3d, 0x00, 0x00,
  0x00, 0x02, 0x00, 0x1d, 0xff, 0xf6, 0x01, 0xcd, 0x03, 0x30, 0x00, 0x03,
  0x00, 0x1d, 0x00, 0x4e, 0x40, 0x4b, 0x1b, 0x01, 0x02, 0x08, 0x01, 0x4c,
  0x00, 0x05, 0x00, 0x01, 0x00, 0x05, 0x01, 0x80, 0x00, 0x00, 0x09, 0x01,
  0x01, 0x04, 0x00, 0x01, 0x67, 0x07, 0x01, 0x03, 0x03, 0x04, 0x5f, 0x06,
  0x01, 0x04, 0x04, 0x17, 0x4d, 0x00, 0x08, 0x08, 0x02, 0x62, 0x0a, 0x01,
  0x02, 0x02, 0x1b, 0x02, 0x4e, 0x05, 0x04, 0x00, 0x00, 0x18, 0x16, 0x13,
  0x12, 0x11, 0x10, 0x0f, 0x0e, 0x0d, 0x0c, 0x0b, 0x0a, 0x04, 0x1d, 0x05,
  0x1d, 0x00, 0x03, 0x00, 0x03, 0x11, 0x0b, 0x07, 0x17, 0x2b, 0x01, 0x37,
  0x33, 0x07, 0x03, 0x22, 0x2e, 0x02, 0x35, 0x35, 0x23, 0x35, 0x33, 0x35,
  0x33, 0x15, 0x33, 0x15, 0x23, 0x15, 0x14, 0x16, 0x33, 0x32, 0x36, 0x31,
  0x15, 0x30, 0x06, 0x01, 0x45, 0x0a, 0x7e, 0x34, 0x68, 0x3e, 0x4a, 0x26,
  0x0c, 0x5a, 0x5a, 0x98, 0x71, 0x71, 0x23, 0x29, 0x12, 0x1e, 0x36, 0x02,
  0x4f, 0xe1, 0xe1, 0xfd, 0xa7, 0x25, 0x39, 0x40, 0x1b, 0xea, 0x79, 0x83,
  0x83, 0x79, 0xe6, 0x21, 0x24, 0x06, 0x75, 0x09, 0x00, 0x01, 0x00, 0x1d,
  0xfe, 0xfb, 0x01, 0x96, 0x02, 0x95, 0x00, 0x36, 0x00, 0x5a, 0x40, 0x57,
  0x34, 0x1e, 0x02, 0x0a, 0x09, 0x1d, 0x02, 0x02, 0x03, 0x00, 0x0f, 0x01,
  0x02, 0x03, 0x03, 0x4c, 0x00, 0x06, 0x05, 0x06, 0x85, 0x00, 0x00, 0x0a,
  0x03, 0x0a, 0x00, 0x03, 0x80, 0x00, 0x03, 0x02, 0x0a, 0x03, 0x02, 0x7e,
  0x00, 0x02, 0x00, 0x01, 0x02, 0x01, 0x66, 0x08, 0x01, 0x04, 0x04, 0x05,
  0x5f, 0x07, 0x01, 0x05, 0x05, 0x17, 0x4d, 0x00, 0x09, 0x09, 0x0a, 0x61,
  0x0b, 0x01, 0x0a, 0x0a, 0x1b, 0x0a, 0x4e, 0x00, 0x00, 0x00, 0x36, 0x00,
  0x36, 0x31, 0x2f, 0x11, 0x11, 0x11, 0x11, 0x19, 0x24, 0x26, 0x25, 0x23,
  0x0c, 0x07, 0x1f, 0x2b, 0x05, 0x23, 0x07, 0x36, 0x33, 0x32, 0x16, 0x15,
  0x14, 0x06, 0x06, 0x23, 0x22, 0x26, 0x31, 0x35, 0x30, 0x16, 0x16, 0x33,
  0x32, 0x36, 0x35, 0x34, 0x26, 0x23, 0x22, 0x06, 0x31, 0x27, 0x37, 0x2e,
  0x02, 0x35, 0x35, 0x23, 0x35, 0x33, 0x35, 0x33, 0x15, 0x33, 0x15, 0x23,
  0x15, 0x14, 0x16, 0x33, 0x32, 0x36, 0x31, 0x15, 0x30, 0x06, 0x01, 0x31,
  0x05, 0x15, 0x0a, 0x0c, 0x31, 0x38, 0x21, 0x46, 0x37, 0x1c, 0x36, 0x19,
  0x22, 0x0f, 0x2b, 0x1e, 0x16, 0x14, 0x17, 0x20, 0x35, 0x35, 0x2a, 0x2a,
  0x0d, 0x5a, 0x5a, 0x98, 0x71, 0x71, 0x23, 0x29, 0x12, 0x1e, 0x36, 0x0a,
  0x1e, 0x02, 0x3c, 0x2b, 0x1f, 0x37, 0x22, 0x07, 0x4e, 0x03, 0x03, 0x1c,
  0x0e, 0x0e, 0x12, 0x13, 0x36, 0x4e, 0x10, 0x3b, 0x43, 0x1c, 0xea, 0x79,
  0x83, 0x83, 0x79, 0xe6, 0x21, 0x24, 0x06, 0x75, 0x09, 0x00, 0x00, 0x00,
  0x00, 0x01, 0x00, 0x3a, 0xff, 0xf6, 0x02, 0x12, 0x02, 0x12, 0x00, 0x16,
  0x00, 0x5e, 0x4b, 0xb0, 0x17, 0x50, 0x58, 0xb5, 0x13, 0x01, 0x00, 0x02,
  0x01, 0x4c, 0x1b, 0xb5, 0x13, 0x01, 0x04, 0x02, 0x01, 0x4c, 0x59, 0x4b,
  0xb0, 0x17, 0x50, 0x58, 0x40, 0x13, 0x03, 0x01, 0x01, 0x01, 0x17, 0x4d,
  0x00, 0x02, 0x02, 0x00, 0x62, 0x04, 0x05, 0x02, 0x00, 0x00, 0x1b, 0x00,
  0x4e, 0x1b, 0x40, 0x17, 0x03, 0x01, 0x01, 0x01, 0x17, 0x4d, 0x00, 0x04,
  0x04, 0x15, 0x4d, 0x00, 0x02, 0x02, 0x00, 0x62, 0x05, 0x01, 0x00, 0x00,
  0x1b, 0x00, 0x4e, 0x59, 0x40, 0x11, 0x01, 0x00, 0x12, 0x11, 0x10, 0x0f,
  0x0b, 0x09, 0x06, 0x05, 0x00, 0x16, 0x01, 0x16, 0x06, 0x07, 0x16, 0x2b,
  0x17, 0x22, 0x26, 0x26, 0x35, 0x11, 0x33, 0x11, 0x14, 0x16, 0x33, 0x32,
  0x36, 0x36, 0x35, 0x11, 0x33, 0x11, 0x23, 0x35, 0x23, 0x06, 0x06, 0xdf,
  0x38, 0x49, 0x24, 0x97, 0x28, 0x27, 0x21, 0x27, 0x12, 0x98, 0x98, 0x06,
  0x11, 0x47, 0x0a, 0x30, 0x51, 0x33, 0x01, 0x68, 0xfe, 0xb6, 0x26, 0x2f,
  0x20, 0x32, 0x1c, 0x01, 0x31, 0xfd, 0xee, 0x4b, 0x1f, 0x36, 0x00, 0x00,
  0x00, 0x02, 0x00, 0x43, 0xff, 0xf6, 0x02, 0x1b, 0x03, 0x10, 0x00, 0x03,
  0x00, 0x1a, 0x00, 0x96, 0x4b, 0xb0, 0x17, 0x50, 0x58, 0xb5, 0x17, 0x01,
  0x02, 0x04, 0x01, 0x4c, 0x1b, 0xb5, 0x17, 0x01, 0x06, 0x04, 0x01, 0x4c,
  0x59, 0x4b, 0xb0, 0x16, 0x50, 0x58, 0x40, 0x1d, 0x00, 0x00, 0x00, 0x01,
  0x5f, 0x00, 0x01, 0x01, 0x16, 0x4d, 0x05, 0x01, 0x03, 0x03, 0x17, 0x4d,
  0x00, 0x04, 0x04, 0x02, 0x62, 0x06, 0x07, 0x02, 0x02, 0x02, 0x1b, 0x02,
  0x4e, 0x1b, 0x4b, 0xb0, 0x17, 0x50, 0x58, 0x40, 0x1b, 0x00, 0x01, 0x00,
  0x00, 0x03, 0x01, 0x00, 0x67, 0x05, 0x01, 0x03, 0x03, 0x17, 0x4d, 0x00,
  0x04, 0x04, 0x02, 0x62, 0x06, 0x07, 0x02, 0x02, 0x02, 0x1b, 0x02, 0x4e,
  0x1b, 0x40, 0x1f, 0x00, 0x01, 0x00, 0x00, 0x03, 0x01, 0x00, 0x67, 0x05,
  0x01, 0x03, 0x03, 0x17, 0x4d, 0x00, 0x06, 0x06, 0x15, 0x4d, 0x00, 0x04,
  0x04, 0x02, 0x62, 0x07, 0x01, 0x02, 0x02, 0x1b, 0x02, 0x4e, 0x59, 0x59,
  0x40, 0x13, 0x05, 0x04, 0x16, 0x15, 0x14, 0x13, 0x0f, 0x0d, 0x0a, 0x09,
  0x04, 0x1a, 0x05, 0x1a, 0x11, 0x10, 0x08, 0x07, 0x18, 0x2b, 0x01, 0x27,
  0x37, 0x33, 0x03, 0x22, 0x26, 0x26, 0x35, 0x11, 0x33, 0x11, 0x14, 0x16,
  0x33, 0x32, 0x36, 0x36, 0x35, 0x11, 0x33, 0x11, 0x23, 0x35, 0x23, 0x06,
  0x06, 0x01, 0x67, 0x70, 0x50, 0x8d, 0xec, 0x38, 0x49, 0x24, 0x97, 0x29,
  0x26, 0x21, 0x27, 0x12, 0x98, 0x98, 0x06, 0x11, 0x47, 0x02, 0x5b, 0x01,
  0xb4, 0xfc, 0xe6, 0x30, 0x51, 0x33, 0x01, 0x68, 0xfe, 0xb6, 0x26, 0x2f,
  0x20, 0x32, 0x1c, 0x01, 0x31, 0xfd, 0xee, 0x4b, 0x1f, 0x36, 0x00, 0x00,
  0x00, 0x02, 0x00, 0x43, 0xff, 0xf6, 0x02, 0x1b, 0x03, 0x08, 0x00, 0x06,
  0x00, 0x1d, 0x00, 0xba, 0x4b, 0xb0, 0x17, 0x50, 0x58, 0x40, 0x0a, 0x05,
  0x01, 0x01, 0x00, 0x1a, 0x01, 0x03, 0x05, 0x02, 0x4c, 0x1b, 0x40, 0x0a,
  0x05, 0x01, 0x01, 0x00, 0x1a, 0x01, 0x07, 0x05, 0x02, 0x4c, 0x59, 0x4b,
  0xb0, 0x17, 0x50, 0x58, 0x40, 0x22, 0x08, 0x02, 0x02, 0x01, 0x00, 0x04,
  0x00, 0x01, 0x04, 0x80, 0x00, 0x00, 0x00, 0x16, 0x4d, 0x06, 0x01, 0x04,
  0x04, 0x17, 0x4d, 0x00, 0x05, 0x05, 0x03, 0x62, 0x07, 0x09, 0x02, 0x03,
  0x03, 0x1b, 0x03, 0x4e, 0x1b, 0x4b, 0xb0, 0x1f, 0x50, 0x58, 0x40, 0x26,
  0x08, 0x02, 0x02, 0x01, 0x00, 0x04, 0x00, 0x01, 0x04, 0x80, 0x00, 0x00,
  0x00, 0x16, 0x4d, 0x06, 0x01, 0x04, 0x04, 0x17, 0x4d, 0x00, 0x07, 0x07,
  0x15, 0x4d, 0x00, 0x05, 0x05, 0x03, 0x62, 0x09, 0x01, 0x03, 0x03, 0x1b,
  0x03, 0x4e, 0x1b, 0x40, 0x23, 0x00, 0x00, 0x01, 0x00, 0x85, 0x08, 0x02,
  0x02, 0x01, 0x04, 0x01, 0x85, 0x06, 0x01, 0x04, 0x04, 0x17, 0x4d, 0x00,
  0x07, 0x07, 0x15, 0x4d, 0x00, 0x05, 0x05, 0x03, 0x62, 0x09, 0x01, 0x03,
  0x03, 0x1b, 0x03, 0x4e, 0x59, 0x59, 0x40, 0x19, 0x08, 0x07, 0x00, 0x00,
  0x19, 0x18, 0x17, 0x16, 0x12, 0x10, 0x0d, 0x0c, 0x07, 0x1d, 0x08, 0x1d,
  0x00, 0x06, 0x00, 0x06, 0x11, 0x11, 0x0a, 0x07, 0x18, 0x2b, 0x13, 0x37,
  0x33, 0x17, 0x23, 0x27, 0x07, 0x11, 0x22, 0x26, 0x26, 0x35, 0x11, 0x33,
  0x11, 0x14, 0x16, 0x33, 0x32, 0x36, 0x36, 0x35, 0x11, 0x33, 0x11, 0x23,
  0x35, 0x23, 0x06, 0x06, 0x71, 0x81, 0x79, 0x81, 0x77, 0x46, 0x47, 0x38,
  0x49, 0x24, 0x97, 0x29, 0x26, 0x21, 0x27, 0x12, 0x98, 0x98, 0x06, 0x11,
  0x47, 0x02, 0x54, 0xb4, 0xb4, 0x68, 0x68, 0xfd, 0xa2, 0x30, 0x51, 0x33,
  0x01, 0x68, 0xfe, 0xb6, 0x26, 0x2f, 0x20, 0x32, 0x1c, 0x01, 0x31, 0xfd,
  0xee, 0x4b, 0x1f, 0x36, 0x00, 0x03, 0x00, 0x43, 0xff, 0xf6, 0x02, 0x1b,
  0x02, 0xf5, 0x00, 0x0b, 0x00, 0x17, 0x00, 0x2e, 0x00, 0xb8, 0x4b, 0xb0,
  0x17, 0x50, 0x58, 0xb5, 0x2b, 0x01, 0x04, 0x06, 0x01, 0x4c, 0x1b, 0xb5,
  0x2b, 0x01, 0x08, 0x06, 0x01, 0x4c, 0x59, 0x4b, 0xb0, 0x17, 0x50, 0x58,
  0x40, 0x21, 0x0a, 0x02, 0x09, 0x03, 0x00, 0x00, 0x01, 0x61, 0x03, 0x01,
  0x01, 0x01, 0x16, 0x4d, 0x07, 0x01, 0x05, 0x05, 0x17, 0x4d, 0x00, 0x06,
  0x06, 0x04, 0x62, 0x08, 0x0b, 0x02, 0x04, 0x04, 0x1b, 0x04, 0x4e, 0x1b,
  0x4b, 0xb0, 0x2f, 0x50, 0x58, 0x40, 0x25, 0x0a, 0x02, 0x09, 0x03, 0x00,
  0x00, 0x01, 0x61, 0x03, 0x01, 0x01, 0x01, 0x16, 0x4d, 0x07, 0x01, 0x05,
  0x05, 0x17, 0x4d, 0x00, 0x08, 0x08, 0x15, 0x4d, 0x00, 0x06, 0x06, 0x04,
  0x62, 0x0b, 0x01, 0x04, 0x04, 0x1b, 0x04, 0x4e, 0x1b, 0x40, 0x25, 0x0a,
  0x02, 0x09, 0x03, 0x00, 0x00, 0x01, 0x61, 0x03, 0x01, 0x01, 0x01, 0x1a,
  0x4d, 0x07, 0x01, 0x05, 0x05, 0x17, 0x4d, 0x00, 0x08, 0x08, 0x15, 0x4d,
  0x00, 0x06, 0x06, 0x04, 0x62, 0x0b, 0x01, 0x04, 0x04, 0x1b, 0x04, 0x4e,
  0x59, 0x59, 0x40, 0x21, 0x19, 0x18, 0x0d, 0x0c, 0x01, 0x00, 0x2a, 0x29,
  0x28, 0x27, 0x23, 0x21, 0x1e, 0x1d, 0x18, 0x2e, 0x19, 0x2e, 0x13, 0x11,
  0x0c, 0x17, 0x0d, 0x17, 0x07, 0x05, 0x00, 0x0b, 0x01, 0x0b, 0x0c, 0x07,
  0x16, 0x2b, 0x01, 0x22, 0x26, 0x35, 0x34, 0x36, 0x33, 0x32, 0x16, 0x15,
  0x14, 0x06, 0x21, 0x22, 0x26, 0x35, 0x34, 0x36, 0x33, 0x32, 0x16, 0x15,
  0x14, 0x06, 0x13, 0x22, 0x26, 0x26, 0x35, 0x11, 0x33, 0x11, 0x14, 0x16,
  0x33, 0x32, 0x36, 0x36, 0x35, 0x11, 0x33, 0x11, 0x23, 0x35, 0x23, 0x06,
  0x06, 0x01, 0x9f, 0x26, 0x30, 0x30, 0x26, 0x25, 0x31, 0x31, 0xfe, 0xf8,
  0x25, 0x31, 0x31, 0x25, 0x25, 0x31, 0x31, 0x07, 0x38, 0x49, 0x24, 0x97,
  0x29, 0x26, 0x21, 0x27, 0x12, 0x98, 0x98, 0x06, 0x11, 0x47, 0x02, 0x4f,
  0x31, 0x22, 0x23, 0x30, 0x30, 0x23, 0x22, 0x31, 0x31, 0x22, 0x23, 0x30,
  0x30, 0x23, 0x22, 0x31, 0xfd, 0xa7, 0x30, 0x51, 0x33, 0x01, 0x68, 0xfe,
  0xb6, 0x26, 0x2f, 0x20, 0x32, 0x1c, 0x01, 0x31, 0xfd, 0xee, 0x4b, 0x1f,
  0x36, 0x00, 0x00, 0x00, 0x00, 0x02, 0x00, 0x43, 0xff, 0x09, 0x02, 0x1b,
  0x02, 0x12, 0x00, 0x16, 0x00, 0x22, 0x00, 0x76, 0x4b, 0xb0, 0x17, 0x50,
  0x58, 0xb5, 0x13, 0x01, 0x00, 0x02, 0x01, 0x4c, 0x1b, 0xb5, 0x13, 0x01,
  0x04, 0x02, 0x01, 0x4c, 0x59, 0x4b, 0xb0, 0x17, 0x50, 0x58, 0x40, 0x1b,
  0x00, 0x06, 0x08, 0x01, 0x05, 0x06, 0x05, 0x65, 0x03, 0x01, 0x01, 0x01,
  0x17, 0x4d, 0x00, 0x02, 0x02, 0x00, 0x62, 0x04, 0x07, 0x02, 0x00, 0x00,
  0x1b, 0x00, 0x4e, 0x1b, 0x40, 0x1f, 0x00, 0x06, 0x08, 0x01, 0x05, 0x06,
  0x05, 0x65, 0x03, 0x01, 0x01, 0x01, 0x17, 0x4d, 0x00, 0x04, 0x04, 0x15,
  0x4d, 0x00, 0x02, 0x02, 0x00, 0x62, 0x07, 0x01, 0x00, 0x00, 0x1b, 0x00,
  0x4e, 0x59, 0x40, 0x19, 0x18, 0x17, 0x01, 0x00, 0x1e, 0x1c, 0x17, 0x22,
  0x18, 0x22, 0x12, 0x11, 0x10, 0x0f, 0x0b, 0x09, 0x06, 0x05, 0x00, 0x16,
  0x01, 0x16, 0x09, 0x07, 0x16, 0x2b, 0x17, 0x22, 0x26, 0x26, 0x35, 0x11,
  0x33, 0x11, 0x14, 0x16, 0x33, 0x32, 0x36, 0x36, 0x35, 0x11, 0x33, 0x11,
  0x23, 0x35, 0x23, 0x06, 0x06, 0x17, 0x22, 0x26, 0x35, 0x34, 0x36, 0x33,
  0x32, 0x16, 0x15, 0x14, 0x06, 0xe8, 0x38, 0x49, 0x24, 0x97, 0x29, 0x26,
  0x21, 0x27, 0x12, 0x98, 0x98, 0x06, 0x11, 0x47, 0x09, 0x23, 0x2d, 0x2d,
  0x23, 0x22, 0x2d, 0x2d, 0x0a, 0x30, 0x51, 0x33, 0x01, 0x68, 0xfe, 0xb6,
  0x26, 0x2f, 0x20, 0x32, 0x1c, 0x01, 0x31, 0xfd, 0xee, 0x4b, 0x1f, 0x36,
  0xed, 0x2f, 0x21, 0x21, 0x2e, 0x2e, 0x21, 0x21, 0x2f, 0x00, 0x00, 0x00,
  0x00, 0x02, 0x00, 0x43, 0xff, 0xf6, 0x02, 0x1b, 0x03, 0x10, 0x00, 0x03,
  0x00, 0x1a, 0x00, 0x9e, 0x4b, 0xb0, 0x17, 0x50, 0x58, 0xb5, 0x17, 0x01,
  0x02, 0x04, 0x01, 0x4c, 0x1b, 0xb5, 0x17, 0x01, 0x06, 0x04, 0x01, 0x4c,
  0x59, 0x4b, 0xb0, 0x16, 0x50, 0x58, 0x40, 0x1e, 0x07, 0x01, 0x01, 0x01,
  0x00, 0x5f, 0x00, 0x00, 0x00, 0x16, 0x4d, 0x05, 0x01, 0x03, 0x03, 0x17,
  0x4d, 0x00, 0x04, 0x04, 0x02, 0x62, 0x06, 0x08, 0x02, 0x02, 0x02, 0x1b,
  0x02, 0x4e, 0x1b, 0x4b, 0xb0, 0x17, 0x50, 0x58, 0x40, 0x1c, 0x00, 0x00,
  0x07, 0x01, 0x01, 0x03, 0x00, 0x01, 0x67, 0x05, 0x01, 0x03, 0x03, 0x17,
  0x4d, 0x00, 0x04, 0x04, 0x02, 0x62, 0x06, 0x08, 0x02, 0x02, 0x02, 0x1b,
  0x02, 0x4e, 0x1b, 0x40, 0x20, 0x00, 0x00, 0x07, 0x01, 0x01, 0x03, 0x00,
  0x01, 0x67, 0x05, 0x01, 0x03, 0x03, 0x17, 0x4d, 0x00, 0x06, 0x06, 0x15,
  0x4d, 0x00, 0x04, 0x04, 0x02, 0x62, 0x08, 0x01, 0x02, 0x02, 0x1b, 0x02,
  0x4e, 0x59, 0x59, 0x40, 0x18, 0x05, 0x04, 0x00, 0x00, 0x16, 0x15, 0x14,
  0x13, 0x0f, 0x0d, 0x0a, 0x09, 0x04, 0x1a, 0x05, 0x1a, 0x00, 0x03, 0x00,
  0x03, 0x11, 0x09, 0x07, 0x17, 0x2b, 0x13, 0x27, 0x33, 0x17, 0x03, 0x22,
  0x26, 0x26, 0x35, 0x11, 0x33, 0x11, 0x14, 0x16, 0x33, 0x32, 0x36, 0x36,
  0x35, 0x11, 0x33, 0x11, 0x23, 0x35, 0x23, 0x06, 0x06, 0xf9, 0x6e, 0x8d,
  0x51, 0x81, 0x38, 0x49, 0x24, 0x97, 0x29, 0x26, 0x21, 0x27, 0x12, 0x98,
  0x98, 0x06, 0x11, 0x47, 0x02, 0x5b, 0xb5, 0xb4, 0xfd, 0x9a, 0x30, 0x51,
  0x33, 0x01, 0x68, 0xfe, 0xb6, 0x26, 0x2f, 0x20, 0x32, 0x1c, 0x01, 0x31,
  0xfd, 0xee, 0x4b, 0x1f, 0x36, 0x00, 0x00, 0x00, 0x00, 0x02, 0x00, 0x43,
  0xff, 0xf6, 0x02, 0x1b, 0x03, 0x3f, 0x00, 0x1c, 0x00, 0x33, 0x00, 0xcd,
  0x4b, 0xb0, 0x17, 0x50, 0x58, 0xb5, 0x30, 0x01, 0x04, 0x06, 0x01, 0x4c,
  0x1b, 0xb5, 0x30, 0x01, 0x08, 0x06, 0x01, 0x4c, 0x59, 0x4b, 0xb0, 0x17,
  0x50, 0x58, 0x40, 0x2a, 0x00, 0x01, 0x00, 0x03, 0x00, 0x01, 0x72, 0x09,
  0x01, 0x03, 0x05, 0x00, 0x03, 0x05, 0x7e, 0x00, 0x02, 0x00, 0x00, 0x01,
  0x02, 0x00, 0x69, 0x07, 0x01, 0x05, 0x05, 0x17, 0x4d, 0x00, 0x06, 0x06,
  0x04, 0x62, 0x08, 0x0a, 0x02, 0x04, 0x04, 0x1b, 0x04, 0x4e, 0x1b, 0x4b,
  0xb0, 0x21, 0x50, 0x58, 0x40, 0x2e, 0x00, 0x01, 0x00, 0x03, 0x00, 0x01,
  0x72, 0x09, 0x01, 0x03, 0x05, 0x00, 0x03, 0x05, 0x7e, 0x00, 0x02, 0x00,
  0x00, 0x01, 0x02, 0x00, 0x69, 0x07, 0x01, 0x05, 0x05, 0x17, 0x4d, 0x00,
  0x08, 0x08, 0x15, 0x4d, 0x00, 0x06, 0x06, 0x04, 0x62, 0x0a, 0x01, 0x04,
  0x04, 0x1b, 0x04, 0x4e, 0x1b, 0x40, 0x2f, 0x00, 0x01, 0x00, 0x03, 0x00,
  0x01, 0x03, 0x80, 0x09, 0x01, 0x03, 0x05, 0x00, 0x03, 0x05, 0x7e, 0x00,
  0x02, 0x00, 0x00, 0x01, 0x02, 0x00, 0x69, 0x07, 0x01, 0x05, 0x05, 0x17,
  0x4d, 0x00, 0x08, 0x08, 0x15, 0x4d, 0x00, 0x06, 0x06, 0x04, 0x62, 0x0a,
  0x01, 0x04, 0x04, 0x1b, 0x04, 0x4e, 0x59, 0x59, 0x40, 0x1a, 0x1e, 0x1d,
  0x00, 0x00, 0x2f, 0x2e, 0x2d, 0x2c, 0x28, 0x26, 0x23, 0x22, 0x1d, 0x33,
  0x1e, 0x33, 0x00, 0x1c, 0x00, 0x1c, 0x23, 0x22, 0x2a, 0x0b, 0x07, 0x19,
  0x2b, 0x01, 0x35, 0x34, 0x36, 0x37, 0x37, 0x36, 0x36, 0x35, 0x34, 0x26,
  0x23, 0x22, 0x06, 0x06, 0x15, 0x23, 0x34, 0x36, 0x36, 0x33, 0x32, 0x16,
  0x15, 0x14, 0x06, 0x07, 0x07, 0x15, 0x03, 0x22, 0x26, 0x26, 0x35, 0x11,
  0x33, 0x11, 0x14, 0x16, 0x33, 0x32, 0x36, 0x36, 0x35, 0x11, 0x33, 0x11,
  0x23, 0x35, 0x23, 0x06, 0x06, 0x01, 0x03, 0x0b, 0x0e, 0x0f, 0x15, 0x16,
  0x13, 0x12, 0x12, 0x11, 0x04, 0x57, 0x19, 0x37, 0x2d, 0x3c, 0x47, 0x2f,
  0x25, 0x05, 0x72, 0x38, 0x49, 0x24, 0x97, 0x29, 0x26, 0x21, 0x27, 0x12,
  0x98, 0x98, 0x06, 0x11, 0x47, 0x02, 0x50, 0x21, 0x0d, 0x17, 0x06, 0x08,
  0x0b, 0x15, 0x0f, 0x0d, 0x14, 0x12, 0x14, 0x02, 0x1b, 0x35, 0x24, 0x3f,
  0x2a, 0x24, 0x31, 0x12, 0x03, 0x1c, 0xfd, 0xa6, 0x30, 0x51, 0x33, 0x01,
  0x68, 0xfe, 0xb6, 0x26, 0x2f, 0x20, 0x32, 0x1c, 0x01, 0x31, 0xfd, 0xee,
  0x4b, 0x1f, 0x36, 0x00, 0x00, 0x01, 0x00, 0x3a, 0xff, 0xf6, 0x02, 0x85,
  0x02, 0x81, 0x00, 0x1f, 0x00, 0x72, 0x4b, 0xb0, 0x17, 0x50, 0x58, 0xb5,
  0x1c, 0x01, 0x00, 0x02, 0x01, 0x4c, 0x1b, 0xb5, 0x1c, 0x01, 0x06, 0x02,
  0x01, 0x4c, 0x59, 0x4b, 0xb0, 0x17, 0x50, 0x58, 0x40, 0x1b, 0x00, 0x04,
  0x00, 0x05, 0x02, 0x04, 0x05, 0x69, 0x03, 0x01, 0x01, 0x01, 0x17, 0x4d,
  0x00, 0x02, 0x02, 0x00, 0x62, 0x06, 0x07, 0x02, 0x00, 0x00, 0x1b, 0x00,
  0x4e, 0x1b, 0x40, 0x1f, 0x00, 0x04, 0x00, 0x05, 0x02, 0x04, 0x05, 0x69,
  0x03, 0x01, 0x01, 0x01, 0x17, 0x4d, 0x00, 0x06, 0x06, 0x15, 0x4d, 0x00,
  0x02, 0x02, 0x00, 0x62, 0x07, 0x01, 0x00, 0x00, 0x1b, 0x00, 0x4e, 0x59,
  0x40, 0x15, 0x01, 0x00, 0x1b, 0x1a, 0x18, 0x17, 0x14, 0x13, 0x11, 0x0f,
  0x0b, 0x09, 0x06, 0x05, 0x00, 0x1f, 0x01, 0x1f, 0x08, 0x07, 0x16, 0x2b,
  0x17, 0x22, 0x26, 0x26, 0x35, 0x11, 0x33, 0x11, 0x14, 0x16, 0x33, 0x32,
  0x36, 0x36, 0x35, 0x11, 0x33, 0x32, 0x35, 0x35, 0x33, 0x15, 0x14, 0x06,
  0x23, 0x23, 0x11, 0x23, 0x35, 0x23, 0x06, 0x06, 0xdf, 0x38, 0x49, 0x24,
  0x97, 0x28, 0x27, 0x21, 0x27, 0x12, 0x69, 0x28, 0x7a, 0x38, 0x37, 0x04,
  0x98, 0x06, 0x11, 0x47, 0x0a, 0x30, 0x51, 0x33, 0x01, 0x68, 0xfe, 0xb6,
  0x26, 0x2f, 0x20, 0x32, 0x1c, 0x01, 0x31, 0x28, 0x47, 0x4c, 0x35, 0x3b,
  0xfe, 0x3b, 0x4b, 0x1f, 0x36, 0x00, 0x00, 0x00, 0x00, 0x02, 0x00, 0x43,
  0xff, 0xf6, 0x02, 0x8e, 0x03, 0x10, 0x00, 0x03, 0x00, 0x23, 0x00, 0xb2,
  0x4b, 0xb0, 0x17, 0x50, 0x58, 0xb5, 0x20, 0x01, 0x02, 0x04, 0x01, 0x4c,
  0x1b, 0xb5, 0x20, 0x01, 0x08, 0x04, 0x01, 0x4c, 0x59, 0x4b, 0xb0, 0x16,
  0x50, 0x58, 0x40, 0x25, 0x00, 0x06, 0x00, 0x07, 0x04, 0x06, 0x07, 0x69,
  0x00, 0x00, 0x00, 0x01, 0x5f, 0x00, 0x01, 0x01, 0x16, 0x4d, 0x05, 0x01,
  0x03, 0x03, 0x17, 0x4d, 0x00, 0x04, 0x04, 0x02, 0x62, 0x08, 0x09, 0x02,
  0x02, 0x02, 0x1b, 0x02, 0x4e, 0x1b, 0x4b, 0xb0, 0x17, 0x50, 0x58, 0x40,
  0x23, 0x00, 0x01, 0x00, 0x00, 0x03, 0x01, 0x00, 0x67, 0x00, 0x06, 0x00,
  0x07, 0x04, 0x06, 0x07, 0x69, 0x05, 0x01, 0x03, 0x03, 0x17, 0x4d, 0x00,
  0x04, 0x04, 0x02, 0x62, 0x08, 0x09, 0x02, 0x02, 0x02, 0x1b, 0x02, 0x4e,
  0x1b, 0x40, 0x27, 0x00, 0x01, 0x00, 0x00, 0x03, 0x01, 0x00, 0x67, 0x00,
  0x06, 0x00, 0x07, 0x04, 0x06, 0x07, 0x69, 0x05, 0x01, 0x03, 0x03, 0x17,
  0x4d, 0x00, 0x08, 0x08, 0x15, 0x4d, 0x00, 0x04, 0x04, 0x02, 0x62, 0x09,
  0x01, 0x02, 0x02, 0x1b, 0x02, 0x4e, 0x59, 0x59, 0x40, 0x17, 0x05, 0x04,
  0x1f, 0x1e, 0x1c, 0x1b, 0x18, 0x17, 0x15, 0x13, 0x0f, 0x0d, 0x0a, 0x09,
  0x04, 0x23, 0x05, 0x23, 0x11, 0x10, 0x0a, 0x07, 0x18, 0x2b, 0x01, 0x27,
  0x37, 0x33, 0x03, 0x22, 0x26, 0x26, 0x35, 0x11, 0x33, 0x11, 0x14, 0x16,
  0x33, 0x32, 0x36, 0x36, 0x35, 0x11, 0x33, 0x32, 0x35, 0x35, 0x33, 0x15,
  0x14, 0x06, 0x23, 0x23, 0x11, 0x23, 0x35, 0x23, 0x06, 0x06, 0x01, 0x62,
  0x70, 0x50, 0x8d, 0xe7, 0x38, 0x49, 0x24, 0x97, 0x29, 0x26, 0x21, 0x27,
  0x12, 0x69, 0x28, 0x7a, 0x38, 0x37, 0x04, 0x98, 0x06, 0x11, 0x47, 0x02,
  0x5b, 0x01, 0xb4, 0xfc, 0xe6, 0x30, 0x51, 0x33, 0x01, 0x68, 0xfe, 0xb6,
  0x26, 0x2f, 0x20, 0x32, 0x1c, 0x01, 0x31, 0x28, 0x47, 0x4c, 0x35, 0x3b,
  0xfe, 0x3b, 0x4b, 0x1f, 0x36, 0x00, 0x00, 0x00, 0x00, 0x02, 0x00, 0x43,
  0xff, 0x09, 0x02, 0x8e, 0x02, 0x81, 0x00, 0x1f, 0x00, 0x2b, 0x00, 0x8a,
  0x4b, 0xb0, 0x17, 0x50, 0x58, 0xb5, 0x1c, 0x01, 0x00, 0x02, 0x01, 0x4c,
  0x1b, 0xb5, 0x1c, 0x01, 0x06, 0x02, 0x01, 0x4c, 0x59, 0x4b, 0xb0, 0x17,
  0x50, 0x58, 0x40, 0x23, 0x00, 0x04, 0x00, 0x05, 0x02, 0x04, 0x05, 0x69,
  0x00, 0x08, 0x0a, 0x01, 0x07, 0x08, 0x07, 0x65, 0x03, 0x01, 0x01, 0x01,
  0x17, 0x4d, 0x00, 0x02, 0x02, 0x00, 0x62, 0x06, 0x09, 0x02, 0x00, 0x00,
  0x1b, 0x00, 0x4e, 0x1b, 0x40, 0x27, 0x00, 0x04, 0x00, 0x05, 0x02, 0x04,
  0x05, 0x69, 0x00, 0x08, 0x0a, 0x01, 0x07, 0x08, 0x07, 0x65, 0x03, 0x01,
  0x01, 0x01, 0x17, 0x4d, 0x00, 0x06, 0x06, 0x15, 0x4d, 0x00, 0x02, 0x02,
  0x00, 0x62, 0x09, 0x01, 0x00, 0x00, 0x1b, 0x00, 0x4e, 0x59, 0x40, 0x1d,
  0x21, 0x20, 0x01, 0x00, 0x27, 0x25, 0x20, 0x2b, 0x21, 0x2b, 0x1b, 0x1a,
  0x18, 0x17, 0x14, 0x13, 0x11, 0x0f, 0x0b, 0x09, 0x06, 0x05, 0x00, 0x1f,
  0x01, 0x1f, 0x0b, 0x07, 0x16, 0x2b, 0x17, 0x22, 0x26, 0x26, 0x35, 0x11,
  0x33, 0x11, 0x14, 0x16, 0x33, 0x32, 0x36, 0x36, 0x35, 0x11, 0x33, 0x32,
  0x35, 0x35, 0x33, 0x15, 0x14, 0x06, 0x23, 0x23, 0x11, 0x23, 0x35, 0x23,
  0x06, 0x06, 0x17, 0x22, 0x26, 0x35, 0x34, 0x36, 0x33, 0x32, 0x16, 0x15,
  0x14, 0x06, 0xe8, 0x38, 0x49, 0x24, 0x97, 0x29, 0x26, 0x21, 0x27, 0x12,
  0x69, 0x28, 0x7a, 0x38, 0x37, 0x04, 0x98, 0x06, 0x11, 0x47, 0x04, 0x23,
  0x2d, 0x2d, 0x23, 0x22, 0x2d, 0x2d, 0x0a, 0x30, 0x51, 0x33, 0x01, 0x68,
  0xfe, 0xb6, 0x26, 0x2f, 0x20, 0x32, 0x1c, 0x01, 0x31, 0x28, 0x47, 0x4c,
  0x35, 0x3b, 0xfe, 0x3b, 0x4b, 0x1f, 0x36, 0xed, 0x2f, 0x21, 0x21, 0x2e,
  0x2e, 0x21, 0x21, 0x2f, 0x00, 0x02, 0x00, 0x43, 0xff, 0xf6, 0x02, 0x8e,
  0x03, 0x10, 0x00, 0x03, 0x00, 0x23, 0x00, 0xba, 0x4b, 0xb0, 0x17, 0x50,
  0x58, 0xb5, 0x20, 0x01, 0x02, 0x04, 0x01, 0x4c, 0x1b, 0xb5, 0x20, 0x01,
  0x08, 0x04, 0x01, 0x4c, 0x59, 0x4b, 0xb0, 0x16, 0x50, 0x58, 0x40, 0x26,
  0x00, 0x06, 0x00, 0x07, 0x04, 0x06, 0x07, 0x69, 0x09, 0x01, 0x01, 0x01,
  0x00, 0x5f, 0x00, 0x00, 0x00, 0x16, 0x4d, 0x05, 0x01, 0x03, 0x03, 0x17,
  0x4d, 0x00, 0x04, 0x04, 0x02, 0x62, 0x08, 0x0a, 0x02, 0x02, 0x02, 0x1b,
  0x02, 0x4e, 0x1b, 0x4b, 0xb0, 0x17, 0x50, 0x58, 0x40, 0x24, 0x00, 0x00,
  0x09, 0x01, 0x01, 0x03, 0x00, 0x01, 0x67, 0x00, 0x06, 0x00, 0x07, 0x04,
  0x06, 0x07, 0x69, 0x05, 0x01, 0x03, 0x03, 0x17, 0x4d, 0x00, 0x04, 0x04,
  0x02, 0x62, 0x08, 0x0a, 0x02, 0x02, 0x02, 0x1b, 0x02, 0x4e, 0x1b, 0x40,
  0x28, 0x00, 0x00, 0x09, 0x01, 0x01, 0x03, 0x00, 0x01, 0x67, 0x00, 0x06,
  0x00, 0x07, 0x04, 0x06, 0x07, 0x69, 0x05, 0x01, 0x03, 0x03, 0x17, 0x4d,
  0x00, 0x08, 0x08, 0x15, 0x4d, 0x00, 0x04, 0x04, 0x02, 0x62, 0x0a, 0x01,
  0x02, 0x02, 0x1b, 0x02, 0x4e, 0x59, 0x59, 0x40, 0x1c, 0x05, 0x04, 0x00,
  0x00, 0x1f, 0x1e, 0x1c, 0x1b, 0x18, 0x17, 0x15, 0x13, 0x0f, 0x0d, 0x0a,
  0x09, 0x04, 0x23, 0x05, 0x23, 0x00, 0x03, 0x00, 0x03, 0x11, 0x0b, 0x07,
  0x17, 0x2b, 0x13, 0x27, 0x33, 0x17, 0x03, 0x22, 0x26, 0x26, 0x35, 0x11,
  0x33, 0x11, 0x14, 0x16, 0x33, 0x32, 0x36, 0x36, 0x35, 0x11, 0x33, 0x32,
  0x35, 0x35, 0x33, 0x15, 0x14, 0x06, 0x23, 0x23, 0x11, 0x23, 0x35, 0x23,
  0x06, 0x06, 0xf4, 0x6e, 0x8d, 0x51, 0x7c, 0x38, 0x49, 0x24, 0x97, 0x29,
  0x26, 0x21, 0x27, 0x12, 0x69, 0x28, 0x7a, 0x38, 0x37, 0x04, 0x98, 0x06,
  0x11, 0x47, 0x02, 0x5b, 0xb5, 0xb4, 0xfd, 0x9a, 0x30, 0x51, 0x33, 0x01,
  0x68, 0xfe, 0xb6, 0x26, 0x2f, 0x20, 0x32, 0x1c, 0x01, 0x31, 0x28, 0x47,
  0x4c, 0x35, 0x3b, 0xfe, 0x3b, 0x4b, 0x1f, 0x36, 0x00, 0x02, 0x00, 0x43,
  0xff, 0xf6, 0x02, 0x8e, 0x03, 0x3f, 0x00, 0x1c, 0x00, 0x3c, 0x00, 0xec,
  0x4b, 0xb0, 0x17, 0x50, 0x58, 0xb5, 0x39, 0x01, 0x04, 0x06, 0x01, 0x4c,
  0x1b, 0xb5, 0x39, 0x01, 0x0a, 0x06, 0x01, 0x4c, 0x59, 0x4b, 0xb0, 0x17,
  0x50, 0x58, 0x40, 0x33, 0x00, 0x01, 0x00, 0x08, 0x00, 0x01, 0x72, 0x0b,
  0x01, 0x03, 0x08, 0x05, 0x08, 0x03, 0x05, 0x80, 0x00, 0x02, 0x00, 0x00,
  0x01, 0x02, 0x00, 0x69, 0x00, 0x08, 0x00, 0x09, 0x06, 0x08, 0x09, 0x69,
  0x07, 0x01, 0x05, 0x05, 0x17, 0x4d, 0x00, 0x06, 0x06, 0x04, 0x62, 0x0a,
  0x0c, 0x02, 0x04, 0x04, 0x1b, 0x04, 0x4e, 0x1b, 0x4b, 0xb0, 0x21, 0x50,
  0x58, 0x40, 0x37, 0x00, 0x01, 0x00, 0x08, 0x00, 0x01, 0x72, 0x0b, 0x01,
  0x03, 0x08, 0x05, 0x08, 0x03, 0x05, 0x80, 0x00, 0x02, 0x00, 0x00, 0x01,
  0x02, 0x00, 0x69, 0x00, 0x08, 0x00, 0x09, 0x06, 0x08, 0x09, 0x69, 0x07,
  0x01, 0x05, 0x05, 0x17, 0x4d, 0x00, 0x0a, 0x0a, 0x15, 0x4d, 0x00, 0x06,
  0x06, 0x04, 0x62, 0x0c, 0x01, 0x04, 0x04, 0x1b, 0x04, 0x4e, 0x1b, 0x40,
  0x38, 0x00, 0x01, 0x00, 0x08, 0x00, 0x01, 0x08, 0x80, 0x0b, 0x01, 0x03,
  0x08, 0x05, 0x08, 0x03, 0x05, 0x80, 0x00, 0x02, 0x00, 0x00, 0x01, 0x02,
  0x00, 0x69, 0x00, 0x08, 0x00, 0x09, 0x06, 0x08, 0x09, 0x69, 0x07, 0x01,
  0x05, 0x05, 0x17, 0x4d, 0x00, 0x0a, 0x0a, 0x15, 0x4d, 0x00, 0x06, 0x06,
  0x04, 0x62, 0x0c, 0x01, 0x04, 0x04, 0x1b, 0x04, 0x4e, 0x59, 0x59, 0x40,
  0x1e, 0x1e, 0x1d, 0x00, 0x00, 0x38, 0x37, 0x35, 0x34, 0x31, 0x30, 0x2e,
  0x2c, 0x28, 0x26, 0x23, 0x22, 0x1d, 0x3c, 0x1e, 0x3c, 0x00, 0x1c, 0x00,
  0x1c, 0x23, 0x22, 0x2a, 0x0d, 0x07, 0x19, 0x2b, 0x13, 0x35, 0x34, 0x36,
  0x37, 0x37, 0x36, 0x36, 0x35, 0x34, 0x26, 0x23, 0x22, 0x06, 0x06, 0x15,
  0x23, 0x34, 0x36, 0x36, 0x33, 0x32, 0x16, 0x15, 0x14, 0x06, 0x07, 0x07,
  0x15, 0x03, 0x22, 0x26, 0x26, 0x35, 0x11, 0x33, 0x11, 0x14, 0x16, 0x33,
  0x32, 0x36, 0x36, 0x35, 0x11, 0x33, 0x32, 0x35, 0x35, 0x33, 0x15, 0x14,
  0x06, 0x23, 0x23, 0x11, 0x23, 0x35, 0x23, 0x06, 0x06, 0xfe, 0x0b, 0x0e,
  0x0f, 0x15, 0x16, 0x13, 0x12, 0x12, 0x11, 0x04, 0x57, 0x19, 0x37, 0x2d,
  0x3c, 0x47, 0x2f, 0x25, 0x05, 0x6d, 0x38, 0x49, 0x24, 0x97, 0x29, 0x26,
  0x21, 0x27, 0x12, 0x69, 0x28, 0x7a, 0x38, 0x37, 0x04, 0x98, 0x06, 0x11,
  0x47, 0x02, 0x50, 0x21, 0x0d, 0x17, 0x06, 0x08, 0x0b, 0x15, 0x0f, 0x0d,
  0x14, 0x12, 0x14, 0x02, 0x1b, 0x35, 0x24, 0x3f, 0x2a, 0x24, 0x31, 0x12,
  0x03, 0x1c, 0xfd, 0xa6, 0x30, 0x51, 0x33, 0x01, 0x68, 0xfe, 0xb6, 0x26,
  0x2f, 0x20, 0x32, 0x1c, 0x01, 0x31, 0x28, 0x47, 0x4c, 0x35, 0x3b, 0xfe,
  0x3b, 0x4b, 0x1f, 0x36, 0x00, 0x02, 0x00, 0x43, 0xff, 0xf6, 0x02, 0x8e,
  0x02, 0xff, 0x00, 0x18, 0x00, 0x38, 0x01, 0x3d, 0x4b, 0xb0, 0x17, 0x50,
  0x58, 0xb5, 0x35, 0x01, 0x06, 0x08, 0x01, 0x4c, 0x1b, 0xb5, 0x35, 0x01,
  0x0c, 0x08, 0x01, 0x4c, 0x59, 0x4b, 0xb0, 0x17, 0x50, 0x58, 0x40, 0x30,
  0x00, 0x04, 0x02, 0x0d, 0x02, 0x00, 0x07, 0x04, 0x00, 0x6a, 0x00, 0x0a,
  0x00, 0x0b, 0x08, 0x0a, 0x0b, 0x69, 0x00, 0x01, 0x01, 0x03, 0x61, 0x05,
  0x01, 0x03, 0x03, 0x16, 0x4d, 0x09, 0x01, 0x07, 0x07, 0x17, 0x4d, 0x00,
  0x08, 0x08, 0x06, 0x62, 0x0c, 0x0e, 0x02, 0x06, 0x06, 0x1b, 0x06, 0x4e,
  0x1b, 0x4b, 0xb0, 0x26, 0x50, 0x58, 0x40, 0x34, 0x00, 0x04, 0x02, 0x0d,
  0x02, 0x00, 0x07, 0x04, 0x00, 0x6a, 0x00, 0x0a, 0x00, 0x0b, 0x08, 0x0a,
  0x0b, 0x69, 0x00, 0x01, 0x01, 0x03, 0x61, 0x05, 0x01, 0x03, 0x03, 0x16,
  0x4d, 0x09, 0x01, 0x07, 0x07, 0x17, 0x4d, 0x00, 0x0c, 0x0c, 0x15, 0x4d,
  0x00, 0x08, 0x08, 0x06, 0x62, 0x0e, 0x01, 0x06, 0x06, 0x1b, 0x06, 0x4e,
  0x1b, 0x4b, 0xb0, 0x2f, 0x50, 0x58, 0x40, 0x3f, 0x00, 0x02, 0x0a, 0x00,
  0x0a, 0x02, 0x00, 0x80, 0x00, 0x04, 0x0d, 0x01, 0x00, 0x07, 0x04, 0x00,
  0x6a, 0x00, 0x0a, 0x00, 0x0b, 0x08, 0x0a, 0x0b, 0x69, 0x00, 0x05, 0x05,
  0x16, 0x4d, 0x00, 0x01, 0x01, 0x03, 0x61, 0x00, 0x03, 0x03, 0x16, 0x4d,
  0x09, 0x01, 0x07, 0x07, 0x17, 0x4d, 0x00, 0x0c, 0x0c, 0x15, 0x4d, 0x00,
  0x08, 0x08, 0x06, 0x62, 0x0e, 0x01, 0x06, 0x06, 0x1b, 0x06, 0x4e, 0x1b,
  0x40, 0x40, 0x00, 0x05, 0x03, 0x04, 0x03, 0x05, 0x04, 0x80, 0x00, 0x02,
  0x0a, 0x00, 0x0a, 0x02, 0x00, 0x80, 0x00, 0x03, 0x00, 0x01, 0x0a, 0x03,
  0x01, 0x69, 0x00, 0x04, 0x0d, 0x01, 0x00, 0x07, 0x04, 0x00, 0x6a, 0x00,
  0x0a, 0x00, 0x0b, 0x08, 0x0a, 0x0b, 0x69, 0x09, 0x01, 0x07, 0x07, 0x17,
  0x4d, 0x00, 0x0c, 0x0c, 0x15, 0x4d, 0x00, 0x08, 0x08, 0x06, 0x62, 0x0e,
  0x01, 0x06, 0x06, 0x1b, 0x06, 0x4e, 0x59, 0x59, 0x59, 0x40, 0x25, 0x1a,
  0x19, 0x01, 0x00, 0x34, 0x33, 0x31, 0x30, 0x2d, 0x2c, 0x2a, 0x28, 0x24,
  0x22, 0x1f, 0x1e, 0x19, 0x38, 0x1a, 0x38, 0x15, 0x14, 0x13, 0x11, 0x0e,
  0x0c, 0x09, 0x08, 0x06, 0x04, 0x00, 0x18, 0x01, 0x18, 0x0f, 0x07, 0x16,
  0x2b, 0x01, 0x22, 0x2e, 0x02, 0x23, 0x22, 0x06, 0x15, 0x23, 0x34, 0x36,
  0x36, 0x33, 0x32, 0x1e, 0x02, 0x33, 0x32, 0x35, 0x33, 0x14, 0x06, 0x06,
  0x03, 0x22, 0x26, 0x26, 0x35, 0x11, 0x33, 0x11, 0x14, 0x16, 0x33, 0x32,
  0x36, 0x36, 0x35, 0x11, 0x33, 0x32, 0x35, 0x35, 0x33, 0x15, 0x14, 0x06,
  0x23, 0x23, 0x11, 0x23, 0x35, 0x23, 0x06, 0x06, 0x01, 0x73, 0x1b, 0x27,
  0x1d, 0x1a, 0x0d, 0x10, 0x0d, 0x51, 0x10, 0x2b, 0x2a, 0x1b, 0x27, 0x1e,
  0x1a, 0x0d, 0x1b, 0x51, 0x0f, 0x2c, 0xb4, 0x38, 0x49, 0x24, 0x97, 0x29,
  0x26, 0x21, 0x27, 0x12, 0x69, 0x28, 0x7a, 0x38, 0x37, 0x04, 0x98, 0x06,
  0x11, 0x47, 0x02, 0x66, 0x13, 0x18, 0x13, 0x1e, 0x1a, 0x21, 0x44, 0x2e,
  0x13, 0x18, 0x12, 0x37, 0x21, 0x44, 0x2e, 0xfd, 0x90, 0x30, 0x51, 0x33,
  0x01, 0x68, 0xfe, 0xb6, 0x26, 0x2f, 0x20, 0x32, 0x1c, 0x01, 0x31, 0x28,
  0x47, 0x4c, 0x35, 0x3b, 0xfe, 0x3b, 0x4b, 0x1f, 0x36, 0x00, 0x00, 0x00,
  0x00, 0x03, 0x00, 0x43, 0xff, 0xf6, 0x02, 0x1b, 0x03, 0x10, 0x00, 0x03,
  0x00, 0x07, 0x00, 0x1e, 0x00, 0x9e, 0x4b, 0xb0, 0x17, 0x50, 0x58, 0xb5,
  0x1b, 0x01, 0x04, 0x06, 0x01, 0x4c, 0x1b, 0xb5, 0x1b, 0x01, 0x08, 0x06,
  0x01, 0x4c, 0x59, 0x4b, 0xb0, 0x16, 0x50, 0x58, 0x40, 0x1f, 0x02, 0x01,
  0x00, 0x00, 0x01, 0x5f, 0x03, 0x01, 0x01, 0x01, 0x16, 0x4d, 0x07, 0x01,
  0x05, 0x05, 0x17, 0x4d, 0x00, 0x06, 0x06, 0x04, 0x62, 0x08, 0x09, 0x02,
  0x04, 0x04, 0x1b, 0x04, 0x4e, 0x1b, 0x4b, 0xb0, 0x17, 0x50, 0x58, 0x40,
  0x1d, 0x03, 0x01, 0x01, 0x02, 0x01, 0x00, 0x05, 0x01, 0x00, 0x67, 0x07,
  0x01, 0x05, 0x05, 0x17, 0x4d, 0x00, 0x06, 0x06, 0x04, 0x62, 0x08, 0x09,
  0x02, 0x04, 0x04, 0x1b, 0x04, 0x4e, 0x1b, 0x40, 0x21, 0x03, 0x01, 0x01,
  0x02, 0x01, 0x00, 0x05, 0x01, 0x00, 0x67, 0x07, 0x01, 0x05, 0x05, 0x17,
  0x4d, 0x00, 0x08, 0x08, 0x15, 0x4d, 0x00, 0x06, 0x06, 0x04, 0x62, 0x09,
  0x01, 0x04, 0x04, 0x1b, 0x04, 0x4e, 0x59, 0x59, 0x40, 0x15, 0x09, 0x08,
  0x1a, 0x19, 0x18, 0x17, 0x13, 0x11, 0x0e, 0x0d, 0x08, 0x1e, 0x09, 0x1e,
  0x11, 0x11, 0x11, 0x10, 0x0a, 0x07, 0x1a, 0x2b, 0x01, 0x27, 0x37, 0x33,
  0x17, 0x27, 0x37, 0x33, 0x01, 0x22, 0x26, 0x26, 0x35, 0x11, 0x33, 0x11,
  0x14, 0x16, 0x33, 0x32, 0x36, 0x36, 0x35, 0x11, 0x33, 0x11, 0x23, 0x35,
  0x23, 0x06, 0x06, 0x01, 0x05, 0x6b, 0x2f, 0x87, 0x6e, 0x6a, 0x2e, 0x88,
  0xfe, 0xde, 0x38, 0x49, 0x24, 0x97, 0x29, 0x26, 0x21, 0x27, 0x12, 0x98,
  0x98, 0x06, 0x11, 0x47, 0x02, 0x5b, 0x01, 0xb4, 0xb5, 0x01, 0xb4, 0xfc,
  0xe6, 0x30, 0x51, 0x33, 0x01, 0x68, 0xfe, 0xb6, 0x26, 0x2f, 0x20, 0x32,
  0x1c, 0x01, 0x31, 0xfd, 0xee, 0x4b, 0x1f, 0x36, 0x00, 0x02, 0x00, 0x43,
  0xff, 0xf6, 0x02, 0x1b, 0x02, 0xc1, 0x00, 0x03, 0x00, 0x1a, 0x00, 0x77,
  0x4b, 0xb0, 0x17, 0x50, 0x58, 0xb5, 0x17, 0x01, 0x02, 0x04, 0x01, 0x4c,
  0x1b, 0xb5, 0x17, 0x01, 0x06, 0x04, 0x01, 0x4c, 0x59, 0x4b, 0xb0, 0x17,
  0x50, 0x58, 0x40, 0x1c, 0x00, 0x00, 0x07, 0x01, 0x01, 0x03, 0x00, 0x01,
  0x67, 0x05, 0x01, 0x03, 0x03, 0x17, 0x4d, 0x00, 0x04, 0x04, 0x02, 0x62,
  0x06, 0x08, 0x02, 0x02, 0x02, 0x1b, 0x02, 0x4e, 0x1b, 0x40, 0x20, 0x00,
  0x00, 0x07, 0x01, 0x01, 0x03, 0x00, 0x01, 0x67, 0x05, 0x01, 0x03, 0x03,
  0x17, 0x4d, 0x00, 0x06, 0x06, 0x15, 0x4d, 0x00, 0x04, 0x04, 0x02, 0x62,
  0x08, 0x01, 0x02, 0x02, 0x1b, 0x02, 0x4e, 0x59, 0x40, 0x18, 0x05, 0x04,
  0x00, 0x00, 0x16, 0x15, 0x14, 0x13, 0x0f, 0x0d, 0x0a, 0x09, 0x04, 0x1a,
  0x05, 0x1a, 0x00, 0x03, 0x00, 0x03, 0x11, 0x09, 0x07, 0x17, 0x2b, 0x13,
  0x35, 0x21, 0x15, 0x03, 0x22, 0x26, 0x26, 0x35, 0x11, 0x33, 0x11, 0x14,
  0x16, 0x33, 0x32, 0x36, 0x36, 0x35, 0x11, 0x33, 0x11, 0x23, 0x35, 0x23,
  0x06, 0x06, 0x8b, 0x01, 0x46, 0xe9, 0x38, 0x49, 0x24, 0x97, 0x29, 0x26,
  0x21, 0x27, 0x12, 0x98, 0x98, 0x06, 0x11, 0x47, 0x02, 0x67, 0x5a, 0x5a,
  0xfd, 0x8f, 0x30, 0x51, 0x33, 0x01, 0x68, 0xfe, 0xb6, 0x26, 0x2f, 0x20,
  0x32, 0x1c, 0x01, 0x31, 0xfd, 0xee, 0x4b, 0x1f, 0x36, 0x00, 0x00, 0x00,
  0x00, 0x01, 0x00, 0x43, 0xff, 0x48, 0x02, 0x40, 0x02, 0x12, 0x00, 0x2a,
  0x00, 0xad, 0x4b, 0xb0, 0x17, 0x50, 0x58, 0x40, 0x0b, 0x27, 0x11, 0x02,
  0x00, 0x02, 0x1c, 0x01, 0x05, 0x04, 0x02, 0x4c, 0x1b, 0x40, 0x0f, 0x27,
  0x01, 0x06, 0x02, 0x1c, 0x01, 0x05, 0x04, 0x02, 0x4c, 0x11, 0x01, 0x06,
  0x01, 0x4b, 0x59, 0x4b, 0xb0, 0x17, 0x50, 0x58, 0x40, 0x1d, 0x03, 0x01,
  0x01, 0x01, 0x17, 0x4d, 0x00, 0x02, 0x02, 0x00, 0x62, 0x06, 0x07, 0x02,
  0x00, 0x00, 0x1b, 0x4d, 0x00, 0x04, 0x04, 0x05, 0x61, 0x00, 0x05, 0x05,
  0x19, 0x05, 0x4e, 0x1b, 0x4b, 0xb0, 0x2e, 0x50, 0x58, 0x40, 0x21, 0x03,
  0x01, 0x01, 0x01, 0x17, 0x4d, 0x00, 0x06, 0x06, 0x15, 0x4d, 0x00, 0x02,
  0x02, 0x00, 0x62, 0x07, 0x01, 0x00, 0x00, 0x1b, 0x4d, 0x00, 0x04, 0x04,
  0x05, 0x61, 0x00, 0x05, 0x05, 0x19, 0x05, 0x4e, 0x1b, 0x40, 0x1e, 0x00,
  0x04, 0x00, 0x05, 0x04, 0x05, 0x65, 0x03, 0x01, 0x01, 0x01, 0x17, 0x4d,
  0x00, 0x06, 0x06, 0x15, 0x4d, 0x00, 0x02, 0x02, 0x00, 0x62, 0x07, 0x01,
  0x00, 0x00, 0x1b, 0x00, 0x4e, 0x59, 0x59, 0x40, 0x15, 0x01, 0x00, 0x26,
  0x25, 0x20, 0x1e, 0x19, 0x17, 0x10, 0x0f, 0x0b, 0x09, 0x06, 0x05, 0x00,
  0x2a, 0x01, 0x2a, 0x08, 0x07, 0x16, 0x2b, 0x17, 0x22, 0x26, 0x26, 0x35,
  0x11, 0x33, 0x11, 0x14, 0x16, 0x33, 0x32, 0x36, 0x36, 0x35, 0x11, 0x33,
  0x11, 0x30, 0x06, 0x06, 0x15, 0x14, 0x16, 0x33, 0x32, 0x36, 0x31, 0x15,
  0x30, 0x06, 0x23, 0x22, 0x26, 0x35, 0x34, 0x36, 0x37, 0x23, 0x35, 0x23,
  0x06, 0x06, 0xe8, 0x38, 0x49, 0x24, 0x97, 0x29, 0x26, 0x21, 0x27, 0x12,
  0x98, 0x19, 0x1a, 0x1a, 0x1c, 0x0d, 0x15, 0x21, 0x19, 0x49, 0x43, 0x1e,
  0x13, 0x28, 0x06, 0x11, 0x47, 0x0a, 0x30, 0x51, 0x33, 0x01, 0x68, 0xfe,
  0xb6, 0x26, 0x2f, 0x20, 0x32, 0x1c, 0x01, 0x31, 0xfd, 0xee, 0x0d, 0x1a,
  0x13, 0x0f, 0x17, 0x03, 0x56, 0x05, 0x3b, 0x29, 0x1e, 0x29, 0x0d, 0x4b,
  0x1f, 0x36, 0x00, 0x00, 0x00, 0x03, 0x00, 0x43, 0xff, 0xf6, 0x02, 0x1b,
  0x03, 0x5b, 0x00, 0x0f, 0x00, 0x1b, 0x00, 0x32, 0x00, 0x92, 0x4b, 0xb0,
  0x17, 0x50, 0x58, 0xb5, 0x2f, 0x01, 0x04, 0x06, 0x01, 0x4c, 0x1b, 0xb5,
  0x2f, 0x01, 0x08, 0x06, 0x01, 0x4c, 0x59, 0x4b, 0xb0, 0x17, 0x50, 0x58,
  0x40, 0x25, 0x00, 0x01, 0x00, 0x03, 0x02, 0x01, 0x03, 0x69, 0x0a, 0x01,
  0x02, 0x09, 0x01, 0x00, 0x05, 0x02, 0x00, 0x69, 0x07, 0x01, 0x05, 0x05,
  0x17, 0x4d, 0x00, 0x06, 0x06, 0x04, 0x62, 0x08, 0x0b, 0x02, 0x04, 0x04,
  0x1b, 0x04, 0x4e, 0x1b, 0x40, 0x29, 0x00, 0x01, 0x00, 0x03, 0x02, 0x01,
  0x03, 0x69, 0x0a, 0x01, 0x02, 0x09, 0x01, 0x00, 0x05, 0x02, 0x00, 0x69,
  0x07, 0x01, 0x05, 0x05, 0x17, 0x4d, 0x00, 0x08, 0x08, 0x15, 0x4d, 0x00,
  0x06, 0x06, 0x04, 0x62, 0x0b, 0x01, 0x04, 0x04, 0x1b, 0x04, 0x4e, 0x59,
  0x40, 0x21, 0x1d, 0x1c, 0x11, 0x10, 0x01, 0x00, 0x2e, 0x2d, 0x2c, 0x2b,
  0x27, 0x25, 0x22, 0x21, 0x1c, 0x32, 0x1d, 0x32, 0x17, 0x15, 0x10, 0x1b,
  0x11, 0x1b, 0x09, 0x07, 0x00, 0x0f, 0x01, 0x0f, 0x0c, 0x07, 0x16, 0x2b,
  0x01, 0x22, 0x26, 0x26, 0x35, 0x34, 0x36, 0x36, 0x33, 0x32, 0x16, 0x16,
  0x15, 0x14, 0x06, 0x06, 0x27, 0x32, 0x36, 0x35, 0x34, 0x26, 0x23, 0x22,
  0x06, 0x15, 0x14, 0x16, 0x03, 0x22, 0x26, 0x26, 0x35, 0x11, 0x33, 0x11,
  0x14, 0x16, 0x33, 0x32, 0x36, 0x36, 0x35, 0x11, 0x33, 0x11, 0x23, 0x35,
  0x23, 0x06, 0x06, 0x01, 0x2e, 0x26, 0x3d, 0x25, 0x25, 0x3d, 0x26, 0x25,
  0x3e, 0x25, 0x25, 0x3e, 0x25, 0x17, 0x20, 0x20, 0x17, 0x17, 0x20, 0x20,
  0x2f, 0x38, 0x49, 0x24, 0x97, 0x29, 0x26, 0x21, 0x27, 0x12, 0x98, 0x98,
  0x06, 0x11, 0x47, 0x02, 0x4c, 0x24, 0x3e, 0x25, 0x26, 0x3d, 0x25, 0x25,
  0x3d, 0x26, 0x25, 0x3e, 0x24, 0x51, 0x1f, 0x17, 0x17, 0x1f, 0x1f, 0x17,
  0x17, 0x1f, 0xfd, 0x59, 0x30, 0x51, 0x33, 0x01, 0x68, 0xfe, 0xb6, 0x26,
  0x2f, 0x20, 0x32, 0x1c, 0x01, 0x31, 0xfd, 0xee, 0x4b, 0x1f, 0x36, 0x00,
  0x00, 0x02, 0x00, 0x43, 0xff, 0xf6, 0x02, 0x1b, 0x02, 0xff, 0x00, 0x18,
  0x00, 0x2f, 0x01, 0x19, 0x4b, 0xb0, 0x17, 0x50, 0x58, 0xb5, 0x2c, 0x01,
  0x06, 0x08, 0x01, 0x4c, 0x1b, 0xb5, 0x2c, 0x01, 0x0a, 0x08, 0x01, 0x4c,
  0x59, 0x4b, 0xb0, 0x17, 0x50, 0x58, 0x40, 0x28, 0x00, 0x04, 0x02, 0x0b,
  0x02, 0x00, 0x07, 0x04, 0x00, 0x6a, 0x00, 0x01, 0x01, 0x03, 0x61, 0x05,
  0x01, 0x03, 0x03, 0x16, 0x4d, 0x09, 0x01, 0x07, 0x07, 0x17, 0x4d, 0x00,
  0x08, 0x08, 0x06, 0x62, 0x0a, 0x0c, 0x02, 0x06, 0x06, 0x1b, 0x06, 0x4e,
  0x1b, 0x4b, 0xb0, 0x26, 0x50, 0x58, 0x40, 0x2c, 0x00, 0x04, 0x02, 0x0b,
  0x02, 0x00, 0x07, 0x04, 0x00, 0x6a, 0x00, 0x01, 0x01, 0x03, 0x61, 0x05,
  0x01, 0x03, 0x03, 0x16, 0x4d, 0x09, 0x01, 0x07, 0x07, 0x17, 0x4d, 0x00,
  0x0a, 0x0a, 0x15, 0x4d, 0x00, 0x08, 0x08, 0x06, 0x62, 0x0c, 0x01, 0x06,
  0x06, 0x1b, 0x06, 0x4e, 0x1b, 0x4b, 0xb0, 0x2f, 0x50, 0x58, 0x40, 0x37,
  0x00, 0x02, 0x01, 0x00, 0x01, 0x02, 0x00, 0x80, 0x00, 0x04, 0x0b, 0x01,
  0x00, 0x07, 0x04, 0x00, 0x6a, 0x00, 0x05, 0x05, 0x16, 0x4d, 0x00, 0x01,
  0x01, 0x03, 0x61, 0x00, 0x03, 0x03, 0x16, 0x4d, 0x09, 0x01, 0x07, 0x07,
  0x17, 0x4d, 0x00, 0x0a, 0x0a, 0x15, 0x4d, 0x00, 0x08, 0x08, 0x06, 0x62,
  0x0c, 0x01, 0x06, 0x06, 0x1b, 0x06, 0x4e, 0x1b, 0x40, 0x38, 0x00, 0x05,
  0x03, 0x04, 0x03, 0x05, 0x04, 0x80, 0x00, 0x02, 0x01, 0x00, 0x01, 0x02,
  0x00, 0x80, 0x00, 0x03, 0x00, 0x01, 0x02, 0x03, 0x01, 0x69, 0x00, 0x04,
  0x0b, 0x01, 0x00, 0x07, 0x04, 0x00, 0x6a, 0x09, 0x01, 0x07, 0x07, 0x17,
  0x4d, 0x00, 0x0a, 0x0a, 0x15, 0x4d, 0x00, 0x08, 0x08, 0x06, 0x62, 0x0c,
  0x01, 0x06, 0x06, 0x1b, 0x06, 0x4e, 0x59, 0x59, 0x59, 0x40, 0x21, 0x1a,
  0x19, 0x01, 0x00, 0x2b, 0x2a, 0x29, 0x28, 0x24, 0x22, 0x1f, 0x1e, 0x19,
  0x2f, 0x1a, 0x2f, 0x15, 0x14, 0x13, 0x11, 0x0e, 0x0c, 0x09, 0x08, 0x06,
  0x04, 0x00, 0x18, 0x01, 0x18, 0x0d, 0x07, 0x16, 0x2b, 0x01, 0x22, 0x2e,
  0x02, 0x23, 0x22, 0x06, 0x15, 0x23, 0x34, 0x36, 0x36, 0x33, 0x32, 0x1e,
  0x02, 0x33, 0x32, 0x35, 0x33, 0x14, 0x06, 0x06, 0x03, 0x22, 0x26, 0x26,
  0x35, 0x11, 0x33, 0x11, 0x14, 0x16, 0x33, 0x32, 0x36, 0x36, 0x35, 0x11,
  0x33, 0x11, 0x23, 0x35, 0x23, 0x06, 0x06, 0x01, 0x78, 0x1b, 0x27, 0x1d,
  0x1a, 0x0d, 0x10, 0x0d, 0x51, 0x10, 0x2b, 0x2a, 0x1b, 0x27, 0x1e, 0x1a,
  0x0d, 0x1b, 0x51, 0x0f, 0x2c, 0xb9, 0x38, 0x49, 0x24, 0x97, 0x29, 0x26,
  0x21, 0x27, 0x12, 0x98, 0x98, 0x06, 0x11, 0x47, 0x02, 0x66, 0x13, 0x18,
  0x13, 0x1e, 0x1a, 0x21, 0x44, 0x2e, 0x13, 0x18, 0x12, 0x37, 0x21, 0x44,
  0x2e, 0xfd, 0x90, 0x30, 0x51, 0x33, 0x01, 0x68, 0xfe, 0xb6, 0x26, 0x2f,
  0x20, 0x32, 0x1c, 0x01, 0x31, 0xfd, 0xee, 0x4b, 0x1f, 0x36, 0x00, 0x00,
  0x00, 0x01, 0x00, 0x17, 0x00, 0x00, 0x02, 0x3b, 0x02, 0x12, 0x00, 0x06,
  0x00, 0x21, 0x40, 0x1e, 0x03, 0x01, 0x02, 0x00, 0x01, 0x4c, 0x01, 0x01,
  0x00, 0x00, 0x17, 0x4d, 0x03, 0x01, 0x02, 0x02, 0x15, 0x02, 0x4e, 0x00,
  0x00, 0x00, 0x06, 0x00, 0x06, 0x12, 0x11, 0x04, 0x07, 0x18, 0x2b, 0x33,
  0x03, 0x33, 0x13, 0x13, 0x33, 0x03, 0xd9, 0xc2, 0x98, 0x7c, 0x77, 0x99,
  0xc3, 0x02, 0x12, 0xfe, 0x99, 0x01, 0x67, 0xfd, 0xee, 0x00, 0x00, 0x00,
  0x00, 0x01, 0x00, 0x17, 0x00, 0x00, 0x03, 0x5d, 0x02, 0x12, 0x00, 0x0c,
  0x00, 0x27, 0x40, 0x24, 0x0b, 0x06, 0x03, 0x03, 0x03, 0x00, 0x01, 0x4c,
  0x02, 0x01, 0x02, 0x00, 0x00, 0x17, 0x4d, 0x05, 0x04, 0x02, 0x03, 0x03,
  0x15, 0x03, 0x4e, 0x00, 0x00, 0x00, 0x0c, 0x00, 0x0c, 0x11, 0x12, 0x12,
  0x11, 0x06, 0x07, 0x1a, 0x2b, 0x33, 0x03, 0x33, 0x13, 0x13, 0x33, 0x13,
  0x13, 0x33, 0x03, 0x23, 0x03, 0x03, 0xbb, 0xa4, 0x98, 0x5f, 0x67, 0x8a,
  0x67, 0x5f, 0x98, 0xa4, 0xa1, 0x5e, 0x5e, 0x02, 0x12, 0xfe, 0xa8, 0x01,
  0x58, 0xfe, 0xa8, 0x01, 0x58, 0xfd, 0xee, 0x01, 0x36, 0xfe, 0xca, 0x00,
  0x00, 0x02, 0x00, 0x17, 0x00, 0x00, 0x03, 0x5d, 0x03, 0x10, 0x00, 0x03,
  0x00, 0x10, 0x00, 0x56, 0xb7, 0x0f, 0x0a, 0x07, 0x03, 0x05, 0x02, 0x01,
  0x4c, 0x4b, 0xb0, 0x16, 0x50, 0x58, 0x40, 0x19, 0x00, 0x00, 0x00, 0x01,
  0x5f, 0x00, 0x01, 0x01, 0x16, 0x4d, 0x04, 0x03, 0x02, 0x02, 0x02, 0x17,
  0x4d, 0x07, 0x06, 0x02, 0x05, 0x05, 0x15, 0x05, 0x4e, 0x1b, 0x40, 0x17,
  0x00, 0x01, 0x00, 0x00, 0x02, 0x01, 0x00, 0x67, 0x04, 0x03, 0x02, 0x02,
  0x02, 0x17, 0x4d, 0x07, 0x06, 0x02, 0x05, 0x05, 0x15, 0x05, 0x4e, 0x59,
  0x40, 0x0f, 0x04, 0x04, 0x04, 0x10, 0x04, 0x10, 0x11, 0x12, 0x12, 0x12,
  0x11, 0x10, 0x08, 0x07, 0x1c, 0x2b, 0x01, 0x27, 0x37, 0x33, 0x01, 0x03,
  0x33, 0x13, 0x13, 0x33, 0x13, 0x13, 0x33, 0x03, 0x23, 0x03, 0x03, 0x01,
  0xf3, 0x70, 0x50, 0x8e, 0xfe, 0x5a, 0xa4, 0x98, 0x5f, 0x67, 0x8a, 0x67,
  0x5f, 0x98, 0xa4, 0xa1, 0x5e, 0x5e, 0x02, 0x5b, 0x01, 0xb4, 0xfc, 0xf0,
  0x02, 0x12, 0xfe, 0xa8, 0x01, 0x58, 0xfe, 0xa8, 0x01, 0x58, 0xfd, 0xee,
  0x01, 0x36, 0xfe, 0xca, 0x00, 0x02, 0x00, 0x17, 0x00, 0x00, 0x03, 0x5d,
  0x03, 0x08, 0x00, 0x06, 0x00, 0x13, 0x00, 0x6e, 0x40, 0x0c, 0x05, 0x01,
  0x01, 0x00, 0x12, 0x0d, 0x0a, 0x03, 0x06, 0x03, 0x02, 0x4c, 0x4b, 0xb0,
  0x1f, 0x50, 0x58, 0x40, 0x1e, 0x08, 0x02, 0x02, 0x01, 0x00, 0x03, 0x00,
  0x01, 0x03, 0x80, 0x00, 0x00, 0x00, 0x16, 0x4d, 0x05, 0x04, 0x02, 0x03,
  0x03, 0x17, 0x4d, 0x09, 0x07, 0x02, 0x06, 0x06, 0x15, 0x06, 0x4e, 0x1b,
  0x40, 0x1b, 0x00, 0x00, 0x01, 0x00, 0x85, 0x08, 0x02, 0x02, 0x01, 0x03,
  0x01, 0x85, 0x05, 0x04, 0x02, 0x03, 0x03, 0x17, 0x4d, 0x09, 0x07, 0x02,
  0x06, 0x06, 0x15, 0x06, 0x4e, 0x59, 0x40, 0x19, 0x07, 0x07, 0x00, 0x00,
  0x07, 0x13, 0x07, 0x13, 0x11, 0x10, 0x0f, 0x0e, 0x0c, 0x0b, 0x09, 0x08,
  0x00, 0x06, 0x00, 0x06, 0x11, 0x11, 0x0a, 0x07, 0x18, 0x2b, 0x13, 0x37,
  0x33, 0x17, 0x23, 0x27, 0x07, 0x03, 0x03, 0x33, 0x13, 0x13, 0x33, 0x13,
  0x13, 0x33, 0x03, 0x23, 0x03, 0x03, 0xfd, 0x81, 0x79, 0x81, 0x77, 0x46,
  0x47, 0xb9, 0xa4, 0x98, 0x5f, 0x67, 0x8a, 0x67, 0x5f, 0x98, 0xa4, 0xa1,
  0x5e, 0x5e, 0x02, 0x54, 0xb4, 0xb4, 0x68, 0x68, 0xfd, 0xac, 0x02, 0x12,
  0xfe, 0xa8, 0x01, 0x58, 0xfe, 0xa8, 0x01, 0x58, 0xfd, 0xee, 0x01, 0x36,
  0xfe, 0xca, 0x00, 0x00, 0x00, 0x03, 0x00, 0x17, 0x00, 0x00, 0x03, 0x5d,
  0x02, 0xf5, 0x00, 0x0b, 0x00, 0x17, 0x00, 0x24, 0x00, 0x72, 0xb7, 0x23,
  0x1e, 0x1b, 0x03, 0x07, 0x04, 0x01, 0x4c, 0x4b, 0xb0, 0x2f, 0x50, 0x58,
  0x40, 0x1d, 0x0a, 0x02, 0x09, 0x03, 0x00, 0x00, 0x01, 0x61, 0x03, 0x01,
  0x01, 0x01, 0x16, 0x4d, 0x06, 0x05, 0x02, 0x04, 0x04, 0x17, 0x4d, 0x0b,
  0x08, 0x02, 0x07, 0x07, 0x15, 0x07, 0x4e, 0x1b, 0x40, 0x1d, 0x0a, 0x02,
  0x09, 0x03, 0x00, 0x00, 0x01, 0x61, 0x03, 0x01, 0x01, 0x01, 0x1a, 0x4d,
  0x06, 0x05, 0x02, 0x04, 0x04, 0x17, 0x4d, 0x0b, 0x08, 0x02, 0x07, 0x07,
  0x15, 0x07, 0x4e, 0x59, 0x40, 0x21, 0x18, 0x18, 0x0d, 0x0c, 0x01, 0x00,
  0x18, 0x24, 0x18, 0x24, 0x22, 0x21, 0x20, 0x1f, 0x1d, 0x1c, 0x1a, 0x19,
  0x13, 0x11, 0x0c, 0x17, 0x0d, 0x17, 0x07, 0x05, 0x00, 0x0b, 0x01, 0x0b,
  0x0c, 0x07, 0x16, 0x2b, 0x01, 0x22, 0x26, 0x35, 0x34, 0x36, 0x33, 0x32,
  0x16, 0x15, 0x14, 0x06, 0x21, 0x22, 0x26, 0x35, 0x34, 0x36, 0x33, 0x32,
  0x16, 0x15, 0x14, 0x06, 0x03, 0x03, 0x33, 0x13, 0x13, 0x33, 0x13, 0x13,
  0x33, 0x03, 0x23, 0x03, 0x03, 0x02, 0x2b, 0x26, 0x30, 0x30, 0x26, 0x25,
  0x31, 0x31, 0xfe, 0xf9, 0x26, 0x31, 0x31, 0x26, 0x25, 0x31, 0x31, 0xb3,
  0xa4, 0x98, 0x5f, 0x67, 0x8a, 0x67, 0x5f, 0x98, 0xa4, 0xa1, 0x5e, 0x5e,
  0x02, 0x4f, 0x31, 0x22, 0x23, 0x30, 0x30, 0x23, 0x22, 0x31, 0x31, 0x22,
  0x23, 0x30, 0x30, 0x23, 0x22, 0x31, 0xfd, 0xb1, 0x02, 0x12, 0xfe, 0xa8,
  0x01, 0x58, 0xfe, 0xa8, 0x01, 0x58, 0xfd, 0xee, 0x01, 0x36, 0xfe, 0xca,
  0x00, 0x02, 0x00, 0x17, 0x00, 0x00, 0x03, 0x5d, 0x03, 0x10, 0x00, 0x03,
  0x00, 0x10, 0x00, 0x61, 0xb7, 0x0f, 0x0a, 0x07, 0x03, 0x05, 0x02, 0x01,
  0x4c, 0x4b, 0xb0, 0x16, 0x50, 0x58, 0x40, 0x1a, 0x07, 0x01, 0x01, 0x01,
  0x00, 0x5f, 0x00, 0x00, 0x00, 0x16, 0x4d, 0x04, 0x03, 0x02, 0x02, 0x02,
  0x17, 0x4d, 0x08, 0x06, 0x02, 0x05, 0x05, 0x15, 0x05, 0x4e, 0x1b, 0x40,
  0x18, 0x00, 0x00, 0x07, 0x01, 0x01, 0x02, 0x00, 0x01, 0x67, 0x04, 0x03,
  0x02, 0x02, 0x02, 0x17, 0x4d, 0x08, 0x06, 0x02, 0x05, 0x05, 0x15, 0x05,
  0x4e, 0x59, 0x40, 0x18, 0x04, 0x04, 0x00, 0x00, 0x04, 0x10, 0x04, 0x10,
  0x0e, 0x0d, 0x0c, 0x0b, 0x09, 0x08, 0x06, 0x05, 0x00, 0x03, 0x00, 0x03,
  0x11, 0x09, 0x07, 0x17, 0x2b, 0x01, 0x27, 0x33, 0x17, 0x01, 0x03, 0x33,
  0x13, 0x13, 0x33, 0x13, 0x13, 0x33, 0x03, 0x23, 0x03, 0x03, 0x01, 0x85,
  0x6e, 0x8d, 0x51, 0xfe, 0xc6, 0xa4, 0x98, 0x5f, 0x67, 0x8a, 0x67, 0x5f,
  0x98, 0xa4, 0xa1, 0x5e, 0x5e, 0x02, 0x5b, 0xb5, 0xb4, 0xfd, 0xa4, 0x02,
  0x12, 0xfe, 0xa8, 0x01, 0x58, 0xfe, 0xa8, 0x01, 0x58, 0xfd, 0xee, 0x01,
  0x36, 0xfe, 0xca, 0x00, 0x00, 0x01, 0x00, 0x28, 0x00, 0x00, 0x02, 0x38,
  0x02, 0x12, 0x00, 0x0b, 0x00, 0x26, 0x40, 0x23, 0x0a, 0x07, 0x04, 0x01,
  0x04, 0x02, 0x00, 0x01, 0x4c, 0x01, 0x01, 0x00, 0x00, 0x17, 0x4d, 0x04,
  0x03, 0x02, 0x02, 0x02, 0x15, 0x02, 0x4e, 0x00, 0x00, 0x00, 0x0b, 0x00,
  0x0b, 0x12, 0x12, 0x12, 0x05, 0x07, 0x19, 0x2b, 0x33, 0x13, 0x03, 0x33,
  0x17, 0x37, 0x33, 0x03, 0x13, 0x23, 0x27, 0x07, 0x28, 0xa1, 0xa1, 0x9e,
  0x69, 0x6b, 0x9e, 0xa7, 0xa6, 0x9d, 0x6b, 0x68, 0x01, 0x08, 0x01, 0x0a,
  0xaf, 0xaf, 0xfe, 0xf6, 0xfe, 0xf8, 0xaf, 0xaf, 0x00, 0x01, 0x00, 0x1a,
  0xff, 0x3d, 0x02, 0x3e, 0x02, 0x12, 0x00, 0x13, 0x00, 0x2c, 0x40, 0x29,
  0x0d, 0x0a, 0x04, 0x03, 0x01, 0x02, 0x01, 0x4c, 0x03, 0x01, 0x02, 0x02,
  0x17, 0x4d, 0x00, 0x01, 0x01, 0x00, 0x62, 0x04, 0x01, 0x00, 0x00, 0x19,
  0x00, 0x4e, 0x01, 0x00, 0x0f, 0x0e, 0x0c, 0x0b, 0x08, 0x06, 0x00, 0x13,
  0x01, 0x13, 0x05, 0x07, 0x16, 0x2b, 0x17, 0x22, 0x26, 0x31, 0x35, 0x30,
  0x16, 0x33, 0x32, 0x36, 0x37, 0x03, 0x33, 0x13, 0x13, 0x33, 0x03, 0x0e,
  0x02, 0x65, 0x1b, 0x20, 0x1b, 0x14, 0x30, 0x3e, 0x17, 0xc4, 0x98, 0x7b,
  0x78, 0x99, 0xbe, 0x1a, 0x49, 0x6a, 0xc3, 0x04, 0x7a, 0x02, 0x1b, 0x27,
  0x02, 0x17, 0xfe, 0x99, 0x01, 0x67, 0xfe, 0x03, 0x49, 0x60, 0x2f, 0x00,
  0x00, 0x02, 0x00, 0x1a, 0xff, 0x3d, 0x02, 0x3e, 0x03, 0x10, 0x00, 0x03,
  0x00, 0x17, 0x00, 0x5e, 0xb7, 0x11, 0x0e, 0x08, 0x03, 0x03, 0x04, 0x01,
  0x4c, 0x4b, 0xb0, 0x16, 0x50, 0x58, 0x40, 0x1c, 0x00, 0x00, 0x00, 0x01,
  0x5f, 0x00, 0x01, 0x01, 0x16, 0x4d, 0x05, 0x01, 0x04, 0x04, 0x17, 0x4d,
  0x00, 0x03, 0x03, 0x02, 0x62, 0x06, 0x01, 0x02, 0x02, 0x19, 0x02, 0x4e,
  0x1b, 0x40, 0x1a, 0x00, 0x01, 0x00, 0x00, 0x04, 0x01, 0x00, 0x67, 0x05,
  0x01, 0x04, 0x04, 0x17, 0x4d, 0x00, 0x03, 0x03, 0x02, 0x62, 0x06, 0x01,
  0x02, 0x02, 0x19, 0x02, 0x4e, 0x59, 0x40, 0x11, 0x05, 0x04, 0x13, 0x12,
  0x10, 0x0f, 0x0c, 0x0a, 0x04, 0x17, 0x05, 0x17, 0x11, 0x10, 0x07, 0x07,
  0x18, 0x2b, 0x01, 0x27, 0x37, 0x33, 0x01, 0x22, 0x26, 0x31, 0x35, 0x30,
  0x16, 0x33, 0x32, 0x36, 0x37, 0x03, 0x33, 0x13, 0x13, 0x33, 0x03, 0x0e,
  0x02, 0x01, 0x64, 0x71, 0x51, 0x8d, 0xfe, 0x94, 0x1b, 0x20, 0x1b, 0x14,
  0x30, 0x3e, 0x17, 0xc4, 0x98, 0x7b, 0x78, 0x99, 0xbe, 0x1a, 0x49, 0x6a,
  0x02, 0x5b, 0x01, 0xb4, 0xfc, 0x2d, 0x04, 0x7a, 0x02, 0x1b, 0x27, 0x02,
  0x17, 0xfe, 0x99, 0x01, 0x67, 0xfe, 0x03, 0x49, 0x60, 0x2f, 0x00, 0x00,
  0x00, 0x02, 0x00, 0x1a, 0xff, 0x3d, 0x02, 0x3e, 0x03, 0x08, 0x00, 0x06,
  0x00, 0x1a, 0x00, 0x72, 0x40, 0x0c, 0x05, 0x01, 0x01, 0x00, 0x14, 0x11,
  0x0b, 0x03, 0x04, 0x05, 0x02, 0x4c, 0x4b, 0xb0, 0x1f, 0x50, 0x58, 0x40,
  0x21, 0x07, 0x02, 0x02, 0x01, 0x00, 0x05, 0x00, 0x01, 0x05, 0x80, 0x00,
  0x00, 0x00, 0x16, 0x4d, 0x06, 0x01, 0x05, 0x05, 0x17, 0x4d, 0x00, 0x04,
  0x04, 0x03, 0x62, 0x08, 0x01, 0x03, 0x03, 0x19, 0x03, 0x4e, 0x1b, 0x40,
  0x1e, 0x00, 0x00, 0x01, 0x00, 0x85, 0x07, 0x02, 0x02, 0x01, 0x05, 0x01,
  0x85, 0x06, 0x01, 0x05, 0x05, 0x17, 0x4d, 0x00, 0x04, 0x04, 0x03, 0x62,
  0x08, 0x01, 0x03, 0x03, 0x19, 0x03, 0x4e, 0x59, 0x40, 0x17, 0x08, 0x07,
  0x00, 0x00, 0x16, 0x15, 0x13, 0x12, 0x0f, 0x0d, 0x07, 0x1a, 0x08, 0x1a,
  0x00, 0x06, 0x00, 0x06, 0x11, 0x11, 0x09, 0x07, 0x18, 0x2b, 0x13, 0x37,
  0x33, 0x17, 0x23, 0x27, 0x07, 0x03, 0x22, 0x26, 0x31, 0x35, 0x30, 0x16,
  0x33, 0x32, 0x36, 0x37, 0x03, 0x33, 0x13, 0x13, 0x33, 0x03, 0x0e, 0x02,
  0x6e, 0x81, 0x79, 0x81, 0x77, 0x47, 0x46, 0x80, 0x1b, 0x20, 0x1b, 0x14,
  0x30, 0x3e, 0x17, 0xc4, 0x98, 0x7b, 0x78, 0x99, 0xbe, 0x1a, 0x49, 0x6a,
  0x02, 0x54, 0xb4, 0xb4, 0x68, 0x68, 0xfc, 0xe9, 0x04, 0x7a, 0x02, 0x1b,
  0x27, 0x02, 0x17, 0xfe, 0x99, 0x01, 0x67, 0xfe, 0x03, 0x49, 0x60, 0x2f,
  0x00, 0x03, 0x00, 0x1a, 0xff, 0x3d, 0x02, 0x3e, 0x02, 0xf5, 0x00, 0x0b,
  0x00, 0x17, 0x00, 0x2b, 0x00, 0x76, 0xb7, 0x25, 0x22, 0x1c, 0x03, 0x05,
  0x06, 0x01, 0x4c, 0x4b, 0xb0, 0x2f, 0x50, 0x58, 0x40, 0x20, 0x09, 0x02,
  0x08, 0x03, 0x00, 0x00, 0x01, 0x61, 0x03, 0x01, 0x01, 0x01, 0x16, 0x4d,
  0x07, 0x01, 0x06, 0x06, 0x17, 0x4d, 0x00, 0x05, 0x05, 0x04, 0x62, 0x0a,
  0x01, 0x04, 0x04, 0x19, 0x04, 0x4e, 0x1b, 0x40, 0x20, 0x09, 0x02, 0x08,
  0x03, 0x00, 0x00, 0x01, 0x61, 0x03, 0x01, 0x01, 0x01, 0x1a, 0x4d, 0x07,
  0x01, 0x06, 0x06, 0x17, 0x4d, 0x00, 0x05, 0x05, 0x04, 0x62, 0x0a, 0x01,
  0x04, 0x04, 0x19, 0x04, 0x4e, 0x59, 0x40, 0x1f, 0x19, 0x18, 0x0d, 0x0c,
  0x01, 0x00, 0x27, 0x26, 0x24, 0x23, 0x20, 0x1e, 0x18, 0x2b, 0x19, 0x2b,
  0x13, 0x11, 0x0c, 0x17, 0x0d, 0x17, 0x07, 0x05, 0x00, 0x0b, 0x01, 0x0b,
  0x0b, 0x07, 0x16, 0x2b, 0x01, 0x22, 0x26, 0x35, 0x34, 0x36, 0x33, 0x32,
  0x16, 0x15, 0x14, 0x06, 0x21, 0x22, 0x26, 0x35, 0x34, 0x36, 0x33, 0x32,
  0x16, 0x15, 0x14, 0x06, 0x03, 0x22, 0x26, 0x31, 0x35, 0x30, 0x16, 0x33,
  0x32, 0x36, 0x37, 0x03, 0x33, 0x13, 0x13, 0x33, 0x03, 0x0e, 0x02, 0x01,
  0x9c, 0x26, 0x30, 0x30, 0x26, 0x25, 0x31, 0x31, 0xfe, 0xf8, 0x26, 0x30,
  0x30, 0x26, 0x25, 0x31, 0x31, 0x79, 0x1b, 0x20, 0x1b, 0x14, 0x30, 0x3e,
  0x17, 0xc4, 0x98, 0x7b, 0x78, 0x99, 0xbe, 0x1a, 0x49, 0x6a, 0x02, 0x4f,
  0x31, 0x22, 0x23, 0x30, 0x30, 0x23, 0x22, 0x31, 0x31, 0x22, 0x23, 0x30,
  0x30, 0x23, 0x22, 0x31, 0xfc, 0xee, 0x04, 0x7a, 0x02, 0x1b, 0x27, 0x02,
  0x17, 0xfe, 0x99, 0x01, 0x67, 0xfe, 0x03, 0x49, 0x60, 0x2f, 0x00, 0x00,
  0x00, 0x02, 0x00, 0x1a, 0xff, 0x09, 0x02, 0x3e, 0x02, 0x12, 0x00, 0x13,
  0x00, 0x1f, 0x00, 0x61, 0xb7, 0x0d, 0x0a, 0x04, 0x03, 0x01, 0x02, 0x01,
  0x4c, 0x4b, 0xb0, 0x0e, 0x50, 0x58, 0x40, 0x19, 0x07, 0x01, 0x04, 0x01,
  0x04, 0x56, 0x03, 0x01, 0x02, 0x02, 0x17, 0x4d, 0x05, 0x01, 0x01, 0x01,
  0x00, 0x62, 0x06, 0x01, 0x00, 0x00, 0x19, 0x00, 0x4e, 0x1b, 0x40, 0x1a,
  0x00, 0x05, 0x07, 0x01, 0x04, 0x05, 0x04, 0x65, 0x03, 0x01, 0x02, 0x02,
  0x17, 0x4d, 0x00, 0x01, 0x01, 0x00, 0x62, 0x06, 0x01, 0x00, 0x00, 0x19,
  0x00, 0x4e, 0x59, 0x40, 0x17, 0x15, 0x14, 0x01, 0x00, 0x1b, 0x19, 0x14,
  0x1f, 0x15, 0x1f, 0x0f, 0x0e, 0x0c, 0x0b, 0x08, 0x06, 0x00, 0x13, 0x01,
  0x13, 0x08, 0x07, 0x16, 0x2b, 0x17, 0x22, 0x26, 0x31, 0x35, 0x30, 0x16,
  0x33, 0x32, 0x36, 0x37, 0x03, 0x33, 0x13, 0x13, 0x33, 0x03, 0x0e, 0x02,
  0x05, 0x22, 0x26, 0x35, 0x34, 0x36, 0x33, 0x32, 0x16, 0x15, 0x14, 0x06,
  0x65, 0x1b, 0x20, 0x1b, 0x14, 0x30, 0x3e, 0x17, 0xc4, 0x98, 0x7b, 0x78,
  0x99, 0xbe, 0x1a, 0x49, 0x6a, 0x01, 0x26, 0x23, 0x2d, 0x2d, 0x23, 0x22,
  0x2d, 0x2d, 0xc3, 0x04, 0x7a, 0x02, 0x1b, 0x27, 0x02, 0x17, 0xfe, 0x99,
  0x01, 0x67, 0xfe, 0x03, 0x49, 0x60, 0x2f, 0x34, 0x2f, 0x21, 0x21, 0x2e,
  0x2e, 0x21, 0x21, 0x2f, 0x00, 0x02, 0x00, 0x1a, 0xff, 0x3d, 0x02, 0x3e,
  0x03, 0x10, 0x00, 0x03, 0x00, 0x17, 0x00, 0x65, 0xb7, 0x11, 0x0e, 0x08,
  0x03, 0x03, 0x04, 0x01, 0x4c, 0x4b, 0xb0, 0x16, 0x50, 0x58, 0x40, 0x1d,
  0x06, 0x01, 0x01, 0x01, 0x00, 0x5f, 0x00, 0x00, 0x00, 0x16, 0x4d, 0x05,
  0x01, 0x04, 0x04, 0x17, 0x4d, 0x00, 0x03, 0x03, 0x02, 0x62, 0x07, 0x01,
  0x02, 0x02, 0x19, 0x02, 0x4e, 0x1b, 0x40, 0x1b, 0x00, 0x00, 0x06, 0x01,
  0x01, 0x04, 0x00, 0x01, 0x67, 0x05, 0x01, 0x04, 0x04, 0x17, 0x4d, 0x00,
  0x03, 0x03, 0x02, 0x62, 0x07, 0x01, 0x02, 0x02, 0x19, 0x02, 0x4e, 0x59,
  0x40, 0x16, 0x05, 0x04, 0x00, 0x00, 0x13, 0x12, 0x10, 0x0f, 0x0c, 0x0a,
  0x04, 0x17, 0x05, 0x17, 0x00, 0x03, 0x00, 0x03, 0x11, 0x08, 0x07, 0x17,
  0x2b, 0x13, 0x27, 0x33, 0x17, 0x01, 0x22, 0x26, 0x31, 0x35, 0x30, 0x16,
  0x33, 0x32, 0x36, 0x37, 0x03, 0x33, 0x13, 0x13, 0x33, 0x03, 0x0e, 0x02,
  0xf5, 0x6d, 0x8d, 0x51, 0xfe, 0xff, 0x1b, 0x20, 0x1b, 0x14, 0x30, 0x3e,
  0x17, 0xc4, 0x98, 0x7b, 0x78, 0x99, 0xbe, 0x1a, 0x49, 0x6a, 0x02, 0x5b,
  0xb5, 0xb4, 0xfc, 0xe1, 0x04, 0x7a, 0x02, 0x1b, 0x27, 0x02, 0x17, 0xfe,
  0x99, 0x01, 0x67, 0xfe, 0x03, 0x49, 0x60, 0x2f, 0x00, 0x02, 0x00, 0x1a,
  0xff, 0x3d, 0x02, 0x3e, 0x03, 0x3f, 0x00, 0x1c, 0x00, 0x30, 0x00, 0x82,
  0xb7, 0x2a, 0x27, 0x21, 0x03, 0x05, 0x06, 0x01, 0x4c, 0x4b, 0xb0, 0x21,
  0x50, 0x58, 0x40, 0x29, 0x00, 0x01, 0x00, 0x03, 0x00, 0x01, 0x72, 0x08,
  0x01, 0x03, 0x06, 0x00, 0x03, 0x06, 0x7e, 0x00, 0x02, 0x00, 0x00, 0x01,
  0x02, 0x00, 0x69, 0x07, 0x01, 0x06, 0x06, 0x17, 0x4d, 0x00, 0x05, 0x05,
  0x04, 0x62, 0x09, 0x01, 0x04, 0x04, 0x19, 0x04, 0x4e, 0x1b, 0x40, 0x2a,
  0x00, 0x01, 0x00, 0x03, 0x00, 0x01, 0x03, 0x80, 0x08, 0x01, 0x03, 0x06,
  0x00, 0x03, 0x06, 0x7e, 0x00, 0x02, 0x00, 0x00, 0x01, 0x02, 0x00, 0x69,
  0x07, 0x01, 0x06, 0x06, 0x17, 0x4d, 0x00, 0x05, 0x05, 0x04, 0x62, 0x09,
  0x01, 0x04, 0x04, 0x19, 0x04, 0x4e, 0x59, 0x40, 0x18, 0x1e, 0x1d, 0x00,
  0x00, 0x2c, 0x2b, 0x29, 0x28, 0x25, 0x23, 0x1d, 0x30, 0x1e, 0x30, 0x00,
  0x1c, 0x00, 0x1c, 0x23, 0x22, 0x2a, 0x0a, 0x07, 0x19, 0x2b, 0x01, 0x35,
  0x34, 0x36, 0x37, 0x37, 0x36, 0x36, 0x35, 0x34, 0x26, 0x23, 0x22, 0x06,
  0x06, 0x15, 0x23, 0x26, 0x36, 0x36, 0x33, 0x32, 0x16, 0x15, 0x14, 0x06,
  0x07, 0x07, 0x15, 0x03, 0x22, 0x26, 0x31, 0x35, 0x30, 0x16, 0x33, 0x32,
  0x36, 0x37, 0x03, 0x33, 0x13, 0x13, 0x33, 0x03, 0x0e, 0x02, 0x01, 0x00,
  0x0b, 0x0e, 0x0f, 0x15, 0x16, 0x13, 0x12, 0x12, 0x11, 0x04, 0x57, 0x01,
  0x19, 0x38, 0x2d, 0x3c, 0x46, 0x2f, 0x24, 0x05, 0xf2, 0x1b, 0x20, 0x1b,
  0x14, 0x30, 0x3e, 0x17, 0xc4, 0x98, 0x7b, 0x78, 0x99, 0xbe, 0x1a, 0x49,
  0x6a, 0x02, 0x50, 0x21, 0x0d, 0x17, 0x06, 0x08, 0x0b, 0x15, 0x0f, 0x0d,
  0x14, 0x12, 0x14, 0x02, 0x1b, 0x35, 0x24, 0x3f, 0x2a, 0x24, 0x31, 0x12,
  0x03, 0x1c, 0xfc, 0xed, 0x04, 0x7a, 0x02, 0x1b, 0x27, 0x02, 0x17, 0xfe,
  0x99, 0x01, 0x67, 0xfe, 0x03, 0x49, 0x60, 0x2f, 0x00, 0x02, 0x00, 0x1a,
  0xff, 0x3d, 0x02, 0x3e, 0x02, 0xff, 0x00, 0x18, 0x00, 0x2c, 0x00, 0xcb,
  0xb7, 0x26, 0x23, 0x1d, 0x03, 0x07, 0x08, 0x01, 0x4c, 0x4b, 0xb0, 0x26,
  0x50, 0x58, 0x40, 0x27, 0x00, 0x04, 0x02, 0x0a, 0x02, 0x00, 0x08, 0x04,
  0x00, 0x6a, 0x00, 0x01, 0x01, 0x03, 0x61, 0x05, 0x01, 0x03, 0x03, 0x16,
  0x4d, 0x09, 0x01, 0x08, 0x08, 0x17, 0x4d, 0x00, 0x07, 0x07, 0x06, 0x62,
  0x0b, 0x01, 0x06, 0x06, 0x19, 0x06, 0x4e, 0x1b, 0x4b, 0xb0, 0x2f, 0x50,
  0x58, 0x40, 0x32, 0x00, 0x02, 0x01, 0x00, 0x01, 0x02, 0x00, 0x80, 0x00,
  0x04, 0x0a, 0x01, 0x00, 0x08, 0x04, 0x00, 0x6a, 0x00, 0x05, 0x05, 0x16,
  0x4d, 0x00, 0x01, 0x01, 0x03, 0x61, 0x00, 0x03, 0x03, 0x16, 0x4d, 0x09,
  0x01, 0x08, 0x08, 0x17, 0x4d, 0x00, 0x07, 0x07, 0x06, 0x62, 0x0b, 0x01,
  0x06, 0x06, 0x19, 0x06, 0x4e, 0x1b, 0x40, 0x33, 0x00, 0x05, 0x03, 0x04,
  0x03, 0x05, 0x04, 0x80, 0x00, 0x02, 0x01, 0x00, 0x01, 0x02, 0x00, 0x80,
  0x00, 0x03, 0x00, 0x01, 0x02, 0x03, 0x01, 0x69, 0x00, 0x04, 0x0a, 0x01,
  0x00, 0x08, 0x04, 0x00, 0x6a, 0x09, 0x01, 0x08, 0x08, 0x17, 0x4d, 0x00,
  0x07, 0x07, 0x06, 0x62, 0x0b, 0x01, 0x06, 0x06, 0x19, 0x06, 0x4e, 0x59,
  0x59, 0x40, 0x1f, 0x1a, 0x19, 0x01, 0x00, 0x28, 0x27, 0x25, 0x24, 0x21,
  0x1f, 0x19, 0x2c, 0x1a, 0x2c, 0x15, 0x14, 0x13, 0x11, 0x0e, 0x0c, 0x09,
  0x08, 0x06, 0x04, 0x00, 0x18, 0x01, 0x18, 0x0c, 0x07, 0x16, 0x2b, 0x01,
  0x22, 0x2e, 0x02, 0x23, 0x22, 0x06, 0x15, 0x23, 0x34, 0x36, 0x36, 0x33,
  0x32, 0x1e, 0x02, 0x33, 0x32, 0x35, 0x33, 0x14, 0x06, 0x06, 0x01, 0x22,
  0x26, 0x31, 0x35, 0x30, 0x16, 0x33, 0x32, 0x36, 0x37, 0x03, 0x33, 0x13,
  0x13, 0x33, 0x03, 0x0e, 0x02, 0x01, 0x75, 0x1b, 0x27, 0x1e, 0x19, 0x0e,
  0x0f, 0x0d, 0x51, 0x0f, 0x2c, 0x29, 0x1c, 0x27, 0x1e, 0x19, 0x0d, 0x1c,
  0x51, 0x10, 0x2b, 0xfe, 0xc7, 0x1b, 0x20, 0x1b, 0x14, 0x30, 0x3e, 0x17,
  0xc4, 0x98, 0x7b, 0x78, 0x99, 0xbe, 0x1a, 0x49, 0x6a, 0x02, 0x66, 0x13,
  0x18, 0x13, 0x1e, 0x1a, 0x21, 0x44, 0x2e, 0x13, 0x18, 0x12, 0x37, 0x21,
  0x44, 0x2e, 0xfc, 0xd7, 0x04, 0x7a, 0x02, 0x1b, 0x27, 0x02, 0x17, 0xfe,
  0x99, 0x01, 0x67, 0xfe, 0x03, 0x49, 0x60, 0x2f, 0x00, 0x01, 0x00, 0x2c,
  0x00, 0x00, 0x01, 0xec, 0x02, 0x12, 0x00, 0x09, 0x00, 0x2f, 0x40, 0x2c,
  0x06, 0x01, 0x00, 0x01, 0x01, 0x01, 0x03, 0x02, 0x02, 0x4c, 0x00, 0x00,
  0x00, 0x01, 0x5f, 0x00, 0x01, 0x01, 0x17, 0x4d, 0x00, 0x02, 0x02, 0x03,
  0x5f, 0x04, 0x01, 0x03, 0x03, 0x15, 0x03, 0x4e, 0x00, 0x00, 0x00, 0x09,
  0x00, 0x09, 0x12, 0x11, 0x12, 0x05, 0x07, 0x19, 0x2b, 0x33, 0x35, 0x01,
  0x21, 0x35, 0x21, 0x15, 0x01, 0x21, 0x15, 0x2c, 0x01, 0x0a, 0xff, 0x00,
  0x01, 0xb6, 0xfe, 0xf6, 0x01, 0x0a, 0x68, 0x01, 0x33, 0x77, 0x68, 0xfe,
  0xcd, 0x77, 0x00, 0x00, 0x00, 0x02, 0x00, 0x2c, 0x00, 0x00, 0x01, 0xec,
  0x03, 0x0f, 0x00, 0x03, 0x00, 0x0d, 0x00, 0x66, 0x40, 0x0a, 0x0a, 0x01,
  0x02, 0x03, 0x05, 0x01, 0x05, 0x04, 0x02, 0x4c, 0x4b, 0xb0, 0x16, 0x50,
  0x58, 0x40, 0x20, 0x00, 0x00, 0x00, 0x01, 0x5f, 0x00, 0x01, 0x01, 0x16,
  0x4d, 0x00, 0x02, 0x02, 0x03, 0x5f, 0x00, 0x03, 0x03, 0x17, 0x4d, 0x00,
  0x04, 0x04, 0x05, 0x5f, 0x06, 0x01, 0x05, 0x05, 0x15, 0x05, 0x4e, 0x1b,
  0x40, 0x1e, 0x00, 0x01, 0x00, 0x00, 0x03, 0x01, 0x00, 0x67, 0x00, 0x02,
  0x02, 0x03, 0x5f, 0x00, 0x03, 0x03, 0x17, 0x4d, 0x00, 0x04, 0x04, 0x05,
  0x5f, 0x06, 0x01, 0x05, 0x05, 0x15, 0x05, 0x4e, 0x59, 0x40, 0x0e, 0x04,
  0x04, 0x04, 0x0d, 0x04, 0x0d, 0x12, 0x11, 0x13, 0x11, 0x10, 0x07, 0x07,
  0x1b, 0x2b, 0x01, 0x27, 0x37, 0x33, 0x01, 0x35, 0x01, 0x21, 0x35, 0x21,
  0x15, 0x01, 0x21, 0x15, 0x01, 0x31, 0x70, 0x50, 0x8e, 0xfe, 0x8d, 0x01,
  0x0a, 0xff, 0x00, 0x01, 0xb6, 0xfe, 0xf6, 0x01, 0x0a, 0x02, 0x5a, 0x01,
  0xb4, 0xfc, 0xf1, 0x68, 0x01, 0x33, 0x77, 0x68, 0xfe, 0xcd, 0x77, 0x00,
  0x00, 0x02, 0x00, 0x2c, 0x00, 0x00, 0x01, 0xec, 0x03, 0x03, 0x00, 0x06,
  0x00, 0x10, 0x00, 0x7c, 0x40, 0x0e, 0x03, 0x01, 0x02, 0x00, 0x0d, 0x01,
  0x03, 0x04, 0x08, 0x01, 0x06, 0x05, 0x03, 0x4c, 0x4b, 0xb0, 0x2e, 0x50,
  0x58, 0x40, 0x25, 0x07, 0x01, 0x02, 0x00, 0x04, 0x00, 0x02, 0x04, 0x80,
  0x01, 0x01, 0x00, 0x00, 0x16, 0x4d, 0x00, 0x03, 0x03, 0x04, 0x5f, 0x00,
  0x04, 0x04, 0x17, 0x4d, 0x00, 0x05, 0x05, 0x06, 0x5f, 0x08, 0x01, 0x06,
  0x06, 0x15, 0x06, 0x4e, 0x1b, 0x40, 0x22, 0x01, 0x01, 0x00, 0x02, 0x00,
  0x85, 0x07, 0x01, 0x02, 0x04, 0x02, 0x85, 0x00, 0x03, 0x03, 0x04, 0x5f,
  0x00, 0x04, 0x04, 0x17, 0x4d, 0x00, 0x05, 0x05, 0x06, 0x5f, 0x08, 0x01,
  0x06, 0x06, 0x15, 0x06, 0x4e, 0x59, 0x40, 0x17, 0x07, 0x07, 0x00, 0x00,
  0x07, 0x10, 0x07, 0x10, 0x0f, 0x0e, 0x0c, 0x0b, 0x0a, 0x09, 0x00, 0x06,
  0x00, 0x06, 0x12, 0x11, 0x09, 0x07, 0x18, 0x2b, 0x13, 0x27, 0x33, 0x17,
  0x37, 0x33, 0x07, 0x01, 0x35, 0x01, 0x21, 0x35, 0x21, 0x15, 0x01, 0x21,
  0x15, 0xbc, 0x82, 0x77, 0x47, 0x47, 0x77, 0x82, 0xfe, 0xf8, 0x01, 0x0a,
  0xff, 0x00, 0x01, 0xb6, 0xfe, 0xf6, 0x01, 0x0a, 0x02, 0x4f, 0xb4, 0x68,
  0x68, 0xb4, 0xfd, 0xb1, 0x68, 0x01, 0x33, 0x77, 0x68, 0xfe, 0xcd, 0x77,
  0x00, 0x02, 0x00, 0x2c, 0x00, 0x00, 0x01, 0xec, 0x03, 0x07, 0x00, 0x0b,
  0x00, 0x15, 0x00, 0x71, 0x40, 0x0a, 0x12, 0x01, 0x02, 0x03, 0x0d, 0x01,
  0x05, 0x04, 0x02, 0x4c, 0x4b, 0xb0, 0x2f, 0x50, 0x58, 0x40, 0x21, 0x06,
  0x01, 0x00, 0x00, 0x01, 0x61, 0x00, 0x01, 0x01, 0x1c, 0x4d, 0x00, 0x02,
  0x02, 0x03, 0x5f, 0x00, 0x03, 0x03, 0x17, 0x4d, 0x00, 0x04, 0x04, 0x05,
  0x5f, 0x07, 0x01, 0x05, 0x05, 0x15, 0x05, 0x4e, 0x1b, 0x40, 0x1f, 0x00,
  0x01, 0x06, 0x01, 0x00, 0x03, 0x01, 0x00, 0x69, 0x00, 0x02, 0x02, 0x03,
  0x5f, 0x00, 0x03, 0x03, 0x17, 0x4d, 0x00, 0x04, 0x04, 0x05, 0x5f, 0x07,
  0x01, 0x05, 0x05, 0x15, 0x05, 0x4e, 0x59, 0x40, 0x17, 0x0c, 0x0c, 0x01,
  0x00, 0x0c, 0x15, 0x0c, 0x15, 0x14, 0x13, 0x11, 0x10, 0x0f, 0x0e, 0x07,
  0x05, 0x00, 0x0b, 0x01, 0x0b, 0x08, 0x07, 0x16, 0x2b, 0x13, 0x22, 0x26,
  0x35, 0x34, 0x36, 0x33, 0x32, 0x16, 0x15, 0x14, 0x06, 0x03, 0x35, 0x01,
  0x21, 0x35, 0x21, 0x15, 0x01, 0x21, 0x15, 0xf8, 0x27, 0x33, 0x33, 0x27,
  0x27, 0x33, 0x33, 0xf3, 0x01, 0x0a, 0xff, 0x00, 0x01, 0xb6, 0xfe, 0xf6,
  0x01, 0x0a, 0x02, 0x59, 0x33, 0x24, 0x24, 0x33, 0x33, 0x24, 0x24, 0x33,
  0xfd, 0xa7, 0x68, 0x01, 0x33, 0x77, 0x68, 0xfe, 0xcd, 0x77, 0x00, 0x00,
  0x00, 0x02, 0x00, 0x2b, 0xff, 0xf6, 0x02, 0x10, 0x02, 0x1c, 0x00, 0x23,
  0x00, 0x2e, 0x00, 0x78, 0x4b, 0xb0, 0x17, 0x50, 0x58, 0x40, 0x0b, 0x2b,
  0x0c, 0x02, 0x05, 0x02, 0x23, 0x01, 0x00, 0x05, 0x02, 0x4c, 0x1b, 0x40,
  0x0b, 0x2b, 0x0c, 0x02, 0x05, 0x02, 0x23, 0x01, 0x04, 0x05, 0x02, 0x4c,
  0x59, 0x4b, 0xb0, 0x17, 0x50, 0x58, 0x40, 0x1e, 0x00, 0x02, 0x01, 0x05,
  0x01, 0x02, 0x05, 0x80, 0x00, 0x01, 0x01, 0x03, 0x61, 0x00, 0x03, 0x03,
  0x1d, 0x4d, 0x00, 0x05, 0x05, 0x00, 0x61, 0x04, 0x01, 0x00, 0x00, 0x1b,
  0x00, 0x4e, 0x1b, 0x40, 0x22, 0x00, 0x02, 0x01, 0x05, 0x01, 0x02, 0x05,
  0x80, 0x00, 0x01, 0x01, 0x03, 0x61, 0x00, 0x03, 0x03, 0x1d, 0x4d, 0x00,
  0x04, 0x04, 0x15, 0x4d, 0x00, 0x05, 0x05, 0x00, 0x61, 0x00, 0x00, 0x00,
  0x1b, 0x00, 0x4e, 0x59, 0x40, 0x09, 0x24, 0x14, 0x25, 0x23, 0x2a, 0x23,
  0x06, 0x07, 0x1c, 0x2b, 0x25, 0x0e, 0x02, 0x23, 0x22, 0x26, 0x35, 0x34,
  0x36, 0x36, 0x37, 0x37, 0x35, 0x34, 0x26, 0x23, 0x22, 0x0e, 0x02, 0x31,
  0x23, 0x30, 0x3e, 0x03, 0x33, 0x32, 0x16, 0x16, 0x15, 0x11, 0x23, 0x35,
  0x27, 0x14, 0x16, 0x33, 0x32, 0x36, 0x35, 0x35, 0x07, 0x06, 0x06, 0x01,
  0x73, 0x07, 0x22, 0x3e, 0x32, 0x4e, 0x61, 0x35, 0x5e, 0x3c, 0x80, 0x28,
  0x2e, 0x1f, 0x25, 0x11, 0x05, 0x8e, 0x06, 0x17, 0x33, 0x57, 0x44, 0x53,
  0x67, 0x2f, 0x96, 0xbc, 0x2d, 0x21, 0x2f, 0x3f, 0x6d, 0x23, 0x2c, 0x40,
  0x09, 0x24, 0x1d, 0x51, 0x47, 0x34, 0x45, 0x27, 0x07, 0x11, 0x12, 0x20,
  0x32, 0x14, 0x1b, 0x15, 0x25, 0x36, 0x36, 0x25, 0x3a, 0x59, 0x2f, 0xfe,
  0xa6, 0x40, 0x5a, 0x1e, 0x1f, 0x42, 0x38, 0x11, 0x0f, 0x05, 0x1c, 0x00,
  0x00, 0x03, 0x00, 0x30, 0xff, 0xf6, 0x02, 0x15, 0x03, 0x10, 0x00, 0x03,
  0x00, 0x27, 0x00, 0x32, 0x00, 0xbb, 0x4b, 0xb0, 0x17, 0x50, 0x58, 0x40,
  0x0b, 0x2f, 0x10, 0x02, 0x07, 0x04, 0x27, 0x01, 0x02, 0x07, 0x02, 0x4c,
  0x1b, 0x40, 0x0b, 0x2f, 0x10, 0x02, 0x07, 0x04, 0x27, 0x01, 0x06, 0x07,
  0x02, 0x4c, 0x59, 0x4b, 0xb0, 0x16, 0x50, 0x58, 0x40, 0x28, 0x00, 0x04,
  0x03, 0x07, 0x03, 0x04, 0x07, 0x80, 0x00, 0x00, 0x00, 0x01, 0x5f, 0x00,
  0x01, 0x01, 0x16, 0x4d, 0x00, 0x03, 0x03, 0x05, 0x61, 0x00, 0x05, 0x05,
  0x1d, 0x4d, 0x00, 0x07, 0x07, 0x02, 0x61, 0x06, 0x01, 0x02, 0x02, 0x1b,
  0x02, 0x4e, 0x1b, 0x4b, 0xb0, 0x17, 0x50, 0x58, 0x40, 0x26, 0x00, 0x04,
  0x03, 0x07, 0x03, 0x04, 0x07, 0x80, 0x00, 0x01, 0x00, 0x00, 0x05, 0x01,
  0x00, 0x67, 0x00, 0x03, 0x03, 0x05, 0x61, 0x00, 0x05, 0x05, 0x1d, 0x4d,
  0x00, 0x07, 0x07, 0x02, 0x61, 0x06, 0x01, 0x02, 0x02, 0x1b, 0x02, 0x4e,
  0x1b, 0x40, 0x2a, 0x00, 0x04, 0x03, 0x07, 0x03, 0x04, 0x07, 0x80, 0x00,
  0x01, 0x00, 0x00, 0x05, 0x01, 0x00, 0x67, 0x00, 0x03, 0x03, 0x05, 0x61,
  0x00, 0x05, 0x05, 0x1d, 0x4d, 0x00, 0x06, 0x06, 0x15, 0x4d, 0x00, 0x07,
  0x07, 0x02, 0x61, 0x00, 0x02, 0x02, 0x1b, 0x02, 0x4e, 0x59, 0x59, 0x40,
  0x0b, 0x24, 0x14, 0x25, 0x23, 0x2a, 0x24, 0x11, 0x10, 0x08, 0x07, 0x1e,
  0x2b, 0x01, 0x27, 0x37, 0x33, 0x03, 0x0e, 0x02, 0x23, 0x22, 0x26, 0x35,
  0x34, 0x36, 0x36, 0x37, 0x37, 0x35, 0x34, 0x26, 0x23, 0x22, 0x0e, 0x02,
  0x31, 0x23, 0x30, 0x3e, 0x03, 0x33, 0x32, 0x16, 0x16, 0x15, 0x11, 0x23,
  0x35, 0x27, 0x14, 0x16, 0x33, 0x32, 0x36, 0x35, 0x35, 0x07, 0x06, 0x06,
  0x01, 0x65, 0x70, 0x51, 0x8d, 0x5b, 0x07, 0x22, 0x3e, 0x32, 0x4f, 0x60,
  0x35, 0x5e, 0x3c, 0x80, 0x28, 0x2e, 0x20, 0x24, 0x11, 0x05, 0x8f, 0x07,
  0x17, 0x33, 0x57, 0x44, 0x53, 0x66, 0x30, 0x96, 0xbc, 0x2d, 0x21, 0x2f,
  0x3f, 0x6d, 0x23, 0x2c, 0x02, 0x5b, 0x01, 0xb4, 0xfd, 0x30, 0x09, 0x24,
  0x1d, 0x51, 0x47, 0x34, 0x45, 0x27, 0x07, 0x11, 0x12, 0x20, 0x32, 0x14,
  0x1b, 0x15, 0x25, 0x36, 0x36, 0x25, 0x3a, 0x59, 0x2f, 0xfe, 0xa6, 0x40,
  0x5a, 0x1e, 0x1f, 0x42, 0x38, 0x11, 0x0f, 0x05, 0x1c, 0x00, 0x00, 0x00,
  0x00, 0x03, 0x00, 0x30, 0xff, 0xf6, 0x02, 0x15, 0x03, 0x02, 0x00, 0x17,
  0x00, 0x3b, 0x00, 0x46, 0x00, 0xda, 0x4b, 0xb0, 0x17, 0x50, 0x58, 0x40,
  0x0b, 0x43, 0x24, 0x02, 0x09, 0x06, 0x3b, 0x01, 0x04, 0x09, 0x02, 0x4c,
  0x1b, 0x40, 0x0b, 0x43, 0x24, 0x02, 0x09, 0x06, 0x3b, 0x01, 0x08, 0x09,
  0x02, 0x4c, 0x59, 0x4b, 0xb0, 0x17, 0x50, 0x58, 0x40, 0x2a, 0x00, 0x02,
  0x0a, 0x01, 0x00, 0x07, 0x02, 0x00, 0x69, 0x00, 0x05, 0x05, 0x07, 0x61,
  0x00, 0x07, 0x07, 0x1d, 0x4d, 0x00, 0x06, 0x06, 0x01, 0x5f, 0x03, 0x01,
  0x01, 0x01, 0x16, 0x4d, 0x00, 0x09, 0x09, 0x04, 0x61, 0x08, 0x01, 0x04,
  0x04, 0x1b, 0x04, 0x4e, 0x1b, 0x4b, 0xb0, 0x2f, 0x50, 0x58, 0x40, 0x2e,
  0x00, 0x02, 0x0a, 0x01, 0x00, 0x07, 0x02, 0x00, 0x69, 0x00, 0x05, 0x05,
  0x07, 0x61, 0x00, 0x07, 0x07, 0x1d, 0x4d, 0x00, 0x06, 0x06, 0x01, 0x5f,
  0x03, 0x01, 0x01, 0x01, 0x16, 0x4d, 0x00, 0x08, 0x08, 0x15, 0x4d, 0x00,
  0x09, 0x09, 0x04, 0x61, 0x00, 0x04, 0x04, 0x1b, 0x04, 0x4e, 0x1b, 0x40,
  0x2f, 0x00, 0x02, 0x0a, 0x01, 0x00, 0x07, 0x02, 0x00, 0x69, 0x00, 0x06,
  0x09, 0x01, 0x06, 0x57, 0x00, 0x05, 0x05, 0x07, 0x61, 0x00, 0x07, 0x07,
  0x1d, 0x4d, 0x03, 0x01, 0x01, 0x01, 0x08, 0x5f, 0x00, 0x08, 0x08, 0x15,
  0x4d, 0x00, 0x09, 0x09, 0x04, 0x61, 0x00, 0x04, 0x04, 0x1b, 0x04, 0x4e,
  0x59, 0x59, 0x40, 0x1b, 0x01, 0x00, 0x40, 0x3e, 0x3a, 0x39, 0x35, 0x33,
  0x2e, 0x2c, 0x29, 0x27, 0x1d, 0x1b, 0x12, 0x10, 0x0d, 0x0b, 0x07, 0x05,
  0x00, 0x17, 0x01, 0x17, 0x0b, 0x07, 0x16, 0x2b, 0x01, 0x22, 0x2e, 0x03,
  0x31, 0x33, 0x30, 0x1e, 0x02, 0x33, 0x32, 0x3e, 0x02, 0x31, 0x33, 0x30,
  0x0e, 0x03, 0x13, 0x0e, 0x02, 0x23, 0x22, 0x26, 0x35, 0x34, 0x36, 0x36,
  0x37, 0x37, 0x35, 0x34, 0x26, 0x23, 0x22, 0x0e, 0x02, 0x31, 0x23, 0x30,
  0x3e, 0x03, 0x33, 0x32, 0x16, 0x16, 0x15, 0x11, 0x23, 0x35, 0x27, 0x14,
  0x16, 0x33, 0x32, 0x36, 0x35, 0x35, 0x07, 0x06, 0x06, 0x01, 0x2d, 0x38,
  0x45, 0x26, 0x0f, 0x03, 0x64, 0x03, 0x0f, 0x21, 0x1e, 0x1d, 0x22, 0x0e,
  0x03, 0x64, 0x03, 0x0f, 0x26, 0x45, 0x14, 0x07, 0x22, 0x3e, 0x32, 0x4f,
  0x60, 0x35, 0x5e, 0x3c, 0x80, 0x28, 0x2e, 0x20, 0x24, 0x11, 0x05, 0x8f,
  0x07, 0x17, 0x33, 0x57, 0x44, 0x53, 0x66, 0x30, 0x96, 0xbc, 0x2d, 0x21,
  0x2f, 0x3f, 0x6d, 0x23, 0x2c, 0x02, 0x55, 0x23, 0x33, 0x34, 0x23, 0x1a,
  0x21, 0x19, 0x19, 0x21, 0x1a, 0x23, 0x34, 0x33, 0x23, 0xfd, 0xeb, 0x09,
  0x24, 0x1d, 0x51, 0x47, 0x34, 0x45, 0x27, 0x07, 0x11, 0x12, 0x20, 0x32,
  0x14, 0x1b, 0x15, 0x25, 0x36, 0x36, 0x25, 0x3a, 0x59, 0x2f, 0xfe, 0xa6,
  0x40, 0x5a, 0x1e, 0x1f, 0x42, 0x38, 0x11, 0x0f, 0x05, 0x1c, 0x00, 0x00,
  0x00, 0x04, 0x00, 0x30, 0xff, 0xf6, 0x02, 0x15, 0x03, 0xc6, 0x00, 0x03,
  0x00, 0x1b, 0x00, 0x3f, 0x00, 0x4a, 0x00, 0xf4, 0x4b, 0xb0, 0x17, 0x50,
  0x58, 0x40, 0x0b, 0x47, 0x28, 0x02, 0x0b, 0x08, 0x3f, 0x01, 0x06, 0x0b,
  0x02, 0x4c, 0x1b, 0x40, 0x0b, 0x47, 0x28, 0x02, 0x0b, 0x08, 0x3f, 0x01,
  0x0a, 0x0b, 0x02, 0x4c, 0x59, 0x4b, 0xb0, 0x17, 0x50, 0x58, 0x40, 0x32,
  0x00, 0x01, 0x00, 0x00, 0x03, 0x01, 0x00, 0x67, 0x00, 0x04, 0x0c, 0x01,
  0x02, 0x09, 0x04, 0x02, 0x69, 0x00, 0x07, 0x07, 0x09, 0x61, 0x00, 0x09,
  0x09, 0x1d, 0x4d, 0x00, 0x08, 0x08, 0x03, 0x5f, 0x05, 0x01, 0x03, 0x03,
  0x16, 0x4d, 0x00, 0x0b, 0x0b, 0x06, 0x61, 0x0a, 0x01, 0x06, 0x06, 0x1b,
  0x06, 0x4e, 0x1b, 0x4b, 0xb0, 0x2f, 0x50, 0x58, 0x40, 0x36, 0x00, 0x01,
  0x00, 0x00, 0x03, 0x01, 0x00, 0x67, 0x00, 0x04, 0x0c, 0x01, 0x02, 0x09,
  0x04, 0x02, 0x69, 0x00, 0x07, 0x07, 0x09, 0x61, 0x00, 0x09, 0x09, 0x1d,
  0x4d, 0x00, 0x08, 0x08, 0x03, 0x5f, 0x05, 0x01, 0x03, 0x03, 0x16, 0x4d,
  0x00, 0x0a, 0x0a, 0x15, 0x4d, 0x00, 0x0b, 0x0b, 0x06, 0x61, 0x00, 0x06,
  0x06, 0x1b, 0x06, 0x4e, 0x1b, 0x40, 0x37, 0x00, 0x01, 0x00, 0x00, 0x03,
  0x01, 0x00, 0x67, 0x00, 0x04, 0x0c, 0x01, 0x02, 0x09, 0x04, 0x02, 0x69,
  0x00, 0x08, 0x0b, 0x03, 0x08, 0x57, 0x00, 0x07, 0x07, 0x09, 0x61, 0x00,
  0x09, 0x09, 0x1d, 0x4d, 0x05, 0x01, 0x03, 0x03, 0x0a, 0x5f, 0x00, 0x0a,
  0x0a, 0x15, 0x4d, 0x00, 0x0b, 0x0b, 0x06, 0x61, 0x00, 0x06, 0x06, 0x1b,
  0x06, 0x4e, 0x59, 0x59, 0x40, 0x1d, 0x05, 0x04, 0x44, 0x42, 0x3e, 0x3d,
  0x39, 0x37, 0x32, 0x30, 0x2d, 0x2b, 0x21, 0x1f, 0x16, 0x14, 0x11, 0x0f,
  0x0b, 0x09, 0x04, 0x1b, 0x05, 0x1b, 0x11, 0x10, 0x0d, 0x07, 0x18, 0x2b,
  0x01, 0x27, 0x37, 0x33, 0x03, 0x22, 0x2e, 0x03, 0x31, 0x33, 0x30, 0x1e,
  0x02, 0x33, 0x32, 0x3e, 0x02, 0x31, 0x33, 0x30, 0x0e, 0x03, 0x13, 0x0e,
  0x02, 0x23, 0x22, 0x26, 0x35, 0x34, 0x36, 0x36, 0x37, 0x37, 0x35, 0x34,
  0x26, 0x23, 0x22, 0x0e, 0x02, 0x31, 0x23, 0x30, 0x3e, 0x03, 0x33, 0x32,
  0x16, 0x16, 0x15, 0x11, 0x23, 0x35, 0x27, 0x14, 0x16, 0x33, 0x32, 0x36,
  0x35, 0x35, 0x07, 0x06, 0x06, 0x01, 0x65, 0x70, 0x51, 0x8d, 0xa6, 0x37,
  0x45, 0x26, 0x10, 0x03, 0x64, 0x04, 0x0e, 0x21, 0x1e, 0x1d, 0x21, 0x0f,
  0x03, 0x64, 0x03, 0x10, 0x26, 0x45, 0x15, 0x07, 0x22, 0x3e, 0x32, 0x4f,
  0x60, 0x35, 0x5e, 0x3c, 0x80, 0x28, 0x2e, 0x20, 0x24, 0x11, 0x05, 0x8f,
  0x07, 0x17, 0x33, 0x57, 0x44, 0x53, 0x66, 0x30, 0x96, 0xbc, 0x2d, 0x21,
  0x2f, 0x3f, 0x6d, 0x23, 0x2c, 0x03, 0x11, 0x01, 0xb4, 0xfe, 0x8f, 0x20,
  0x2e, 0x2f, 0x20, 0x16, 0x1b, 0x15, 0x15, 0x1b, 0x16, 0x20, 0x2f, 0x2e,
  0x20, 0xfd, 0xeb, 0x09, 0x24, 0x1d, 0x51, 0x47, 0x34, 0x45, 0x27, 0x07,
  0x11, 0x12, 0x20, 0x32, 0x14, 0x1b, 0x15, 0x25, 0x36, 0x36, 0x25, 0x3a,
  0x59, 0x2f, 0xfe, 0xa6, 0x40, 0x5a, 0x1e, 0x1f, 0x42, 0x38, 0x11, 0x0f,
  0x05, 0x1c, 0x00, 0x00, 0x00, 0x04, 0x00, 0x30, 0xff, 0x09, 0x02, 0x15,
  0x03, 0x02, 0x00, 0x17, 0x00, 0x3b, 0x00, 0x46, 0x00, 0x52, 0x00, 0xfa,
  0x4b, 0xb0, 0x17, 0x50, 0x58, 0x40, 0x0b, 0x43, 0x24, 0x02, 0x09, 0x06,
  0x3b, 0x01, 0x04, 0x09, 0x02, 0x4c, 0x1b, 0x40, 0x0b, 0x43, 0x24, 0x02,
  0x09, 0x06, 0x3b, 0x01, 0x08, 0x09, 0x02, 0x4c, 0x59, 0x4b, 0xb0, 0x17,
  0x50, 0x58, 0x40, 0x32, 0x00, 0x02, 0x0c, 0x01, 0x00, 0x07, 0x02, 0x00,
  0x69, 0x00, 0x0b, 0x0d, 0x01, 0x0a, 0x0b, 0x0a, 0x65, 0x00, 0x05, 0x05,
  0x07, 0x61, 0x00, 0x07, 0x07, 0x1d, 0x4d, 0x00, 0x06, 0x06, 0x01, 0x5f,
  0x03, 0x01, 0x01, 0x01, 0x16, 0x4d, 0x00, 0x09, 0x09, 0x04, 0x61, 0x08,
  0x01, 0x04, 0x04, 0x1b, 0x04, 0x4e, 0x1b, 0x4b, 0xb0, 0x2f, 0x50, 0x58,
  0x40, 0x36, 0x00, 0x02, 0x0c, 0x01, 0x00, 0x07, 0x02, 0x00, 0x69, 0x00,
  0x0b, 0x0d, 0x01, 0x0a, 0x0b, 0x0a, 0x65, 0x00, 0x05, 0x05, 0x07, 0x61,
  0x00, 0x07, 0x07, 0x1d, 0x4d, 0x00, 0x06, 0x06, 0x01, 0x5f, 0x03, 0x01,
  0x01, 0x01, 0x16, 0x4d, 0x00, 0x08, 0x08, 0x15, 0x4d, 0x00, 0x09, 0x09,
  0x04, 0x61, 0x00, 0x04, 0x04, 0x1b, 0x04, 0x4e, 0x1b, 0x40, 0x37, 0x00,
  0x02, 0x0c, 0x01, 0x00, 0x07, 0x02, 0x00, 0x69, 0x00, 0x06, 0x09, 0x01,
  0x06, 0x57, 0x00, 0x0b, 0x0d, 0x01, 0x0a, 0x0b, 0x0a, 0x65, 0x00, 0x05,
  0x05, 0x07, 0x61, 0x00, 0x07, 0x07, 0x1d, 0x4d, 0x03, 0x01, 0x01, 0x01,
  0x08, 0x5f, 0x00, 0x08, 0x08, 0x15, 0x4d, 0x00, 0x09, 0x09, 0x04, 0x61,
  0x00, 0x04, 0x04, 0x1b, 0x04, 0x4e, 0x59, 0x59, 0x40, 0x23, 0x48, 0x47,
  0x01, 0x00, 0x4e, 0x4c, 0x47, 0x52, 0x48, 0x52, 0x40, 0x3e, 0x3a, 0x39,
  0x35, 0x33, 0x2e, 0x2c, 0x29, 0x27, 0x1d, 0x1b, 0x12, 0x10, 0x0d, 0x0b,
  0x07, 0x05, 0x00, 0x17, 0x01, 0x17, 0x0e, 0x07, 0x16, 0x2b, 0x01, 0x22,
  0x2e, 0x03, 0x31, 0x33, 0x30, 0x1e, 0x02, 0x33, 0x32, 0x3e, 0x02, 0x31,
  0x33, 0x30, 0x0e, 0x03, 0x13, 0x0e, 0x02, 0x23, 0x22, 0x26, 0x35, 0x34,
  0x36, 0x36, 0x37, 0x37, 0x35, 0x34, 0x26, 0x23, 0x22, 0x0e, 0x02, 0x31,
  0x23, 0x30, 0x3e, 0x03, 0x33, 0x32, 0x16, 0x16, 0x15, 0x11, 0x23, 0x35,
  0x27, 0x14, 0x16, 0x33, 0x32, 0x36, 0x35, 0x35, 0x07, 0x06, 0x06, 0x13,
  0x22, 0x26, 0x35, 0x34, 0x36, 0x33, 0x32, 0x16, 0x15, 0x14, 0x06, 0x01,
  0x2d, 0x38, 0x45, 0x26, 0x0f, 0x03, 0x64, 0x03, 0x0f, 0x21, 0x1e, 0x1d,
  0x22, 0x0e, 0x03, 0x64, 0x03, 0x0f, 0x26, 0x45, 0x14, 0x07, 0x22, 0x3e,
  0x32, 0x4f, 0x60, 0x35, 0x5e, 0x3c, 0x80, 0x28, 0x2e, 0x20, 0x24, 0x11,
  0x05, 0x8f, 0x07, 0x17, 0x33, 0x57, 0x44, 0x53, 0x66, 0x30, 0x96, 0xbc,
  0x2d, 0x21, 0x2f, 0x3f, 0x6d, 0x23, 0x2c, 0x60, 0x23, 0x2c, 0x2c, 0x23,
  0x23, 0x2d, 0x2d, 0x02, 0x55, 0x23, 0x33, 0x34, 0x23, 0x1a, 0x21, 0x19,
  0x19, 0x21, 0x1a, 0x23, 0x34, 0x33, 0x23, 0xfd, 0xeb, 0x09, 0x24, 0x1d,
  0x51, 0x47, 0x34, 0x45, 0x27, 0x07, 0x11, 0x12, 0x20, 0x32, 0x14, 0x1b,
  0x15, 0x25, 0x36, 0x36, 0x25, 0x3a, 0x59, 0x2f, 0xfe, 0xa6, 0x40, 0x5a,
  0x1e, 0x1f, 0x42, 0x38, 0x11, 0x0f, 0x05, 0x1c, 0xfe, 0x51, 0x2f, 0x21,
  0x21, 0x2e, 0x2e, 0x21, 0x21, 0x2f, 0x00, 0x00, 0x00, 0x04, 0x00, 0x30,
  0xff, 0xf6, 0x02, 0x15, 0x03, 0xc6, 0x00, 0x03, 0x00, 0x1b, 0x00, 0x3f,
  0x00, 0x4a, 0x00, 0xfc, 0x4b, 0xb0, 0x17, 0x50, 0x58, 0x40, 0x0b, 0x47,
  0x28, 0x02, 0x0b, 0x08, 0x3f, 0x01, 0x06, 0x0b, 0x02, 0x4c, 0x1b, 0x40,
  0x0b, 0x47, 0x28, 0x02, 0x0b, 0x08, 0x3f, 0x01, 0x0a, 0x0b, 0x02, 0x4c,
  0x59, 0x4b, 0xb0, 0x17, 0x50, 0x58, 0x40, 0x33, 0x00, 0x00, 0x0c, 0x01,
  0x01, 0x03, 0x00, 0x01, 0x67, 0x00, 0x04, 0x0d, 0x01, 0x02, 0x09, 0x04,
  0x02, 0x69, 0x00, 0x07, 0x07, 0x09, 0x61, 0x00, 0x09, 0x09, 0x1d, 0x4d,
  0x00, 0x08, 0x08, 0x03, 0x5f, 0x05, 0x01, 0x03, 0x03, 0x16, 0x4d, 0x00,
  0x0b, 0x0b, 0x06, 0x61, 0x0a, 0x01, 0x06, 0x06, 0x1b, 0x06, 0x4e, 0x1b,
  0x4b, 0xb0, 0x2f, 0x50, 0x58, 0x40, 0x37, 0x00, 0x00, 0x0c, 0x01, 0x01,
  0x03, 0x00, 0x01, 0x67, 0x00, 0x04, 0x0d, 0x01, 0x02, 0x09, 0x04, 0x02,
  0x69, 0x00, 0x07, 0x07, 0x09, 0x61, 0x00, 0x09, 0x09, 0x1d, 0x4d, 0x00,
  0x08, 0x08, 0x03, 0x5f, 0x05, 0x01, 0x03, 0x03, 0x16, 0x4d, 0x00, 0x0a,
  0x0a, 0x15, 0x4d, 0x00, 0x0b, 0x0b, 0x06, 0x61, 0x00, 0x06, 0x06, 0x1b,
  0x06, 0x4e, 0x1b, 0x40, 0x38, 0x00, 0x00, 0x0c, 0x01, 0x01, 0x03, 0x00,
  0x01, 0x67, 0x00, 0x04, 0x0d, 0x01, 0x02, 0x09, 0x04, 0x02, 0x69, 0x00,
  0x08, 0x0b, 0x03, 0x08, 0x57, 0x00, 0x07, 0x07, 0x09, 0x61, 0x00, 0x09,
  0x09, 0x1d, 0x4d, 0x05, 0x01, 0x03, 0x03, 0x0a, 0x5f, 0x00, 0x0a, 0x0a,
  0x15, 0x4d, 0x00, 0x0b, 0x0b, 0x06, 0x61, 0x00, 0x06, 0x06, 0x1b, 0x06,
  0x4e, 0x59, 0x59, 0x40, 0x22, 0x05, 0x04, 0x00, 0x00, 0x44, 0x42, 0x3e,
  0x3d, 0x39, 0x37, 0x32, 0x30, 0x2d, 0x2b, 0x21, 0x1f, 0x16, 0x14, 0x11,
  0x0f, 0x0b, 0x09, 0x04, 0x1b, 0x05, 0x1b, 0x00, 0x03, 0x00, 0x03, 0x11,
  0x0e, 0x07, 0x17, 0x2b, 0x13, 0x27, 0x33, 0x17, 0x07, 0x22, 0x2e, 0x03,
  0x31, 0x33, 0x30, 0x1e, 0x02, 0x33, 0x32, 0x3e, 0x02, 0x31, 0x33, 0x30,
  0x0e, 0x03, 0x13, 0x0e, 0x02, 0x23, 0x22, 0x26, 0x35, 0x34, 0x36, 0x36,
  0x37, 0x37, 0x35, 0x34, 0x26, 0x23, 0x22, 0x0e, 0x02, 0x31, 0x23, 0x30,
  0x3e, 0x03, 0x33, 0x32, 0x16, 0x16, 0x15, 0x11, 0x23, 0x35, 0x27, 0x14,
  0x16, 0x33, 0x32, 0x36, 0x35, 0x35, 0x07, 0x06, 0x06, 0xf6, 0x6d, 0x8d,
  0x51, 0x3b, 0x37, 0x45, 0x26, 0x10, 0x03, 0x64, 0x04, 0x0f, 0x21, 0x1d,
  0x1d, 0x21, 0x0f, 0x03, 0x64, 0x03, 0x10, 0x26, 0x44, 0x15, 0x07, 0x22,
  0x3e, 0x32, 0x4f, 0x60, 0x35, 0x5e, 0x3c, 0x80, 0x28, 0x2e, 0x20, 0x24,
  0x11, 0x05, 0x8f, 0x07, 0x17, 0x33, 0x57, 0x44, 0x53, 0x66, 0x30, 0x96,
  0xbc, 0x2d, 0x21, 0x2f, 0x3f, 0x6d, 0x23, 0x2c, 0x03, 0x11, 0xb5, 0xb4,
  0xbd, 0x20, 0x2e, 0x2f, 0x20, 0x16, 0x1b, 0x15, 0x15, 0x1b, 0x16, 0x20,
  0x2f, 0x2e, 0x20, 0xfd, 0xeb, 0x09, 0x24, 0x1d, 0x51, 0x47, 0x34, 0x45,
  0x27, 0x07, 0x11, 0x12, 0x20, 0x32, 0x14, 0x1b, 0x15, 0x25, 0x36, 0x36,
  0x25, 0x3a, 0x59, 0x2f, 0xfe, 0xa6, 0x40, 0x5a, 0x1e, 0x1f, 0x42, 0x38,
  0x11, 0x0f, 0x05, 0x1c, 0x00, 0x04, 0x00, 0x30, 0xff, 0xf6, 0x02, 0x15,
  0x03, 0xf5, 0x00, 0x1c, 0x00, 0x34, 0x00, 0x58, 0x00, 0x63, 0x01, 0x78,
  0x4b, 0xb0, 0x17, 0x50, 0x58, 0x40, 0x0b, 0x60, 0x41, 0x02, 0x0d, 0x0a,
  0x58, 0x01, 0x08, 0x0d, 0x02, 0x4c, 0x1b, 0x40, 0x0b, 0x60, 0x41, 0x02,
  0x0d, 0x0a, 0x58, 0x01, 0x0c, 0x0d, 0x02, 0x4c, 0x59, 0x4b, 0xb0, 0x17,
  0x50, 0x58, 0x40, 0x41, 0x00, 0x01, 0x00, 0x03, 0x00, 0x01, 0x72, 0x0e,
  0x01, 0x03, 0x05, 0x00, 0x03, 0x05, 0x7e, 0x00, 0x02, 0x00, 0x00, 0x01,
  0x02, 0x00, 0x69, 0x00, 0x06, 0x0f, 0x01, 0x04, 0x0b, 0x06, 0x04, 0x69,
  0x00, 0x09, 0x09, 0x0b, 0x61, 0x00, 0x0b, 0x0b, 0x1d, 0x4d, 0x00, 0x0a,
  0x0a, 0x05, 0x5f, 0x07, 0x01, 0x05, 0x05, 0x16, 0x4d, 0x00, 0x0d, 0x0d,
  0x08, 0x61, 0x0c, 0x01, 0x08, 0x08, 0x1b, 0x08, 0x4e, 0x1b, 0x4b, 0xb0,
  0x21, 0x50, 0x58, 0x40, 0x45, 0x00, 0x01, 0x00, 0x03, 0x00, 0x01, 0x72,
  0x0e, 0x01, 0x03, 0x05, 0x00, 0x03, 0x05, 0x7e, 0x00, 0x02, 0x00, 0x00,
  0x01, 0x02, 0x00, 0x69, 0x00, 0x06, 0x0f, 0x01, 0x04, 0x0b, 0x06, 0x04,
  0x69, 0x00, 0x09, 0x09, 0x0b, 0x61, 0x00, 0x0b, 0x0b, 0x1d, 0x4d, 0x00,
  0x0a, 0x0a, 0x05, 0x5f, 0x07, 0x01, 0x05, 0x05, 0x16, 0x4d, 0x00, 0x0c,
  0x0c, 0x15, 0x4d, 0x00, 0x0d, 0x0d, 0x08, 0x61, 0x00, 0x08, 0x08, 0x1b,
  0x08, 0x4e, 0x1b, 0x4b, 0xb0, 0x2f, 0x50, 0x58, 0x40, 0x46, 0x00, 0x01,
  0x00, 0x03, 0x00, 0x01, 0x03, 0x80, 0x0e, 0x01, 0x03, 0x05, 0x00, 0x03,
  0x05, 0x7e, 0x00, 0x02, 0x00, 0x00, 0x01, 0x02, 0x00, 0x69, 0x00, 0x06,
  0x0f, 0x01, 0x04, 0x0b, 0x06, 0x04, 0x69, 0x00, 0x09, 0x09, 0x0b, 0x61,
  0x00, 0x0b, 0x0b, 0x1d, 0x4d, 0x00, 0x0a, 0x0a, 0x05, 0x5f, 0x07, 0x01,
  0x05, 0x05, 0x16, 0x4d, 0x00, 0x0c, 0x0c, 0x15, 0x4d, 0x00, 0x0d, 0x0d,
  0x08, 0x61, 0x00, 0x08, 0x08, 0x1b, 0x08, 0x4e, 0x1b, 0x40, 0x47, 0x00,
  0x01, 0x00, 0x03, 0x00, 0x01, 0x03, 0x80, 0x0e, 0x01, 0x03, 0x05, 0x00,
  0x03, 0x05, 0x7e, 0x00, 0x02, 0x00, 0x00, 0x01, 0x02, 0x00, 0x69, 0x00,
  0x06, 0x0f, 0x01, 0x04, 0x0b, 0x06, 0x04, 0x69, 0x00, 0x0a, 0x0d, 0x05,
  0x0a, 0x57, 0x00, 0x09, 0x09, 0x0b, 0x61, 0x00, 0x0b, 0x0b, 0x1d, 0x4d,
  0x07, 0x01, 0x05, 0x05, 0x0c, 0x5f, 0x00, 0x0c, 0x0c, 0x15, 0x4d, 0x00,
  0x0d, 0x0d, 0x08, 0x61, 0x00, 0x08, 0x08, 0x1b, 0x08, 0x4e, 0x59, 0x59,
  0x59, 0x40, 0x24, 0x1e, 0x1d, 0x00, 0x00, 0x5d, 0x5b, 0x57, 0x56, 0x52,
  0x50, 0x4b, 0x49, 0x46, 0x44, 0x3a, 0x38, 0x2f, 0x2d, 0x2a, 0x28, 0x24,
  0x22, 0x1d, 0x34, 0x1e, 0x34, 0x00, 0x1c, 0x00, 0x1c, 0x23, 0x22, 0x2a,
  0x10, 0x07, 0x19, 0x2b, 0x01, 0x35, 0x34, 0x36, 0x37, 0x37, 0x36, 0x36,
  0x35, 0x34, 0x26, 0x23, 0x22, 0x06, 0x06, 0x15, 0x23, 0x26, 0x36, 0x36,
  0x33, 0x32, 0x16, 0x15, 0x14, 0x06, 0x07, 0x07, 0x15, 0x07, 0x22, 0x2e,
  0x03, 0x31, 0x33, 0x30, 0x1e, 0x02, 0x33, 0x32, 0x3e, 0x02, 0x31, 0x33,
  0x30, 0x0e, 0x03, 0x13, 0x0e, 0x02, 0x23, 0x22, 0x26, 0x35, 0x34, 0x36,
  0x36, 0x37, 0x37, 0x35, 0x34, 0x26, 0x23, 0x22, 0x0e, 0x02, 0x31, 0x23,
  0x30, 0x3e, 0x03, 0x33, 0x32, 0x16, 0x16, 0x15, 0x11, 0x23, 0x35, 0x27,
  0x14, 0x16, 0x33, 0x32, 0x36, 0x35, 0x35, 0x07, 0x06, 0x06, 0x01, 0x01,
  0x0b, 0x0e, 0x0f, 0x15, 0x16, 0x13, 0x12, 0x12, 0x11, 0x04, 0x57, 0x01,
  0x19, 0x38, 0x2d, 0x3c, 0x46, 0x2f, 0x24, 0x05, 0x2c, 0x37, 0x45, 0x26,
  0x10, 0x03, 0x64, 0x04, 0x0f, 0x21, 0x1d, 0x1d, 0x21, 0x0f, 0x03, 0x64,
  0x03, 0x10, 0x26, 0x44, 0x15, 0x07, 0x22, 0x3e, 0x32, 0x4f, 0x60, 0x35,
  0x5e, 0x3c, 0x80, 0x28, 0x2e, 0x20, 0x24, 0x11, 0x05, 0x8f, 0x07, 0x17,
  0x33, 0x57, 0x44, 0x53, 0x66, 0x30, 0x96, 0xbc, 0x2d, 0x21, 0x2f, 0x3f,
  0x6d, 0x23, 0x2c, 0x03, 0x06, 0x21, 0x0d, 0x16, 0x07, 0x08, 0x0a, 0x16,
  0x0f, 0x0d, 0x13, 0x11, 0x14, 0x02, 0x1b, 0x35, 0x24, 0x3f, 0x2b, 0x23,
  0x31, 0x13, 0x02, 0x1c, 0xb1, 0x20, 0x2e, 0x2f, 0x20, 0x16, 0x1b, 0x15,
  0x15, 0x1b, 0x16, 0x20, 0x2f, 0x2e, 0x20, 0xfd, 0xeb, 0x09, 0x24, 0x1d,
  0x51, 0x47, 0x34, 0x45, 0x27, 0x07, 0x11, 0x12, 0x20, 0x32, 0x14, 0x1b,
  0x15, 0x25, 0x36, 0x36, 0x25, 0x3a, 0x59, 0x2f, 0xfe, 0xa6, 0x40, 0x5a,
  0x1e, 0x1f, 0x42, 0x38, 0x11, 0x0f, 0x05, 0x1c, 0x00, 0x04, 0x00, 0x30,
  0xff, 0xf6, 0x02, 0x15, 0x03, 0xb9, 0x00, 0x18, 0x00, 0x30, 0x00, 0x54,
  0x00, 0x5f, 0x01, 0x89, 0x4b, 0xb0, 0x17, 0x50, 0x58, 0x40, 0x0b, 0x5c,
  0x3d, 0x02, 0x0f, 0x0c, 0x54, 0x01, 0x0a, 0x0f, 0x02, 0x4c, 0x1b, 0x40,
  0x0b, 0x5c, 0x3d, 0x02, 0x0f, 0x0c, 0x54, 0x01, 0x0e, 0x0f, 0x02, 0x4c,
  0x59, 0x4b, 0xb0, 0x17, 0x50, 0x58, 0x40, 0x3d, 0x05, 0x01, 0x03, 0x00,
  0x01, 0x00, 0x03, 0x01, 0x69, 0x00, 0x04, 0x02, 0x10, 0x02, 0x00, 0x07,
  0x04, 0x00, 0x6a, 0x00, 0x08, 0x11, 0x01, 0x06, 0x0d, 0x08, 0x06, 0x69,
  0x00, 0x0b, 0x0b, 0x0d, 0x61, 0x00, 0x0d, 0x0d, 0x1d, 0x4d, 0x00, 0x0c,
  0x0c, 0x07, 0x5f, 0x09, 0x01, 0x07, 0x07, 0x16, 0x4d, 0x00, 0x0f, 0x0f,
  0x0a, 0x61, 0x0e, 0x01, 0x0a, 0x0a, 0x1b, 0x0a, 0x4e, 0x1b, 0x4b, 0xb0,
  0x26, 0x50, 0x58, 0x40, 0x41, 0x05, 0x01, 0x03, 0x00, 0x01, 0x00, 0x03,
  0x01, 0x69, 0x00, 0x04, 0x02, 0x10, 0x02, 0x00, 0x07, 0x04, 0x00, 0x6a,
  0x00, 0x08, 0x11, 0x01, 0x06, 0x0d, 0x08, 0x06, 0x69, 0x00, 0x0b, 0x0b,
  0x0d, 0x61, 0x00, 0x0d, 0x0d, 0x1d, 0x4d, 0x00, 0x0c, 0x0c, 0x07, 0x5f,
  0x09, 0x01, 0x07, 0x07, 0x16, 0x4d, 0x00, 0x0e, 0x0e, 0x15, 0x4d, 0x00,
  0x0f, 0x0f, 0x0a, 0x61, 0x00, 0x0a, 0x0a, 0x1b, 0x0a, 0x4e, 0x1b, 0x4b,
  0xb0, 0x2f, 0x50, 0x58, 0x40, 0x4f, 0x00, 0x05, 0x03, 0x04, 0x03, 0x05,
  0x04, 0x80, 0x00, 0x02, 0x01, 0x00, 0x01, 0x02, 0x00, 0x80, 0x00, 0x03,
  0x00, 0x01, 0x02, 0x03, 0x01, 0x69, 0x00, 0x04, 0x10, 0x01, 0x00, 0x07,
  0x04, 0x00, 0x6a, 0x00, 0x08, 0x11, 0x01, 0x06, 0x0d, 0x08, 0x06, 0x69,
  0x00, 0x0b, 0x0b, 0x0d, 0x61, 0x00, 0x0d, 0x0d, 0x1d, 0x4d, 0x00, 0x0c,
  0x0c, 0x07, 0x5f, 0x09, 0x01, 0x07, 0x07, 0x16, 0x4d, 0x00, 0x0e, 0x0e,
  0x15, 0x4d, 0x00, 0x0f, 0x0f, 0x0a, 0x61, 0x00, 0x0a, 0x0a, 0x1b, 0x0a,
  0x4e, 0x1b, 0x40, 0x50, 0x00, 0x05, 0x03, 0x04, 0x03, 0x05, 0x04, 0x80,
  0x00, 0x02, 0x01, 0x00, 0x01, 0x02, 0x00, 0x80, 0x00, 0x03, 0x00, 0x01,
  0x02, 0x03, 0x01, 0x69, 0x00, 0x04, 0x10, 0x01, 0x00, 0x07, 0x04, 0x00,
  0x6a, 0x00, 0x08, 0x11, 0x01, 0x06, 0x0d, 0x08, 0x06, 0x69, 0x00, 0x0c,
  0x0f, 0x07, 0x0c, 0x57, 0x00, 0x0b, 0x0b, 0x0d, 0x61, 0x00, 0x0d, 0x0d,
  0x1d, 0x4d, 0x09, 0x01, 0x07, 0x07, 0x0e, 0x5f, 0x00, 0x0e, 0x0e, 0x15,
  0x4d, 0x00, 0x0f, 0x0f, 0x0a, 0x61, 0x00, 0x0a, 0x0a, 0x1b, 0x0a, 0x4e,
  0x59, 0x59, 0x59, 0x40, 0x2b, 0x1a, 0x19, 0x01, 0x00, 0x59, 0x57, 0x53,
  0x52, 0x4e, 0x4c, 0x47, 0x45, 0x42, 0x40, 0x36, 0x34, 0x2b, 0x29, 0x26,
  0x24, 0x20, 0x1e, 0x19, 0x30, 0x1a, 0x30, 0x15, 0x14, 0x13, 0x11, 0x0e,
  0x0c, 0x09, 0x08, 0x06, 0x04, 0x00, 0x18, 0x01, 0x18, 0x12, 0x07, 0x16,
  0x2b, 0x01, 0x22, 0x2e, 0x02, 0x23, 0x22, 0x06, 0x15, 0x23, 0x34, 0x36,
  0x36, 0x33, 0x32, 0x1e, 0x02, 0x33, 0x32, 0x35, 0x33, 0x14, 0x06, 0x06,
  0x07, 0x22, 0x2e, 0x03, 0x31, 0x33, 0x30, 0x1e, 0x02, 0x33, 0x32, 0x3e,
  0x02, 0x31, 0x33, 0x30, 0x0e, 0x03, 0x13, 0x0e, 0x02, 0x23, 0x22, 0x26,
  0x35, 0x34, 0x36, 0x36, 0x37, 0x37, 0x35, 0x34, 0x26, 0x23, 0x22, 0x0e,
  0x02, 0x31, 0x23, 0x30, 0x3e, 0x03, 0x33, 0x32, 0x16, 0x16, 0x15, 0x11,
  0x23, 0x35, 0x27, 0x14, 0x16, 0x33, 0x32, 0x36, 0x35, 0x35, 0x07, 0x06,
  0x06, 0x01, 0x77, 0x1c, 0x26, 0x1e, 0x19, 0x0e, 0x10, 0x0c, 0x52, 0x10,
  0x2c, 0x29, 0x1c, 0x27, 0x1e, 0x19, 0x0d, 0x1c, 0x51, 0x10, 0x2b, 0x73,
  0x37, 0x45, 0x26, 0x10, 0x03, 0x64, 0x04, 0x0e, 0x21, 0x1e, 0x1d, 0x21,
  0x0f, 0x03, 0x64, 0x03, 0x10, 0x26, 0x45, 0x15, 0x07, 0x22, 0x3e, 0x32,
  0x4f, 0x60, 0x35, 0x5e, 0x3c, 0x80, 0x28, 0x2e, 0x20, 0x24, 0x11, 0x05,
  0x8f, 0x07, 0x17, 0x33, 0x57, 0x44, 0x53, 0x66, 0x30, 0x96, 0xbc, 0x2d,
  0x21, 0x2f, 0x3f, 0x6d, 0x23, 0x2c, 0x03, 0x20, 0x12, 0x19, 0x13, 0x1e,
  0x1a, 0x21, 0x44, 0x2e, 0x13, 0x18, 0x13, 0x38, 0x21, 0x44, 0x2e, 0xcb,
  0x20, 0x2e, 0x2f, 0x20, 0x16, 0x1b, 0x15, 0x15, 0x1b, 0x16, 0x20, 0x2f,
  0x2e, 0x20, 0xfd, 0xeb, 0x09, 0x24, 0x1d, 0x51, 0x47, 0x34, 0x45, 0x27,
  0x07, 0x11, 0x12, 0x20, 0x32, 0x14, 0x1b, 0x15, 0x25, 0x36, 0x36, 0x25,
  0x3a, 0x59, 0x2f, 0xfe, 0xa6, 0x40, 0x5a, 0x1e, 0x1f, 0x42, 0x38, 0x11,
  0x0f, 0x05, 0x1c, 0x00, 0x00, 0x03, 0x00, 0x30, 0xff, 0xf6, 0x02, 0x15,
  0x03, 0x08, 0x00, 0x06, 0x00, 0x2a, 0x00, 0x35, 0x00, 0xe3, 0x4b, 0xb0,
  0x17, 0x50, 0x58, 0x40, 0x0f, 0x05, 0x01, 0x01, 0x00, 0x32, 0x13, 0x02,
  0x08, 0x05, 0x2a, 0x01, 0x03, 0x08, 0x03, 0x4c, 0x1b, 0x40, 0x0f, 0x05,
  0x01, 0x01, 0x00, 0x32, 0x13, 0x02, 0x08, 0x05, 0x2a, 0x01, 0x07, 0x08,
  0x03, 0x4c, 0x59, 0x4b, 0xb0, 0x17, 0x50, 0x58, 0x40, 0x2d, 0x09, 0x02,
  0x02, 0x01, 0x00, 0x06, 0x00, 0x01, 0x06, 0x80, 0x00, 0x05, 0x04, 0x08,
  0x04, 0x05, 0x08, 0x80, 0x00, 0x00, 0x00, 0x16, 0x4d, 0x00, 0x04, 0x04,
  0x06, 0x61, 0x00, 0x06, 0x06, 0x1d, 0x4d, 0x00, 0x08, 0x08, 0x03, 0x61,
  0x07, 0x01, 0x03, 0x03, 0x1b, 0x03, 0x4e, 0x1b, 0x4b, 0xb0, 0x1f, 0x50,
  0x58, 0x40, 0x31, 0x09, 0x02, 0x02, 0x01, 0x00, 0x06, 0x00, 0x01, 0x06,
  0x80, 0x00, 0x05, 0x04, 0x08, 0x04, 0x05, 0x08, 0x80, 0x00, 0x00, 0x00,
  0x16, 0x4d, 0x00, 0x04, 0x04, 0x06, 0x61, 0x00, 0x06, 0x06, 0x1d, 0x4d,
  0x00, 0x07, 0x07, 0x15, 0x4d, 0x00, 0x08, 0x08, 0x03, 0x61, 0x00, 0x03,
  0x03, 0x1b, 0x03, 0x4e, 0x1b, 0x40, 0x2e, 0x00, 0x00, 0x01, 0x00, 0x85,
  0x09, 0x02, 0x02, 0x01, 0x06, 0x01, 0x85, 0x00, 0x05, 0x04, 0x08, 0x04,
  0x05, 0x08, 0x80, 0x00, 0x04, 0x04, 0x06, 0x61, 0x00, 0x06, 0x06, 0x1d,
  0x4d, 0x00, 0x07, 0x07, 0x15, 0x4d, 0x00, 0x08, 0x08, 0x03, 0x61, 0x00,
  0x03, 0x03, 0x1b, 0x03, 0x4e, 0x59, 0x59, 0x40, 0x17, 0x00, 0x00, 0x2f,
  0x2d, 0x29, 0x28, 0x24, 0x22, 0x1d, 0x1b, 0x18, 0x16, 0x0c, 0x0a, 0x00,
  0x06, 0x00, 0x06, 0x11, 0x11, 0x0a, 0x07, 0x18, 0x2b, 0x13, 0x37, 0x33,
  0x17, 0x23, 0x27, 0x07, 0x13, 0x0e, 0x02, 0x23, 0x22, 0x26, 0x35, 0x34,
  0x36, 0x36, 0x37, 0x37, 0x35, 0x34, 0x26, 0x23, 0x22, 0x0e, 0x02, 0x31,
  0x23, 0x30, 0x3e, 0x03, 0x33, 0x32, 0x16, 0x16, 0x15, 0x11, 0x23, 0x35,
  0x27, 0x14, 0x16, 0x33, 0x32, 0x36, 0x35, 0x35, 0x07, 0x06, 0x06, 0x6f,
  0x82, 0x78, 0x82, 0x77, 0x47, 0x47, 0x92, 0x07, 0x22, 0x3e, 0x32, 0x4f,
  0x60, 0x35, 0x5e, 0x3c, 0x80, 0x28, 0x2e, 0x20, 0x24, 0x11, 0x05, 0x8f,
  0x07, 0x17, 0x33, 0x57, 0x44, 0x53, 0x66, 0x30, 0x96, 0xbc, 0x2d, 0x21,
  0x2f, 0x3f, 0x6d, 0x23, 0x2c, 0x02, 0x54, 0xb4, 0xb4, 0x68, 0x68, 0xfd,
  0xec, 0x09, 0x24, 0x1d, 0x51, 0x47, 0x34, 0x45, 0x27, 0x07, 0x11, 0x12,
  0x20, 0x32, 0x14, 0x1b, 0x15, 0x25, 0x36, 0x36, 0x25, 0x3a, 0x59, 0x2f,
  0xfe, 0xa6, 0x40, 0x5a, 0x1e, 0x1f, 0x42, 0x38, 0x11, 0x0f, 0x05, 0x1c,
  0x00, 0x04, 0x00, 0x30, 0xff, 0xf6, 0x02, 0x8a, 0x03, 0x89, 0x00, 0x03,
  0x00, 0x0a, 0x00, 0x2e, 0x00, 0x39, 0x01, 0x03, 0x4b, 0xb0, 0x17, 0x50,
  0x58, 0x40, 0x0f, 0x09, 0x01, 0x03, 0x00, 0x36, 0x17, 0x02, 0x0a, 0x07,
  0x2e, 0x01, 0x05, 0x0a, 0x03, 0x4c, 0x1b, 0x40, 0x0f, 0x09, 0x01, 0x03,
  0x00, 0x36, 0x17, 0x02, 0x0a, 0x07, 0x2e, 0x01, 0x09, 0x0a, 0x03, 0x4c,
  0x59, 0x4b, 0xb0, 0x17, 0x50, 0x58, 0x40, 0x35, 0x0b, 0x04, 0x02, 0x03,
  0x00, 0x08, 0x00, 0x03, 0x08, 0x80, 0x00, 0x07, 0x06, 0x0a, 0x06, 0x07,
  0x0a, 0x80, 0x00, 0x01, 0x00, 0x00, 0x03, 0x01, 0x00, 0x67, 0x00, 0x02,
  0x02, 0x14, 0x4d, 0x00, 0x06, 0x06, 0x08, 0x61, 0x00, 0x08, 0x08, 0x1d,
  0x4d, 0x00, 0x0a, 0x0a, 0x05, 0x61, 0x09, 0x01, 0x05, 0x05, 0x1b, 0x05,
  0x4e, 0x1b, 0x4b, 0xb0, 0x31, 0x50, 0x58, 0x40, 0x39, 0x0b, 0x04, 0x02,
  0x03, 0x00, 0x08, 0x00, 0x03, 0x08, 0x80, 0x00, 0x07, 0x06, 0x0a, 0x06,
  0x07, 0x0a, 0x80, 0x00, 0x01, 0x00, 0x00, 0x03, 0x01, 0x00, 0x67, 0x00,
  0x02, 0x02, 0x14, 0x4d, 0x00, 0x06, 0x06, 0x08, 0x61, 0x00, 0x08, 0x08,
  0x1d, 0x4d, 0x00, 0x09, 0x09, 0x15, 0x4d, 0x00, 0x0a, 0x0a, 0x05, 0x61,
  0x00, 0x05, 0x05, 0x1b, 0x05, 0x4e, 0x1b, 0x40, 0x3c, 0x00, 0x02, 0x01,
  0x00, 0x01, 0x02, 0x00, 0x80, 0x0b, 0x04, 0x02, 0x03, 0x00, 0x08, 0x00,
  0x03, 0x08, 0x80, 0x00, 0x07, 0x06, 0x0a, 0x06, 0x07, 0x0a, 0x80, 0x00,
  0x01, 0x00, 0x00, 0x03, 0x01, 0x00, 0x67, 0x00, 0x06, 0x06, 0x08, 0x61,
  0x00, 0x08, 0x08, 0x1d, 0x4d, 0x00, 0x09, 0x09, 0x15, 0x4d, 0x00, 0x0a,
  0x0a, 0x05, 0x61, 0x00, 0x05, 0x05, 0x1b, 0x05, 0x4e, 0x59, 0x59, 0x40,
  0x19, 0x04, 0x04, 0x33, 0x31, 0x2d, 0x2c, 0x28, 0x26, 0x21, 0x1f, 0x1c,
  0x1a, 0x10, 0x0e, 0x04, 0x0a, 0x04, 0x0a, 0x11, 0x12, 0x11, 0x10, 0x0c,
  0x07, 0x1a, 0x2b, 0x01, 0x27, 0x37, 0x33, 0x01, 0x37, 0x33, 0x17, 0x23,
  0x27, 0x07, 0x13, 0x0e, 0x02, 0x23, 0x22, 0x26, 0x35, 0x34, 0x36, 0x36,
  0x37, 0x37, 0x35, 0x34, 0x26, 0x23, 0x22, 0x0e, 0x02, 0x31, 0x23, 0x30,
  0x3e, 0x03, 0x33, 0x32, 0x16, 0x16, 0x15, 0x11, 0x23, 0x35, 0x27, 0x14,
  0x16, 0x33, 0x32, 0x36, 0x35, 0x35, 0x07, 0x06, 0x06, 0x02, 0x1c, 0x70,
  0x51, 0x8d, 0xfd, 0xe5, 0x81, 0x79, 0x81, 0x77, 0x46, 0x47, 0x92, 0x07,
  0x22, 0x3e, 0x32, 0x4f, 0x60, 0x35, 0x5e, 0x3c, 0x80, 0x28, 0x2e, 0x20,
  0x24, 0x11, 0x05, 0x8f, 0x07, 0x17, 0x33, 0x57, 0x44, 0x53, 0x66, 0x30,
  0x96, 0xbc, 0x2d, 0x21, 0x2f, 0x3f, 0x6d, 0x23, 0x2c, 0x02, 0xd5, 0x01,
  0xb3, 0xfe, 0xcb, 0x9a, 0x9a, 0x55, 0x55, 0xfd, 0xec, 0x09, 0x24, 0x1d,
  0x51, 0x47, 0x34, 0x45, 0x27, 0x07, 0x11, 0x12, 0x20, 0x32, 0x14, 0x1b,
  0x15, 0x25, 0x36, 0x36, 0x25, 0x3a, 0x59, 0x2f, 0xfe, 0xa6, 0x40, 0x5a,
  0x1e, 0x1f, 0x42, 0x38, 0x11, 0x0f, 0x05, 0x1c, 0x00, 0x04, 0x00, 0x30,
  0xff, 0x09, 0x02, 0x15, 0x03, 0x08, 0x00, 0x06, 0x00, 0x2a, 0x00, 0x35,
  0x00, 0x41, 0x01, 0x03, 0x4b, 0xb0, 0x17, 0x50, 0x58, 0x40, 0x0f, 0x05,
  0x01, 0x01, 0x00, 0x32, 0x13, 0x02, 0x08, 0x05, 0x2a, 0x01, 0x03, 0x08,
  0x03, 0x4c, 0x1b, 0x40, 0x0f, 0x05, 0x01, 0x01, 0x00, 0x32, 0x13, 0x02,
  0x08, 0x05, 0x2a, 0x01, 0x07, 0x08, 0x03, 0x4c, 0x59, 0x4b, 0xb0, 0x17,
  0x50, 0x58, 0x40, 0x35, 0x0b, 0x02, 0x02, 0x01, 0x00, 0x06, 0x00, 0x01,
  0x06, 0x80, 0x00, 0x05, 0x04, 0x08, 0x04, 0x05, 0x08, 0x80, 0x00, 0x0a,
  0x0c, 0x01, 0x09, 0x0a, 0x09, 0x65, 0x00, 0x00, 0x00, 0x16, 0x4d, 0x00,
  0x04, 0x04, 0x06, 0x61, 0x00, 0x06, 0x06, 0x1d, 0x4d, 0x00, 0x08, 0x08,
  0x03, 0x61, 0x07, 0x01, 0x03, 0x03, 0x1b, 0x03, 0x4e, 0x1b, 0x4b, 0xb0,
  0x1f, 0x50, 0x58, 0x40, 0x39, 0x0b, 0x02, 0x02, 0x01, 0x00, 0x06, 0x00,
  0x01, 0x06, 0x80, 0x00, 0x05, 0x04, 0x08, 0x04, 0x05, 0x08, 0x80, 0x00,
  0x0a, 0x0c, 0x01, 0x09, 0x0a, 0x09, 0x65, 0x00, 0x00, 0x00, 0x16, 0x4d,
  0x00, 0x04, 0x04, 0x06, 0x61, 0x00, 0x06, 0x06, 0x1d, 0x4d, 0x00, 0x07,
  0x07, 0x15, 0x4d, 0x00, 0x08, 0x08, 0x03, 0x61, 0x00, 0x03, 0x03, 0x1b,
  0x03, 0x4e, 0x1b, 0x40, 0x36, 0x00, 0x00, 0x01, 0x00, 0x85, 0x0b, 0x02,
  0x02, 0x01, 0x06, 0x01, 0x85, 0x00, 0x05, 0x04, 0x08, 0x04, 0x05, 0x08,
  0x80, 0x00, 0x0a, 0x0c, 0x01, 0x09, 0x0a, 0x09, 0x65, 0x00, 0x04, 0x04,
  0x06, 0x61, 0x00, 0x06, 0x06, 0x1d, 0x4d, 0x00, 0x07, 0x07, 0x15, 0x4d,
  0x00, 0x08, 0x08, 0x03, 0x61, 0x00, 0x03, 0x03, 0x1b, 0x03, 0x4e, 0x59,
  0x59, 0x40, 0x1f, 0x37, 0x36, 0x00, 0x00, 0x3d, 0x3b, 0x36, 0x41, 0x37,
  0x41, 0x2f, 0x2d, 0x29, 0x28, 0x24, 0x22, 0x1d, 0x1b, 0x18, 0x16, 0x0c,
  0x0a, 0x00, 0x06, 0x00, 0x06, 0x11, 0x11, 0x0d, 0x07, 0x18, 0x2b, 0x13,
  0x37, 0x33, 0x17, 0x23, 0x27, 0x07, 0x13, 0x0e, 0x02, 0x23, 0x22, 0x26,
  0x35, 0x34, 0x36, 0x36, 0x37, 0x37, 0x35, 0x34, 0x26, 0x23, 0x22, 0x0e,
  0x02, 0x31, 0x23, 0x30, 0x3e, 0x03, 0x33, 0x32, 0x16, 0x16, 0x15, 0x11,
  0x23, 0x35, 0x27, 0x14, 0x16, 0x33, 0x32, 0x36, 0x35, 0x35, 0x07, 0x06,
  0x06, 0x13, 0x22, 0x26, 0x35, 0x34, 0x36, 0x33, 0x32, 0x16, 0x15, 0x14,
  0x06, 0x6f, 0x82, 0x78, 0x82, 0x77, 0x47, 0x47, 0x92, 0x07, 0x22, 0x3e,
  0x32, 0x4f, 0x60, 0x35, 0x5e, 0x3c, 0x80, 0x28, 0x2e, 0x20, 0x24, 0x11,
  0x05, 0x8f, 0x07, 0x17, 0x33, 0x57, 0x44, 0x53, 0x66, 0x30, 0x96, 0xbc,
  0x2d, 0x21, 0x2f, 0x3f, 0x6d, 0x23, 0x2c, 0x60, 0x23, 0x2c, 0x2c, 0x23,
  0x23, 0x2d, 0x2d, 0x02, 0x54, 0xb4, 0xb4, 0x68, 0x68, 0xfd, 0xec, 0x09,
  0x24, 0x1d, 0x51, 0x47, 0x34, 0x45, 0x27, 0x07, 0x11, 0x12, 0x20, 0x32,
  0x14, 0x1b, 0x15, 0x25, 0x36, 0x36, 0x25, 0x3a, 0x59, 0x2f, 0xfe, 0xa6,
  0x40, 0x5a, 0x1e, 0x1f, 0x42, 0x38, 0x11, 0x0f, 0x05, 0x1c, 0xfe, 0x51,
  0x2f, 0x21, 0x21, 0x2e, 0x2e, 0x21, 0x21, 0x2f, 0x00, 0x04, 0x00, 0x30,
  0xff, 0xf6, 0x02, 0x33, 0x03, 0x89, 0x00, 0x03, 0x00, 0x0a, 0x00, 0x2e,
  0x00, 0x39, 0x01, 0x4b, 0x4b, 0xb0, 0x17, 0x50, 0x58, 0x40, 0x0f, 0x09,
  0x01, 0x03, 0x01, 0x36, 0x17, 0x02, 0x0a, 0x07, 0x2e, 0x01, 0x05, 0x0a,
  0x03, 0x4c, 0x1b, 0x40, 0x0f, 0x09, 0x01, 0x03, 0x01, 0x36, 0x17, 0x02,
  0x0a, 0x07, 0x2e, 0x01, 0x09, 0x0a, 0x03, 0x4c, 0x59, 0x4b, 0xb0, 0x0a,
  0x50, 0x58, 0x40, 0x35, 0x0c, 0x04, 0x02, 0x03, 0x01, 0x08, 0x01, 0x03,
  0x72, 0x00, 0x07, 0x06, 0x0a, 0x06, 0x07, 0x0a, 0x80, 0x00, 0x00, 0x0b,
  0x01, 0x01, 0x03, 0x00, 0x01, 0x67, 0x00, 0x02, 0x02, 0x14, 0x4d, 0x00,
  0x06, 0x06, 0x08, 0x61, 0x00, 0x08, 0x08, 0x1d, 0x4d, 0x00, 0x0a, 0x0a,
  0x05, 0x61, 0x09, 0x01, 0x05, 0x05, 0x1b, 0x05, 0x4e, 0x1b, 0x4b, 0xb0,
  0x17, 0x50, 0x58, 0x40, 0x36, 0x0c, 0x04, 0x02, 0x03, 0x01, 0x08, 0x01,
  0x03, 0x08, 0x80, 0x00, 0x07, 0x06, 0x0a, 0x06, 0x07, 0x0a, 0x80, 0x00,
  0x00, 0x0b, 0x01, 0x01, 0x03, 0x00, 0x01, 0x67, 0x00, 0x02, 0x02, 0x14,
  0x4d, 0x00, 0x06, 0x06, 0x08, 0x61, 0x00, 0x08, 0x08, 0x1d, 0x4d, 0x00,
  0x0a, 0x0a, 0x05, 0x61, 0x09, 0x01, 0x05, 0x05, 0x1b, 0x05, 0x4e, 0x1b,
  0x4b, 0xb0, 0x31, 0x50, 0x58, 0x40, 0x3a, 0x0c, 0x04, 0x02, 0x03, 0x01,
  0x08, 0x01, 0x03, 0x08, 0x80, 0x00, 0x07, 0x06, 0x0a, 0x06, 0x07, 0x0a,
  0x80, 0x00, 0x00, 0x0b, 0x01, 0x01, 0x03, 0x00, 0x01, 0x67, 0x00, 0x02,
  0x02, 0x14, 0x4d, 0x00, 0x06, 0x06, 0x08, 0x61, 0x00, 0x08, 0x08, 0x1d,
  0x4d, 0x00, 0x09, 0x09, 0x15, 0x4d, 0x00, 0x0a, 0x0a, 0x05, 0x61, 0x00,
  0x05, 0x05, 0x1b, 0x05, 0x4e, 0x1b, 0x40, 0x3d, 0x00, 0x02, 0x00, 0x01,
  0x00, 0x02, 0x01, 0x80, 0x0c, 0x04, 0x02, 0x03, 0x01, 0x08, 0x01, 0x03,
  0x08, 0x80, 0x00, 0x07, 0x06, 0x0a, 0x06, 0x07, 0x0a, 0x80, 0x00, 0x00,
  0x0b, 0x01, 0x01, 0x03, 0x00, 0x01, 0x67, 0x00, 0x06, 0x06, 0x08, 0x61,
  0x00, 0x08, 0x08, 0x1d, 0x4d, 0x00, 0x09, 0x09, 0x15, 0x4d, 0x00, 0x0a,
  0x0a, 0x05, 0x61, 0x00, 0x05, 0x05, 0x1b, 0x05, 0x4e, 0x59, 0x59, 0x59,
  0x40, 0x20, 0x04, 0x04, 0x00, 0x00, 0x33, 0x31, 0x2d, 0x2c, 0x28, 0x26,
  0x21, 0x1f, 0x1c, 0x1a, 0x10, 0x0e, 0x04, 0x0a, 0x04, 0x0a, 0x08, 0x07,
  0x06, 0x05, 0x00, 0x03, 0x00, 0x03, 0x11, 0x0d, 0x07, 0x17, 0x2b, 0x01,
  0x27, 0x33, 0x17, 0x05, 0x37, 0x33, 0x17, 0x23, 0x27, 0x07, 0x13, 0x0e,
  0x02, 0x23, 0x22, 0x26, 0x35, 0x34, 0x36, 0x36, 0x37, 0x37, 0x35, 0x34,
  0x26, 0x23, 0x22, 0x0e, 0x02, 0x31, 0x23, 0x30, 0x3e, 0x03, 0x33, 0x32,
  0x16, 0x16, 0x15, 0x11, 0x23, 0x35, 0x27, 0x14, 0x16, 0x33, 0x32, 0x36,
  0x35, 0x35, 0x07, 0x06, 0x06, 0x01, 0xc3, 0x6e, 0x8d, 0x51, 0xfe, 0x3c,
  0x82, 0x78, 0x82, 0x77, 0x47, 0x47, 0x92, 0x07, 0x22, 0x3e, 0x32, 0x4f,
  0x60, 0x35, 0x5e, 0x3c, 0x80, 0x28, 0x2e, 0x20, 0x24, 0x11, 0x05, 0x8f,
  0x07, 0x17, 0x33, 0x57, 0x44, 0x53, 0x66, 0x30, 0x96, 0xbc, 0x2d, 0x21,
  0x2f, 0x3f, 0x6d, 0x23, 0x2c, 0x02, 0xd5, 0xb4, 0xb3, 0x82, 0x9a, 0x9a,
  0x55, 0x55, 0xfd, 0xec, 0x09, 0x24, 0x1d, 0x51, 0x47, 0x34, 0x45, 0x27,
  0x07, 0x11, 0x12, 0x20, 0x32, 0x14, 0x1b, 0x15, 0x25, 0x36, 0x36, 0x25,
  0x3a, 0x59, 0x2f, 0xfe, 0xa6, 0x40, 0x5a, 0x1e, 0x1f, 0x42, 0x38, 0x11,
  0x0f, 0x05, 0x1c, 0x00, 0x00, 0x04, 0x00, 0x30, 0xff, 0xf6, 0x02, 0x71,
  0x03, 0xb4, 0x00, 0x1c, 0x00, 0x23, 0x00, 0x47, 0x00, 0x52, 0x01, 0x8a,
  0x4b, 0xb0, 0x17, 0x50, 0x58, 0x40, 0x0f, 0x22, 0x01, 0x05, 0x03, 0x4f,
  0x30, 0x02, 0x0c, 0x09, 0x47, 0x01, 0x07, 0x0c, 0x03, 0x4c, 0x1b, 0x40,
  0x0f, 0x22, 0x01, 0x05, 0x03, 0x4f, 0x30, 0x02, 0x0c, 0x09, 0x47, 0x01,
  0x0b, 0x0c, 0x03, 0x4c, 0x59, 0x4b, 0xb0, 0x17, 0x50, 0x58, 0x40, 0x44,
  0x00, 0x01, 0x00, 0x04, 0x00, 0x01, 0x72, 0x0d, 0x01, 0x03, 0x04, 0x05,
  0x04, 0x03, 0x05, 0x80, 0x0e, 0x06, 0x02, 0x05, 0x0a, 0x04, 0x05, 0x0a,
  0x7e, 0x00, 0x09, 0x08, 0x0c, 0x08, 0x09, 0x0c, 0x80, 0x00, 0x02, 0x00,
  0x00, 0x01, 0x02, 0x00, 0x69, 0x00, 0x04, 0x04, 0x14, 0x4d, 0x00, 0x08,
  0x08, 0x0a, 0x61, 0x00, 0x0a, 0x0a, 0x1d, 0x4d, 0x00, 0x0c, 0x0c, 0x07,
  0x61, 0x0b, 0x01, 0x07, 0x07, 0x1b, 0x07, 0x4e, 0x1b, 0x4b, 0xb0, 0x21,
  0x50, 0x58, 0x40, 0x48, 0x00, 0x01, 0x00, 0x04, 0x00, 0x01, 0x72, 0x0d,
  0x01, 0x03, 0x04, 0x05, 0x04, 0x03, 0x05, 0x80, 0x0e, 0x06, 0x02, 0x05,
  0x0a, 0x04, 0x05, 0x0a, 0x7e, 0x00, 0x09, 0x08, 0x0c, 0x08, 0x09, 0x0c,
  0x80, 0x00, 0x02, 0x00, 0x00, 0x01, 0x02, 0x00, 0x69, 0x00, 0x04, 0x04,
  0x14, 0x4d, 0x00, 0x08, 0x08, 0x0a, 0x61, 0x00, 0x0a, 0x0a, 0x1d, 0x4d,
  0x00, 0x0b, 0x0b, 0x15, 0x4d, 0x00, 0x0c, 0x0c, 0x07, 0x61, 0x00, 0x07,
  0x07, 0x1b, 0x07, 0x4e, 0x1b, 0x4b, 0xb0, 0x31, 0x50, 0x58, 0x40, 0x49,
  0x00, 0x01, 0x00, 0x04, 0x00, 0x01, 0x04, 0x80, 0x0d, 0x01, 0x03, 0x04,
  0x05, 0x04, 0x03, 0x05, 0x80, 0x0e, 0x06, 0x02, 0x05, 0x0a, 0x04, 0x05,
  0x0a, 0x7e, 0x00, 0x09, 0x08, 0x0c, 0x08, 0x09, 0x0c, 0x80, 0x00, 0x02,
  0x00, 0x00, 0x01, 0x02, 0x00, 0x69, 0x00, 0x04, 0x04, 0x14, 0x4d, 0x00,
  0x08, 0x08, 0x0a, 0x61, 0x00, 0x0a, 0x0a, 0x1d, 0x4d, 0x00, 0x0b, 0x0b,
  0x15, 0x4d, 0x00, 0x0c, 0x0c, 0x07, 0x61, 0x00, 0x07, 0x07, 0x1b, 0x07,
  0x4e, 0x1b, 0x40, 0x4a, 0x00, 0x01, 0x00, 0x04, 0x00, 0x01, 0x04, 0x80,
  0x00, 0x04, 0x03, 0x00, 0x04, 0x03, 0x7e, 0x0d, 0x01, 0x03, 0x05, 0x00,
  0x03, 0x05, 0x7e, 0x0e, 0x06, 0x02, 0x05, 0x0a, 0x00, 0x05, 0x0a, 0x7e,
  0x00, 0x09, 0x08, 0x0c, 0x08, 0x09, 0x0c, 0x80, 0x00, 0x02, 0x00, 0x00,
  0x01, 0x02, 0x00, 0x69, 0x00, 0x08, 0x08, 0x0a, 0x61, 0x00, 0x0a, 0x0a,
  0x1d, 0x4d, 0x00, 0x0b, 0x0b, 0x15, 0x4d, 0x00, 0x0c, 0x0c, 0x07, 0x61,
  0x00, 0x07, 0x07, 0x1b, 0x07, 0x4e, 0x59, 0x59, 0x59, 0x40, 0x22, 0x1d,
  0x1d, 0x00, 0x00, 0x4c, 0x4a, 0x46, 0x45, 0x41, 0x3f, 0x3a, 0x38, 0x35,
  0x33, 0x29, 0x27, 0x1d, 0x23, 0x1d, 0x23, 0x21, 0x20, 0x1f, 0x1e, 0x00,
  0x1c, 0x00, 0x1c, 0x23, 0x22, 0x2a, 0x0f, 0x07, 0x19, 0x2b, 0x01, 0x35,
  0x34, 0x36, 0x37, 0x37, 0x36, 0x36, 0x35, 0x34, 0x26, 0x23, 0x22, 0x06,
  0x06, 0x15, 0x23, 0x26, 0x36, 0x36, 0x33, 0x32, 0x16, 0x15, 0x14, 0x06,
  0x07, 0x07, 0x15, 0x05, 0x37, 0x33, 0x17, 0x23, 0x27, 0x07, 0x13, 0x0e,
  0x02, 0x23, 0x22, 0x26, 0x35, 0x34, 0x36, 0x36, 0x37, 0x37, 0x35, 0x34,
  0x26, 0x23, 0x22, 0x0e, 0x02, 0x31, 0x23, 0x30, 0x3e, 0x03, 0x33, 0x32,
  0x16, 0x16, 0x15, 0x11, 0x23, 0x35, 0x27, 0x14, 0x16, 0x33, 0x32, 0x36,
  0x35, 0x35, 0x07, 0x06, 0x06, 0x01, 0xc2, 0x0b, 0x0e, 0x0f, 0x15, 0x16,
  0x13, 0x12, 0x12, 0x11, 0x04, 0x57, 0x01, 0x19, 0x38, 0x2c, 0x3d, 0x46,
  0x2f, 0x24, 0x05, 0xfe, 0x53, 0x81, 0x79, 0x81, 0x77, 0x46, 0x47, 0x95,
  0x07, 0x22, 0x3e, 0x32, 0x4f, 0x60, 0x35, 0x5e, 0x3c, 0x80, 0x28, 0x2e,
  0x20, 0x24, 0x11, 0x05, 0x8f, 0x07, 0x17, 0x33, 0x57, 0x44, 0x53, 0x66,
  0x30, 0x96, 0xbc, 0x2d, 0x21, 0x2f, 0x3f, 0x6d, 0x23, 0x2c, 0x02, 0xc5,
  0x21, 0x0d, 0x16, 0x07, 0x08, 0x0a, 0x16, 0x0f, 0x0d, 0x13, 0x11, 0x14,
  0x02, 0x1b, 0x35, 0x24, 0x3f, 0x2b, 0x23, 0x31, 0x13, 0x02, 0x1c, 0x71,
  0x9a, 0x9a, 0x55, 0x55, 0xfd, 0xec, 0x09, 0x24, 0x1d, 0x51, 0x47, 0x34,
  0x45, 0x27, 0x07, 0x11, 0x12, 0x20, 0x32, 0x14, 0x1b, 0x15, 0x25, 0x36,
  0x36, 0x25, 0x3a, 0x59, 0x2f, 0xfe, 0xa6, 0x40, 0x5a, 0x1e, 0x1f, 0x42,
  0x38, 0x11, 0x0f, 0x05, 0x1c, 0x00, 0x00, 0x00, 0x00, 0x04, 0x00, 0x30,
  0xff, 0xf6, 0x02, 0x15, 0x03, 0xab, 0x00, 0x18, 0x00, 0x1f, 0x00, 0x43,
  0x00, 0x4e, 0x01, 0x9c, 0x4b, 0xb0, 0x17, 0x50, 0x58, 0x40, 0x0f, 0x1e,
  0x01, 0x07, 0x06, 0x4b, 0x2c, 0x02, 0x0e, 0x0b, 0x43, 0x01, 0x09, 0x0e,
  0x03, 0x4c, 0x1b, 0x40, 0x0f, 0x1e, 0x01, 0x07, 0x06, 0x4b, 0x2c, 0x02,
  0x0e, 0x0b, 0x43, 0x01, 0x0d, 0x0e, 0x03, 0x4c, 0x59, 0x4b, 0xb0, 0x17,
  0x50, 0x58, 0x40, 0x40, 0x10, 0x08, 0x02, 0x07, 0x06, 0x0c, 0x06, 0x07,
  0x0c, 0x80, 0x00, 0x0b, 0x0a, 0x0e, 0x0a, 0x0b, 0x0e, 0x80, 0x05, 0x01,
  0x03, 0x00, 0x01, 0x00, 0x03, 0x01, 0x69, 0x00, 0x04, 0x02, 0x0f, 0x02,
  0x00, 0x06, 0x04, 0x00, 0x6a, 0x00, 0x06, 0x06, 0x14, 0x4d, 0x00, 0x0a,
  0x0a, 0x0c, 0x61, 0x00, 0x0c, 0x0c, 0x1d, 0x4d, 0x00, 0x0e, 0x0e, 0x09,
  0x61, 0x0d, 0x01, 0x09, 0x09, 0x1b, 0x09, 0x4e, 0x1b, 0x4b, 0xb0, 0x26,
  0x50, 0x58, 0x40, 0x44, 0x10, 0x08, 0x02, 0x07, 0x06, 0x0c, 0x06, 0x07,
  0x0c, 0x80, 0x00, 0x0b, 0x0a, 0x0e, 0x0a, 0x0b, 0x0e, 0x80, 0x05, 0x01,
  0x03, 0x00, 0x01, 0x00, 0x03, 0x01, 0x69, 0x00, 0x04, 0x02, 0x0f, 0x02,
  0x00, 0x06, 0x04, 0x00, 0x6a, 0x00, 0x06, 0x06, 0x14, 0x4d, 0x00, 0x0a,
  0x0a, 0x0c, 0x61, 0x00, 0x0c, 0x0c, 0x1d, 0x4d, 0x00, 0x0d, 0x0d, 0x15,
  0x4d, 0x00, 0x0e, 0x0e, 0x09, 0x61, 0x00, 0x09, 0x09, 0x1b, 0x09, 0x4e,
  0x1b, 0x4b, 0xb0, 0x31, 0x50, 0x58, 0x40, 0x52, 0x00, 0x05, 0x03, 0x04,
  0x03, 0x05, 0x04, 0x80, 0x00, 0x02, 0x01, 0x00, 0x01, 0x02, 0x00, 0x80,
  0x10, 0x08, 0x02, 0x07, 0x06, 0x0c, 0x06, 0x07, 0x0c, 0x80, 0x00, 0x0b,
  0x0a, 0x0e, 0x0a, 0x0b, 0x0e, 0x80, 0x00, 0x03, 0x00, 0x01, 0x02, 0x03,
  0x01, 0x69, 0x00, 0x04, 0x0f, 0x01, 0x00, 0x06, 0x04, 0x00, 0x6a, 0x00,
  0x06, 0x06, 0x14, 0x4d, 0x00, 0x0a, 0x0a, 0x0c, 0x61, 0x00, 0x0c, 0x0c,
  0x1d, 0x4d, 0x00, 0x0d, 0x0d, 0x15, 0x4d, 0x00, 0x0e, 0x0e, 0x09, 0x61,
  0x00, 0x09, 0x09, 0x1b, 0x09, 0x4e, 0x1b, 0x40, 0x54, 0x00, 0x05, 0x03,
  0x04, 0x03, 0x05, 0x04, 0x80, 0x00, 0x02, 0x01, 0x00, 0x01, 0x02, 0x00,
  0x80, 0x00, 0x06, 0x00, 0x07, 0x00, 0x06, 0x07, 0x80, 0x10, 0x08, 0x02,
  0x07, 0x0c, 0x00, 0x07, 0x0c, 0x7e, 0x00, 0x0b, 0x0a, 0x0e, 0x0a, 0x0b,
  0x0e, 0x80, 0x00, 0x03, 0x00, 0x01, 0x02, 0x03, 0x01, 0x69, 0x00, 0x04,
  0x0f, 0x01, 0x00, 0x06, 0x04, 0x00, 0x6a, 0x00, 0x0a, 0x0a, 0x0c, 0x61,
  0x00, 0x0c, 0x0c, 0x1d, 0x4d, 0x00, 0x0d, 0x0d, 0x15, 0x4d, 0x00, 0x0e,
  0x0e, 0x09, 0x61, 0x00, 0x09, 0x09, 0x1b, 0x09, 0x4e, 0x59, 0x59, 0x59,
  0x40, 0x29, 0x19, 0x19, 0x01, 0x00, 0x48, 0x46, 0x42, 0x41, 0x3d, 0x3b,
  0x36, 0x34, 0x31, 0x2f, 0x25, 0x23, 0x19, 0x1f, 0x19, 0x1f, 0x1d, 0x1c,
  0x1b, 0x1a, 0x15, 0x14, 0x13, 0x11, 0x0e, 0x0c, 0x09, 0x08, 0x06, 0x04,
  0x00, 0x18, 0x01, 0x18, 0x11, 0x07, 0x16, 0x2b, 0x01, 0x22, 0x2e, 0x02,
  0x23, 0x22, 0x06, 0x15, 0x23, 0x34, 0x36, 0x36, 0x33, 0x32, 0x1e, 0x02,
  0x33, 0x32, 0x35, 0x33, 0x14, 0x06, 0x06, 0x05, 0x37, 0x33, 0x17, 0x23,
  0x27, 0x07, 0x13, 0x0e, 0x02, 0x23, 0x22, 0x26, 0x35, 0x34, 0x36, 0x36,
  0x37, 0x37, 0x35, 0x34, 0x26, 0x23, 0x22, 0x0e, 0x02, 0x31, 0x23, 0x30,
  0x3e, 0x03, 0x33, 0x32, 0x16, 0x16, 0x15, 0x11, 0x23, 0x35, 0x27, 0x14,
  0x16, 0x33, 0x32, 0x36, 0x35, 0x35, 0x07, 0x06, 0x06, 0x01, 0x74, 0x1b,
  0x27, 0x1d, 0x1a, 0x0d, 0x10, 0x0d, 0x51, 0x10, 0x2b, 0x2a, 0x1b, 0x28,
  0x1e, 0x19, 0x0d, 0x1b, 0x52, 0x10, 0x2b, 0xfe, 0xd0, 0x82, 0x78, 0x82,
  0x77, 0x47, 0x47, 0x93, 0x07, 0x22, 0x3e, 0x32, 0x4f, 0x60, 0x35, 0x5e,
  0x3c, 0x80, 0x28, 0x2e, 0x20, 0x24, 0x11, 0x05, 0x8f, 0x07, 0x17, 0x33,
  0x57, 0x44, 0x53, 0x66, 0x30, 0x96, 0xbc, 0x2d, 0x21, 0x2f, 0x3f, 0x6d,
  0x23, 0x2c, 0x03, 0x12, 0x13, 0x18, 0x13, 0x1e, 0x1a, 0x21, 0x44, 0x2e,
  0x13, 0x18, 0x12, 0x37, 0x21, 0x44, 0x2e, 0xbe, 0x9a, 0x9a, 0x55, 0x55,
  0xfd, 0xec, 0x09, 0x24, 0x1d, 0x51, 0x47, 0x34, 0x45, 0x27, 0x07, 0x11,
  0x12, 0x20, 0x32, 0x14, 0x1b, 0x15, 0x25, 0x36, 0x36, 0x25, 0x3a, 0x59,
  0x2f, 0xfe, 0xa6, 0x40, 0x5a, 0x1e, 0x1f, 0x42, 0x38, 0x11, 0x0f, 0x05,
  0x1c, 0x00, 0x00, 0x00, 0x00, 0x04, 0x00, 0x30, 0xff, 0xf6, 0x02, 0x15,
  0x02, 0xf5, 0x00, 0x0b, 0x00, 0x17, 0x00, 0x3b, 0x00, 0x46, 0x00, 0xe3,
  0x4b, 0xb0, 0x17, 0x50, 0x58, 0x40, 0x0b, 0x43, 0x24, 0x02, 0x09, 0x06,
  0x3b, 0x01, 0x04, 0x09, 0x02, 0x4c, 0x1b, 0x40, 0x0b, 0x43, 0x24, 0x02,
  0x09, 0x06, 0x3b, 0x01, 0x08, 0x09, 0x02, 0x4c, 0x59, 0x4b, 0xb0, 0x17,
  0x50, 0x58, 0x40, 0x2c, 0x00, 0x06, 0x05, 0x09, 0x05, 0x06, 0x09, 0x80,
  0x0b, 0x02, 0x0a, 0x03, 0x00, 0x00, 0x01, 0x61, 0x03, 0x01, 0x01, 0x01,
  0x16, 0x4d, 0x00, 0x05, 0x05, 0x07, 0x61, 0x00, 0x07, 0x07, 0x1d, 0x4d,
  0x00, 0x09, 0x09, 0x04, 0x61, 0x08, 0x01, 0x04, 0x04, 0x1b, 0x04, 0x4e,
  0x1b, 0x4b, 0xb0, 0x2f, 0x50, 0x58, 0x40, 0x30, 0x00, 0x06, 0x05, 0x09,
  0x05, 0x06, 0x09, 0x80, 0x0b, 0x02, 0x0a, 0x03, 0x00, 0x00, 0x01, 0x61,
  0x03, 0x01, 0x01, 0x01, 0x16, 0x4d, 0x00, 0x05, 0x05, 0x07, 0x61, 0x00,
  0x07, 0x07, 0x1d, 0x4d, 0x00, 0x08, 0x08, 0x15, 0x4d, 0x00, 0x09, 0x09,
  0x04, 0x61, 0x00, 0x04, 0x04, 0x1b, 0x04, 0x4e, 0x1b, 0x40, 0x30, 0x00,
  0x06, 0x05, 0x09, 0x05, 0x06, 0x09, 0x80, 0x0b, 0x02, 0x0a, 0x03, 0x00,
  0x00, 0x01, 0x61, 0x03, 0x01, 0x01, 0x01, 0x1a, 0x4d, 0x00, 0x05, 0x05,
  0x07, 0x61, 0x00, 0x07, 0x07, 0x1d, 0x4d, 0x00, 0x08, 0x08, 0x15, 0x4d,
  0x00, 0x09, 0x09, 0x04, 0x61, 0x00, 0x04, 0x04, 0x1b, 0x04, 0x4e, 0x59,
  0x59, 0x40, 0x1f, 0x0d, 0x0c, 0x01, 0x00, 0x40, 0x3e, 0x3a, 0x39, 0x35,
  0x33, 0x2e, 0x2c, 0x29, 0x27, 0x1d, 0x1b, 0x13, 0x11, 0x0c, 0x17, 0x0d,
  0x17, 0x07, 0x05, 0x00, 0x0b, 0x01, 0x0b, 0x0c, 0x07, 0x16, 0x2b, 0x01,
  0x22, 0x26, 0x35, 0x34, 0x36, 0x33, 0x32, 0x16, 0x15, 0x14, 0x06, 0x21,
  0x22, 0x26, 0x35, 0x34, 0x36, 0x33, 0x32, 0x16, 0x15, 0x14, 0x06, 0x13,
  0x0e, 0x02, 0x23, 0x22, 0x26, 0x35, 0x34, 0x36, 0x36, 0x37, 0x37, 0x35,
  0x34, 0x26, 0x23, 0x22, 0x0e, 0x02, 0x31, 0x23, 0x30, 0x3e, 0x03, 0x33,
  0x32, 0x16, 0x16, 0x15, 0x11, 0x23, 0x35, 0x27, 0x14, 0x16, 0x33, 0x32,
  0x36, 0x35, 0x35, 0x07, 0x06, 0x06, 0x01, 0x9e, 0x26, 0x31, 0x31, 0x26,
  0x25, 0x31, 0x31, 0xfe, 0xf8, 0x26, 0x30, 0x30, 0x26, 0x25, 0x31, 0x31,
  0x98, 0x07, 0x22, 0x3e, 0x32, 0x4f, 0x60, 0x35, 0x5e, 0x3c, 0x80, 0x28,
  0x2e, 0x20, 0x24, 0x11, 0x05, 0x8f, 0x07, 0x17, 0x33, 0x57, 0x44, 0x53,
  0x66, 0x30, 0x96, 0xbc, 0x2d, 0x21, 0x2f, 0x3f, 0x6d, 0x23, 0x2c, 0x02,
  0x4f, 0x31, 0x22, 0x23, 0x30, 0x30, 0x23, 0x22, 0x31, 0x31, 0x22, 0x23,
  0x30, 0x30, 0x23, 0x22, 0x31, 0xfd, 0xf1, 0x09, 0x24, 0x1d, 0x51, 0x47,
  0x34, 0x45, 0x27, 0x07, 0x11, 0x12, 0x20, 0x32, 0x14, 0x1b, 0x15, 0x25,
  0x36, 0x36, 0x25, 0x3a, 0x59, 0x2f, 0xfe, 0xa6, 0x40, 0x5a, 0x1e, 0x1f,
  0x42, 0x38, 0x11, 0x0f, 0x05, 0x1c, 0x00, 0x00, 0x00, 0x03, 0x00, 0x30,
  0xff, 0x09, 0x02, 0x15, 0x02, 0x1c, 0x00, 0x23, 0x00, 0x2e, 0x00, 0x3a,
  0x00, 0x90, 0x4b, 0xb0, 0x17, 0x50, 0x58, 0x40, 0x0b, 0x2b, 0x0c, 0x02,
  0x05, 0x02, 0x23, 0x01, 0x00, 0x05, 0x02, 0x4c, 0x1b, 0x40, 0x0b, 0x2b,
  0x0c, 0x02, 0x05, 0x02, 0x23, 0x01, 0x04, 0x05, 0x02, 0x4c, 0x59, 0x4b,
  0xb0, 0x17, 0x50, 0x58, 0x40, 0x26, 0x00, 0x02, 0x01, 0x05, 0x01, 0x02,
  0x05, 0x80, 0x00, 0x07, 0x08, 0x01, 0x06, 0x07, 0x06, 0x65, 0x00, 0x01,
  0x01, 0x03, 0x61, 0x00, 0x03, 0x03, 0x1d, 0x4d, 0x00, 0x05, 0x05, 0x00,
  0x61, 0x04, 0x01, 0x00, 0x00, 0x1b, 0x00, 0x4e, 0x1b, 0x40, 0x2a, 0x00,
  0x02, 0x01, 0x05, 0x01, 0x02, 0x05, 0x80, 0x00, 0x07, 0x08, 0x01, 0x06,
  0x07, 0x06, 0x65, 0x00, 0x01, 0x01, 0x03, 0x61, 0x00, 0x03, 0x03, 0x1d,
  0x4d, 0x00, 0x04, 0x04, 0x15, 0x4d, 0x00, 0x05, 0x05, 0x00, 0x61, 0x00,
  0x00, 0x00, 0x1b, 0x00, 0x4e, 0x59, 0x40, 0x11, 0x30, 0x2f, 0x36, 0x34,
  0x2f, 0x3a, 0x30, 0x3a, 0x24, 0x14, 0x25, 0x23, 0x2a, 0x23, 0x09, 0x07,
  0x1c, 0x2b, 0x25, 0x0e, 0x02, 0x23, 0x22, 0x26, 0x35, 0x34, 0x36, 0x36,
  0x37, 0x37, 0x35, 0x34, 0x26, 0x23, 0x22, 0x0e, 0x02, 0x31, 0x23, 0x30,
  0x3e, 0x03, 0x33, 0x32, 0x16, 0x16, 0x15, 0x11, 0x23, 0x35, 0x27, 0x14,
  0x16, 0x33, 0x32, 0x36, 0x35, 0x35, 0x07, 0x06, 0x06, 0x13, 0x22, 0x26,
  0x35, 0x34, 0x36, 0x33, 0x32, 0x16, 0x15, 0x14, 0x06, 0x01, 0x78, 0x07,
  0x22, 0x3e, 0x32, 0x4f, 0x60, 0x35, 0x5e, 0x3c, 0x80, 0x28, 0x2e, 0x20,
  0x24, 0x11, 0x05, 0x8f, 0x07, 0x17, 0x33, 0x57, 0x44, 0x53, 0x66, 0x30,
  0x96, 0xbc, 0x2d, 0x21, 0x2f, 0x3f, 0x6d, 0x23, 0x2c, 0x60, 0x23, 0x2c,
  0x2c, 0x23, 0x23, 0x2d, 0x2d, 0x40, 0x09, 0x24, 0x1d, 0x51, 0x47, 0x34,
  0x45, 0x27, 0x07, 0x11, 0x12, 0x20, 0x32, 0x14, 0x1b, 0x15, 0x25, 0x36,
  0x36, 0x25, 0x3a, 0x59, 0x2f, 0xfe, 0xa6, 0x40, 0x5a, 0x1e, 0x1f, 0x42,
  0x38, 0x11, 0x0f, 0x05, 0x1c, 0xfe, 0x51, 0x2f, 0x21, 0x21, 0x2e, 0x2e,
  0x21, 0x21, 0x2f, 0x00, 0x00, 0x03, 0x00, 0x30, 0xff, 0xf6, 0x02, 0x15,
  0x03, 0x10, 0x00, 0x03, 0x00, 0x27, 0x00, 0x32, 0x00, 0xc9, 0x4b, 0xb0,
  0x17, 0x50, 0x58, 0x40, 0x0b, 0x2f, 0x10, 0x02, 0x07, 0x04, 0x27, 0x01,
  0x02, 0x07, 0x02, 0x4c, 0x1b, 0x40, 0x0b, 0x2f, 0x10, 0x02, 0x07, 0x04,
  0x27, 0x01, 0x06, 0x07, 0x02, 0x4c, 0x59, 0x4b, 0xb0, 0x16, 0x50, 0x58,
  0x40, 0x29, 0x00, 0x04, 0x03, 0x07, 0x03, 0x04, 0x07, 0x80, 0x08, 0x01,
  0x01, 0x01, 0x00, 0x5f, 0x00, 0x00, 0x00, 0x16, 0x4d, 0x00, 0x03, 0x03,
  0x05, 0x61, 0x00, 0x05, 0x05, 0x1d, 0x4d, 0x00, 0x07, 0x07, 0x02, 0x61,
  0x06, 0x01, 0x02, 0x02, 0x1b, 0x02, 0x4e, 0x1b, 0x4b, 0xb0, 0x17, 0x50,
  0x58, 0x40, 0x27, 0x00, 0x04, 0x03, 0x07, 0x03, 0x04, 0x07, 0x80, 0x00,
  0x00, 0x08, 0x01, 0x01, 0x05, 0x00, 0x01, 0x67, 0x00, 0x03, 0x03, 0x05,
  0x61, 0x00, 0x05, 0x05, 0x1d, 0x4d, 0x00, 0x07, 0x07, 0x02, 0x61, 0x06,
  0x01, 0x02, 0x02, 0x1b, 0x02, 0x4e, 0x1b, 0x40, 0x2b, 0x00, 0x04, 0x03,
  0x07, 0x03, 0x04, 0x07, 0x80, 0x00, 0x00, 0x08, 0x01, 0x01, 0x05, 0x00,
  0x01, 0x67, 0x00, 0x03, 0x03, 0x05, 0x61, 0x00, 0x05, 0x05, 0x1d, 0x4d,
  0x00, 0x06, 0x06, 0x15, 0x4d, 0x00, 0x07, 0x07, 0x02, 0x61, 0x00, 0x02,
  0x02, 0x1b, 0x02, 0x4e, 0x59, 0x59, 0x40, 0x16, 0x00, 0x00, 0x2c, 0x2a,
  0x26, 0x25, 0x21, 0x1f, 0x1a, 0x18, 0x15, 0x13, 0x09, 0x07, 0x00, 0x03,
  0x00, 0x03, 0x11, 0x09, 0x07, 0x17, 0x2b, 0x13, 0x27, 0x33, 0x17, 0x13,
  0x0e, 0x02, 0x23, 0x22, 0x26, 0x35, 0x34, 0x36, 0x36, 0x37, 0x37, 0x35,
  0x34, 0x26, 0x23, 0x22, 0x0e, 0x02, 0x31, 0x23, 0x30, 0x3e, 0x03, 0x33,
  0x32, 0x16, 0x16, 0x15, 0x11, 0x23, 0x35, 0x27, 0x14, 0x16, 0x33, 0x32,
  0x36, 0x35, 0x35, 0x07, 0x06, 0x06, 0xf7, 0x6d, 0x8d, 0x50, 0x11, 0x07,
  0x22, 0x3e, 0x32, 0x4f, 0x60, 0x35, 0x5e, 0x3c, 0x80, 0x28, 0x2e, 0x20,
  0x24, 0x11, 0x05, 0x8f, 0x07, 0x17, 0x33, 0x57, 0x44, 0x53, 0x66, 0x30,
  0x96, 0xbc, 0x2d, 0x21, 0x2f, 0x3f, 0x6d, 0x23, 0x2c, 0x02, 0x5b, 0xb5,
  0xb4, 0xfd, 0xe4, 0x09, 0x24, 0x1d, 0x51, 0x47, 0x34, 0x45, 0x27, 0x07,
  0x11, 0x12, 0x20, 0x32, 0x14, 0x1b, 0x15, 0x25, 0x36, 0x36, 0x25, 0x3a,
  0x59, 0x2f, 0xfe, 0xa6, 0x40, 0x5a, 0x1e, 0x1f, 0x42, 0x38, 0x11, 0x0f,
  0x05, 0x1c, 0x00, 0x00, 0x00, 0x03, 0x00, 0x30, 0xff, 0xf6, 0x02, 0x15,
  0x03, 0x3f, 0x00, 0x1c, 0x00, 0x40, 0x00, 0x4b, 0x00, 0xf8, 0x4b, 0xb0,
  0x17, 0x50, 0x58, 0x40, 0x0b, 0x48, 0x29, 0x02, 0x09, 0x06, 0x40, 0x01,
  0x04, 0x09, 0x02, 0x4c, 0x1b, 0x40, 0x0b, 0x48, 0x29, 0x02, 0x09, 0x06,
  0x40, 0x01, 0x08, 0x09, 0x02, 0x4c, 0x59, 0x4b, 0xb0, 0x17, 0x50, 0x58,
  0x40, 0x35, 0x00, 0x01, 0x00, 0x03, 0x00, 0x01, 0x72, 0x0a, 0x01, 0x03,
  0x07, 0x00, 0x03, 0x07, 0x7e, 0x00, 0x06, 0x05, 0x09, 0x05, 0x06, 0x09,
  0x80, 0x00, 0x02, 0x00, 0x00, 0x01, 0x02, 0x00, 0x69, 0x00, 0x05, 0x05,
  0x07, 0x61, 0x00, 0x07, 0x07, 0x1d, 0x4d, 0x00, 0x09, 0x09, 0x04, 0x61,
  0x08, 0x01, 0x04, 0x04, 0x1b, 0x04, 0x4e, 0x1b, 0x4b, 0xb0, 0x21, 0x50,
  0x58, 0x40, 0x39, 0x00, 0x01, 0x00, 0x03, 0x00, 0x01, 0x72, 0x0a, 0x01,
  0x03, 0x07, 0x00, 0x03, 0x07, 0x7e, 0x00, 0x06, 0x05, 0x09, 0x05, 0x06,
  0x09, 0x80, 0x00, 0x02, 0x00, 0x00, 0x01, 0x02, 0x00, 0x69, 0x00, 0x05,
  0x05, 0x07, 0x61, 0x00, 0x07, 0x07, 0x1d, 0x4d, 0x00, 0x08, 0x08, 0x15,
  0x4d, 0x00, 0x09, 0x09, 0x04, 0x61, 0x00, 0x04, 0x04, 0x1b, 0x04, 0x4e,
  0x1b, 0x40, 0x3a, 0x00, 0x01, 0x00, 0x03, 0x00, 0x01, 0x03, 0x80, 0x0a,
  0x01, 0x03, 0x07, 0x00, 0x03, 0x07, 0x7e, 0x00, 0x06, 0x05, 0x09, 0x05,
  0x06, 0x09, 0x80, 0x00, 0x02, 0x00, 0x00, 0x01, 0x02, 0x00, 0x69, 0x00,
  0x05, 0x05, 0x07, 0x61, 0x00, 0x07, 0x07, 0x1d, 0x4d, 0x00, 0x08, 0x08,
  0x15, 0x4d, 0x00, 0x09, 0x09, 0x04, 0x61, 0x00, 0x04, 0x04, 0x1b, 0x04,
  0x4e, 0x59, 0x59, 0x40, 0x18, 0x00, 0x00, 0x45, 0x43, 0x3f, 0x3e, 0x3a,
  0x38, 0x33, 0x31, 0x2e, 0x2c, 0x22, 0x20, 0x00, 0x1c, 0x00, 0x1c, 0x23,
  0x22, 0x2a, 0x0b, 0x07, 0x19, 0x2b, 0x01, 0x35, 0x34, 0x36, 0x37, 0x37,
  0x36, 0x36, 0x35, 0x34, 0x26, 0x23, 0x22, 0x06, 0x06, 0x15, 0x23, 0x26,
  0x36, 0x36, 0x33, 0x32, 0x16, 0x15, 0x14, 0x06, 0x07, 0x07, 0x15, 0x13,
  0x0e, 0x02, 0x23, 0x22, 0x26, 0x35, 0x34, 0x36, 0x36, 0x37, 0x37, 0x35,
  0x34, 0x26, 0x23, 0x22, 0x0e, 0x02, 0x31, 0x23, 0x30, 0x3e, 0x03, 0x33,
  0x32, 0x16, 0x16, 0x15, 0x11, 0x23, 0x35, 0x27, 0x14, 0x16, 0x33, 0x32,
  0x36, 0x35, 0x35, 0x07, 0x06, 0x06, 0x01, 0x02, 0x0b, 0x0e, 0x0f, 0x15,
  0x16, 0x13, 0x12, 0x12, 0x11, 0x04, 0x57, 0x01, 0x19, 0x38, 0x2c, 0x3d,
  0x46, 0x2f, 0x24, 0x05, 0x1f, 0x07, 0x22, 0x3e, 0x32, 0x4f, 0x60, 0x35,
  0x5e, 0x3c, 0x80, 0x28, 0x2e, 0x20, 0x24, 0x11, 0x05, 0x8f, 0x07, 0x17,
  0x33, 0x57, 0x44, 0x53, 0x66, 0x30, 0x96, 0xbc, 0x2d, 0x21, 0x2f, 0x3f,
  0x6d, 0x23, 0x2c, 0x02, 0x50, 0x21, 0x0d, 0x17, 0x06, 0x08, 0x0b, 0x15,
  0x0f, 0x0d, 0x14, 0x12, 0x14, 0x02, 0x1b, 0x35, 0x24, 0x3f, 0x2a, 0x24,
  0x31, 0x12, 0x03, 0x1c, 0xfd, 0xf0, 0x09, 0x24, 0x1d, 0x51, 0x47, 0x34,
  0x45, 0x27, 0x07, 0x11, 0x12, 0x20, 0x32, 0x14, 0x1b, 0x15, 0x25, 0x36,
  0x36, 0x25, 0x3a, 0x59, 0x2f, 0xfe, 0xa6, 0x40, 0x5a, 0x1e, 0x1f, 0x42,
  0x38, 0x11, 0x0f, 0x05, 0x1c, 0x00, 0x00, 0x00, 0x00, 0x03, 0x00, 0x30,
  0xff, 0xf6, 0x02, 0x15, 0x02, 0xc1, 0x00, 0x03, 0x00, 0x27, 0x00, 0x32,
  0x00, 0x97, 0x4b, 0xb0, 0x17, 0x50, 0x58, 0x40, 0x0b, 0x2f, 0x10, 0x02,
  0x07, 0x04, 0x27, 0x01, 0x02, 0x07, 0x02, 0x4c, 0x1b, 0x40, 0x0b, 0x2f,
  0x10, 0x02, 0x07, 0x04, 0x27, 0x01, 0x06, 0x07, 0x02, 0x4c, 0x59, 0x4b,
  0xb0, 0x17, 0x50, 0x58, 0x40, 0x27, 0x00, 0x04, 0x03, 0x07, 0x03, 0x04,
  0x07, 0x80, 0x00, 0x00, 0x08, 0x01, 0x01, 0x05, 0x00, 0x01, 0x67, 0x00,
  0x03, 0x03, 0x05, 0x61, 0x00, 0x05, 0x05, 0x1d, 0x4d, 0x00, 0x07, 0x07,
  0x02, 0x61, 0x06, 0x01, 0x02, 0x02, 0x1b, 0x02, 0x4e, 0x1b, 0x40, 0x2b,
  0x00, 0x04, 0x03, 0x07, 0x03, 0x04, 0x07, 0x80, 0x00, 0x00, 0x08, 0x01,
  0x01, 0x05, 0x00, 0x01, 0x67, 0x00, 0x03, 0x03, 0x05, 0x61, 0x00, 0x05,
  0x05, 0x1d, 0x4d, 0x00, 0x06, 0x06, 0x15, 0x4d, 0x00, 0x07, 0x07, 0x02,
  0x61, 0x00, 0x02, 0x02, 0x1b, 0x02, 0x4e, 0x59, 0x40, 0x16, 0x00, 0x00,
  0x2c, 0x2a, 0x26, 0x25, 0x21, 0x1f, 0x1a, 0x18, 0x15, 0x13, 0x09, 0x07,
  0x00, 0x03, 0x00, 0x03, 0x11, 0x09, 0x07, 0x17, 0x2b, 0x13, 0x35, 0x21,
  0x15, 0x03, 0x0e, 0x02, 0x23, 0x22, 0x26, 0x35, 0x34, 0x36, 0x36, 0x37,
  0x37, 0x35, 0x34, 0x26, 0x23, 0x22, 0x0e, 0x02, 0x31, 0x23, 0x30, 0x3e,
  0x03, 0x33, 0x32, 0x16, 0x16, 0x15, 0x11, 0x23, 0x35, 0x27, 0x14, 0x16,
  0x33, 0x32, 0x36, 0x35, 0x35, 0x07, 0x06, 0x06, 0x8a, 0x01, 0x45, 0x57,
  0x07, 0x22, 0x3e, 0x32, 0x4f, 0x60, 0x35, 0x5e, 0x3c, 0x80, 0x28, 0x2e,
  0x20, 0x24, 0x11, 0x05, 0x8f, 0x07, 0x17, 0x33, 0x57, 0x44, 0x53, 0x66,
  0x30, 0x96, 0xbc, 0x2d, 0x21, 0x2f, 0x3f, 0x6d, 0x23, 0x2c, 0x02, 0x67,
  0x5a, 0x5a, 0xfd, 0xd9, 0x09, 0x24, 0x1d, 0x51, 0x47, 0x34, 0x45, 0x27,
  0x07, 0x11, 0x12, 0x20, 0x32, 0x14, 0x1b, 0x15, 0x25, 0x36, 0x36, 0x25,
  0x3a, 0x59, 0x2f, 0xfe, 0xa6, 0x40, 0x5a, 0x1e, 0x1f, 0x42, 0x38, 0x11,
  0x0f, 0x05, 0x1c, 0x00, 0x00, 0x02, 0x00, 0x30, 0xff, 0x48, 0x02, 0x3a,
  0x02, 0x1c, 0x00, 0x37, 0x00, 0x42, 0x00, 0xc4, 0x40, 0x14, 0x3f, 0x15,
  0x02, 0x07, 0x04, 0x08, 0x01, 0x01, 0x07, 0x35, 0x01, 0x00, 0x06, 0x03,
  0x4c, 0x2a, 0x01, 0x01, 0x01, 0x4b, 0x4b, 0xb0, 0x17, 0x50, 0x58, 0x40,
  0x29, 0x00, 0x04, 0x03, 0x07, 0x03, 0x04, 0x07, 0x80, 0x00, 0x03, 0x03,
  0x05, 0x61, 0x00, 0x05, 0x05, 0x1d, 0x4d, 0x00, 0x07, 0x07, 0x01, 0x61,
  0x02, 0x01, 0x01, 0x01, 0x15, 0x4d, 0x00, 0x06, 0x06, 0x00, 0x61, 0x08,
  0x01, 0x00, 0x00, 0x19, 0x00, 0x4e, 0x1b, 0x4b, 0xb0, 0x2e, 0x50, 0x58,
  0x40, 0x2d, 0x00, 0x04, 0x03, 0x07, 0x03, 0x04, 0x07, 0x80, 0x00, 0x03,
  0x03, 0x05, 0x61, 0x00, 0x05, 0x05, 0x1d, 0x4d, 0x00, 0x01, 0x01, 0x15,
  0x4d, 0x00, 0x07, 0x07, 0x02, 0x61, 0x00, 0x02, 0x02, 0x1b, 0x4d, 0x00,
  0x06, 0x06, 0x00, 0x61, 0x08, 0x01, 0x00, 0x00, 0x19, 0x00, 0x4e, 0x1b,
  0x40, 0x2a, 0x00, 0x04, 0x03, 0x07, 0x03, 0x04, 0x07, 0x80, 0x00, 0x06,
  0x08, 0x01, 0x00, 0x06, 0x00, 0x65, 0x00, 0x03, 0x03, 0x05, 0x61, 0x00,
  0x05, 0x05, 0x1d, 0x4d, 0x00, 0x01, 0x01, 0x15, 0x4d, 0x00, 0x07, 0x07,
  0x02, 0x61, 0x00, 0x02, 0x02, 0x1b, 0x02, 0x4e, 0x59, 0x59, 0x40, 0x17,
  0x01, 0x00, 0x3c, 0x3a, 0x32, 0x30, 0x26, 0x24, 0x1f, 0x1d, 0x1a, 0x18,
  0x0e, 0x0c, 0x07, 0x06, 0x00, 0x37, 0x01, 0x37, 0x09, 0x07, 0x16, 0x2b,
  0x05, 0x22, 0x26, 0x35, 0x34, 0x36, 0x37, 0x23, 0x35, 0x23, 0x0e, 0x02,
  0x23, 0x22, 0x26, 0x35, 0x34, 0x36, 0x36, 0x37, 0x37, 0x35, 0x34, 0x26,
  0x23, 0x22, 0x0e, 0x02, 0x31, 0x23, 0x30, 0x3e, 0x03, 0x33, 0x32, 0x16,
  0x16, 0x15, 0x11, 0x30, 0x06, 0x06, 0x15, 0x14, 0x16, 0x33, 0x32, 0x36,
  0x31, 0x15, 0x30, 0x06, 0x01, 0x14, 0x16, 0x33, 0x32, 0x36, 0x35, 0x35,
  0x07, 0x06, 0x06, 0x02, 0x00, 0x49, 0x43, 0x1d, 0x13, 0x25, 0x07, 0x07,
  0x22, 0x3e, 0x32, 0x4f, 0x60, 0x35, 0x5e, 0x3c, 0x80, 0x28, 0x2e, 0x20,
  0x24, 0x11, 0x05, 0x8f, 0x07, 0x17, 0x33, 0x57, 0x44, 0x53, 0x66, 0x30,
  0x1a, 0x19, 0x19, 0x1d, 0x0c, 0x16, 0x21, 0xfe, 0xaa, 0x2d, 0x21, 0x2f,
  0x3f, 0x6d, 0x23, 0x2c, 0xb8, 0x3b, 0x29, 0x1e, 0x29, 0x0d, 0x40, 0x09,
  0x24, 0x1d, 0x51, 0x47, 0x34, 0x45, 0x27, 0x07, 0x11, 0x12, 0x20, 0x32,
  0x14, 0x1b, 0x15, 0x25, 0x36, 0x36, 0x25, 0x3a, 0x59, 0x2f, 0xfe, 0xa6,
  0x0d, 0x1a, 0x13, 0x0f, 0x17, 0x03, 0x56, 0x05, 0x01, 0x52, 0x1e, 0x1f,
  0x42, 0x38, 0x11, 0x0f, 0x05, 0x1c, 0x00, 0x00, 0x00, 0x04, 0x00, 0x30,
  0xff, 0xf6, 0x02, 0x15, 0x03, 0x5b, 0x00, 0x0f, 0x00, 0x1b, 0x00, 0x3f,
  0x00, 0x4a, 0x00, 0xb2, 0x4b, 0xb0, 0x17, 0x50, 0x58, 0x40, 0x0b, 0x47,
  0x28, 0x02, 0x09, 0x06, 0x3f, 0x01, 0x04, 0x09, 0x02, 0x4c, 0x1b, 0x40,
  0x0b, 0x47, 0x28, 0x02, 0x09, 0x06, 0x3f, 0x01, 0x08, 0x09, 0x02, 0x4c,
  0x59, 0x4b, 0xb0, 0x17, 0x50, 0x58, 0x40, 0x30, 0x00, 0x06, 0x05, 0x09,
  0x05, 0x06, 0x09, 0x80, 0x00, 0x01, 0x00, 0x03, 0x02, 0x01, 0x03, 0x69,
  0x0b, 0x01, 0x02, 0x0a, 0x01, 0x00, 0x07, 0x02, 0x00, 0x69, 0x00, 0x05,
  0x05, 0x07, 0x61, 0x00, 0x07, 0x07, 0x1d, 0x4d, 0x00, 0x09, 0x09, 0x04,
  0x61, 0x08, 0x01, 0x04, 0x04, 0x1b, 0x04, 0x4e, 0x1b, 0x40, 0x34, 0x00,
  0x06, 0x05, 0x09, 0x05, 0x06, 0x09, 0x80, 0x00, 0x01, 0x00, 0x03, 0x02,
  0x01, 0x03, 0x69, 0x0b, 0x01, 0x02, 0x0a, 0x01, 0x00, 0x07, 0x02, 0x00,
  0x69, 0x00, 0x05, 0x05, 0x07, 0x61, 0x00, 0x07, 0x07, 0x1d, 0x4d, 0x00,
  0x08, 0x08, 0x15, 0x4d, 0x00, 0x09, 0x09, 0x04, 0x61, 0x00, 0x04, 0x04,
  0x1b, 0x04, 0x4e, 0x59, 0x40, 0x1f, 0x11, 0x10, 0x01, 0x00, 0x44, 0x42,
  0x3e, 0x3d, 0x39, 0x37, 0x32, 0x30, 0x2d, 0x2b, 0x21, 0x1f, 0x17, 0x15,
  0x10, 0x1b, 0x11, 0x1b, 0x09, 0x07, 0x00, 0x0f, 0x01, 0x0f, 0x0c, 0x07,
  0x16, 0x2b, 0x01, 0x22, 0x26, 0x26, 0x35, 0x34, 0x36, 0x36, 0x33, 0x32,
  0x16, 0x16, 0x15, 0x14, 0x06, 0x06, 0x27, 0x32, 0x36, 0x35, 0x34, 0x26,
  0x23, 0x22, 0x06, 0x15, 0x14, 0x16, 0x13, 0x0e, 0x02, 0x23, 0x22, 0x26,
  0x35, 0x34, 0x36, 0x36, 0x37, 0x37, 0x35, 0x34, 0x26, 0x23, 0x22, 0x0e,
  0x02, 0x31, 0x23, 0x30, 0x3e, 0x03, 0x33, 0x32, 0x16, 0x16, 0x15, 0x11,
  0x23, 0x35, 0x27, 0x14, 0x16, 0x33, 0x32, 0x36, 0x35, 0x35, 0x07, 0x06,
  0x06, 0x01, 0x2d, 0x26, 0x3e, 0x25, 0x25, 0x3e, 0x26, 0x25, 0x3e, 0x24,
  0x24, 0x3e, 0x25, 0x16, 0x20, 0x20, 0x16, 0x17, 0x20, 0x20, 0x62, 0x07,
  0x22, 0x3e, 0x32, 0x4f, 0x60, 0x35, 0x5e, 0x3c, 0x80, 0x28, 0x2e, 0x20,
  0x24, 0x11, 0x05, 0x8f, 0x07, 0x17, 0x33, 0x57, 0x44, 0x53, 0x66, 0x30,
  0x96, 0xbc, 0x2d, 0x21, 0x2f, 0x3f, 0x6d, 0x23, 0x2c, 0x02, 0x4c, 0x24,
  0x3e, 0x25, 0x26, 0x3d, 0x25, 0x25, 0x3d, 0x26, 0x25, 0x3e, 0x24, 0x51,
  0x1f, 0x17, 0x17, 0x1f, 0x1f, 0x17, 0x17, 0x1f, 0xfd, 0xa3, 0x09, 0x24,
  0x1d, 0x51, 0x47, 0x34, 0x45, 0x27, 0x07, 0x11, 0x12, 0x20, 0x32, 0x14,
  0x1b, 0x15, 0x25, 0x36, 0x36, 0x25, 0x3a, 0x59, 0x2f, 0xfe, 0xa6, 0x40,
  0x5a, 0x1e, 0x1f, 0x42, 0x38, 0x11, 0x0f, 0x05, 0x1c, 0x00, 0x00, 0x00,
  0x00, 0x03, 0x00, 0x30, 0xff, 0xf6, 0x02, 0x15, 0x02, 0xff, 0x00, 0x18,
  0x00, 0x3c, 0x00, 0x47, 0x01, 0x4f, 0x4b, 0xb0, 0x17, 0x50, 0x58, 0x40,
  0x0b, 0x44, 0x25, 0x02, 0x0b, 0x08, 0x3c, 0x01, 0x06, 0x0b, 0x02, 0x4c,
  0x1b, 0x40, 0x0b, 0x44, 0x25, 0x02, 0x0b, 0x08, 0x3c, 0x01, 0x0a, 0x0b,
  0x02, 0x4c, 0x59, 0x4b, 0xb0, 0x17, 0x50, 0x58, 0x40, 0x33, 0x00, 0x08,
  0x07, 0x0b, 0x07, 0x08, 0x0b, 0x80, 0x00, 0x04, 0x02, 0x0c, 0x02, 0x00,
  0x09, 0x04, 0x00, 0x6a, 0x00, 0x01, 0x01, 0x03, 0x61, 0x05, 0x01, 0x03,
  0x03, 0x16, 0x4d, 0x00, 0x07, 0x07, 0x09, 0x61, 0x00, 0x09, 0x09, 0x1d,
  0x4d, 0x00, 0x0b, 0x0b, 0x06, 0x61, 0x0a, 0x01, 0x06, 0x06, 0x1b, 0x06,
  0x4e, 0x1b, 0x4b, 0xb0, 0x26, 0x50, 0x58, 0x40, 0x37, 0x00, 0x08, 0x07,
  0x0b, 0x07, 0x08, 0x0b, 0x80, 0x00, 0x04, 0x02, 0x0c, 0x02, 0x00, 0x09,
  0x04, 0x00, 0x6a, 0x00, 0x01, 0x01, 0x03, 0x61, 0x05, 0x01, 0x03, 0x03,
  0x16, 0x4d, 0x00, 0x07, 0x07, 0x09, 0x61, 0x00, 0x09, 0x09, 0x1d, 0x4d,
  0x00, 0x0a, 0x0a, 0x15, 0x4d, 0x00, 0x0b, 0x0b, 0x06, 0x61, 0x00, 0x06,
  0x06, 0x1b, 0x06, 0x4e, 0x1b, 0x4b, 0xb0, 0x2f, 0x50, 0x58, 0x40, 0x42,
  0x00, 0x02, 0x01, 0x00, 0x01, 0x02, 0x00, 0x80, 0x00, 0x08, 0x07, 0x0b,
  0x07, 0x08, 0x0b, 0x80, 0x00, 0x04, 0x0c, 0x01, 0x00, 0x09, 0x04, 0x00,
  0x6a, 0x00, 0x05, 0x05, 0x16, 0x4d, 0x00, 0x01, 0x01, 0x03, 0x61, 0x00,
  0x03, 0x03, 0x16, 0x4d, 0x00, 0x07, 0x07, 0x09, 0x61, 0x00, 0x09, 0x09,
  0x1d, 0x4d, 0x00, 0x0a, 0x0a, 0x15, 0x4d, 0x00, 0x0b, 0x0b, 0x06, 0x61,
  0x00, 0x06, 0x06, 0x1b, 0x06, 0x4e, 0x1b, 0x40, 0x43, 0x00, 0x05, 0x03,
  0x04, 0x03, 0x05, 0x04, 0x80, 0x00, 0x02, 0x01, 0x00, 0x01, 0x02, 0x00,
  0x80, 0x00, 0x08, 0x07, 0x0b, 0x07, 0x08, 0x0b, 0x80, 0x00, 0x03, 0x00,
  0x01, 0x02, 0x03, 0x01, 0x69, 0x00, 0x04, 0x0c, 0x01, 0x00, 0x09, 0x04,
  0x00, 0x6a, 0x00, 0x07, 0x07, 0x09, 0x61, 0x00, 0x09, 0x09, 0x1d, 0x4d,
  0x00, 0x0a, 0x0a, 0x15, 0x4d, 0x00, 0x0b, 0x0b, 0x06, 0x61, 0x00, 0x06,
  0x06, 0x1b, 0x06, 0x4e, 0x59, 0x59, 0x59, 0x40, 0x1f, 0x01, 0x00, 0x41,
  0x3f, 0x3b, 0x3a, 0x36, 0x34, 0x2f, 0x2d, 0x2a, 0x28, 0x1e, 0x1c, 0x15,
  0x14, 0x13, 0x11, 0x0e, 0x0c, 0x09, 0x08, 0x06, 0x04, 0x00, 0x18, 0x01,
  0x18, 0x0d, 0x07, 0x16, 0x2b, 0x01, 0x22, 0x2e, 0x02, 0x23, 0x22, 0x06,
  0x15, 0x23, 0x34, 0x36, 0x36, 0x33, 0x32, 0x1e, 0x02, 0x33, 0x32, 0x35,
  0x33, 0x14, 0x06, 0x06, 0x03, 0x0e, 0x02, 0x23, 0x22, 0x26, 0x35, 0x34,
  0x36, 0x36, 0x37, 0x37, 0x35, 0x34, 0x26, 0x23, 0x22, 0x0e, 0x02, 0x31,
  0x23, 0x30, 0x3e, 0x03, 0x33, 0x32, 0x16, 0x16, 0x15, 0x11, 0x23, 0x35,
  0x27, 0x14, 0x16, 0x33, 0x32, 0x36, 0x35, 0x35, 0x07, 0x06, 0x06, 0x01,
  0x77, 0x1c, 0x26, 0x1e, 0x19, 0x0e, 0x10, 0x0c, 0x52, 0x10, 0x2c, 0x29,
  0x1c, 0x27, 0x1e, 0x19, 0x0d, 0x1c, 0x51, 0x10, 0x2b, 0x28, 0x07, 0x22,
  0x3e, 0x32, 0x4f, 0x60, 0x35, 0x5e, 0x3c, 0x80, 0x28, 0x2e, 0x20, 0x24,
  0x11, 0x05, 0x8f, 0x07, 0x17, 0x33, 0x57, 0x44, 0x53, 0x66, 0x30, 0x96,
  0xbc, 0x2d, 0x21, 0x2f, 0x3f, 0x6d, 0x23, 0x2c, 0x02, 0x66, 0x13, 0x18,
  0x13, 0x1e, 0x1a, 0x21, 0x44, 0x2e, 0x13, 0x18, 0x12, 0x37, 0x21, 0x44,
  0x2e, 0xfd, 0xda, 0x09, 0x24, 0x1d, 0x51, 0x47, 0x34, 0x45, 0x27, 0x07,
  0x11, 0x12, 0x20, 0x32, 0x14, 0x1b, 0x15, 0x25, 0x36, 0x36, 0x25, 0x3a,
  0x59, 0x2f, 0xfe, 0xa6, 0x40, 0x5a, 0x1e, 0x1f, 0x42, 0x38, 0x11, 0x0f,
  0x05, 0x1c, 0x00, 0x00, 0x00, 0x01, 0x00, 0x24, 0x00, 0x00, 0x02, 0xf7,
  0x03, 0x02, 0x00, 0x2f, 0x00, 0x6e, 0xb6, 0x20, 0x0e, 0x02, 0x01, 0x03,
  0x01, 0x4c, 0x4b, 0xb0, 0x2f, 0x50, 0x58, 0x40, 0x22, 0x06, 0x01, 0x03,
  0x03, 0x02, 0x61, 0x05, 0x01, 0x02, 0x02, 0x1c, 0x4d, 0x0a, 0x08, 0x02,
  0x00, 0x00, 0x01, 0x5f, 0x07, 0x04, 0x02, 0x01, 0x01, 0x17, 0x4d, 0x0c,
  0x0b, 0x02, 0x09, 0x09, 0x15, 0x09, 0x4e, 0x1b, 0x40, 0x20, 0x05, 0x01,
  0x02, 0x06, 0x01, 0x03, 0x01, 0x02, 0x03, 0x69, 0x0a, 0x08, 0x02, 0x00,
  0x00, 0x01, 0x5f, 0x07, 0x04, 0x02, 0x01, 0x01, 0x17, 0x4d, 0x0c, 0x0b,
  0x02, 0x09, 0x09, 0x15, 0x09, 0x4e, 0x59, 0x40, 0x16, 0x00, 0x00, 0x00,
  0x2f, 0x00, 0x2f, 0x2e, 0x2d, 0x2c, 0x2b, 0x11, 0x13, 0x25, 0x25, 0x13,
  0x25, 0x25, 0x11, 0x11, 0x0d, 0x07, 0x1f, 0x2b, 0x33, 0x11, 0x23, 0x35,
  0x33, 0x35, 0x34, 0x3e, 0x02, 0x33, 0x32, 0x16, 0x31, 0x15, 0x30, 0x26,
  0x23, 0x22, 0x06, 0x15, 0x15, 0x33, 0x35, 0x34, 0x3e, 0x02, 0x33, 0x32,
  0x16, 0x31, 0x15, 0x30, 0x26, 0x23, 0x22, 0x06, 0x15, 0x15, 0x33, 0x15,
  0x23, 0x11, 0x23, 0x11, 0x23, 0x11, 0x78, 0x54, 0x54, 0x10, 0x29, 0x4a,
  0x3a, 0x20, 0x29, 0x18, 0x0d, 0x29, 0x20, 0xe1, 0x10, 0x29, 0x4a, 0x3a,
  0x20, 0x29, 0x18, 0x0d, 0x2a, 0x1f, 0x6b, 0x6b, 0x98, 0xe1, 0x01, 0x99,
  0x79, 0x2a, 0x1d, 0x44, 0x3e, 0x27, 0x09, 0x6b, 0x04, 0x30, 0x26, 0x2a,
  0x2a, 0x1d, 0x44, 0x3e, 0x27, 0x09, 0x6b, 0x04, 0x30, 0x26, 0x2a, 0x79,
  0xfe, 0x67, 0x01, 0x99, 0xfe, 0x67, 0x00, 0x00, 0x00, 0x02, 0x00, 0x24,
  0x00, 0x00, 0x04, 0x03, 0x03, 0x08, 0x00, 0x0b, 0x00, 0x3d, 0x00, 0xd1,
  0xb6, 0x2c, 0x1a, 0x02, 0x00, 0x05, 0x01, 0x4c, 0x4b, 0xb0, 0x26, 0x50,
  0x58, 0x40, 0x31, 0x08, 0x01, 0x05, 0x05, 0x01, 0x61, 0x07, 0x04, 0x02,
  0x01, 0x01, 0x1c, 0x4d, 0x0f, 0x01, 0x00, 0x00, 0x01, 0x61, 0x07, 0x04,
  0x02, 0x01, 0x01, 0x1c, 0x4d, 0x0d, 0x0b, 0x02, 0x02, 0x02, 0x03, 0x5f,
  0x09, 0x06, 0x02, 0x03, 0x03, 0x17, 0x4d, 0x10, 0x0e, 0x0c, 0x03, 0x0a,
  0x0a, 0x15, 0x0a, 0x4e, 0x1b, 0x4b, 0xb0, 0x2f, 0x50, 0x58, 0x40, 0x2e,
  0x08, 0x01, 0x05, 0x05, 0x04, 0x61, 0x07, 0x01, 0x04, 0x04, 0x1c, 0x4d,
  0x0f, 0x01, 0x00, 0x00, 0x01, 0x61, 0x00, 0x01, 0x01, 0x1c, 0x4d, 0x0d,
  0x0b, 0x02, 0x02, 0x02, 0x03, 0x5f, 0x09, 0x06, 0x02, 0x03, 0x03, 0x17,
  0x4d, 0x10, 0x0e, 0x0c, 0x03, 0x0a, 0x0a, 0x15, 0x0a, 0x4e, 0x1b, 0x40,
  0x2a, 0x07, 0x01, 0x04, 0x08, 0x01, 0x05, 0x00, 0x04, 0x05, 0x69, 0x00,
  0x01, 0x0f, 0x01, 0x00, 0x03, 0x01, 0x00, 0x69, 0x0d, 0x0b, 0x02, 0x02,
  0x02, 0x03, 0x5f, 0x09, 0x06, 0x02, 0x03, 0x03, 0x17, 0x4d, 0x10, 0x0e,
  0x0c, 0x03, 0x0a, 0x0a, 0x15, 0x0a, 0x4e, 0x59, 0x59, 0x40, 0x29, 0x0c,
  0x0c, 0x01, 0x00, 0x0c, 0x3d, 0x0c, 0x3d, 0x3c, 0x3b, 0x3a, 0x39, 0x38,
  0x37, 0x36, 0x35, 0x34, 0x33, 0x30, 0x2e, 0x29, 0x27, 0x22, 0x21, 0x1e,
  0x1c, 0x17, 0x15, 0x10, 0x0f, 0x0e, 0x0d, 0x07, 0x05, 0x00, 0x0b, 0x01,
  0x0b, 0x11, 0x07, 0x16, 0x2b, 0x01, 0x22, 0x26, 0x35, 0x34, 0x36, 0x33,
  0x32, 0x16, 0x15, 0x14, 0x06, 0x01, 0x11, 0x23, 0x35, 0x33, 0x35, 0x34,
  0x3e, 0x02, 0x33, 0x32, 0x16, 0x31, 0x15, 0x30, 0x26, 0x23, 0x22, 0x06,
  0x15, 0x15, 0x33, 0x35, 0x34, 0x3e, 0x02, 0x33, 0x32, 0x16, 0x31, 0x15,
  0x30, 0x26, 0x23, 0x22, 0x06, 0x15, 0x15, 0x21, 0x11, 0x23, 0x11, 0x23,
  0x11, 0x23, 0x11, 0x23, 0x11, 0x03, 0xa9, 0x27, 0x33, 0x33, 0x27, 0x27,
  0x33, 0x33, 0xfc, 0xa8, 0x54, 0x54, 0x10, 0x29, 0x4a, 0x3a, 0x20, 0x29,
  0x18, 0x0d, 0x29, 0x20, 0xe1, 0x10, 0x29, 0x4a, 0x3a, 0x20, 0x29, 0x18,
  0x0d, 0x2a, 0x1f, 0x01, 0x6c, 0x98, 0xd4, 0x98, 0xe1, 0x02, 0x5a, 0x33,
  0x23, 0x25, 0x33, 0x33, 0x25, 0x23, 0x33, 0xfd, 0xa6, 0x01, 0x99, 0x79,
  0x2a, 0x1d, 0x44, 0x3e, 0x27, 0x09, 0x6b, 0x04, 0x30, 0x26, 0x2a, 0x2a,
  0x1d, 0x44, 0x3e, 0x27, 0x09, 0x6b, 0x04, 0x30, 0x26, 0x2a, 0xfd, 0xee,
  0x01, 0x99, 0xfe, 0x67, 0x01, 0x99, 0xfe, 0x67, 0x00, 0x02, 0x00, 0x24,
  0x00, 0x00, 0x02, 0x8a, 0x03, 0x08, 0x00, 0x0b, 0x00, 0x27, 0x00, 0xb6,
  0xb5, 0x1a, 0x01, 0x00, 0x05, 0x01, 0x4c, 0x4b, 0xb0, 0x26, 0x50, 0x58,
  0x40, 0x2b, 0x00, 0x05, 0x05, 0x01, 0x61, 0x04, 0x01, 0x01, 0x01, 0x1c,
  0x4d, 0x0a, 0x01, 0x00, 0x00, 0x01, 0x61, 0x04, 0x01, 0x01, 0x01, 0x1c,
  0x4d, 0x08, 0x01, 0x02, 0x02, 0x03, 0x5f, 0x06, 0x01, 0x03, 0x03, 0x17,
  0x4d, 0x0b, 0x09, 0x02, 0x07, 0x07, 0x15, 0x07, 0x4e, 0x1b, 0x4b, 0xb0,
  0x2f, 0x50, 0x58, 0x40, 0x29, 0x00, 0x05, 0x05, 0x04, 0x61, 0x00, 0x04,
  0x04, 0x1c, 0x4d, 0x0a, 0x01, 0x00, 0x00, 0x01, 0x61, 0x00, 0x01, 0x01,
  0x1c, 0x4d, 0x08, 0x01, 0x02, 0x02, 0x03, 0x5f, 0x06, 0x01, 0x03, 0x03,
  0x17, 0x4d, 0x0b, 0x09, 0x02, 0x07, 0x07, 0x15, 0x07, 0x4e, 0x1b, 0x40,
  0x25, 0x00, 0x04, 0x00, 0x05, 0x00, 0x04, 0x05, 0x69, 0x00, 0x01, 0x0a,
  0x01, 0x00, 0x03, 0x01, 0x00, 0x69, 0x08, 0x01, 0x02, 0x02, 0x03, 0x5f,
  0x06, 0x01, 0x03, 0x03, 0x17, 0x4d, 0x0b, 0x09, 0x02, 0x07, 0x07, 0x15,
  0x07, 0x4e, 0x59, 0x59, 0x40, 0x1f, 0x0c, 0x0c, 0x01, 0x00, 0x0c, 0x27,
  0x0c, 0x27, 0x26, 0x25, 0x24, 0x23, 0x22, 0x21, 0x1e, 0x1c, 0x17, 0x15,
  0x10, 0x0f, 0x0e, 0x0d, 0x07, 0x05, 0x00, 0x0b, 0x01, 0x0b, 0x0c, 0x07,
  0x16, 0x2b, 0x01, 0x22, 0x26, 0x35, 0x34, 0x36, 0x33, 0x32, 0x16, 0x15,
  0x14, 0x06, 0x01, 0x11, 0x23, 0x35, 0x33, 0x35, 0x34, 0x3e, 0x02, 0x33,
  0x32, 0x16, 0x31, 0x15, 0x30, 0x26, 0x23, 0x22, 0x06, 0x15, 0x15, 0x21,
  0x11, 0x23, 0x11, 0x23, 0x11, 0x02, 0x30, 0x27, 0x33, 0x33, 0x27, 0x27,
  0x33, 0x33, 0xfe, 0x21, 0x54, 0x54, 0x10, 0x29, 0x4a, 0x3a, 0x20, 0x29,
  0x18, 0x0d, 0x29, 0x20, 0x01, 0x6c, 0x98, 0xd4, 0x02, 0x5a, 0x33, 0x23,
  0x25, 0x33, 0x33, 0x25, 0x23, 0x33, 0xfd, 0xa6, 0x01, 0x99, 0x79, 0x2a,
  0x1d, 0x44, 0x3e, 0x27, 0x09, 0x6b, 0x04, 0x30, 0x26, 0x2a, 0xfd, 0xee,
  0x01, 0x99, 0xfe, 0x67, 0x00, 0x02, 0x00, 0x33, 0x01, 0x97, 0x01, 0x73,
  0x02, 0xee, 0x00, 0x1f, 0x00, 0x29, 0x00, 0x74, 0x4b, 0xb0, 0x27, 0x50,
  0x58, 0x40, 0x0b, 0x27, 0x09, 0x02, 0x05, 0x02, 0x1f, 0x01, 0x00, 0x05,
  0x02, 0x4c, 0x1b, 0x40, 0x0b, 0x27, 0x09, 0x02, 0x05, 0x02, 0x1f, 0x01,
  0x04, 0x05, 0x02, 0x4c, 0x59, 0x4b, 0xb0, 0x27, 0x50, 0x58, 0x40, 0x1c,
  0x00, 0x02, 0x01, 0x05, 0x01, 0x02, 0x05, 0x80, 0x00, 0x03, 0x00, 0x01,
  0x02, 0x03, 0x01, 0x69, 0x00, 0x05, 0x05, 0x00, 0x61, 0x04, 0x01, 0x00,
  0x00, 0x2d, 0x00, 0x4e, 0x1b, 0x40, 0x20, 0x00, 0x02, 0x01, 0x05, 0x01,
  0x02, 0x05, 0x80, 0x00, 0x03, 0x00, 0x01, 0x02, 0x03, 0x01, 0x69, 0x00,
  0x04, 0x04, 0x2d, 0x4d, 0x00, 0x05, 0x05, 0x00, 0x61, 0x00, 0x00, 0x00,
  0x2d, 0x00, 0x4e, 0x59, 0x40, 0x09, 0x24, 0x14, 0x25, 0x22, 0x28, 0x22,
  0x06, 0x09, 0x1c, 0x2b, 0x13, 0x06, 0x06, 0x23, 0x22, 0x26, 0x35, 0x34,
  0x37, 0x37, 0x35, 0x34, 0x26, 0x23, 0x22, 0x06, 0x06, 0x31, 0x23, 0x30,
  0x3e, 0x03, 0x33, 0x32, 0x16, 0x16, 0x15, 0x15, 0x23, 0x35, 0x27, 0x14,
  0x16, 0x33, 0x32, 0x36, 0x35, 0x35, 0x07, 0x06, 0xfc, 0x09, 0x2d, 0x26,
  0x2f, 0x3e, 0x88, 0x46, 0x16, 0x15, 0x14, 0x13, 0x05, 0x6b, 0x03, 0x0f,
  0x21, 0x3a, 0x2e, 0x38, 0x43, 0x1e, 0x72, 0x5f, 0x17, 0x11, 0x17, 0x20,
  0x38, 0x27, 0x01, 0xc1, 0x0d, 0x1d, 0x32, 0x2d, 0x5a, 0x0f, 0x08, 0x08,
  0x13, 0x18, 0x11, 0x11, 0x18, 0x23, 0x23, 0x18, 0x26, 0x37, 0x1b, 0xd9,
  0x24, 0x3e, 0x0e, 0x10, 0x1f, 0x1b, 0x0a, 0x07, 0x05, 0x00, 0x00, 0x00,
  0x00, 0x02, 0x00, 0x33, 0x01, 0x96, 0x01, 0x96, 0x02, 0xef, 0x00, 0x0f,
  0x00, 0x1b, 0x00, 0x2b, 0x40, 0x28, 0x00, 0x01, 0x00, 0x03, 0x02, 0x01,
  0x03, 0x69, 0x05, 0x01, 0x02, 0x02, 0x00, 0x61, 0x04, 0x01, 0x00, 0x00,
  0x2d, 0x00, 0x4e, 0x11, 0x10, 0x01, 0x00, 0x17, 0x15, 0x10, 0x1b, 0x11,
  0x1b, 0x09, 0x07, 0x00, 0x0f, 0x01, 0x0f, 0x06, 0x09, 0x16, 0x2b, 0x13,
  0x22, 0x26, 0x26, 0x35, 0x34, 0x36, 0x36, 0x33, 0x32, 0x16, 0x16, 0x15,
  0x14, 0x06, 0x06, 0x27, 0x32, 0x36, 0x35, 0x34, 0x26, 0x23, 0x22, 0x06,
  0x15, 0x14, 0x16, 0xe4, 0x38, 0x4f, 0x2a, 0x2a, 0x4f, 0x38, 0x38, 0x50,
  0x2a, 0x2a, 0x50, 0x38, 0x1e, 0x22, 0x22, 0x1e, 0x1d, 0x22, 0x22, 0x01,
  0x96, 0x30, 0x4f, 0x2f, 0x2e, 0x4e, 0x2f, 0x2f, 0x4f, 0x2d, 0x2f, 0x4f,
  0x30, 0x5e, 0x2e, 0x22, 0x20, 0x2d, 0x2d, 0x20, 0x21, 0x2f, 0x00, 0x00,
  0x00, 0x02, 0x00, 0x28, 0xff, 0xf6, 0x02, 0x94, 0x02, 0xee, 0x00, 0x13,
  0x00, 0x1f, 0x00, 0x2d, 0x40, 0x2a, 0x00, 0x03, 0x03, 0x01, 0x61, 0x00,
  0x01, 0x01, 0x1a, 0x4d, 0x05, 0x01, 0x02, 0x02, 0x00, 0x61, 0x04, 0x01,
  0x00, 0x00, 0x1b, 0x00, 0x4e, 0x15, 0x14, 0x01, 0x00, 0x1b, 0x19, 0x14,
  0x1f, 0x15, 0x1f, 0x0b, 0x09, 0x00, 0x13, 0x01, 0x13, 0x06, 0x07, 0x16,
  0x2b, 0x05, 0x22, 0x2e, 0x02, 0x35, 0x34, 0x3e, 0x02, 0x33, 0x32, 0x1e,
  0x02, 0x15, 0x14, 0x0e, 0x02, 0x27, 0x32, 0x36, 0x35, 0x34, 0x26, 0x23,
  0x22, 0x06, 0x15, 0x14, 0x16, 0x01, 0x5e, 0x4a, 0x73, 0x50, 0x29, 0x29,
  0x50, 0x73, 0x4a, 0x4a, 0x73, 0x50, 0x29, 0x29, 0x50, 0x73, 0x4a, 0x42,
  0x55, 0x55, 0x42, 0x42, 0x55, 0x55, 0x0a, 0x3c, 0x69, 0x8a, 0x4d, 0x4e,
  0x8a, 0x69, 0x3b, 0x3b, 0x69, 0x8a, 0x4e, 0x4d, 0x8a, 0x69, 0x3c, 0x89,
  0x7a, 0x79, 0x79, 0x7a, 0x7a, 0x79, 0x79, 0x7a, 0x00, 0x01, 0x00, 0x2a,
  0x00, 0x00, 0x01, 0x53, 0x02, 0xe4, 0x00, 0x0a, 0x00, 0x28, 0x40, 0x25,
  0x05, 0x01, 0x01, 0x02, 0x01, 0x4c, 0x00, 0x01, 0x02, 0x00, 0x02, 0x01,
  0x00, 0x80, 0x03, 0x01, 0x02, 0x02, 0x14, 0x4d, 0x00, 0x00, 0x00, 0x15,
  0x00, 0x4e, 0x00, 0x00, 0x00, 0x0a, 0x00, 0x0a, 0x11, 0x11, 0x04, 0x07,
  0x18, 0x2b, 0x01, 0x11, 0x23, 0x11, 0x07, 0x35, 0x37, 0x36, 0x36, 0x37,
  0x37, 0x01, 0x53, 0x9a, 0x8f, 0x17, 0x3f, 0x4e, 0x24, 0x07, 0x02, 0xe4,
  0xfd, 0x1c, 0x02, 0x12, 0x01, 0x5d, 0x07, 0x12, 0x2e, 0x26, 0x09, 0x00,
  0x00, 0x01, 0x00, 0x37, 0x00, 0x00, 0x02, 0x5d, 0x02, 0xee, 0x00, 0x20,
  0x00, 0x34, 0x40, 0x31, 0x01, 0x01, 0x04, 0x03, 0x01, 0x4c, 0x00, 0x01,
  0x00, 0x03, 0x00, 0x01, 0x03, 0x80, 0x00, 0x00, 0x00, 0x02, 0x61, 0x00,
  0x02, 0x02, 0x1a, 0x4d, 0x00, 0x03, 0x03, 0x04, 0x5f, 0x05, 0x01, 0x04,
  0x04, 0x15, 0x04, 0x4e, 0x00, 0x00, 0x00, 0x20, 0x00, 0x20, 0x18, 0x24,
  0x14, 0x29, 0x06, 0x07, 0x1a, 0x2b, 0x33, 0x35, 0x37, 0x3e, 0x02, 0x35,
  0x34, 0x26, 0x26, 0x23, 0x22, 0x0e, 0x02, 0x15, 0x23, 0x34, 0x3e, 0x02,
  0x33, 0x32, 0x16, 0x16, 0x15, 0x14, 0x06, 0x06, 0x07, 0x07, 0x21, 0x15,
  0x3a, 0x80, 0x50, 0x72, 0x3c, 0x22, 0x35, 0x1d, 0x23, 0x2f, 0x1b, 0x0c,
  0x94, 0x20, 0x42, 0x68, 0x48, 0x49, 0x78, 0x49, 0x43, 0x78, 0x4e, 0x2a,
  0x01, 0x3d, 0x6a, 0x6d, 0x43, 0x5e, 0x52, 0x2f, 0x24, 0x31, 0x19, 0x1a,
  0x29, 0x2c, 0x10, 0x2a, 0x5b, 0x4f, 0x32, 0x39, 0x6a, 0x48, 0x44, 0x6f,
  0x69, 0x3d, 0x23, 0x87, 0x00, 0x01, 0x00, 0x3c, 0xff, 0xf6, 0x02, 0x6a,
  0x02, 0xee, 0x00, 0x34, 0x00, 0x4e, 0x40, 0x4b, 0x2d, 0x01, 0x03, 0x04,
  0x01, 0x4c, 0x00, 0x06, 0x05, 0x04, 0x05, 0x06, 0x04, 0x80, 0x00, 0x01,
  0x03, 0x02, 0x03, 0x01, 0x02, 0x80, 0x00, 0x04, 0x00, 0x03, 0x01, 0x04,
  0x03, 0x67, 0x00, 0x05, 0x05, 0x07, 0x61, 0x00, 0x07, 0x07, 0x1a, 0x4d,
  0x00, 0x02, 0x02, 0x00, 0x61, 0x08, 0x01, 0x00, 0x00, 0x1b, 0x00, 0x4e,
  0x01, 0x00, 0x26, 0x24, 0x1f, 0x1e, 0x1b, 0x19, 0x15, 0x13, 0x12, 0x10,
  0x0c, 0x0a, 0x07, 0x06, 0x00, 0x34, 0x01, 0x34, 0x09, 0x07, 0x16, 0x2b,
  0x05, 0x22, 0x2e, 0x03, 0x35, 0x33, 0x14, 0x16, 0x16, 0x33, 0x32, 0x36,
  0x35, 0x34, 0x26, 0x23, 0x23, 0x35, 0x33, 0x32, 0x36, 0x35, 0x34, 0x26,
  0x23, 0x22, 0x06, 0x06, 0x15, 0x23, 0x34, 0x3e, 0x03, 0x33, 0x32, 0x16,
  0x16, 0x15, 0x14, 0x06, 0x06, 0x07, 0x15, 0x16, 0x16, 0x15, 0x14, 0x06,
  0x06, 0x01, 0x55, 0x48, 0x63, 0x3e, 0x23, 0x0d, 0x92, 0x18, 0x39, 0x34,
  0x36, 0x47, 0x3d, 0x38, 0x64, 0x65, 0x30, 0x3a, 0x42, 0x31, 0x2e, 0x35,
  0x17, 0x8f, 0x0d, 0x22, 0x3c, 0x5d, 0x43, 0x43, 0x79, 0x4c, 0x24, 0x34,
  0x1a, 0x32, 0x4d, 0x4d, 0x7e, 0x0a, 0x24, 0x3a, 0x41, 0x3b, 0x13, 0x15,
  0x33, 0x26, 0x38, 0x2f, 0x2a, 0x37, 0x77, 0x35, 0x27, 0x29, 0x37, 0x28,
  0x36, 0x14, 0x12, 0x3c, 0x42, 0x3b, 0x25, 0x31, 0x5d, 0x42, 0x2d, 0x41,
  0x2a, 0x09, 0x06, 0x12, 0x4f, 0x43, 0x46, 0x63, 0x34, 0x00, 0x00, 0x00,
  0x00, 0x02, 0x00, 0x2a, 0x00, 0x00, 0x02, 0x9d, 0x02, 0xe4, 0x00, 0x0a,
  0x00, 0x0d, 0x00, 0x2f, 0x40, 0x2c, 0x0d, 0x03, 0x02, 0x02, 0x01, 0x01,
  0x4c, 0x05, 0x01, 0x02, 0x03, 0x01, 0x00, 0x04, 0x02, 0x00, 0x68, 0x00,
  0x01, 0x01, 0x14, 0x4d, 0x06, 0x01, 0x04, 0x04, 0x15, 0x04, 0x4e, 0x00,
  0x00, 0x0c, 0x0b, 0x00, 0x0a, 0x00, 0x0a, 0x11, 0x11, 0x12, 0x11, 0x07,
  0x07, 0x1a, 0x2b, 0x21, 0x35, 0x25, 0x35, 0x01, 0x33, 0x11, 0x33, 0x15,
  0x23, 0x15, 0x01, 0x33, 0x11, 0x01, 0x90, 0xfe, 0x9a, 0x01, 0x42, 0xbf,
  0x72, 0x72, 0xfe, 0x97, 0xce, 0x97, 0x01, 0x86, 0x01, 0xc6, 0xfe, 0x35,
  0x82, 0x97, 0x01, 0x19, 0x01, 0x25, 0x00, 0x00, 0x00, 0x01, 0x00, 0x3e,
  0xff, 0xf6, 0x02, 0x70, 0x02, 0xe4, 0x00, 0x2b, 0x00, 0x4d, 0x40, 0x4a,
  0x1e, 0x01, 0x03, 0x07, 0x01, 0x4c, 0x00, 0x04, 0x03, 0x01, 0x03, 0x04,
  0x01, 0x80, 0x00, 0x01, 0x02, 0x03, 0x01, 0x02, 0x7e, 0x00, 0x07, 0x00,
  0x03, 0x04, 0x07, 0x03, 0x69, 0x00, 0x06, 0x06, 0x05, 0x5f, 0x00, 0x05,
  0x05, 0x14, 0x4d, 0x00, 0x02, 0x02, 0x00, 0x61, 0x08, 0x01, 0x00, 0x00,
  0x1b, 0x00, 0x4e, 0x01, 0x00, 0x24, 0x22, 0x1d, 0x1c, 0x1b, 0x1a, 0x19,
  0x17, 0x14, 0x12, 0x0c, 0x0a, 0x06, 0x05, 0x00, 0x2b, 0x01, 0x2b, 0x09,
  0x07, 0x16, 0x2b, 0x05, 0x22, 0x2e, 0x02, 0x35, 0x33, 0x30, 0x1e, 0x02,
  0x33, 0x32, 0x36, 0x36, 0x35, 0x34, 0x26, 0x26, 0x23, 0x22, 0x0e, 0x02,
  0x31, 0x23, 0x13, 0x21, 0x15, 0x21, 0x07, 0x33, 0x3e, 0x02, 0x33, 0x32,
  0x16, 0x16, 0x15, 0x14, 0x0e, 0x02, 0x01, 0x55, 0x4b, 0x6a, 0x43, 0x1f,
  0x8f, 0x07, 0x1a, 0x36, 0x2e, 0x2e, 0x3c, 0x1e, 0x1e, 0x3b, 0x2c, 0x22,
  0x2c, 0x1a, 0x0b, 0x98, 0x41, 0x01, 0xb4, 0xfe, 0xb5, 0x1a, 0x04, 0x05,
  0x1f, 0x40, 0x35, 0x50, 0x70, 0x39, 0x23, 0x46, 0x6a, 0x0a, 0x30, 0x4a,
  0x51, 0x22, 0x22, 0x2c, 0x22, 0x27, 0x3c, 0x21, 0x22, 0x3d, 0x27, 0x15,
  0x1b, 0x15, 0x01, 0xac, 0x86, 0xa9, 0x05, 0x1e, 0x1b, 0x48, 0x71, 0x3f,
  0x31, 0x5c, 0x4b, 0x2d, 0x00, 0x02, 0x00, 0x3c, 0xff, 0xf6, 0x02, 0x80,
  0x02, 0xee, 0x00, 0x22, 0x00, 0x2e, 0x00, 0x43, 0x40, 0x40, 0x0e, 0x01,
  0x03, 0x02, 0x16, 0x01, 0x05, 0x03, 0x02, 0x4c, 0x00, 0x03, 0x00, 0x05,
  0x04, 0x03, 0x05, 0x69, 0x00, 0x02, 0x02, 0x01, 0x61, 0x00, 0x01, 0x01,
  0x1a, 0x4d, 0x07, 0x01, 0x04, 0x04, 0x00, 0x61, 0x06, 0x01, 0x00, 0x00,
  0x1b, 0x00, 0x4e, 0x24, 0x23, 0x01, 0x00, 0x2a, 0x28, 0x23, 0x2e, 0x24,
  0x2e, 0x1b, 0x19, 0x13, 0x11, 0x0b, 0x09, 0x00, 0x22, 0x01, 0x22, 0x08,
  0x07, 0x16, 0x2b, 0x05, 0x22, 0x2e, 0x02, 0x35, 0x34, 0x3e, 0x02, 0x33,
  0x32, 0x16, 0x31, 0x15, 0x30, 0x26, 0x26, 0x23, 0x22, 0x06, 0x06, 0x07,
  0x3e, 0x02, 0x33, 0x32, 0x16, 0x16, 0x15, 0x14, 0x0e, 0x02, 0x27, 0x32,
  0x36, 0x35, 0x34, 0x26, 0x23, 0x22, 0x06, 0x15, 0x14, 0x16, 0x01, 0x6a,
  0x4d, 0x72, 0x4b, 0x24, 0x2d, 0x61, 0x98, 0x6c, 0x2c, 0x40, 0x21, 0x32,
  0x19, 0x4d, 0x68, 0x37, 0x05, 0x0a, 0x2a, 0x47, 0x36, 0x50, 0x6c, 0x36,
  0x23, 0x45, 0x68, 0x46, 0x38, 0x48, 0x48, 0x38, 0x37, 0x49, 0x49, 0x0a,
  0x37, 0x5f, 0x79, 0x42, 0x49, 0x95, 0x7d, 0x4c, 0x0b, 0x89, 0x05, 0x06,
  0x3e, 0x60, 0x35, 0x11, 0x29, 0x1e, 0x45, 0x6e, 0x3c, 0x30, 0x5d, 0x4b,
  0x2d, 0x7f, 0x48, 0x38, 0x39, 0x47, 0x47, 0x39, 0x38, 0x48, 0x00, 0x00,
  0x00, 0x01, 0x00, 0x24, 0x00, 0x00, 0x02, 0x3e, 0x02, 0xe4, 0x00, 0x0f,
  0x00, 0x25, 0x40, 0x22, 0x09, 0x01, 0x00, 0x01, 0x01, 0x4c, 0x00, 0x00,
  0x00, 0x01, 0x5f, 0x00, 0x01, 0x01, 0x14, 0x4d, 0x03, 0x01, 0x02, 0x02,
  0x15, 0x02, 0x4e, 0x00, 0x00, 0x00, 0x0f, 0x00, 0x0f, 0x11, 0x15, 0x04,
  0x07, 0x18, 0x2b, 0x33, 0x3e, 0x03, 0x37, 0x21, 0x35, 0x21, 0x15, 0x30,
  0x0e, 0x03, 0x07, 0x9b, 0x05, 0x3a, 0x50, 0x4e, 0x1a, 0xfe, 0x92, 0x02,
  0x1a, 0x33, 0x4c, 0x4d, 0x38, 0x05, 0x73, 0xc3, 0x9b, 0x6f, 0x1e, 0x86,
  0x6e, 0x39, 0x6c, 0x9b, 0xc3, 0x73, 0x00, 0x00, 0x00, 0x03, 0x00, 0x35,
  0xff, 0xf6, 0x02, 0x65, 0x02, 0xee, 0x00, 0x25, 0x00, 0x31, 0x00, 0x41,
  0x00, 0x3e, 0x40, 0x3b, 0x07, 0x01, 0x02, 0x00, 0x05, 0x04, 0x02, 0x05,
  0x69, 0x00, 0x03, 0x03, 0x01, 0x61, 0x00, 0x01, 0x01, 0x1a, 0x4d, 0x08,
  0x01, 0x04, 0x04, 0x00, 0x61, 0x06, 0x01, 0x00, 0x00, 0x1b, 0x00, 0x4e,
  0x33, 0x32, 0x27, 0x26, 0x01, 0x00, 0x3b, 0x39, 0x32, 0x41, 0x33, 0x41,
  0x2d, 0x2b, 0x26, 0x31, 0x27, 0x31, 0x14, 0x12, 0x00, 0x25, 0x01, 0x25,
  0x09, 0x07, 0x16, 0x2b, 0x05, 0x22, 0x26, 0x26, 0x35, 0x34, 0x3e, 0x02,
  0x31, 0x35, 0x30, 0x2e, 0x02, 0x35, 0x34, 0x36, 0x36, 0x33, 0x32, 0x16,
  0x16, 0x15, 0x14, 0x0e, 0x02, 0x31, 0x15, 0x32, 0x1e, 0x02, 0x15, 0x14,
  0x06, 0x06, 0x03, 0x32, 0x36, 0x35, 0x34, 0x26, 0x23, 0x22, 0x06, 0x15,
  0x14, 0x16, 0x13, 0x32, 0x36, 0x36, 0x35, 0x34, 0x26, 0x26, 0x23, 0x22,
  0x06, 0x06, 0x15, 0x14, 0x16, 0x16, 0x01, 0x4d, 0x4c, 0x7f, 0x4d, 0x28,
  0x34, 0x29, 0x23, 0x2d, 0x22, 0x45, 0x77, 0x49, 0x4a, 0x77, 0x45, 0x23,
  0x2d, 0x23, 0x01, 0x28, 0x34, 0x28, 0x4c, 0x7f, 0x4d, 0x32, 0x43, 0x42,
  0x33, 0x32, 0x42, 0x42, 0x32, 0x2c, 0x3b, 0x1d, 0x1d, 0x3b, 0x2c, 0x2c,
  0x3a, 0x1e, 0x1e, 0x3b, 0x0a, 0x33, 0x5f, 0x43, 0x34, 0x46, 0x29, 0x11,
  0x06, 0x10, 0x24, 0x3d, 0x2c, 0x3e, 0x5b, 0x33, 0x33, 0x5b, 0x3d, 0x2d,
  0x3d, 0x24, 0x10, 0x06, 0x11, 0x29, 0x46, 0x34, 0x43, 0x5f, 0x33, 0x01,
  0xc2, 0x37, 0x29, 0x2a, 0x36, 0x36, 0x2a, 0x2a, 0x36, 0xfe, 0xb6, 0x21,
  0x32, 0x1c, 0x1a, 0x31, 0x20, 0x20, 0x31, 0x1a, 0x1c, 0x32, 0x21, 0x00,
  0x00, 0x02, 0x00, 0x3c, 0xff, 0xf6, 0x02, 0x80, 0x02, 0xee, 0x00, 0x22,
  0x00, 0x2e, 0x00, 0x43, 0x40, 0x40, 0x16, 0x01, 0x03, 0x05, 0x0e, 0x01,
  0x02, 0x03, 0x02, 0x4c, 0x00, 0x05, 0x00, 0x03, 0x02, 0x05, 0x03, 0x69,
  0x07, 0x01, 0x04, 0x04, 0x00, 0x61, 0x06, 0x01, 0x00, 0x00, 0x1a, 0x4d,
  0x00, 0x02, 0x02, 0x01, 0x61, 0x00, 0x01, 0x01, 0x1b, 0x01, 0x4e, 0x24,
  0x23, 0x01, 0x00, 0x2a, 0x28, 0x23, 0x2e, 0x24, 0x2e, 0x1b, 0x19, 0x13,
  0x11, 0x0b, 0x09, 0x00, 0x22, 0x01, 0x22, 0x08, 0x07, 0x16, 0x2b, 0x01,
  0x32, 0x1e, 0x02, 0x15, 0x14, 0x0e, 0x02, 0x23, 0x22, 0x26, 0x31, 0x35,
  0x30, 0x16, 0x16, 0x33, 0x32, 0x36, 0x36, 0x37, 0x0e, 0x02, 0x23, 0x22,
  0x26, 0x26, 0x35, 0x34, 0x3e, 0x02, 0x17, 0x22, 0x06, 0x15, 0x14, 0x16,
  0x33, 0x32, 0x36, 0x35, 0x34, 0x26, 0x01, 0x52, 0x4d, 0x72, 0x4a, 0x25,
  0x2e, 0x60, 0x99, 0x6b, 0x2c, 0x40, 0x21, 0x32, 0x19, 0x4d, 0x68, 0x37,
  0x05, 0x0a, 0x2a, 0x47, 0x37, 0x4f, 0x6c, 0x36, 0x23, 0x45, 0x68, 0x46,
  0x38, 0x48, 0x48, 0x38, 0x37, 0x48, 0x48, 0x02, 0xee, 0x37, 0x5f, 0x79,
  0x42, 0x49, 0x95, 0x7d, 0x4c, 0x0b, 0x89, 0x05, 0x06, 0x3e, 0x60, 0x35,
  0x11, 0x29, 0x1e, 0x45, 0x6e, 0x3c, 0x30, 0x5d, 0x4b, 0x2d, 0x7f, 0x48,
  0x38, 0x39, 0x47, 0x47, 0x39, 0x38, 0x48, 0x00, 0x00, 0x01, 0x00, 0x31,
  0x00, 0x00, 0x01, 0x79, 0x02, 0xe4, 0x00, 0x0c, 0x00, 0x1f, 0x40, 0x1c,
  0x05, 0x04, 0x01, 0x03, 0x01, 0x00, 0x01, 0x4c, 0x00, 0x00, 0x01, 0x00,
  0x85, 0x02, 0x01, 0x01, 0x01, 0x76, 0x00, 0x00, 0x00, 0x0c, 0x00, 0x0c,
  0x29, 0x03, 0x06, 0x17, 0x2b, 0x33, 0x11, 0x06, 0x06, 0x07, 0x35, 0x3e,
  0x03, 0x31, 0x33, 0x11, 0xdf, 0x1b, 0x55, 0x3e, 0x33, 0x4b, 0x33, 0x1a,
  0x7d, 0x02, 0x18, 0x17, 0x2d, 0x08, 0x8f, 0x0b, 0x2d, 0x2f, 0x22, 0xfd,
  0x1c, 0x00, 0x00, 0x00, 0x00, 0x03, 0x00, 0x35, 0xff, 0xf6, 0x02, 0x65,
  0x02, 0xee, 0x00, 0x25, 0x00, 0x31, 0x00, 0x41, 0x00, 0x42, 0x40, 0x3f,
  0x00, 0x01, 0x00, 0x03, 0x02, 0x01, 0x03, 0x69, 0x07, 0x01, 0x02, 0x00,
  0x05, 0x04, 0x02, 0x05, 0x69, 0x08, 0x01, 0x04, 0x00, 0x00, 0x04, 0x59,
  0x08, 0x01, 0x04, 0x04, 0x00, 0x61, 0x06, 0x01, 0x00, 0x04, 0x00, 0x51,
  0x33, 0x32, 0x27, 0x26, 0x01, 0x00, 0x3b, 0x39, 0x32, 0x41, 0x33, 0x41,
  0x2d, 0x2b, 0x26, 0x31, 0x27, 0x31, 0x14, 0x12, 0x00, 0x25, 0x01, 0x25,
  0x09, 0x06, 0x16, 0x2b, 0x05, 0x22, 0x26, 0x26, 0x35, 0x34, 0x3e, 0x02,
  0x31, 0x35, 0x30, 0x2e, 0x02, 0x35, 0x34, 0x36, 0x36, 0x33, 0x32, 0x16,
  0x16, 0x15, 0x14, 0x0e, 0x02, 0x31, 0x15, 0x32, 0x1e, 0x02, 0x15, 0x14,
  0x06, 0x06, 0x03, 0x32, 0x36, 0x35, 0x34, 0x26, 0x23, 0x22, 0x06, 0x15,
  0x14, 0x16, 0x13, 0x32, 0x36, 0x36, 0x35, 0x34, 0x26, 0x26, 0x23, 0x22,
  0x06, 0x06, 0x15, 0x14, 0x16, 0x16, 0x01, 0x4d, 0x4c, 0x7f, 0x4d, 0x28,
  0x34, 0x29, 0x23, 0x2d, 0x22, 0x45, 0x77, 0x49, 0x4a, 0x77, 0x45, 0x23,
  0x2d, 0x23, 0x01, 0x28, 0x34, 0x28, 0x4c, 0x7f, 0x4d, 0x32, 0x43, 0x42,
  0x33, 0x32, 0x42, 0x42, 0x32, 0x2c, 0x3b, 0x1d, 0x1d, 0x3b, 0x2c, 0x2c,
  0x3a, 0x1e, 0x1e, 0x3b, 0x0a, 0x33, 0x5f, 0x43, 0x34, 0x46, 0x29, 0x11,
  0x06, 0x10, 0x24, 0x3d, 0x2c, 0x3e, 0x5b, 0x33, 0x33, 0x5b, 0x3d, 0x2d,
  0x3d, 0x24, 0x10, 0x06, 0x11, 0x29, 0x46, 0x34, 0x43, 0x5f, 0x33, 0x01,
  0xc2, 0x37, 0x29, 0x2a, 0x36, 0x36, 0x2a, 0x2a, 0x36, 0xfe, 0xb6, 0x21,
  0x32, 0x1c, 0x1a, 0x31, 0x20, 0x20, 0x31, 0x1a, 0x1c, 0x32, 0x21, 0x00,
  0x00, 0x03, 0x00, 0x35, 0xff, 0xf6, 0x02, 0x65, 0x02, 0xee, 0x00, 0x25,
  0x00, 0x31, 0x00, 0x41, 0x00, 0x42, 0x40, 0x3f, 0x00, 0x01, 0x00, 0x03,
  0x02, 0x01, 0x03, 0x69, 0x07, 0x01, 0x02, 0x00, 0x05, 0x04, 0x02, 0x05,
  0x69, 0x08, 0x01, 0x04, 0x00, 0x00, 0x04, 0x59, 0x08, 0x01, 0x04, 0x04,
  0x00, 0x61, 0x06, 0x01, 0x00, 0x04, 0x00, 0x51, 0x33, 0x32, 0x27, 0x26,
  0x01, 0x00, 0x3b, 0x39, 0x32, 0x41, 0x33, 0x41, 0x2d, 0x2b, 0x26, 0x31,
  0x27, 0x31, 0x14, 0x12, 0x00, 0x25, 0x01, 0x25, 0x09, 0x06, 0x16, 0x2b,
  0x05, 0x22, 0x26, 0x26, 0x35, 0x34, 0x3e, 0x02, 0x31, 0x35, 0x30, 0x2e,
  0x02, 0x35, 0x34, 0x36, 0x36, 0x33, 0x32, 0x16, 0x16, 0x15, 0x14, 0x0e,
  0x02, 0x31, 0x15, 0x32, 0x1e, 0x02, 0x15, 0x14, 0x06, 0x06, 0x03, 0x32,
  0x36, 0x35, 0x34, 0x26, 0x23, 0x22, 0x06, 0x15, 0x14, 0x16, 0x13, 0x32,
  0x36, 0x36, 0x35, 0x34, 0x26, 0x26, 0x23, 0x22, 0x06, 0x06, 0x15, 0x14,
  0x16, 0x16, 0x01, 0x4d, 0x4c, 0x7f, 0x4d, 0x28, 0x34, 0x29, 0x23, 0x2d,
  0x22, 0x45, 0x77, 0x49, 0x4a, 0x77, 0x45, 0x23, 0x2d, 0x23, 0x01, 0x28,
  0x34, 0x28, 0x4c, 0x7f, 0x4d, 0x32, 0x43, 0x42, 0x33, 0x32, 0x42, 0x42,
  0x32, 0x2c, 0x3b, 0x1d, 0x1d, 0x3b, 0x2c, 0x2c, 0x3a, 0x1e, 0x1e, 0x3b,
  0x0a, 0x33, 0x5f, 0x43, 0x34, 0x46, 0x29, 0x11, 0x06, 0x10, 0x24, 0x3d,
  0x2c, 0x3e, 0x5b, 0x33, 0x33, 0x5b, 0x3d, 0x2d, 0x3d, 0x24, 0x10, 0x06,
  0x11, 0x29, 0x46, 0x34, 0x43, 0x5f, 0x33, 0x01, 0xc2, 0x37, 0x29, 0x2a,
  0x36, 0x36, 0x2a, 0x2a, 0x36, 0xfe, 0xb6, 0x21, 0x32, 0x1c, 0x1a, 0x31,
  0x20, 0x20, 0x31, 0x1a, 0x1c, 0x32, 0x21, 0x00, 0x00, 0x02, 0x00, 0x22,
  0xff, 0xfc, 0x01, 0x67, 0x01, 0x64, 0x00, 0x0f, 0x00, 0x1b, 0x00, 0x2b,
  0x40, 0x28, 0x00, 0x01, 0x00, 0x03, 0x02, 0x01, 0x03, 0x69, 0x05, 0x01,
  0x02, 0x02, 0x00, 0x61, 0x04, 0x01, 0x00, 0x00, 0x15, 0x00, 0x4e, 0x11,
  0x10, 0x01, 0x00, 0x17, 0x15, 0x10, 0x1b, 0x11, 0x1b, 0x09, 0x07, 0x00,
  0x0f, 0x01, 0x0f, 0x06, 0x07, 0x16, 0x2b, 0x17, 0x22, 0x26, 0x26, 0x35,
  0x34, 0x36, 0x36, 0x33, 0x32, 0x16, 0x16, 0x15, 0x14, 0x06, 0x06, 0x27,
  0x32, 0x36, 0x35, 0x34, 0x26, 0x23, 0x22, 0x06, 0x15, 0x14, 0x16, 0xc4,
  0x33, 0x49, 0x26, 0x26, 0x49, 0x33, 0x34, 0x48, 0x27, 0x27, 0x49, 0x33,
  0x19, 0x20, 0x20, 0x19, 0x18, 0x1f, 0x1f, 0x04, 0x31, 0x51, 0x31, 0x32,
  0x52, 0x31, 0x31, 0x52, 0x32, 0x31, 0x52, 0x30, 0x59, 0x2c, 0x2e, 0x2e,
  0x2e, 0x2d, 0x2f, 0x2f, 0x2b, 0x00, 0x00, 0x00, 0x00, 0x01, 0x00, 0x0a,
  0x00, 0x01, 0x00, 0xb4, 0x01, 0x5e, 0x00, 0x0a, 0x00, 0x28, 0x40, 0x25,
  0x05, 0x01, 0x01, 0x02, 0x01, 0x4c, 0x00, 0x01, 0x02, 0x00, 0x02, 0x01,
  0x00, 0x80, 0x03, 0x01, 0x02, 0x02, 0x00, 0x5f, 0x00, 0x00, 0x00, 0x15,
  0x00, 0x4e, 0x00, 0x00, 0x00, 0x0a, 0x00, 0x09, 0x11, 0x11, 0x04, 0x07,
  0x18, 0x2b, 0x13, 0x11, 0x23, 0x35, 0x23, 0x35, 0x37, 0x36, 0x36, 0x37,
  0x37, 0xb4, 0x64, 0x46, 0x0a, 0x21, 0x2d, 0x14, 0x03, 0x01, 0x5e, 0xfe,
  0xa3, 0xe4, 0x3e, 0x02, 0x09, 0x19, 0x14, 0x03, 0x00, 0x01, 0xff, 0x86,
  0x00, 0x01, 0x00, 0xa3, 0x01, 0x64, 0x00, 0x18, 0x00, 0x32, 0x40, 0x2f,
  0x01, 0x01, 0x04, 0x03, 0x01, 0x4c, 0x00, 0x01, 0x00, 0x03, 0x00, 0x01,
  0x03, 0x80, 0x00, 0x02, 0x00, 0x00, 0x01, 0x02, 0x00, 0x69, 0x00, 0x03,
  0x03, 0x04, 0x5f, 0x05, 0x01, 0x04, 0x04, 0x15, 0x04, 0x4e, 0x00, 0x00,
  0x00, 0x18, 0x00, 0x18, 0x15, 0x23, 0x12, 0x27, 0x06, 0x07, 0x1a, 0x2b,
  0x27, 0x35, 0x37, 0x36, 0x36, 0x35, 0x34, 0x26, 0x23, 0x22, 0x06, 0x15,
  0x23, 0x34, 0x36, 0x36, 0x33, 0x32, 0x16, 0x15, 0x14, 0x06, 0x07, 0x33,
  0x15, 0x78, 0x2a, 0x44, 0x44, 0x19, 0x0f, 0x11, 0x1a, 0x61, 0x29, 0x41,
  0x25, 0x3b, 0x51, 0x44, 0x43, 0x89, 0x01, 0x45, 0x1f, 0x32, 0x35, 0x1d,
  0x13, 0x12, 0x16, 0x19, 0x2e, 0x3b, 0x1c, 0x40, 0x35, 0x2e, 0x49, 0x24,
  0x53, 0x00, 0x00, 0x00, 0x00, 0x01, 0x00, 0x22, 0xff, 0xfc, 0x01, 0x3e,
  0x01, 0x64, 0x00, 0x2e, 0x00, 0x4c, 0x40, 0x49, 0x28, 0x01, 0x03, 0x04,
  0x01, 0x4c, 0x00, 0x06, 0x05, 0x04, 0x05, 0x06, 0x04, 0x80, 0x00, 0x01,
  0x03, 0x02, 0x03, 0x01, 0x02, 0x80, 0x00, 0x07, 0x00, 0x05, 0x06, 0x07,
  0x05, 0x69, 0x00, 0x04, 0x00, 0x03, 0x01, 0x04, 0x03, 0x69, 0x00, 0x02,
  0x02, 0x00, 0x61, 0x08, 0x01, 0x00, 0x00, 0x15, 0x00, 0x4e, 0x01, 0x00,
  0x22, 0x20, 0x1c, 0x1b, 0x19, 0x17, 0x13, 0x11, 0x10, 0x0e, 0x0a, 0x08,
  0x06, 0x05, 0x00, 0x2e, 0x01, 0x2e, 0x09, 0x07, 0x16, 0x2b, 0x17, 0x22,
  0x2e, 0x02, 0x35, 0x33, 0x14, 0x16, 0x33, 0x32, 0x36, 0x35, 0x34, 0x26,
  0x23, 0x23, 0x35, 0x33, 0x32, 0x36, 0x35, 0x34, 0x26, 0x23, 0x22, 0x06,
  0x15, 0x23, 0x34, 0x3e, 0x02, 0x33, 0x32, 0x16, 0x16, 0x15, 0x14, 0x06,
  0x07, 0x15, 0x16, 0x16, 0x15, 0x14, 0x06, 0xaf, 0x2e, 0x38, 0x1d, 0x0a,
  0x5d, 0x14, 0x1b, 0x17, 0x16, 0x13, 0x17, 0x28, 0x28, 0x14, 0x15, 0x16,
  0x15, 0x19, 0x13, 0x5a, 0x0b, 0x1c, 0x35, 0x2a, 0x25, 0x3f, 0x26, 0x28,
  0x11, 0x14, 0x2a, 0x51, 0x04, 0x1c, 0x28, 0x26, 0x0a, 0x09, 0x1c, 0x15,
  0x0e, 0x0c, 0x14, 0x46, 0x14, 0x0d, 0x0d, 0x14, 0x1b, 0x0a, 0x0b, 0x25,
  0x28, 0x1b, 0x18, 0x2d, 0x1f, 0x22, 0x28, 0x03, 0x04, 0x06, 0x20, 0x24,
  0x2f, 0x3a, 0x00, 0x00, 0x00, 0x02, 0xff, 0x6c, 0x00, 0x01, 0x00, 0xa8,
  0x01, 0x5f, 0x00, 0x0a, 0x00, 0x0d, 0x00, 0x32, 0x40, 0x2f, 0x0d, 0x01,
  0x02, 0x01, 0x03, 0x01, 0x00, 0x02, 0x02, 0x4c, 0x00, 0x01, 0x02, 0x01,
  0x85, 0x05, 0x01, 0x02, 0x03, 0x01, 0x00, 0x04, 0x02, 0x00, 0x68, 0x06,
  0x01, 0x04, 0x04, 0x15, 0x04, 0x4e, 0x00, 0x00, 0x0c, 0x0b, 0x00, 0x0a,
  0x00, 0x0a, 0x11, 0x11, 0x12, 0x11, 0x07, 0x07, 0x1a, 0x2b, 0x37, 0x35,
  0x23, 0x35, 0x37, 0x33, 0x15, 0x33, 0x15, 0x23, 0x15, 0x27, 0x33, 0x35,
  0x11, 0xa5, 0x89, 0x82, 0x31, 0x31, 0xac, 0x46, 0x01, 0x44, 0x45, 0xd5,
  0xcd, 0x4d, 0x44, 0x91, 0x6d, 0x00, 0x00, 0x00, 0x00, 0x01, 0x00, 0x22,
  0xff, 0xfa, 0x01, 0x39, 0x01, 0x5f, 0x00, 0x25, 0x00, 0x81, 0xb5, 0x19,
  0x01, 0x03, 0x07, 0x01, 0x4c, 0x4b, 0xb0, 0x0a, 0x50, 0x58, 0x40, 0x2a,
  0x00, 0x04, 0x03, 0x01, 0x06, 0x04, 0x72, 0x00, 0x01, 0x02, 0x03, 0x01,
  0x02, 0x7e, 0x00, 0x05, 0x00, 0x06, 0x07, 0x05, 0x06, 0x67, 0x00, 0x07,
  0x00, 0x03, 0x04, 0x07, 0x03, 0x69, 0x00, 0x02, 0x02, 0x00, 0x61, 0x08,
  0x01, 0x00, 0x00, 0x1b, 0x00, 0x4e, 0x1b, 0x40, 0x2b, 0x00, 0x04, 0x03,
  0x01, 0x03, 0x04, 0x01, 0x80, 0x00, 0x01, 0x02, 0x03, 0x01, 0x02, 0x7e,
  0x00, 0x05, 0x00, 0x06, 0x07, 0x05, 0x06, 0x67, 0x00, 0x07, 0x00, 0x03,
  0x04, 0x07, 0x03, 0x69, 0x00, 0x02, 0x02, 0x00, 0x61, 0x08, 0x01, 0x00,
  0x00, 0x1b, 0x00, 0x4e, 0x59, 0x40, 0x17, 0x01, 0x00, 0x1f, 0x1d, 0x18,
  0x17, 0x16, 0x15, 0x14, 0x12, 0x11, 0x0f, 0x0b, 0x09, 0x06, 0x04, 0x00,
  0x25, 0x01, 0x25, 0x09, 0x07, 0x16, 0x2b, 0x17, 0x22, 0x2e, 0x02, 0x35,
  0x33, 0x30, 0x16, 0x16, 0x33, 0x32, 0x36, 0x35, 0x34, 0x26, 0x23, 0x22,
  0x06, 0x31, 0x23, 0x37, 0x33, 0x15, 0x23, 0x07, 0x33, 0x3e, 0x02, 0x33,
  0x32, 0x16, 0x16, 0x15, 0x14, 0x06, 0x06, 0xac, 0x30, 0x37, 0x1b, 0x08,
  0x5b, 0x06, 0x14, 0x15, 0x18, 0x17, 0x17, 0x16, 0x19, 0x11, 0x5f, 0x17,
  0xe7, 0xa1, 0x07, 0x02, 0x01, 0x0e, 0x20, 0x19, 0x27, 0x33, 0x1a, 0x1e,
  0x3f, 0x06, 0x1f, 0x2b, 0x25, 0x06, 0x14, 0x13, 0x1d, 0x11, 0x12, 0x1e,
  0x19, 0xd2, 0x4f, 0x44, 0x01, 0x0f, 0x0f, 0x21, 0x34, 0x1d, 0x1f, 0x3a,
  0x26, 0x00, 0x00, 0x00, 0x00, 0x02, 0x00, 0x22, 0xff, 0xfa, 0x01, 0x46,
  0x01, 0x5f, 0x00, 0x1b, 0x00, 0x27, 0x00, 0x41, 0x40, 0x3e, 0x0c, 0x01,
  0x03, 0x02, 0x12, 0x01, 0x05, 0x03, 0x02, 0x4c, 0x00, 0x01, 0x00, 0x02,
  0x03, 0x01, 0x02, 0x69, 0x00, 0x03, 0x00, 0x05, 0x04, 0x03, 0x05, 0x69,
  0x07, 0x01, 0x04, 0x04, 0x00, 0x61, 0x06, 0x01, 0x00, 0x00, 0x1b, 0x00,
  0x4e, 0x1d, 0x1c, 0x01, 0x00, 0x23, 0x21, 0x1c, 0x27, 0x1d, 0x27, 0x16,
  0x14, 0x10, 0x0e, 0x09, 0x07, 0x00, 0x1b, 0x01, 0x1b, 0x08, 0x07, 0x16,
  0x2b, 0x17, 0x22, 0x26, 0x26, 0x35, 0x34, 0x36, 0x36, 0x33, 0x32, 0x16,
  0x31, 0x15, 0x30, 0x26, 0x23, 0x22, 0x06, 0x07, 0x36, 0x36, 0x33, 0x32,
  0x16, 0x15, 0x14, 0x06, 0x06, 0x27, 0x32, 0x36, 0x35, 0x34, 0x26, 0x23,
  0x22, 0x06, 0x15, 0x14, 0x16, 0xba, 0x34, 0x43, 0x21, 0x2c, 0x5a, 0x46,
  0x13, 0x1d, 0x20, 0x11, 0x27, 0x3c, 0x06, 0x08, 0x25, 0x25, 0x37, 0x39,
  0x1f, 0x3e, 0x2e, 0x16, 0x19, 0x19, 0x16, 0x17, 0x18, 0x18, 0x06, 0x2d,
  0x48, 0x29, 0x2f, 0x5c, 0x3c, 0x04, 0x52, 0x04, 0x29, 0x26, 0x0d, 0x1c,
  0x45, 0x2a, 0x1e, 0x3b, 0x25, 0x4d, 0x1b, 0x12, 0x13, 0x1b, 0x1b, 0x13,
  0x12, 0x1b, 0x00, 0x00, 0x00, 0x01, 0x00, 0x02, 0x00, 0x00, 0x01, 0x11,
  0x01, 0x5e, 0x00, 0x0d, 0x00, 0x23, 0x40, 0x20, 0x08, 0x01, 0x00, 0x01,
  0x01, 0x4c, 0x00, 0x01, 0x00, 0x00, 0x02, 0x01, 0x00, 0x67, 0x03, 0x01,
  0x02, 0x02, 0x15, 0x02, 0x4e, 0x00, 0x00, 0x00, 0x0d, 0x00, 0x0d, 0x11,
  0x14, 0x04, 0x07, 0x18, 0x2b, 0x33, 0x3e, 0x02, 0x37, 0x23, 0x35, 0x21,
  0x15, 0x30, 0x0e, 0x02, 0x07, 0x3e, 0x04, 0x27, 0x30, 0x10, 0xa7, 0x01,
  0x0f, 0x20, 0x2c, 0x24, 0x03, 0x45, 0x6b, 0x49, 0x13, 0x52, 0x42, 0x26,
  0x49, 0x69, 0x44, 0x00, 0x00, 0x03, 0xff, 0x8e, 0xff, 0xfb, 0x00, 0xab,
  0x01, 0x63, 0x00, 0x23, 0x00, 0x2f, 0x00, 0x3b, 0x00, 0x3c, 0x40, 0x39,
  0x00, 0x01, 0x00, 0x03, 0x02, 0x01, 0x03, 0x69, 0x07, 0x01, 0x02, 0x00,
  0x05, 0x04, 0x02, 0x05, 0x69, 0x08, 0x01, 0x04, 0x04, 0x00, 0x61, 0x06,
  0x01, 0x00, 0x00, 0x15, 0x00, 0x4e, 0x31, 0x30, 0x25, 0x24, 0x01, 0x00,
  0x37, 0x35, 0x30, 0x3b, 0x31, 0x3b, 0x2b, 0x29, 0x24, 0x2f, 0x25, 0x2f,
  0x13, 0x11, 0x00, 0x23, 0x01, 0x23, 0x09, 0x07, 0x16, 0x2b, 0x17, 0x22,
  0x26, 0x26, 0x35, 0x34, 0x3e, 0x02, 0x31, 0x35, 0x30, 0x26, 0x26, 0x35,
  0x34, 0x36, 0x36, 0x33, 0x32, 0x16, 0x16, 0x15, 0x14, 0x06, 0x06, 0x31,
  0x15, 0x30, 0x1e, 0x02, 0x15, 0x14, 0x06, 0x06, 0x27, 0x32, 0x36, 0x35,
  0x34, 0x26, 0x23, 0x22, 0x06, 0x15, 0x14, 0x16, 0x17, 0x32, 0x36, 0x35,
  0x34, 0x26, 0x23, 0x22, 0x06, 0x15, 0x14, 0x16, 0x1d, 0x23, 0x42, 0x2a,
  0x13, 0x1a, 0x13, 0x1c, 0x1c, 0x26, 0x3e, 0x23, 0x23, 0x3e, 0x27, 0x1d,
  0x1d, 0x13, 0x1a, 0x13, 0x2a, 0x41, 0x23, 0x15, 0x15, 0x15, 0x15, 0x15,
  0x15, 0x15, 0x15, 0x17, 0x17, 0x17, 0x17, 0x17, 0x17, 0x17, 0x05, 0x15,
  0x2c, 0x23, 0x19, 0x20, 0x13, 0x07, 0x03, 0x0d, 0x21, 0x1d, 0x20, 0x2c,
  0x17, 0x17, 0x2b, 0x1f, 0x1f, 0x21, 0x0d, 0x03, 0x07, 0x13, 0x20, 0x19,
  0x23, 0x2c, 0x15, 0xd9, 0x18, 0x0e, 0x0e, 0x17, 0x18, 0x0e, 0x0d, 0x18,
  0x93, 0x1a, 0x10, 0x0f, 0x1a, 0x1a, 0x0f, 0x10, 0x1a, 0x00, 0x00, 0x00,
  0x00, 0x02, 0x00, 0x1d, 0xff, 0xfa, 0x01, 0x41, 0x01, 0x5f, 0x00, 0x1b,
  0x00, 0x27, 0x00, 0x41, 0x40, 0x3e, 0x12, 0x01, 0x03, 0x05, 0x0c, 0x01,
  0x02, 0x03, 0x02, 0x4c, 0x06, 0x01, 0x00, 0x07, 0x01, 0x04, 0x05, 0x00,
  0x04, 0x69, 0x00, 0x05, 0x00, 0x03, 0x02, 0x05, 0x03, 0x69, 0x00, 0x02,
  0x02, 0x01, 0x61, 0x00, 0x01, 0x01, 0x1b, 0x01, 0x4e, 0x1d, 0x1c, 0x01,
  0x00, 0x23, 0x21, 0x1c, 0x27, 0x1d, 0x27, 0x16, 0x14, 0x10, 0x0e, 0x09,
  0x07, 0x00, 0x1b, 0x01, 0x1b, 0x08, 0x07, 0x16, 0x2b, 0x13, 0x32, 0x16,
  0x16, 0x15, 0x14, 0x06, 0x06, 0x23, 0x22, 0x26, 0x31, 0x35, 0x30, 0x16,
  0x33, 0x32, 0x36, 0x37, 0x06, 0x06, 0x23, 0x22, 0x26, 0x35, 0x34, 0x36,
  0x36, 0x17, 0x22, 0x06, 0x15, 0x14, 0x16, 0x33, 0x32, 0x36, 0x35, 0x34,
  0x26, 0xaa, 0x34, 0x43, 0x20, 0x2b, 0x5a, 0x46, 0x14, 0x1d, 0x20, 0x11,
  0x28, 0x3c, 0x05, 0x07, 0x26, 0x24, 0x38, 0x39, 0x1f, 0x3e, 0x2f, 0x17,
  0x18, 0x18, 0x17, 0x16, 0x18, 0x18, 0x01, 0x5f, 0x2e, 0x48, 0x28, 0x30,
  0x5b, 0x3c, 0x04, 0x52, 0x04, 0x29, 0x25, 0x0c, 0x1c, 0x44, 0x2a, 0x1f,
  0x3a, 0x26, 0x4d, 0x1b, 0x13, 0x12, 0x1c, 0x1c, 0x12, 0x13, 0x1b, 0x00,
  0x00, 0x02, 0x00, 0x28, 0xff, 0x28, 0x01, 0xb0, 0x00, 0xdf, 0x00, 0x0f,
  0x00, 0x1b, 0x00, 0x2d, 0x40, 0x2a, 0x00, 0x03, 0x03, 0x01, 0x61, 0x00,
  0x01, 0x01, 0x26, 0x4d, 0x05, 0x01, 0x02, 0x02, 0x00, 0x61, 0x04, 0x01,
  0x00, 0x00, 0x27, 0x00, 0x4e, 0x11, 0x10, 0x01, 0x00, 0x17, 0x15, 0x10,
  0x1b, 0x11, 0x1b, 0x09, 0x07, 0x00, 0x0f, 0x01, 0x0f, 0x06, 0x08, 0x16,
  0x2b, 0x17, 0x22, 0x26, 0x26, 0x35, 0x34, 0x36, 0x36, 0x33, 0x32, 0x16,
  0x16, 0x15, 0x14, 0x06, 0x06, 0x27, 0x32, 0x36, 0x35, 0x34, 0x26, 0x23,
  0x22, 0x06, 0x15, 0x14, 0x16, 0xec, 0x3e, 0x58, 0x2e, 0x2e, 0x58, 0x3e,
  0x3d, 0x58, 0x2f, 0x2f, 0x58, 0x3d, 0x20, 0x28, 0x28, 0x20, 0x20, 0x28,
  0x28, 0xd8, 0x3b, 0x64, 0x3c, 0x3d, 0x64, 0x3b, 0x3b, 0x64, 0x3d, 0x3d,
  0x63, 0x3b, 0x69, 0x3c, 0x36, 0x38, 0x3c, 0x3c, 0x38, 0x36, 0x3c, 0x00,
  0x00, 0x01, 0x00, 0x2a, 0xff, 0x31, 0x00, 0xf4, 0x00, 0xdd, 0x00, 0x0a,
  0x00, 0x28, 0x40, 0x25, 0x05, 0x01, 0x01, 0x02, 0x01, 0x4c, 0x00, 0x01,
  0x02, 0x00, 0x02, 0x01, 0x00, 0x80, 0x03, 0x01, 0x02, 0x02, 0x24, 0x4d,
  0x00, 0x00, 0x00, 0x25, 0x00, 0x4e, 0x00, 0x00, 0x00, 0x0a, 0x00, 0x0a,
  0x11, 0x11, 0x04, 0x08, 0x18, 0x2b, 0x37, 0x11, 0x23, 0x11, 0x23, 0x35,
  0x37, 0x36, 0x36, 0x37, 0x37, 0xf4, 0x71, 0x59, 0x0d, 0x2a, 0x34, 0x18,
  0x05, 0xdd, 0xfe, 0x54, 0x01, 0x1c, 0x44, 0x04, 0x0d, 0x1c, 0x19, 0x06,
  0x00, 0x01, 0x00, 0x37, 0xff, 0x31, 0x01, 0x8e, 0x00, 0xdf, 0x00, 0x19,
  0x00, 0x34, 0x40, 0x31, 0x01, 0x01, 0x04, 0x03, 0x01, 0x4c, 0x00, 0x01,
  0x00, 0x03, 0x00, 0x01, 0x03, 0x80, 0x00, 0x00, 0x00, 0x02, 0x61, 0x00,
  0x02, 0x02, 0x26, 0x4d, 0x00, 0x03, 0x03, 0x04, 0x5f, 0x05, 0x01, 0x04,
  0x04, 0x25, 0x04, 0x4e, 0x00, 0x00, 0x00, 0x19, 0x00, 0x19, 0x16, 0x23,
  0x12, 0x27, 0x06, 0x08, 0x1a, 0x2b, 0x17, 0x35, 0x37, 0x36, 0x36, 0x35,
  0x34, 0x26, 0x23, 0x22, 0x06, 0x15, 0x23, 0x34, 0x36, 0x36, 0x33, 0x32,
  0x16, 0x16, 0x15, 0x14, 0x06, 0x07, 0x33, 0x15, 0x39, 0x5f, 0x34, 0x46,
  0x1f, 0x15, 0x14, 0x21, 0x72, 0x31, 0x4e, 0x2c, 0x30, 0x4d, 0x2c, 0x5a,
  0x51, 0xae, 0xcf, 0x53, 0x47, 0x28, 0x37, 0x21, 0x16, 0x18, 0x1b, 0x1e,
  0x37, 0x46, 0x22, 0x24, 0x3e, 0x28, 0x38, 0x58, 0x2f, 0x65, 0x00, 0x00,
  0x00, 0x01, 0x00, 0x3c, 0xff, 0x28, 0x01, 0x99, 0x00, 0xde, 0x00, 0x31,
  0x00, 0x4e, 0x40, 0x4b, 0x2a, 0x01, 0x03, 0x04, 0x01, 0x4c, 0x00, 0x06,
  0x05, 0x04, 0x05, 0x06, 0x04, 0x80, 0x00, 0x01, 0x03, 0x02, 0x03, 0x01,
  0x02, 0x80, 0x00, 0x04, 0x00, 0x03, 0x01, 0x04, 0x03, 0x69, 0x00, 0x05,
  0x05, 0x07, 0x61, 0x00, 0x07, 0x07, 0x26, 0x4d, 0x00, 0x02, 0x02, 0x00,
  0x61, 0x08, 0x01, 0x00, 0x00, 0x27, 0x00, 0x4e, 0x01, 0x00, 0x23, 0x21,
  0x1d, 0x1c, 0x1a, 0x18, 0x14, 0x12, 0x11, 0x0f, 0x0b, 0x09, 0x06, 0x05,
  0x00, 0x31, 0x01, 0x31, 0x09, 0x08, 0x16, 0x2b, 0x17, 0x22, 0x2e, 0x02,
  0x35, 0x33, 0x14, 0x16, 0x16, 0x33, 0x32, 0x36, 0x35, 0x34, 0x26, 0x23,
  0x23, 0x35, 0x33, 0x32, 0x36, 0x35, 0x34, 0x26, 0x23, 0x22, 0x06, 0x15,
  0x23, 0x34, 0x3e, 0x02, 0x33, 0x32, 0x16, 0x16, 0x15, 0x14, 0x06, 0x06,
  0x07, 0x15, 0x16, 0x16, 0x15, 0x14, 0x06, 0x06, 0xea, 0x37, 0x45, 0x25,
  0x0d, 0x71, 0x0a, 0x1a, 0x17, 0x1d, 0x1b, 0x1c, 0x16, 0x3a, 0x38, 0x18,
  0x19, 0x1b, 0x18, 0x20, 0x15, 0x6e, 0x0d, 0x23, 0x41, 0x35, 0x2c, 0x4c,
  0x2e, 0x19, 0x22, 0x0c, 0x1f, 0x2e, 0x2e, 0x50, 0xd8, 0x23, 0x32, 0x2e,
  0x0c, 0x07, 0x16, 0x12, 0x1b, 0x11, 0x11, 0x15, 0x55, 0x17, 0x10, 0x11,
  0x17, 0x23, 0x0c, 0x0c, 0x2f, 0x32, 0x22, 0x1c, 0x37, 0x26, 0x1e, 0x27,
  0x16, 0x03, 0x05, 0x08, 0x2e, 0x26, 0x28, 0x38, 0x1e, 0x00, 0x00, 0x00,
  0x00, 0x02, 0x00, 0x2a, 0xff, 0x31, 0x01, 0xaa, 0x00, 0xdd, 0x00, 0x0a,
  0x00, 0x0d, 0x00, 0x32, 0x40, 0x2f, 0x0d, 0x01, 0x02, 0x01, 0x03, 0x01,
  0x00, 0x02, 0x02, 0x4c, 0x05, 0x01, 0x02, 0x03, 0x01, 0x00, 0x04, 0x02,
  0x00, 0x68, 0x00, 0x01, 0x01, 0x24, 0x4d, 0x06, 0x01, 0x04, 0x04, 0x25,
  0x04, 0x4e, 0x00, 0x00, 0x0c, 0x0b, 0x00, 0x0a, 0x00, 0x0a, 0x11, 0x11,
  0x12, 0x11, 0x07, 0x08, 0x1a, 0x2b, 0x17, 0x35, 0x27, 0x35, 0x13, 0x33,
  0x15, 0x33, 0x15, 0x23, 0x15, 0x27, 0x33, 0x35, 0xf7, 0xcd, 0xa6, 0x98,
  0x42, 0x42, 0xce, 0x5d, 0xcf, 0x52, 0x01, 0x55, 0x01, 0x04, 0xff, 0x5b,
  0x52, 0xad, 0x91, 0x00, 0x00, 0x01, 0x00, 0x3e, 0xff, 0x29, 0x01, 0x96,
  0x00, 0xdb, 0x00, 0x25, 0x00, 0x85, 0xb5, 0x19, 0x01, 0x03, 0x07, 0x01,
  0x4c, 0x4b, 0xb0, 0x09, 0x50, 0x58, 0x40, 0x2c, 0x00, 0x04, 0x03, 0x01,
  0x06, 0x04, 0x72, 0x00, 0x01, 0x02, 0x03, 0x01, 0x02, 0x7e, 0x00, 0x07,
  0x00, 0x03, 0x04, 0x07, 0x03, 0x69, 0x00, 0x06, 0x06, 0x05, 0x5f, 0x00,
  0x05, 0x05, 0x24, 0x4d, 0x00, 0x02, 0x02, 0x00, 0x61, 0x08, 0x01, 0x00,
  0x00, 0x27, 0x00, 0x4e, 0x1b, 0x40, 0x2d, 0x00, 0x04, 0x03, 0x01, 0x03,
  0x04, 0x01, 0x80, 0x00, 0x01, 0x02, 0x03, 0x01, 0x02, 0x7e, 0x00, 0x07,
  0x00, 0x03, 0x04, 0x07, 0x03, 0x69, 0x00, 0x06, 0x06, 0x05, 0x5f, 0x00,
  0x05, 0x05, 0x24, 0x4d, 0x00, 0x02, 0x02, 0x00, 0x61, 0x08, 0x01, 0x00,
  0x00, 0x27, 0x00, 0x4e, 0x59, 0x40, 0x17, 0x01, 0x00, 0x1f, 0x1d, 0x18,
  0x17, 0x16, 0x15, 0x14, 0x12, 0x11, 0x0f, 0x0b, 0x09, 0x06, 0x04, 0x00,
  0x25, 0x01, 0x25, 0x09, 0x08, 0x16, 0x2b, 0x17, 0x22, 0x2e, 0x02, 0x35,
  0x33, 0x30, 0x16, 0x16, 0x33, 0x32, 0x36, 0x35, 0x34, 0x26, 0x23, 0x22,
  0x06, 0x31, 0x23, 0x37, 0x21, 0x15, 0x23, 0x07, 0x17, 0x3e, 0x02, 0x33,
  0x32, 0x16, 0x16, 0x15, 0x14, 0x06, 0x06, 0xe9, 0x3a, 0x45, 0x22, 0x0a,
  0x71, 0x08, 0x18, 0x19, 0x1c, 0x1c, 0x1c, 0x1b, 0x1a, 0x14, 0x7a, 0x1d,
  0x01, 0x1e, 0xc7, 0x08, 0x04, 0x02, 0x14, 0x25, 0x1b, 0x2f, 0x40, 0x20,
  0x26, 0x4c, 0xd7, 0x25, 0x33, 0x2d, 0x08, 0x16, 0x16, 0x22, 0x14, 0x14,
  0x21, 0x18, 0xfe, 0x63, 0x4d, 0x01, 0x02, 0x11, 0x0f, 0x27, 0x3f, 0x23,
  0x25, 0x47, 0x2e, 0x00, 0x00, 0x02, 0x00, 0x3c, 0xff, 0x26, 0x01, 0xa5,
  0x00, 0xde, 0x00, 0x1d, 0x00, 0x29, 0x00, 0x43, 0x40, 0x40, 0x0d, 0x01,
  0x03, 0x02, 0x13, 0x01, 0x05, 0x03, 0x02, 0x4c, 0x00, 0x03, 0x00, 0x05,
  0x04, 0x03, 0x05, 0x69, 0x00, 0x02, 0x02, 0x01, 0x61, 0x00, 0x01, 0x01,
  0x26, 0x4d, 0x07, 0x01, 0x04, 0x04, 0x00, 0x61, 0x06, 0x01, 0x00, 0x00,
  0x27, 0x00, 0x4e, 0x1f, 0x1e, 0x01, 0x00, 0x25, 0x23, 0x1e, 0x29, 0x1f,
  0x29, 0x17, 0x15, 0x11, 0x0f, 0x0a, 0x08, 0x00, 0x1d, 0x01, 0x1d, 0x08,
  0x08, 0x16, 0x2b, 0x17, 0x22, 0x26, 0x26, 0x35, 0x34, 0x3e, 0x02, 0x33,
  0x32, 0x16, 0x31, 0x15, 0x30, 0x26, 0x23, 0x22, 0x06, 0x07, 0x36, 0x36,
  0x33, 0x32, 0x16, 0x16, 0x15, 0x14, 0x06, 0x06, 0x27, 0x32, 0x36, 0x35,
  0x34, 0x26, 0x23, 0x22, 0x06, 0x15, 0x14, 0x16, 0xf8, 0x40, 0x53, 0x29,
  0x1f, 0x3e, 0x5e, 0x40, 0x18, 0x25, 0x29, 0x13, 0x33, 0x4e, 0x06, 0x09,
  0x2f, 0x30, 0x2e, 0x3f, 0x1f, 0x26, 0x4d, 0x3c, 0x1e, 0x1e, 0x1e, 0x1e,
  0x1d, 0x1d, 0x1d, 0xda, 0x38, 0x5a, 0x32, 0x2b, 0x56, 0x48, 0x2b, 0x05,
  0x66, 0x05, 0x35, 0x30, 0x10, 0x26, 0x27, 0x3e, 0x23, 0x26, 0x47, 0x2e,
  0x5f, 0x23, 0x14, 0x15, 0x23, 0x23, 0x15, 0x14, 0x23, 0x00, 0x00, 0x00,
  0x00, 0x01, 0x00, 0x24, 0xff, 0x31, 0x01, 0x79, 0x00, 0xdb, 0x00, 0x0f,
  0x00, 0x25, 0x40, 0x22, 0x09, 0x01, 0x00, 0x01, 0x01, 0x4c, 0x00, 0x00,
  0x00, 0x01, 0x5f, 0x00, 0x01, 0x01, 0x24, 0x4d, 0x03, 0x01, 0x02, 0x02,
  0x25, 0x02, 0x4e, 0x00, 0x00, 0x00, 0x0f, 0x00, 0x0f, 0x11, 0x15, 0x04,
  0x08, 0x18, 0x2b, 0x17, 0x3e, 0x03, 0x37, 0x23, 0x35, 0x21, 0x15, 0x30,
  0x0e, 0x03, 0x07, 0x6a, 0x03, 0x21, 0x2e, 0x2d, 0x10, 0xd5, 0x01, 0x55,
  0x1e, 0x2c, 0x2d, 0x20, 0x03, 0xcf, 0x3c, 0x68, 0x54, 0x3d, 0x11, 0x64,
  0x52, 0x20, 0x3b, 0x55, 0x6a, 0x3e, 0x00, 0x00, 0x00, 0x03, 0x00, 0x35,
  0xff, 0x28, 0x01, 0x8e, 0x00, 0xde, 0x00, 0x25, 0x00, 0x31, 0x00, 0x3d,
  0x00, 0x3e, 0x40, 0x3b, 0x07, 0x01, 0x02, 0x00, 0x05, 0x04, 0x02, 0x05,
  0x69, 0x00, 0x03, 0x03, 0x01, 0x61, 0x00, 0x01, 0x01, 0x26, 0x4d, 0x08,
  0x01, 0x04, 0x04, 0x00, 0x61, 0x06, 0x01, 0x00, 0x00, 0x27, 0x00, 0x4e,
  0x33, 0x32, 0x27, 0x26, 0x01, 0x00, 0x39, 0x37, 0x32, 0x3d, 0x33, 0x3d,
  0x2d, 0x2b, 0x26, 0x31, 0x27, 0x31, 0x14, 0x12, 0x00, 0x25, 0x01, 0x25,
  0x09, 0x08, 0x16, 0x2b, 0x17, 0x22, 0x26, 0x26, 0x35, 0x34, 0x3e, 0x02,
  0x15, 0x35, 0x30, 0x2e, 0x02, 0x35, 0x34, 0x36, 0x36, 0x33, 0x32, 0x16,
  0x16, 0x15, 0x14, 0x0e, 0x02, 0x31, 0x15, 0x34, 0x1e, 0x02, 0x15, 0x14,
  0x06, 0x06, 0x03, 0x32, 0x36, 0x35, 0x34, 0x26, 0x23, 0x22, 0x06, 0x15,
  0x14, 0x16, 0x17, 0x32, 0x36, 0x35, 0x34, 0x26, 0x23, 0x22, 0x06, 0x15,
  0x14, 0x16, 0xe2, 0x2a, 0x4f, 0x34, 0x18, 0x1f, 0x17, 0x15, 0x1b, 0x15,
  0x2f, 0x4b, 0x2a, 0x29, 0x4b, 0x2f, 0x15, 0x1b, 0x14, 0x17, 0x1f, 0x17,
  0x33, 0x50, 0x29, 0x18, 0x19, 0x19, 0x18, 0x19, 0x18, 0x18, 0x19, 0x1b,
  0x1c, 0x1b, 0x1c, 0x1c, 0x1c, 0x1c, 0xd8, 0x19, 0x36, 0x2a, 0x1d, 0x27,
  0x16, 0x0a, 0x01, 0x07, 0x08, 0x15, 0x24, 0x1a, 0x27, 0x35, 0x1c, 0x1c,
  0x35, 0x27, 0x1a, 0x24, 0x15, 0x08, 0x07, 0x01, 0x0a, 0x16, 0x27, 0x1d,
  0x2a, 0x36, 0x19, 0x01, 0x08, 0x1b, 0x10, 0x10, 0x1b, 0x1b, 0x10, 0x10,
  0x1b, 0xb1, 0x1e, 0x12, 0x11, 0x1e, 0x1e, 0x11, 0x12, 0x1e, 0x00, 0x00,
  0x00, 0x02, 0x00, 0x3c, 0xff, 0x28, 0x01, 0xa5, 0x00, 0xe0, 0x00, 0x1d,
  0x00, 0x29, 0x00, 0x43, 0x40, 0x40, 0x13, 0x01, 0x03, 0x05, 0x0d, 0x01,
  0x02, 0x03, 0x02, 0x4c, 0x00, 0x05, 0x00, 0x03, 0x02, 0x05, 0x03, 0x69,
  0x07, 0x01, 0x04, 0x04, 0x00, 0x61, 0x06, 0x01, 0x00, 0x00, 0x26, 0x4d,
  0x00, 0x02, 0x02, 0x01, 0x61, 0x00, 0x01, 0x01, 0x27, 0x01, 0x4e, 0x1f,
  0x1e, 0x01, 0x00, 0x25, 0x23, 0x1e, 0x29, 0x1f, 0x29, 0x17, 0x15, 0x11,
  0x0f, 0x0a, 0x08, 0x00, 0x1d, 0x01, 0x1d, 0x08, 0x08, 0x16, 0x2b, 0x37,
  0x32, 0x16, 0x16, 0x15, 0x14, 0x0e, 0x02, 0x23, 0x22, 0x26, 0x31, 0x35,
  0x30, 0x16, 0x33, 0x32, 0x36, 0x37, 0x06, 0x06, 0x23, 0x22, 0x26, 0x26,
  0x35, 0x34, 0x36, 0x36, 0x17, 0x22, 0x06, 0x15, 0x14, 0x16, 0x33, 0x32,
  0x36, 0x35, 0x34, 0x26, 0xe9, 0x40, 0x53, 0x29, 0x1e, 0x3e, 0x5f, 0x40,
  0x18, 0x24, 0x28, 0x13, 0x34, 0x4d, 0x06, 0x08, 0x2f, 0x31, 0x2e, 0x3e,
  0x20, 0x26, 0x4d, 0x3c, 0x1e, 0x1e, 0x1e, 0x1e, 0x1d, 0x1e, 0x1e, 0xe0,
  0x38, 0x5a, 0x32, 0x2b, 0x56, 0x48, 0x2b, 0x05, 0x66, 0x05, 0x35, 0x30,
  0x10, 0x26, 0x27, 0x3e, 0x23, 0x26, 0x47, 0x2e, 0x5f, 0x23, 0x14, 0x15,
  0x23, 0x23, 0x15, 0x14, 0x23, 0x00, 0x00, 0x00, 0x00, 0x02, 0x00, 0x28,
  0x01, 0x5e, 0x01, 0x6d, 0x02, 0xc6, 0x00, 0x0f, 0x00, 0x1b, 0x00, 0x31,
  0x40, 0x2e, 0x00, 0x01, 0x00, 0x03, 0x02, 0x01, 0x03, 0x69, 0x05, 0x01,
  0x02, 0x00, 0x00, 0x02, 0x59, 0x05, 0x01, 0x02, 0x02, 0x00, 0x61, 0x04,
  0x01, 0x00, 0x02, 0x00, 0x51, 0x11, 0x10, 0x01, 0x00, 0x17, 0x15, 0x10,
  0x1b, 0x11, 0x1b, 0x09, 0x07, 0x00, 0x0f, 0x01, 0x0f, 0x06, 0x07, 0x16,
  0x2b, 0x13, 0x22, 0x26, 0x26, 0x35, 0x34, 0x36, 0x36, 0x33, 0x32, 0x16,
  0x16, 0x15, 0x14, 0x06, 0x06, 0x27, 0x32, 0x36, 0x35, 0x34, 0x26, 0x23,
  0x22, 0x06, 0x15, 0x14, 0x16, 0xca, 0x33, 0x49, 0x26, 0x26, 0x49, 0x33,
  0x34, 0x48, 0x27, 0x27, 0x49, 0x33, 0x19, 0x20, 0x20, 0x19, 0x18, 0x1f,
  0x1f, 0x01, 0x5e, 0x31, 0x51, 0x31, 0x32, 0x52, 0x31, 0x31, 0x52, 0x32,
  0x31, 0x52, 0x30, 0x59, 0x2c, 0x2e, 0x2e, 0x2e, 0x2d, 0x2f, 0x2f, 0x2b,
  0x00, 0x01, 0x00, 0x0a, 0x01, 0x63, 0x00, 0xb4, 0x02, 0xc0, 0x00, 0x0a,
  0x00, 0x2e, 0x40, 0x2b, 0x05, 0x01, 0x01, 0x02, 0x01, 0x4c, 0x00, 0x01,
  0x02, 0x00, 0x02, 0x01, 0x00, 0x80, 0x03, 0x01, 0x02, 0x01, 0x00, 0x02,
  0x57, 0x03, 0x01, 0x02, 0x02, 0x00, 0x5f, 0x00, 0x00, 0x02, 0x00, 0x4f,
  0x00, 0x00, 0x00, 0x0a, 0x00, 0x09, 0x11, 0x11, 0x04, 0x07, 0x18, 0x2b,
  0x13, 0x11, 0x23, 0x35, 0x23, 0x35, 0x37, 0x36, 0x36, 0x37, 0x37, 0xb4,
  0x64, 0x46, 0x0a, 0x21, 0x2d, 0x14, 0x03, 0x02, 0xc0, 0xfe, 0xa3, 0xe4,
  0x3e, 0x02, 0x09, 0x19, 0x14, 0x03, 0x00, 0x00, 0x00, 0x01, 0xff, 0x86,
  0x01, 0x63, 0x00, 0xa3, 0x02, 0xc6, 0x00, 0x18, 0x00, 0x37, 0x40, 0x34,
  0x01, 0x01, 0x04, 0x03, 0x01, 0x4c, 0x00, 0x01, 0x00, 0x03, 0x00, 0x01,
  0x03, 0x80, 0x00, 0x02, 0x00, 0x00, 0x01, 0x02, 0x00, 0x69, 0x00, 0x03,
  0x04, 0x04, 0x03, 0x57, 0x00, 0x03, 0x03, 0x04, 0x5f, 0x05, 0x01, 0x04,
  0x03, 0x04, 0x4f, 0x00, 0x00, 0x00, 0x18, 0x00, 0x18, 0x15, 0x23, 0x12,
  0x27, 0x06, 0x07, 0x1a, 0x2b, 0x03, 0x35, 0x37, 0x36, 0x36, 0x35, 0x34,
  0x26, 0x23, 0x22, 0x06, 0x15, 0x23, 0x34, 0x36, 0x36, 0x33, 0x32, 0x16,
  0x15, 0x14, 0x06, 0x07, 0x33, 0x15, 0x78, 0x2a, 0x44, 0x44, 0x19, 0x0f,
  0x11, 0x1a, 0x61, 0x29, 0x41, 0x25, 0x3b, 0x51, 0x44, 0x43, 0x89, 0x01,
  0x63, 0x45, 0x1f, 0x32, 0x35, 0x1d, 0x13, 0x12, 0x16, 0x19, 0x2e, 0x3b,
  0x1c, 0x40, 0x35, 0x2e, 0x49, 0x24, 0x53, 0x00, 0x00, 0x01, 0x00, 0x22,
  0x01, 0x5e, 0x01, 0x3e, 0x02, 0xc6, 0x00, 0x2e, 0x00, 0x51, 0x40, 0x4e,
  0x28, 0x01, 0x03, 0x04, 0x01, 0x4c, 0x00, 0x06, 0x05, 0x04, 0x05, 0x06,
  0x04, 0x80, 0x00, 0x01, 0x03, 0x02, 0x03, 0x01, 0x02, 0x80, 0x00, 0x07,
  0x00, 0x05, 0x06, 0x07, 0x05, 0x69, 0x00, 0x04, 0x00, 0x03, 0x01, 0x04,
  0x03, 0x69, 0x00, 0x02, 0x00, 0x00, 0x02, 0x59, 0x00, 0x02, 0x02, 0x00,
  0x61, 0x08, 0x01, 0x00, 0x02, 0x00, 0x51, 0x01, 0x00, 0x22, 0x20, 0x1c,
  0x1b, 0x19, 0x17, 0x13, 0x11, 0x10, 0x0e, 0x0a, 0x08, 0x06, 0x05, 0x00,
  0x2e, 0x01, 0x2e, 0x09, 0x07, 0x16, 0x2b, 0x13, 0x22, 0x2e, 0x02, 0x35,
  0x33, 0x14, 0x16, 0x33, 0x32, 0x36, 0x35, 0x34, 0x26, 0x23, 0x23, 0x35,
  0x33, 0x32, 0x36, 0x35, 0x34, 0x26, 0x23, 0x22, 0x06, 0x15, 0x23, 0x34,
  0x3e, 0x02, 0x33, 0x32, 0x16, 0x16, 0x15, 0x14, 0x06, 0x07, 0x15, 0x16,
  0x16, 0x15, 0x14, 0x06, 0xaf, 0x2e, 0x38, 0x1d, 0x0a, 0x5d, 0x14, 0x1b,
  0x17, 0x16, 0x13, 0x17, 0x28, 0x28, 0x14, 0x15, 0x16, 0x15, 0x19, 0x13,
  0x5a, 0x0b, 0x1c, 0x35, 0x2a, 0x25, 0x3f, 0x26, 0x28, 0x11, 0x14, 0x2a,
  0x51, 0x01, 0x5e, 0x1c, 0x28, 0x26, 0x0a, 0x09, 0x1c, 0x15, 0x0e, 0x0c,
  0x14, 0x46, 0x14, 0x0d, 0x0d, 0x14, 0x1b, 0x0a, 0x0b, 0x25, 0x28, 0x1b,
  0x18, 0x2d, 0x1f, 0x22, 0x28, 0x03, 0x04, 0x06, 0x20, 0x24, 0x2f, 0x3a,
  0x00, 0x02, 0xff, 0x6c, 0x01, 0x63, 0x00, 0xa8, 0x02, 0xc1, 0x00, 0x0a,
  0x00, 0x0d, 0x00, 0x3a, 0x40, 0x37, 0x0d, 0x01, 0x02, 0x01, 0x03, 0x01,
  0x00, 0x02, 0x02, 0x4c, 0x00, 0x01, 0x02, 0x01, 0x85, 0x06, 0x01, 0x04,
  0x00, 0x04, 0x86, 0x05, 0x01, 0x02, 0x00, 0x00, 0x02, 0x57, 0x05, 0x01,
  0x02, 0x02, 0x00, 0x60, 0x03, 0x01, 0x00, 0x02, 0x00, 0x50, 0x00, 0x00,
  0x0c, 0x0b, 0x00, 0x0a, 0x00, 0x0a, 0x11, 0x11, 0x12, 0x11, 0x07, 0x07,
  0x1a, 0x2b, 0x13, 0x35, 0x23, 0x35, 0x37, 0x33, 0x15, 0x33, 0x15, 0x23,
  0x15, 0x27, 0x33, 0x35, 0x11, 0xa5, 0x89, 0x82, 0x31, 0x31, 0xac, 0x46,
  0x01, 0x63, 0x44, 0x45, 0xd5, 0xcd, 0x4d, 0x44, 0x91, 0x6d, 0x00, 0x00,
  0x00, 0x01, 0x00, 0x22, 0x01, 0x5c, 0x01, 0x39, 0x02, 0xc1, 0x00, 0x25,
  0x00, 0x8b, 0xb5, 0x19, 0x01, 0x03, 0x07, 0x01, 0x4c, 0x4b, 0xb0, 0x0a,
  0x50, 0x58, 0x40, 0x2f, 0x00, 0x04, 0x03, 0x01, 0x06, 0x04, 0x72, 0x00,
  0x01, 0x02, 0x03, 0x01, 0x02, 0x7e, 0x00, 0x05, 0x00, 0x06, 0x07, 0x05,
  0x06, 0x67, 0x00, 0x07, 0x00, 0x03, 0x04, 0x07, 0x03, 0x69, 0x00, 0x02,
  0x00, 0x00, 0x02, 0x59, 0x00, 0x02, 0x02, 0x00, 0x61, 0x08, 0x01, 0x00,
  0x02, 0x00, 0x51, 0x1b, 0x40, 0x30, 0x00, 0x04, 0x03, 0x01, 0x03, 0x04,
  0x01, 0x80, 0x00, 0x01, 0x02, 0x03, 0x01, 0x02, 0x7e, 0x00, 0x05, 0x00,
  0x06, 0x07, 0x05, 0x06, 0x67, 0x00, 0x07, 0x00, 0x03, 0x04, 0x07, 0x03,
  0x69, 0x00, 0x02, 0x00, 0x00, 0x02, 0x59, 0x00, 0x02, 0x02, 0x00, 0x61,
  0x08, 0x01, 0x00, 0x02, 0x00, 0x51, 0x59, 0x40, 0x17, 0x01, 0x00, 0x1f,
  0x1d, 0x18, 0x17, 0x16, 0x15, 0x14, 0x12, 0x11, 0x0f, 0x0b, 0x09, 0x06,
  0x04, 0x00, 0x25, 0x01, 0x25, 0x09, 0x07, 0x16, 0x2b, 0x13, 0x22, 0x2e,
  0x02, 0x35, 0x33, 0x30, 0x16, 0x16, 0x33, 0x32, 0x36, 0x35, 0x34, 0x26,
  0x23, 0x22, 0x06, 0x31, 0x23, 0x37, 0x33, 0x15, 0x23, 0x07, 0x33, 0x3e,
  0x02, 0x33, 0x32, 0x16, 0x16, 0x15, 0x14, 0x06, 0x06, 0xac, 0x30, 0x37,
  0x1b, 0x08, 0x5b, 0x06, 0x14, 0x15, 0x18, 0x17, 0x17, 0x16, 0x19, 0x11,
  0x5f, 0x17, 0xe7, 0xa1, 0x07, 0x02, 0x01, 0x0e, 0x20, 0x19, 0x27, 0x33,
  0x1a, 0x1e, 0x3f, 0x01, 0x5c, 0x1f, 0x2b, 0x25, 0x06, 0x14, 0x13, 0x1d,
  0x11, 0x12, 0x1e, 0x19, 0xd2, 0x4f, 0x44, 0x01, 0x0f, 0x0f, 0x21, 0x34,
  0x1d, 0x1f, 0x3a, 0x26, 0x00, 0x02, 0x00, 0x22, 0x01, 0x5c, 0x01, 0x46,
  0x02, 0xc1, 0x00, 0x1b, 0x00, 0x27, 0x00, 0x47, 0x40, 0x44, 0x0c, 0x01,
  0x03, 0x02, 0x12, 0x01, 0x05, 0x03, 0x02, 0x4c, 0x00, 0x01, 0x00, 0x02,
  0x03, 0x01, 0x02, 0x69, 0x00, 0x03, 0x00, 0x05, 0x04, 0x03, 0x05, 0x69,
  0x07, 0x01, 0x04, 0x00, 0x00, 0x04, 0x59, 0x07, 0x01, 0x04, 0x04, 0x00,
  0x61, 0x06, 0x01, 0x00, 0x04, 0x00, 0x51, 0x1d, 0x1c, 0x01, 0x00, 0x23,
  0x21, 0x1c, 0x27, 0x1d, 0x27, 0x16, 0x14, 0x10, 0x0e, 0x09, 0x07, 0x00,
  0x1b, 0x01, 0x1b, 0x08, 0x07, 0x16, 0x2b, 0x13, 0x22, 0x26, 0x26, 0x35,
  0x34, 0x36, 0x36, 0x33, 0x32, 0x16, 0x31, 0x15, 0x30, 0x26, 0x23, 0x22,
  0x06, 0x07, 0x36, 0x36, 0x33, 0x32, 0x16, 0x15, 0x14, 0x06, 0x06, 0x27,
  0x32, 0x36, 0x35, 0x34, 0x26, 0x23, 0x22, 0x06, 0x15, 0x14, 0x16, 0xba,
  0x34, 0x43, 0x21, 0x2c, 0x5a, 0x46, 0x13, 0x1d, 0x20, 0x11, 0x27, 0x3c,
  0x06, 0x08, 0x25, 0x25, 0x37, 0x39, 0x1f, 0x3e, 0x2e, 0x16, 0x19, 0x19,
  0x16, 0x17, 0x18, 0x18, 0x01, 0x5c, 0x2d, 0x48, 0x29, 0x2f, 0x5c, 0x3c,
  0x04, 0x52, 0x04, 0x29, 0x26, 0x0d, 0x1c, 0x45, 0x2a, 0x1e, 0x3b, 0x25,
  0x4d, 0x1b, 0x12, 0x13, 0x1b, 0x1b, 0x13, 0x12, 0x1b, 0x00, 0x00, 0x00,
  0x00, 0x01, 0x00, 0x02, 0x01, 0x62, 0x01, 0x11, 0x02, 0xc0, 0x00, 0x0d,
  0x00, 0x2a, 0x40, 0x27, 0x08, 0x01, 0x00, 0x01, 0x01, 0x4c, 0x03, 0x01,
  0x02, 0x00, 0x02, 0x86, 0x00, 0x01, 0x00, 0x00, 0x01, 0x57, 0x00, 0x01,
  0x01, 0x00, 0x5f, 0x00, 0x00, 0x01, 0x00, 0x4f, 0x00, 0x00, 0x00, 0x0d,
  0x00, 0x0d, 0x11, 0x14, 0x04, 0x07, 0x18, 0x2b, 0x13, 0x3e, 0x02, 0x37,
  0x23, 0x35, 0x21, 0x15, 0x30, 0x0e, 0x02, 0x07, 0x3e, 0x04, 0x27, 0x30,
  0x10, 0xa7, 0x01, 0x0f, 0x20, 0x2c, 0x24, 0x03, 0x01, 0x62, 0x45, 0x6b,
  0x49, 0x13, 0x52, 0x42, 0x26, 0x49, 0x69, 0x44, 0x00, 0x03, 0xff, 0x8e,
  0x01, 0x5d, 0x00, 0xab, 0x02, 0xc5, 0x00, 0x23, 0x00, 0x2f, 0x00, 0x3b,
  0x00, 0x42, 0x40, 0x3f, 0x00, 0x01, 0x00, 0x03, 0x02, 0x01, 0x03, 0x69,
  0x07, 0x01, 0x02, 0x00, 0x05, 0x04, 0x02, 0x05, 0x69, 0x08, 0x01, 0x04,
  0x00, 0x00, 0x04, 0x59, 0x08, 0x01, 0x04, 0x04, 0x00, 0x61, 0x06, 0x01,
  0x00, 0x04, 0x00, 0x51, 0x31, 0x30, 0x25, 0x24, 0x01, 0x00, 0x37, 0x35,
  0x30, 0x3b, 0x31, 0x3b, 0x2b, 0x29, 0x24, 0x2f, 0x25, 0x2f, 0x13, 0x11,
  0x00, 0x23, 0x01, 0x23, 0x09, 0x07, 0x16, 0x2b, 0x13, 0x22, 0x26, 0x26,
  0x35, 0x34, 0x3e, 0x02, 0x31, 0x35, 0x30, 0x26, 0x26, 0x35, 0x34, 0x36,
  0x36, 0x33, 0x32, 0x16, 0x16, 0x15, 0x14, 0x06, 0x06, 0x31, 0x15, 0x30,
  0x1e, 0x02, 0x15, 0x14, 0x06, 0x06, 0x27, 0x32, 0x36, 0x35, 0x34, 0x26,
  0x23, 0x22, 0x06, 0x15, 0x14, 0x16, 0x17, 0x32, 0x36, 0x35, 0x34, 0x26,
  0x23, 0x22, 0x06, 0x15, 0x14, 0x16, 0x1d, 0x23, 0x42, 0x2a, 0x13, 0x1a,
  0x13, 0x1c, 0x1c, 0x26, 0x3e, 0x23, 0x23, 0x3e, 0x27, 0x1d, 0x1d, 0x13,
  0x1a, 0x13, 0x2a, 0x41, 0x23, 0x15, 0x15, 0x15, 0x15, 0x15, 0x15, 0x15,
  0x15, 0x17, 0x17, 0x17, 0x17, 0x17, 0x17, 0x17, 0x01, 0x5d, 0x15, 0x2c,
  0x23, 0x19, 0x20, 0x13, 0x07, 0x03, 0x0d, 0x21, 0x1d, 0x20, 0x2c, 0x17,
  0x17, 0x2b, 0x1f, 0x1f, 0x21, 0x0d, 0x03, 0x07, 0x13, 0x20, 0x19, 0x23,
  0x2c, 0x15, 0xd9, 0x18, 0x0e, 0x0e, 0x17, 0x18, 0x0e, 0x0d, 0x18, 0x93,
  0x1a, 0x10, 0x0f, 0x1a, 0x1a, 0x0f, 0x10, 0x1a, 0x00, 0x02, 0x00, 0x1d,
  0x01, 0x5c, 0x01, 0x41, 0x02, 0xc1, 0x00, 0x1b, 0x00, 0x27, 0x00, 0x40,
  0x40, 0x3d, 0x12, 0x01, 0x03, 0x05, 0x0c, 0x01, 0x02, 0x03, 0x02, 0x4c,
  0x06, 0x01, 0x00, 0x07, 0x01, 0x04, 0x05, 0x00, 0x04, 0x69, 0x00, 0x02,
  0x00, 0x01, 0x02, 0x01, 0x65, 0x00, 0x03, 0x03, 0x05, 0x61, 0x00, 0x05,
  0x05, 0x1d, 0x03, 0x4e, 0x1d, 0x1c, 0x01, 0x00, 0x23, 0x21, 0x1c, 0x27,
  0x1d, 0x27, 0x16, 0x14, 0x10, 0x0e, 0x09, 0x07, 0x00, 0x1b, 0x01, 0x1b,
  0x08, 0x07, 0x16, 0x2b, 0x13, 0x32, 0x16, 0x16, 0x15, 0x14, 0x06, 0x06,
  0x23, 0x22, 0x26, 0x31, 0x35, 0x30, 0x16, 0x33, 0x32, 0x36, 0x37, 0x06,
  0x06, 0x23, 0x22, 0x26, 0x35, 0x34, 0x36, 0x36, 0x17, 0x22, 0x06, 0x15,
  0x14, 0x16, 0x33, 0x32, 0x36, 0x35, 0x34, 0x26, 0xaa, 0x34, 0x43, 0x20,
  0x2b, 0x5a, 0x46, 0x14, 0x1d, 0x20, 0x11, 0x28, 0x3c, 0x05, 0x07, 0x26,
  0x24, 0x38, 0x39, 0x1f, 0x3e, 0x2f, 0x17, 0x18, 0x18, 0x17, 0x16, 0x18,
  0x18, 0x02, 0xc1, 0x2e, 0x48, 0x28, 0x30, 0x5b, 0x3c, 0x04, 0x52, 0x04,
  0x29, 0x25, 0x0c, 0x1c, 0x44, 0x2a, 0x1f, 0x3a, 0x26, 0x4d, 0x1b, 0x13,
  0x12, 0x1c, 0x1c, 0x12, 0x13, 0x1b, 0x00, 0x00, 0x00, 0x02, 0x00, 0x28,
  0x01, 0x8f, 0x01, 0xb0, 0x03, 0x46, 0x00, 0x0f, 0x00, 0x1b, 0x00, 0x2d,
  0x40, 0x2a, 0x00, 0x03, 0x03, 0x01, 0x61, 0x00, 0x01, 0x01, 0x2e, 0x4d,
  0x05, 0x01, 0x02, 0x02, 0x00, 0x61, 0x04, 0x01, 0x00, 0x00, 0x2f, 0x00,
  0x4e, 0x11, 0x10, 0x01, 0x00, 0x17, 0x15, 0x10, 0x1b, 0x11, 0x1b, 0x09,
  0x07, 0x00, 0x0f, 0x01, 0x0f, 0x06, 0x09, 0x16, 0x2b, 0x13, 0x22, 0x26,
  0x26, 0x35, 0x34, 0x36, 0x36, 0x33, 0x32, 0x16, 0x16, 0x15, 0x14, 0x06,
  0x06, 0x27, 0x32, 0x36, 0x35, 0x34, 0x26, 0x23, 0x22, 0x06, 0x15, 0x14,
  0x16, 0xec, 0x3e, 0x58, 0x2e, 0x2e, 0x58, 0x3e, 0x3d, 0x58, 0x2f, 0x2f,
  0x58, 0x3d, 0x20, 0x28, 0x28, 0x20, 0x20, 0x28, 0x28, 0x01, 0x8f, 0x3b,
  0x64, 0x3c, 0x3d, 0x64, 0x3b, 0x3b, 0x64, 0x3d, 0x3d, 0x63, 0x3b, 0x69,
  0x3c, 0x36, 0x38, 0x3c, 0x3c, 0x38, 0x37, 0x3b, 0x00, 0x01, 0x00, 0x2a,
  0x01, 0x98, 0x00, 0xf4, 0x03, 0x44, 0x00, 0x0a, 0x00, 0x28, 0x40, 0x25,
  0x05, 0x01, 0x01, 0x02, 0x01, 0x4c, 0x00, 0x01, 0x02, 0x00, 0x02, 0x01,
  0x00, 0x80, 0x03, 0x01, 0x02, 0x02, 0x2c, 0x4d, 0x00, 0x00, 0x00, 0x2d,
  0x00, 0x4e, 0x00, 0x00, 0x00, 0x0a, 0x00, 0x0a, 0x11, 0x11, 0x04, 0x09,
  0x18, 0x2b, 0x13, 0x11, 0x23, 0x11, 0x23, 0x35, 0x37, 0x36, 0x36, 0x37,
  0x37, 0xf4, 0x71, 0x59, 0x0d, 0x2a, 0x34, 0x18, 0x05, 0x03, 0x44, 0xfe,
  0x54, 0x01, 0x1c, 0x44, 0x04, 0x0d, 0x1c, 0x19, 0x06, 0x00, 0x00, 0x00,
  0x00, 0x01, 0x00, 0x37, 0x01, 0x98, 0x01, 0x8e, 0x03, 0x46, 0x00, 0x19,
  0x00, 0x34, 0x40, 0x31, 0x01, 0x01, 0x04, 0x03, 0x01, 0x4c, 0x00, 0x01,
  0x00, 0x03, 0x00, 0x01, 0x03, 0x80, 0x00, 0x00, 0x00, 0x02, 0x61, 0x00,
  0x02, 0x02, 0x2e, 0x4d, 0x00, 0x03, 0x03, 0x04, 0x5f, 0x05, 0x01, 0x04,
  0x04, 0x2d, 0x04, 0x4e, 0x00, 0x00, 0x00, 0x19, 0x00, 0x19, 0x16, 0x23,
  0x12, 0x27, 0x06, 0x09, 0x1a, 0x2b, 0x13, 0x35, 0x37, 0x36, 0x36, 0x35,
  0x34, 0x26, 0x23, 0x22, 0x06, 0x15, 0x23, 0x34, 0x36, 0x36, 0x33, 0x32,
  0x16, 0x16, 0x15, 0x14, 0x06, 0x07, 0x33, 0x15, 0x39, 0x5f, 0x34, 0x46,
  0x1f, 0x15, 0x14, 0x21, 0x72, 0x31, 0x4e, 0x2c, 0x30, 0x4d, 0x2c, 0x5a,
  0x51, 0xae, 0x01, 0x98, 0x53, 0x47, 0x28, 0x37, 0x21, 0x16, 0x18, 0x1b,
  0x1e, 0x37, 0x46, 0x22, 0x24, 0x3e, 0x28, 0x38, 0x58, 0x2f, 0x65, 0x00,
  0x00, 0x01, 0x00, 0x3c, 0x01, 0x8f, 0x01, 0x99, 0x03, 0x45, 0x00, 0x31,
  0x00, 0x88, 0xb5, 0x2a, 0x01, 0x03, 0x04, 0x01, 0x4c, 0x4b, 0xb0, 0x0c,
  0x50, 0x58, 0x40, 0x2e, 0x00, 0x06, 0x05, 0x04, 0x05, 0x06, 0x04, 0x80,
  0x00, 0x01, 0x03, 0x02, 0x03, 0x01, 0x02, 0x80, 0x00, 0x04, 0x00, 0x03,
  0x01, 0x04, 0x03, 0x69, 0x00, 0x05, 0x05, 0x07, 0x61, 0x00, 0x07, 0x07,
  0x2c, 0x4d, 0x00, 0x02, 0x02, 0x00, 0x61, 0x08, 0x01, 0x00, 0x00, 0x2f,
  0x00, 0x4e, 0x1b, 0x40, 0x2e, 0x00, 0x06, 0x05, 0x04, 0x05, 0x06, 0x04,
  0x80, 0x00, 0x01, 0x03, 0x02, 0x03, 0x01, 0x02, 0x80, 0x00, 0x04, 0x00,
  0x03, 0x01, 0x04, 0x03, 0x69, 0x00, 0x05, 0x05, 0x07, 0x61, 0x00, 0x07,
  0x07, 0x2e, 0x4d, 0x00, 0x02, 0x02, 0x00, 0x61, 0x08, 0x01, 0x00, 0x00,
  0x2f, 0x00, 0x4e, 0x59, 0x40, 0x17, 0x01, 0x00, 0x23, 0x21, 0x1d, 0x1c,
  0x1a, 0x18, 0x14, 0x12, 0x11, 0x0f, 0x0b, 0x09, 0x06, 0x05, 0x00, 0x31,
  0x01, 0x31, 0x09, 0x09, 0x16, 0x2b, 0x13, 0x22, 0x2e, 0x02, 0x35, 0x33,
  0x14, 0x16, 0x16, 0x33, 0x32, 0x36, 0x35, 0x34, 0x26, 0x23, 0x23, 0x35,
  0x33, 0x32, 0x36, 0x35, 0x34, 0x26, 0x23, 0x22, 0x06, 0x15, 0x23, 0x34,
  0x3e, 0x02, 0x33, 0x32, 0x16, 0x16, 0x15, 0x14, 0x06, 0x06, 0x07, 0x15,
  0x16, 0x16, 0x15, 0x14, 0x06, 0x06, 0xea, 0x37, 0x45, 0x25, 0x0d, 0x71,
  0x0a, 0x1a, 0x17, 0x1d, 0x1b, 0x1c, 0x16, 0x3a, 0x38, 0x18, 0x19, 0x1b,
  0x18, 0x20, 0x15, 0x6e, 0x0d, 0x23, 0x41, 0x35, 0x2c, 0x4c, 0x2e, 0x19,
  0x22, 0x0c, 0x1f, 0x2e, 0x2e, 0x50, 0x01, 0x8f, 0x23, 0x32, 0x2e, 0x0c,
  0x07, 0x16, 0x12, 0x1b, 0x11, 0x11, 0x15, 0x55, 0x17, 0x10, 0x11, 0x17,
  0x23, 0x0c, 0x0c, 0x2f, 0x32, 0x22, 0x1c, 0x37, 0x26, 0x1e, 0x27, 0x16,
  0x03, 0x05, 0x08, 0x2e, 0x26, 0x28, 0x38, 0x1e, 0x00, 0x02, 0x00, 0x34,
  0x01, 0x98, 0x01, 0xb4, 0x03, 0x44, 0x00, 0x0a, 0x00, 0x0d, 0x00, 0x32,
  0x40, 0x2f, 0x0d, 0x01, 0x02, 0x01, 0x03, 0x01, 0x00, 0x02, 0x02, 0x4c,
  0x05, 0x01, 0x02, 0x03, 0x01, 0x00, 0x04, 0x02, 0x00, 0x68, 0x00, 0x01,
  0x01, 0x2c, 0x4d, 0x06, 0x01, 0x04, 0x04, 0x2d, 0x04, 0x4e, 0x00, 0x00,
  0x0c, 0x0b, 0x00, 0x0a, 0x00, 0x0a, 0x11, 0x11, 0x12, 0x11, 0x07, 0x09,
  0x1a, 0x2b, 0x01, 0x35, 0x27, 0x35, 0x13, 0x33, 0x15, 0x33, 0x15, 0x23,
  0x15, 0x27, 0x33, 0x35, 0x01, 0x01, 0xcd, 0xa6, 0x98, 0x42, 0x42, 0xce,
  0x5d, 0x01, 0x98, 0x52, 0x01, 0x55, 0x01, 0x04, 0xff, 0x5b, 0x52, 0xad,
  0x91, 0x00, 0x00, 0x00, 0x00, 0x01, 0x00, 0x37, 0x01, 0x90, 0x01, 0x8f,
  0x03, 0x42, 0x00, 0x25, 0x00, 0x85, 0xb5, 0x19, 0x01, 0x03, 0x07, 0x01,
  0x4c, 0x4b, 0xb0, 0x09, 0x50, 0x58, 0x40, 0x2c, 0x00, 0x04, 0x03, 0x01,
  0x06, 0x04, 0x72, 0x00, 0x01, 0x02, 0x03, 0x01, 0x02, 0x7e, 0x00, 0x07,
  0x00, 0x03, 0x04, 0x07, 0x03, 0x69, 0x00, 0x06, 0x06, 0x05, 0x5f, 0x00,
  0x05, 0x05, 0x2c, 0x4d, 0x00, 0x02, 0x02, 0x00, 0x61, 0x08, 0x01, 0x00,
  0x00, 0x2f, 0x00, 0x4e, 0x1b, 0x40, 0x2d, 0x00, 0x04, 0x03, 0x01, 0x03,
  0x04, 0x01, 0x80, 0x00, 0x01, 0x02, 0x03, 0x01, 0x02, 0x7e, 0x00, 0x07,
  0x00, 0x03, 0x04, 0x07, 0x03, 0x69, 0x00, 0x06, 0x06, 0x05, 0x5f, 0x00,
  0x05, 0x05, 0x2c, 0x4d, 0x00, 0x02, 0x02, 0x00, 0x61, 0x08, 0x01, 0x00,
  0x00, 0x2f, 0x00, 0x4e, 0x59, 0x40, 0x17, 0x01, 0x00, 0x1f, 0x1d, 0x18,
  0x17, 0x16, 0x15, 0x14, 0x12, 0x11, 0x0f, 0x0b, 0x09, 0x06, 0x04, 0x00,
  0x25, 0x01, 0x25, 0x09, 0x09, 0x16, 0x2b, 0x13, 0x22, 0x2e, 0x02, 0x35,
  0x33, 0x30, 0x16, 0x16, 0x33, 0x32, 0x36, 0x35, 0x34, 0x26, 0x23, 0x22,
  0x06, 0x31, 0x23, 0x37, 0x21, 0x15, 0x23, 0x07, 0x17, 0x3e, 0x02, 0x33,
  0x32, 0x16, 0x16, 0x15, 0x14, 0x06, 0x06, 0xe3, 0x3b, 0x45, 0x21, 0x0b,
  0x72, 0x07, 0x18, 0x1a, 0x1c, 0x1c, 0x1c, 0x1c, 0x19, 0x14, 0x7a, 0x1d,
  0x01, 0x1d, 0xc6, 0x09, 0x05, 0x01, 0x14, 0x25, 0x1c, 0x2f, 0x3f, 0x20,
  0x25, 0x4d, 0x01, 0x90, 0x25, 0x33, 0x2d, 0x08, 0x16, 0x16, 0x22, 0x14,
  0x14, 0x21, 0x18, 0xfe, 0x63, 0x4d, 0x01, 0x02, 0x11, 0x0f, 0x27, 0x3f,
  0x23, 0x25, 0x47, 0x2e, 0x00, 0x02, 0x00, 0x3c, 0x01, 0x8d, 0x01, 0xa5,
  0x03, 0x45, 0x00, 0x1d, 0x00, 0x29, 0x00, 0x6f, 0x40, 0x0a, 0x0d, 0x01,
  0x03, 0x02, 0x13, 0x01, 0x05, 0x03, 0x02, 0x4c, 0x4b, 0xb0, 0x0c, 0x50,
  0x58, 0x40, 0x1f, 0x00, 0x03, 0x00, 0x05, 0x04, 0x03, 0x05, 0x69, 0x00,
  0x02, 0x02, 0x01, 0x61, 0x00, 0x01, 0x01, 0x2c, 0x4d, 0x07, 0x01, 0x04,
  0x04, 0x00, 0x61, 0x06, 0x01, 0x00, 0x00, 0x2f, 0x00, 0x4e, 0x1b, 0x40,
  0x1f, 0x00, 0x03, 0x00, 0x05, 0x04, 0x03, 0x05, 0x69, 0x00, 0x02, 0x02,
  0x01, 0x61, 0x00, 0x01, 0x01, 0x2e, 0x4d, 0x07, 0x01, 0x04, 0x04, 0x00,
  0x61, 0x06, 0x01, 0x00, 0x00, 0x2f, 0x00, 0x4e, 0x59, 0x40, 0x17, 0x1f,
  0x1e, 0x01, 0x00, 0x25, 0x23, 0x1e, 0x29, 0x1f, 0x29, 0x17, 0x15, 0x11,
  0x0f, 0x0a, 0x08, 0x00, 0x1d, 0x01, 0x1d, 0x08, 0x09, 0x16, 0x2b, 0x13,
  0x22, 0x26, 0x26, 0x35, 0x34, 0x3e, 0x02, 0x33, 0x32, 0x16, 0x31, 0x15,
  0x30, 0x26, 0x23, 0x22, 0x06, 0x07, 0x36, 0x36, 0x33, 0x32, 0x16, 0x16,
  0x15, 0x14, 0x06, 0x06, 0x27, 0x32, 0x36, 0x35, 0x34, 0x26, 0x23, 0x22,
  0x06, 0x15, 0x14, 0x16, 0xf8, 0x40, 0x53, 0x29, 0x1f, 0x3e, 0x5e, 0x40,
  0x18, 0x25, 0x29, 0x13, 0x33, 0x4e, 0x06, 0x09, 0x2f, 0x30, 0x2e, 0x3f,
  0x1f, 0x26, 0x4d, 0x3c, 0x1e, 0x1e, 0x1e, 0x1e, 0x1d, 0x1d, 0x1d, 0x01,
  0x8d, 0x38, 0x5a, 0x32, 0x2b, 0x56, 0x48, 0x2b, 0x05, 0x66, 0x05, 0x35,
  0x30, 0x10, 0x26, 0x27, 0x3e, 0x23, 0x26, 0x47, 0x2e, 0x5f, 0x23, 0x14,
  0x15, 0x23, 0x23, 0x15, 0x14, 0x23, 0x00, 0x00, 0x00, 0x01, 0x00, 0x24,
  0x01, 0x99, 0x01, 0x79, 0x03, 0x43, 0x00, 0x0f, 0x00, 0x25, 0x40, 0x22,
  0x09, 0x01, 0x00, 0x01, 0x01, 0x4c, 0x00, 0x00, 0x00, 0x01, 0x5f, 0x00,
  0x01, 0x01, 0x2c, 0x4d, 0x03, 0x01, 0x02, 0x02, 0x2d, 0x02, 0x4e, 0x00,
  0x00, 0x00, 0x0f, 0x00, 0x0f, 0x11, 0x15, 0x04, 0x09, 0x18, 0x2b, 0x13,
  0x3e, 0x03, 0x37, 0x23, 0x35, 0x21, 0x15, 0x30, 0x0e, 0x03, 0x07, 0x6a,
  0x03, 0x21, 0x2e, 0x2d, 0x10, 0xd5, 0x01, 0x55, 0x1e, 0x2c, 0x2d, 0x20,
  0x03, 0x01, 0x99, 0x3d, 0x68, 0x53, 0x3d, 0x11, 0x64, 0x52, 0x1f, 0x3c,
  0x54, 0x6b, 0x3e, 0x00, 0x00, 0x03, 0x00, 0x35, 0x01, 0x8f, 0x01, 0x8e,
  0x03, 0x45, 0x00, 0x25, 0x00, 0x31, 0x00, 0x3d, 0x00, 0x69, 0x4b, 0xb0,
  0x0c, 0x50, 0x58, 0x40, 0x20, 0x07, 0x01, 0x02, 0x00, 0x05, 0x04, 0x02,
  0x05, 0x69, 0x00, 0x03, 0x03, 0x01, 0x61, 0x00, 0x01, 0x01, 0x2c, 0x4d,
  0x08, 0x01, 0x04, 0x04, 0x00, 0x61, 0x06, 0x01, 0x00, 0x00, 0x2f, 0x00,
  0x4e, 0x1b, 0x40, 0x20, 0x07, 0x01, 0x02, 0x00, 0x05, 0x04, 0x02, 0x05,
  0x69, 0x00, 0x03, 0x03, 0x01, 0x61, 0x00, 0x01, 0x01, 0x2e, 0x4d, 0x08,
  0x01, 0x04, 0x04, 0x00, 0x61, 0x06, 0x01, 0x00, 0x00, 0x2f, 0x00, 0x4e,
  0x59, 0x40, 0x1b, 0x33, 0x32, 0x27, 0x26, 0x01, 0x00, 0x39, 0x37, 0x32,
  0x3d, 0x33, 0x3d, 0x2d, 0x2b, 0x26, 0x31, 0x27, 0x31, 0x14, 0x12, 0x00,
  0x25, 0x01, 0x25, 0x09, 0x09, 0x16, 0x2b, 0x13, 0x22, 0x26, 0x26, 0x35,
  0x34, 0x3e, 0x02, 0x15, 0x35, 0x30, 0x2e, 0x02, 0x35, 0x34, 0x36, 0x36,
  0x33, 0x32, 0x16, 0x16, 0x15, 0x14, 0x0e, 0x02, 0x31, 0x15, 0x34, 0x1e,
  0x02, 0x15, 0x14, 0x06, 0x06, 0x03, 0x32, 0x36, 0x35, 0x34, 0x26, 0x23,
  0x22, 0x06, 0x15, 0x14, 0x16, 0x17, 0x32, 0x36, 0x35, 0x34, 0x26, 0x23,
  0x22, 0x06, 0x15, 0x14, 0x16, 0xe2, 0x2a, 0x4f, 0x34, 0x18, 0x1f, 0x17,
  0x15, 0x1b, 0x15, 0x2f, 0x4b, 0x2a, 0x29, 0x4b, 0x2f, 0x15, 0x1b, 0x14,
  0x17, 0x1f, 0x17, 0x33, 0x50, 0x29, 0x18, 0x19, 0x19, 0x18, 0x19, 0x18,
  0x18, 0x19, 0x1b, 0x1c, 0x1b, 0x1c, 0x1c, 0x1c, 0x1c, 0x01, 0x8f, 0x19,
  0x36, 0x2a, 0x1d, 0x27, 0x16, 0x0a, 0x01, 0x07, 0x08, 0x15, 0x24, 0x1a,
  0x27, 0x35, 0x1c, 0x1c, 0x35, 0x27, 0x1a, 0x24, 0x15, 0x08, 0x07, 0x01,
  0x0a, 0x16, 0x27, 0x1d, 0x2a, 0x36, 0x19, 0x01, 0x08, 0x1b, 0x10, 0x10,
  0x1b, 0x1b, 0x10, 0x10, 0x1b, 0xb1, 0x1e, 0x12, 0x11, 0x1e, 0x1e, 0x11,
  0x12, 0x1e, 0x00, 0x00, 0x00, 0x02, 0x00, 0x3c, 0x01, 0x95, 0x01, 0xa5,
  0x03, 0x4d, 0x00, 0x1d, 0x00, 0x29, 0x00, 0x43, 0x40, 0x40, 0x13, 0x01,
  0x03, 0x05, 0x0d, 0x01, 0x02, 0x03, 0x02, 0x4c, 0x00, 0x05, 0x00, 0x03,
  0x02, 0x05, 0x03, 0x69, 0x07, 0x01, 0x04, 0x04, 0x00, 0x61, 0x06, 0x01,
  0x00, 0x00, 0x2e, 0x4d, 0x00, 0x02, 0x02, 0x01, 0x61, 0x00, 0x01, 0x01,
  0x2d, 0x01, 0x4e, 0x1f, 0x1e, 0x01, 0x00, 0x25, 0x23, 0x1e, 0x29, 0x1f,
  0x29, 0x17, 0x15, 0x11, 0x0f, 0x0a, 0x08, 0x00, 0x1d, 0x01, 0x1d, 0x08,
  0x09, 0x16, 0x2b, 0x13, 0x32, 0x16, 0x16, 0x15, 0x14, 0x0e, 0x02, 0x23,
  0x22, 0x26, 0x31, 0x35, 0x30, 0x16, 0x33, 0x32, 0x36, 0x37, 0x06, 0x06,
  0x23, 0x22, 0x26, 0x26, 0x35, 0x34, 0x36, 0x36, 0x17, 0x22, 0x06, 0x15,
  0x14, 0x16, 0x33, 0x32, 0x36, 0x35, 0x34, 0x26, 0xe9, 0x40, 0x53, 0x29,
  0x1e, 0x3e, 0x5f, 0x40, 0x18, 0x24, 0x28, 0x13, 0x34, 0x4d, 0x06, 0x08,
  0x2f, 0x31, 0x2e, 0x3e, 0x20, 0x26, 0x4d, 0x3c, 0x1e, 0x1e, 0x1e, 0x1e,
  0x1d, 0x1e, 0x1e, 0x03, 0x4d, 0x38, 0x5a, 0x32, 0x2b, 0x56, 0x48, 0x2b,
  0x05, 0x65, 0x04, 0x34, 0x30, 0x0f, 0x26, 0x27, 0x3e, 0x23, 0x26, 0x47,
  0x2e, 0x5f, 0x23, 0x15, 0x14, 0x23, 0x23, 0x14, 0x15, 0x23, 0x00, 0x00,
  0x00, 0x01, 0x00, 0x1e, 0x00, 0x00, 0x02, 0x33, 0x02, 0xbc, 0x00, 0x03,
  0x00, 0x19, 0x40, 0x16, 0x00, 0x00, 0x01, 0x00, 0x85, 0x02, 0x01, 0x01,
  0x01, 0x15, 0x01, 0x4e, 0x00, 0x00, 0x00, 0x03, 0x00, 0x03, 0x11, 0x03,
  0x07, 0x17, 0x2b, 0x33, 0x01, 0x33, 0x01, 0x1e, 0x01, 0xa4, 0x71, 0xfe,
  0x5a, 0x02, 0xbc, 0xfd, 0x44, 0x00, 0x00, 0x00, 0x00, 0x03, 0x00, 0x0a,
  0x00, 0x00, 0x03, 0x5f, 0x02, 0xc0, 0x00, 0x0a, 0x00, 0x0e, 0x00, 0x27,
  0x00, 0x69, 0xb1, 0x06, 0x64, 0x44, 0x40, 0x5e, 0x05, 0x01, 0x01, 0x02,
  0x10, 0x01, 0x04, 0x08, 0x02, 0x4c, 0x00, 0x01, 0x02, 0x07, 0x02, 0x01,
  0x07, 0x80, 0x00, 0x00, 0x05, 0x02, 0x00, 0x57, 0x00, 0x07, 0x00, 0x05,
  0x06, 0x07, 0x05, 0x69, 0x03, 0x0a, 0x02, 0x02, 0x00, 0x06, 0x08, 0x02,
  0x06, 0x67, 0x00, 0x08, 0x04, 0x04, 0x08, 0x57, 0x00, 0x08, 0x08, 0x04,
  0x5f, 0x0c, 0x09, 0x0b, 0x03, 0x04, 0x08, 0x04, 0x4f, 0x0f, 0x0f, 0x0b,
  0x0b, 0x00, 0x00, 0x0f, 0x27, 0x0f, 0x27, 0x26, 0x25, 0x20, 0x1e, 0x1b,
  0x1a, 0x18, 0x16, 0x0b, 0x0e, 0x0b, 0x0e, 0x0d, 0x0c, 0x00, 0x0a, 0x00,
  0x09, 0x11, 0x11, 0x0d, 0x07, 0x18, 0x2b, 0xb1, 0x06, 0x00, 0x44, 0x13,
  0x11, 0x23, 0x35, 0x23, 0x35, 0x37, 0x36, 0x36, 0x37, 0x37, 0x13, 0x01,
  0x33, 0x01, 0x25, 0x35, 0x37, 0x36, 0x36, 0x35, 0x34, 0x26, 0x23, 0x22,
  0x06, 0x15, 0x23, 0x34, 0x36, 0x36, 0x33, 0x32, 0x16, 0x15, 0x14, 0x06,
  0x07, 0x33, 0x15, 0xb4, 0x64, 0x46, 0x0a, 0x21, 0x2d, 0x14, 0x03, 0x1c,
  0x01, 0xa5, 0x70, 0xfe, 0x5b, 0x01, 0x3f, 0x2a, 0x44, 0x44, 0x19, 0x0f,
  0x11, 0x1a, 0x61, 0x29, 0x41, 0x25, 0x3b, 0x51, 0x44, 0x43, 0x89, 0x02,
  0xc0, 0xfe, 0xa3, 0xe4, 0x3e, 0x02, 0x09, 0x19, 0x14, 0x03, 0xfd, 0x40,
  0x02, 0xbc, 0xfd, 0x44, 0x01, 0x45, 0x1f, 0x32, 0x35, 0x1d, 0x13, 0x12,
  0x16, 0x19, 0x2e, 0x3b, 0x1c, 0x40, 0x35, 0x2e, 0x49, 0x24, 0x53, 0x00,
  0x00, 0x04, 0x00, 0x0a, 0x00, 0x00, 0x03, 0x64, 0x02, 0xc0, 0x00, 0x0a,
  0x00, 0x0e, 0x00, 0x19, 0x00, 0x1c, 0x00, 0x71, 0xb1, 0x06, 0x64, 0x44,
  0x40, 0x66, 0x05, 0x01, 0x01, 0x02, 0x1c, 0x01, 0x07, 0x06, 0x12, 0x01,
  0x05, 0x07, 0x03, 0x4c, 0x00, 0x01, 0x02, 0x00, 0x02, 0x01, 0x00, 0x80,
  0x00, 0x06, 0x00, 0x07, 0x00, 0x06, 0x07, 0x80, 0x0d, 0x09, 0x0c, 0x03,
  0x04, 0x05, 0x04, 0x86, 0x03, 0x0b, 0x02, 0x02, 0x00, 0x00, 0x06, 0x02,
  0x00, 0x67, 0x0a, 0x01, 0x07, 0x05, 0x05, 0x07, 0x57, 0x0a, 0x01, 0x07,
  0x07, 0x05, 0x60, 0x08, 0x01, 0x05, 0x07, 0x05, 0x50, 0x0f, 0x0f, 0x0b,
  0x0b, 0x00, 0x00, 0x1b, 0x1a, 0x0f, 0x19, 0x0f, 0x19, 0x18, 0x17, 0x16,
  0x15, 0x14, 0x13, 0x11, 0x10, 0x0b, 0x0e, 0x0b, 0x0e, 0x0d, 0x0c, 0x00,
  0x0a, 0x00, 0x09, 0x11, 0x11, 0x0e, 0x07, 0x18, 0x2b, 0xb1, 0x06, 0x00,
  0x44, 0x13, 0x11, 0x23, 0x35, 0x23, 0x35, 0x37, 0x36, 0x36, 0x37, 0x37,
  0x13, 0x01, 0x33, 0x01, 0x25, 0x35, 0x23, 0x35, 0x37, 0x33, 0x15, 0x33,
  0x15, 0x23, 0x15, 0x27, 0x33, 0x35, 0xb4, 0x64, 0x46, 0x0a, 0x21, 0x2d,
  0x14, 0x03, 0x1c, 0x01, 0xa5, 0x70, 0xfe, 0x5b, 0x01, 0xc8, 0xa5, 0x89,
  0x82, 0x31, 0x31, 0xac, 0x46, 0x02, 0xc0, 0xfe, 0xa3, 0xe4, 0x3e, 0x02,
  0x09, 0x19, 0x14, 0x03, 0xfd, 0x40, 0x02, 0xbc, 0xfd, 0x44, 0x01, 0x44,
  0x45, 0xd5, 0xcd, 0x4d, 0x44, 0x91, 0x6d, 0x00, 0x00, 0x04, 0x00, 0x22,
  0x00, 0x00, 0x03, 0xb2, 0x02, 0xc6, 0x00, 0x2e, 0x00, 0x32, 0x00, 0x3d,
  0x00, 0x40, 0x00, 0xf6, 0xb1, 0x06, 0x64, 0x44, 0x40, 0x0e, 0x28, 0x01,
  0x03, 0x04, 0x40, 0x01, 0x0c, 0x00, 0x36, 0x01, 0x0a, 0x0c, 0x03, 0x4c,
  0x4b, 0xb0, 0x17, 0x50, 0x58, 0x40, 0x4d, 0x00, 0x06, 0x05, 0x04, 0x05,
  0x06, 0x04, 0x80, 0x00, 0x01, 0x03, 0x02, 0x03, 0x01, 0x02, 0x80, 0x00,
  0x0b, 0x02, 0x00, 0x02, 0x0b, 0x00, 0x80, 0x12, 0x0e, 0x11, 0x03, 0x09,
  0x0a, 0x09, 0x86, 0x08, 0x01, 0x07, 0x00, 0x05, 0x06, 0x07, 0x05, 0x69,
  0x00, 0x04, 0x00, 0x03, 0x01, 0x04, 0x03, 0x69, 0x00, 0x02, 0x10, 0x01,
  0x00, 0x0c, 0x02, 0x00, 0x69, 0x0f, 0x01, 0x0c, 0x0a, 0x0a, 0x0c, 0x57,
  0x0f, 0x01, 0x0c, 0x0c, 0x0a, 0x60, 0x0d, 0x01, 0x0a, 0x0c, 0x0a, 0x50,
  0x1b, 0x40, 0x54, 0x00, 0x08, 0x07, 0x05, 0x07, 0x08, 0x05, 0x80, 0x00,
  0x06, 0x05, 0x04, 0x05, 0x06, 0x04, 0x80, 0x00, 0x01, 0x03, 0x02, 0x03,
  0x01, 0x02, 0x80, 0x00, 0x0b, 0x02, 0x00, 0x02, 0x0b, 0x00, 0x80, 0x12,
  0x0e, 0x11, 0x03, 0x09, 0x0a, 0x09, 0x86, 0x00, 0x07, 0x00, 0x05, 0x06,
  0x07, 0x05, 0x69, 0x00, 0x04, 0x00, 0x03, 0x01, 0x04, 0x03, 0x69, 0x00,
  0x02, 0x10, 0x01, 0x00, 0x0c, 0x02, 0x00, 0x69, 0x0f, 0x01, 0x0c, 0x0a,
  0x0a, 0x0c, 0x57, 0x0f, 0x01, 0x0c, 0x0c, 0x0a, 0x60, 0x0d, 0x01, 0x0a,
  0x0c, 0x0a, 0x50, 0x59, 0x40, 0x2f, 0x33, 0x33, 0x2f, 0x2f, 0x01, 0x00,
  0x3f, 0x3e, 0x33, 0x3d, 0x33, 0x3d, 0x3c, 0x3b, 0x3a, 0x39, 0x38, 0x37,
  0x35, 0x34, 0x2f, 0x32, 0x2f, 0x32, 0x31, 0x30, 0x22, 0x20, 0x1c, 0x1b,
  0x19, 0x17, 0x13, 0x11, 0x10, 0x0e, 0x0a, 0x08, 0x06, 0x05, 0x00, 0x2e,
  0x01, 0x2e, 0x13, 0x07, 0x16, 0x2b, 0xb1, 0x06, 0x00, 0x44, 0x13, 0x22,
  0x2e, 0x02, 0x35, 0x33, 0x14, 0x16, 0x33, 0x32, 0x36, 0x35, 0x34, 0x26,
  0x23, 0x23, 0x35, 0x33, 0x32, 0x36, 0x35, 0x34, 0x26, 0x23, 0x22, 0x06,
  0x15, 0x23, 0x34, 0x3e, 0x02, 0x33, 0x32, 0x16, 0x16, 0x15, 0x14, 0x06,
  0x07, 0x15, 0x16, 0x16, 0x15, 0x14, 0x06, 0x03, 0x01, 0x33, 0x01, 0x25,
  0x35, 0x23, 0x35, 0x37, 0x33, 0x15, 0x33, 0x15, 0x23, 0x15, 0x27, 0x33,
  0x35, 0xaf, 0x2e, 0x38, 0x1d, 0x0a, 0x5d, 0x14, 0x1b, 0x17, 0x16, 0x13,
  0x17, 0x28, 0x28, 0x14, 0x15, 0x16, 0x15, 0x19, 0x13, 0x5a, 0x0b, 0x1c,
  0x35, 0x2a, 0x25, 0x3f, 0x26, 0x28, 0x11, 0x14, 0x2a, 0x51, 0x09, 0x01,
  0xa4, 0x71, 0xfe, 0x5a, 0x01, 0xc8, 0xa4, 0x88, 0x83, 0x30, 0x30, 0xac,
  0x45, 0x01, 0x5e, 0x1c, 0x28, 0x26, 0x0a, 0x09, 0x1c, 0x15, 0x0e, 0x0c,
  0x14, 0x46, 0x14, 0x0d, 0x0d, 0x14, 0x1b, 0x0a, 0x0b, 0x25, 0x28, 0x1b,
  0x18, 0x2d, 0x1f, 0x22, 0x28, 0x03, 0x04, 0x06, 0x20, 0x24, 0x2f, 0x3a,
  0xfe, 0xa2, 0x02, 0xbc, 0xfd, 0x44, 0x01, 0x44, 0x45, 0xd5, 0xcd, 0x4d,
  0x44, 0x91, 0x6d, 0x00, 0x00, 0x05, 0x00, 0x0a, 0xff, 0xfb, 0x03, 0x67,
  0x02, 0xc0, 0x00, 0x0a, 0x00, 0x0e, 0x00, 0x32, 0x00, 0x3e, 0x00, 0x4a,
  0x00, 0xa8, 0xb5, 0x05, 0x01, 0x01, 0x02, 0x01, 0x4c, 0x4b, 0xb0, 0x2e,
  0x50, 0x58, 0x40, 0x32, 0x00, 0x01, 0x02, 0x00, 0x02, 0x01, 0x00, 0x80,
  0x03, 0x0b, 0x02, 0x02, 0x00, 0x00, 0x06, 0x02, 0x00, 0x67, 0x00, 0x06,
  0x00, 0x08, 0x07, 0x06, 0x08, 0x69, 0x0e, 0x01, 0x07, 0x00, 0x0a, 0x09,
  0x07, 0x0a, 0x69, 0x0f, 0x01, 0x09, 0x09, 0x04, 0x61, 0x0d, 0x05, 0x0c,
  0x03, 0x04, 0x04, 0x15, 0x04, 0x4e, 0x1b, 0x40, 0x36, 0x00, 0x01, 0x02,
  0x00, 0x02, 0x01, 0x00, 0x80, 0x03, 0x0b, 0x02, 0x02, 0x00, 0x00, 0x06,
  0x02, 0x00, 0x67, 0x00, 0x06, 0x00, 0x08, 0x07, 0x06, 0x08, 0x69, 0x0e,
  0x01, 0x07, 0x00, 0x0a, 0x09, 0x07, 0x0a, 0x69, 0x0c, 0x01, 0x04, 0x04,
  0x15, 0x4d, 0x0f, 0x01, 0x09, 0x09, 0x05, 0x61, 0x0d, 0x01, 0x05, 0x05,
  0x15, 0x05, 0x4e, 0x59, 0x40, 0x2b, 0x40, 0x3f, 0x34, 0x33, 0x10, 0x0f,
  0x0b, 0x0b, 0x00, 0x00, 0x46, 0x44, 0x3f, 0x4a, 0x40, 0x4a, 0x3a, 0x38,
  0x33, 0x3e, 0x34, 0x3e, 0x22, 0x20, 0x0f, 0x32, 0x10, 0x32, 0x0b, 0x0e,
  0x0b, 0x0e, 0x0d, 0x0c, 0x00, 0x0a, 0x00, 0x09, 0x11, 0x11, 0x10, 0x07,
  0x18, 0x2b, 0x13, 0x11, 0x23, 0x35, 0x23, 0x35, 0x37, 0x36, 0x36, 0x37,
  0x37, 0x13, 0x01, 0x33, 0x01, 0x05, 0x22, 0x26, 0x26, 0x35, 0x34, 0x3e,
  0x02, 0x31, 0x35, 0x30, 0x26, 0x26, 0x35, 0x34, 0x36, 0x36, 0x33, 0x32,
  0x16, 0x16, 0x15, 0x14, 0x06, 0x06, 0x31, 0x15, 0x30, 0x1e, 0x02, 0x15,
  0x14, 0x06, 0x06, 0x27, 0x32, 0x36, 0x35, 0x34, 0x26, 0x23, 0x22, 0x06,
  0x15, 0x14, 0x16, 0x17, 0x32, 0x36, 0x35, 0x34, 0x26, 0x23, 0x22, 0x06,
  0x15, 0x14, 0x16, 0xb4, 0x64, 0x46, 0x0a, 0x21, 0x2d, 0x14, 0x03, 0x1c,
  0x01, 0xa5, 0x70, 0xfe, 0x5b, 0x01, 0xd4, 0x23, 0x42, 0x2a, 0x13, 0x1a,
  0x13, 0x1c, 0x1c, 0x26, 0x3e, 0x23, 0x23, 0x3e, 0x27, 0x1d, 0x1d, 0x13,
  0x1a, 0x13, 0x2a, 0x41, 0x23, 0x15, 0x15, 0x15, 0x15, 0x15, 0x15, 0x15,
  0x15, 0x17, 0x17, 0x17, 0x17, 0x17, 0x17, 0x17, 0x02, 0xc0, 0xfe, 0xa3,
  0xe4, 0x3e, 0x02, 0x09, 0x19, 0x14, 0x03, 0xfd, 0x40, 0x02, 0xbc, 0xfd,
  0x44, 0x05, 0x15, 0x2c, 0x23, 0x19, 0x20, 0x13, 0x07, 0x03, 0x0d, 0x21,
  0x1d, 0x20, 0x2c, 0x17, 0x17, 0x2b, 0x1f, 0x1f, 0x21, 0x0d, 0x03, 0x07,
  0x13, 0x20, 0x19, 0x23, 0x2c, 0x15, 0xd9, 0x18, 0x0e, 0x0e, 0x17, 0x18,
  0x0e, 0x0d, 0x18, 0x93, 0x1a, 0x10, 0x0f, 0x1a, 0x1a, 0x0f, 0x10, 0x1a,
  0x00, 0x05, 0x00, 0x22, 0xff, 0xfb, 0x03, 0xb6, 0x02, 0xc6, 0x00, 0x2e,
  0x00, 0x32, 0x00, 0x56, 0x00, 0x62, 0x00, 0x6e, 0x01, 0x45, 0xb5, 0x28,
  0x01, 0x03, 0x04, 0x01, 0x4c, 0x4b, 0xb0, 0x17, 0x50, 0x58, 0x40, 0x4a,
  0x00, 0x06, 0x05, 0x04, 0x05, 0x06, 0x04, 0x80, 0x00, 0x01, 0x03, 0x02,
  0x03, 0x01, 0x02, 0x80, 0x08, 0x01, 0x07, 0x00, 0x05, 0x06, 0x07, 0x05,
  0x69, 0x00, 0x04, 0x00, 0x03, 0x01, 0x04, 0x03, 0x69, 0x00, 0x02, 0x10,
  0x01, 0x00, 0x0d, 0x02, 0x00, 0x69, 0x00, 0x0b, 0x00, 0x0d, 0x0c, 0x0b,
  0x0d, 0x69, 0x13, 0x01, 0x0c, 0x00, 0x0f, 0x0e, 0x0c, 0x0f, 0x69, 0x14,
  0x01, 0x0e, 0x0e, 0x09, 0x61, 0x12, 0x0a, 0x11, 0x03, 0x09, 0x09, 0x15,
  0x09, 0x4e, 0x1b, 0x4b, 0xb0, 0x2e, 0x50, 0x58, 0x40, 0x51, 0x00, 0x08,
  0x07, 0x05, 0x07, 0x08, 0x05, 0x80, 0x00, 0x06, 0x05, 0x04, 0x05, 0x06,
  0x04, 0x80, 0x00, 0x01, 0x03, 0x02, 0x03, 0x01, 0x02, 0x80, 0x00, 0x07,
  0x00, 0x05, 0x06, 0x07, 0x05, 0x69, 0x00, 0x04, 0x00, 0x03, 0x01, 0x04,
  0x03, 0x69, 0x00, 0x02, 0x10, 0x01, 0x00, 0x0d, 0x02, 0x00, 0x69, 0x00,
  0x0b, 0x00, 0x0d, 0x0c, 0x0b, 0x0d, 0x69, 0x13, 0x01, 0x0c, 0x00, 0x0f,
  0x0e, 0x0c, 0x0f, 0x69, 0x14, 0x01, 0x0e, 0x0e, 0x09, 0x61, 0x12, 0x0a,
  0x11, 0x03, 0x09, 0x09, 0x15, 0x09, 0x4e, 0x1b, 0x40, 0x55, 0x00, 0x08,
  0x07, 0x05, 0x07, 0x08, 0x05, 0x80, 0x00, 0x06, 0x05, 0x04, 0x05, 0x06,
  0x04, 0x80, 0x00, 0x01, 0x03, 0x02, 0x03, 0x01, 0x02, 0x80, 0x00, 0x07,
  0x00, 0x05, 0x06, 0x07, 0x05, 0x69, 0x00, 0x04, 0x00, 0x03, 0x01, 0x04,
  0x03, 0x69, 0x00, 0x02, 0x10, 0x01, 0x00, 0x0d, 0x02, 0x00, 0x69, 0x00,
  0x0b, 0x00, 0x0d, 0x0c, 0x0b, 0x0d, 0x69, 0x13, 0x01, 0x0c, 0x00, 0x0f,
  0x0e, 0x0c, 0x0f, 0x69, 0x11, 0x01, 0x09, 0x09, 0x15, 0x4d, 0x14, 0x01,
  0x0e, 0x0e, 0x0a, 0x61, 0x12, 0x01, 0x0a, 0x0a, 0x15, 0x0a, 0x4e, 0x59,
  0x59, 0x40, 0x37, 0x64, 0x63, 0x58, 0x57, 0x34, 0x33, 0x2f, 0x2f, 0x01,
  0x00, 0x6a, 0x68, 0x63, 0x6e, 0x64, 0x6e, 0x5e, 0x5c, 0x57, 0x62, 0x58,
  0x62, 0x46, 0x44, 0x33, 0x56, 0x34, 0x56, 0x2f, 0x32, 0x2f, 0x32, 0x31,
  0x30, 0x22, 0x20, 0x1c, 0x1b, 0x19, 0x17, 0x13, 0x11, 0x10, 0x0e, 0x0a,
  0x08, 0x06, 0x05, 0x00, 0x2e, 0x01, 0x2e, 0x15, 0x07, 0x16, 0x2b, 0x13,
  0x22, 0x2e, 0x02, 0x35, 0x33, 0x14, 0x16, 0x33, 0x32, 0x36, 0x35, 0x34,
  0x26, 0x23, 0x23, 0x35, 0x33, 0x32, 0x36, 0x35, 0x34, 0x26, 0x23, 0x22,
  0x06, 0x15, 0x23, 0x34, 0x3e, 0x02, 0x33, 0x32, 0x16, 0x16, 0x15, 0x14,
  0x06, 0x07, 0x15, 0x16, 0x16, 0x15, 0x14, 0x06, 0x03, 0x01, 0x33, 0x01,
  0x05, 0x22, 0x26, 0x26, 0x35, 0x34, 0x3e, 0x02, 0x31, 0x35, 0x30, 0x26,
  0x26, 0x35, 0x34, 0x36, 0x36, 0x33, 0x32, 0x16, 0x16, 0x15, 0x14, 0x06,
  0x06, 0x31, 0x15, 0x30, 0x1e, 0x02, 0x15, 0x14, 0x06, 0x06, 0x27, 0x32,
  0x36, 0x35, 0x34, 0x26, 0x23, 0x22, 0x06, 0x15, 0x14, 0x16, 0x17, 0x32,
  0x36, 0x35, 0x34, 0x26, 0x23, 0x22, 0x06, 0x15, 0x14, 0x16, 0xaf, 0x2e,
  0x38, 0x1d, 0x0a, 0x5d, 0x14, 0x1b, 0x17, 0x16, 0x13, 0x17, 0x28, 0x28,
  0x14, 0x15, 0x16, 0x15, 0x19, 0x13, 0x5a, 0x0b, 0x1c, 0x35, 0x2a, 0x25,
  0x3f, 0x26, 0x28, 0x11, 0x14, 0x2a, 0x51, 0x09, 0x01, 0xa4, 0x71, 0xfe,
  0x5a, 0x01, 0xd4, 0x22, 0x42, 0x2a, 0x13, 0x19, 0x13, 0x1c, 0x1c, 0x27,
  0x3e, 0x22, 0x23, 0x3f, 0x26, 0x1d, 0x1d, 0x14, 0x19, 0x14, 0x2a, 0x42,
  0x23, 0x15, 0x16, 0x16, 0x15, 0x14, 0x15, 0x15, 0x14, 0x18, 0x17, 0x17,
  0x18, 0x16, 0x18, 0x17, 0x01, 0x5e, 0x1c, 0x28, 0x26, 0x0a, 0x09, 0x1c,
  0x15, 0x0e, 0x0c, 0x14, 0x46, 0x14, 0x0d, 0x0d, 0x14, 0x1b, 0x0a, 0x0b,
  0x25, 0x28, 0x1b, 0x18, 0x2d, 0x1f, 0x22, 0x28, 0x03, 0x04, 0x06, 0x20,
  0x24, 0x2f, 0x3a, 0xfe, 0xa2, 0x02, 0xbc, 0xfd, 0x44, 0x05, 0x15, 0x2c,
  0x23, 0x19, 0x20, 0x13, 0x07, 0x03, 0x0d, 0x21, 0x1d, 0x20, 0x2c, 0x17,
  0x17, 0x2b, 0x1f, 0x1f, 0x21, 0x0d, 0x03, 0x07, 0x13, 0x20, 0x19, 0x23,
  0x2c, 0x15, 0xd9, 0x18, 0x0e, 0x0e, 0x17, 0x18, 0x0e, 0x0d, 0x18, 0x93,
  0x1a, 0x10, 0x0f, 0x1a, 0x1a, 0x0f, 0x10, 0x1a, 0x00, 0x05, 0x00, 0x22,
  0xff, 0xfb, 0x03, 0xba, 0x02, 0xc1, 0x00, 0x25, 0x00, 0x29, 0x00, 0x4d,
  0x00, 0x59, 0x00, 0x65, 0x01, 0x3a, 0xb5, 0x19, 0x01, 0x03, 0x07, 0x01,
  0x4c, 0x4b, 0xb0, 0x0a, 0x50, 0x58, 0x40, 0x48, 0x00, 0x04, 0x03, 0x01,
  0x06, 0x04, 0x72, 0x00, 0x01, 0x02, 0x03, 0x01, 0x02, 0x7e, 0x08, 0x01,
  0x05, 0x00, 0x06, 0x07, 0x05, 0x06, 0x67, 0x00, 0x07, 0x00, 0x03, 0x04,
  0x07, 0x03, 0x69, 0x00, 0x02, 0x10, 0x01, 0x00, 0x0d, 0x02, 0x00, 0x69,
  0x00, 0x0b, 0x00, 0x0d, 0x0c, 0x0b, 0x0d, 0x69, 0x13, 0x01, 0x0c, 0x00,
  0x0f, 0x0e, 0x0c, 0x0f, 0x69, 0x14, 0x01, 0x0e, 0x0e, 0x09, 0x61, 0x12,
  0x0a, 0x11, 0x03, 0x09, 0x09, 0x15, 0x09, 0x4e, 0x1b, 0x4b, 0xb0, 0x2e,
  0x50, 0x58, 0x40, 0x49, 0x00, 0x04, 0x03, 0x01, 0x03, 0x04, 0x01, 0x80,
  0x00, 0x01, 0x02, 0x03, 0x01, 0x02, 0x7e, 0x08, 0x01, 0x05, 0x00, 0x06,
  0x07, 0x05, 0x06, 0x67, 0x00, 0x07, 0x00, 0x03, 0x04, 0x07, 0x03, 0x69,
  0x00, 0x02, 0x10, 0x01, 0x00, 0x0d, 0x02, 0x00, 0x69, 0x00, 0x0b, 0x00,
  0x0d, 0x0c, 0x0b, 0x0d, 0x69, 0x13, 0x01, 0x0c, 0x00, 0x0f, 0x0e, 0x0c,
  0x0f, 0x69, 0x14, 0x01, 0x0e, 0x0e, 0x09, 0x61, 0x12, 0x0a, 0x11, 0x03,
  0x09, 0x09, 0x15, 0x09, 0x4e, 0x1b, 0x40, 0x54, 0x00, 0x08, 0x05, 0x06,
  0x05, 0x08, 0x06, 0x80, 0x00, 0x04, 0x03, 0x01, 0x03, 0x04, 0x01, 0x80,
  0x00, 0x01, 0x02, 0x03, 0x01, 0x02, 0x7e, 0x00, 0x05, 0x00, 0x06, 0x07,
  0x05, 0x06, 0x67, 0x00, 0x07, 0x00, 0x03, 0x04, 0x07, 0x03, 0x69, 0x00,
  0x02, 0x10, 0x01, 0x00, 0x0d, 0x02, 0x00, 0x69, 0x00, 0x0b, 0x00, 0x0d,
  0x0c, 0x0b, 0x0d, 0x69, 0x13, 0x01, 0x0c, 0x00, 0x0f, 0x0e, 0x0c, 0x0f,
  0x69, 0x11, 0x01, 0x09, 0x09, 0x15, 0x4d, 0x14, 0x01, 0x0e, 0x0e, 0x0a,
  0x61, 0x12, 0x01, 0x0a, 0x0a, 0x15, 0x0a, 0x4e, 0x59, 0x59, 0x40, 0x37,
  0x5b, 0x5a, 0x4f, 0x4e, 0x2b, 0x2a, 0x26, 0x26, 0x01, 0x00, 0x61, 0x5f,
  0x5a, 0x65, 0x5b, 0x65, 0x55, 0x53, 0x4e, 0x59, 0x4f, 0x59, 0x3d, 0x3b,
  0x2a, 0x4d, 0x2b, 0x4d, 0x26, 0x29, 0x26, 0x29, 0x28, 0x27, 0x1f, 0x1d,
  0x18, 0x17, 0x16, 0x15, 0x14, 0x12, 0x11, 0x0f, 0x0b, 0x09, 0x06, 0x04,
  0x00, 0x25, 0x01, 0x25, 0x15, 0x07, 0x16, 0x2b, 0x13, 0x22, 0x2e, 0x02,
  0x35, 0x33, 0x30, 0x16, 0x16, 0x33, 0x32, 0x36, 0x35, 0x34, 0x26, 0x23,
  0x22, 0x06, 0x31, 0x23, 0x37, 0x33, 0x15, 0x23, 0x07, 0x33, 0x3e, 0x02,
  0x33, 0x32, 0x16, 0x16, 0x15, 0x14, 0x06, 0x06, 0x13, 0x01, 0x33, 0x01,
  0x05, 0x22, 0x26, 0x26, 0x35, 0x34, 0x3e, 0x02, 0x31, 0x35, 0x30, 0x26,
  0x26, 0x35, 0x34, 0x36, 0x36, 0x33, 0x32, 0x16, 0x16, 0x15, 0x14, 0x06,
  0x06, 0x31, 0x15, 0x30, 0x1e, 0x02, 0x15, 0x14, 0x06, 0x06, 0x27, 0x32,
  0x36, 0x35, 0x34, 0x26, 0x23, 0x22, 0x06, 0x15, 0x14, 0x16, 0x17, 0x32,
  0x36, 0x35, 0x34, 0x26, 0x23, 0x22, 0x06, 0x15, 0x14, 0x16, 0xac, 0x30,
  0x37, 0x1b, 0x08, 0x5b, 0x06, 0x14, 0x15, 0x18, 0x17, 0x17, 0x16, 0x19,
  0x11, 0x5f, 0x17, 0xe7, 0xa1, 0x07, 0x02, 0x01, 0x0e, 0x20, 0x19, 0x27,
  0x33, 0x1a, 0x1e, 0x3f, 0x0d, 0x01, 0xa4, 0x70, 0xfe, 0x5b, 0x01, 0xd4,
  0x23, 0x41, 0x2b, 0x14, 0x19, 0x13, 0x1c, 0x1c, 0x27, 0x3d, 0x23, 0x23,
  0x3e, 0x27, 0x1d, 0x1d, 0x13, 0x1a, 0x13, 0x2a, 0x41, 0x23, 0x15, 0x16,
  0x16, 0x15, 0x14, 0x15, 0x15, 0x14, 0x17, 0x17, 0x17, 0x17, 0x16, 0x18,
  0x17, 0x01, 0x5c, 0x1f, 0x2b, 0x25, 0x06, 0x14, 0x13, 0x1d, 0x11, 0x12,
  0x1e, 0x19, 0xd2, 0x4f, 0x44, 0x01, 0x0f, 0x0f, 0x21, 0x34, 0x1d, 0x1f,
  0x3a, 0x26, 0xfe, 0xa4, 0x02, 0xbc, 0xfd, 0x44, 0x05, 0x15, 0x2c, 0x23,
  0x19, 0x20, 0x13, 0x07, 0x03, 0x0d, 0x21, 0x1d, 0x20, 0x2c, 0x17, 0x17,
  0x2b, 0x1f, 0x1f, 0x21, 0x0d, 0x03, 0x07, 0x13, 0x20, 0x19, 0x23, 0x2c,
  0x15, 0xd9, 0x18, 0x0e, 0x0e, 0x17, 0x18, 0x0e, 0x0d, 0x18, 0x93, 0x1a,
  0x10, 0x0f, 0x1a, 0x1a, 0x0f, 0x10, 0x1a, 0x00, 0x00, 0x05, 0x00, 0x02,
  0xff, 0xfb, 0x03, 0x73, 0x02, 0xc0, 0x00, 0x0d, 0x00, 0x11, 0x00, 0x35,
  0x00, 0x41, 0x00, 0x4d, 0x00, 0xa8, 0xb5, 0x08, 0x01, 0x00, 0x01, 0x01,
  0x4c, 0x4b, 0xb0, 0x2e, 0x50, 0x58, 0x40, 0x32, 0x0b, 0x01, 0x02, 0x06,
  0x08, 0x06, 0x02, 0x08, 0x80, 0x03, 0x01, 0x01, 0x00, 0x00, 0x06, 0x01,
  0x00, 0x67, 0x00, 0x06, 0x00, 0x08, 0x07, 0x06, 0x08, 0x69, 0x0e, 0x01,
  0x07, 0x00, 0x0a, 0x09, 0x07, 0x0a, 0x69, 0x0f, 0x01, 0x09, 0x09, 0x04,
  0x61, 0x0d, 0x05, 0x0c, 0x03, 0x04, 0x04, 0x15, 0x04, 0x4e, 0x1b, 0x40,
  0x36, 0x0b, 0x01, 0x02, 0x06, 0x08, 0x06, 0x02, 0x08, 0x80, 0x03, 0x01,
  0x01, 0x00, 0x00, 0x06, 0x01, 0x00, 0x67, 0x00, 0x06, 0x00, 0x08, 0x07,
  0x06, 0x08, 0x69, 0x0e, 0x01, 0x07, 0x00, 0x0a, 0x09, 0x07, 0x0a, 0x69,
  0x0c, 0x01, 0x04, 0x04, 0x15, 0x4d, 0x0f, 0x01, 0x09, 0x09, 0x05, 0x61,
  0x0d, 0x01, 0x05, 0x05, 0x15, 0x05, 0x4e, 0x59, 0x40, 0x2b, 0x43, 0x42,
  0x37, 0x36, 0x13, 0x12, 0x0e, 0x0e, 0x00, 0x00, 0x49, 0x47, 0x42, 0x4d,
  0x43, 0x4d, 0x3d, 0x3b, 0x36, 0x41, 0x37, 0x41, 0x25, 0x23, 0x12, 0x35,
  0x13, 0x35, 0x0e, 0x11, 0x0e, 0x11, 0x10, 0x0f, 0x00, 0x0d, 0x00, 0x0d,
  0x11, 0x14, 0x10, 0x07, 0x18, 0x2b, 0x13, 0x3e, 0x02, 0x37, 0x23, 0x35,
  0x21, 0x15, 0x30, 0x0e, 0x02, 0x07, 0x13, 0x01, 0x33, 0x01, 0x05, 0x22,
  0x26, 0x26, 0x35, 0x34, 0x3e, 0x02, 0x31, 0x35, 0x30, 0x26, 0x26, 0x35,
  0x34, 0x36, 0x36, 0x33, 0x32, 0x16, 0x16, 0x15, 0x14, 0x06, 0x06, 0x31,
  0x15, 0x30, 0x1e, 0x02, 0x15, 0x14, 0x06, 0x06, 0x27, 0x32, 0x36, 0x35,
  0x34, 0x26, 0x23, 0x22, 0x06, 0x15, 0x14, 0x16, 0x17, 0x32, 0x36, 0x35,
  0x34, 0x26, 0x23, 0x22, 0x06, 0x15, 0x14, 0x16, 0x3e, 0x04, 0x27, 0x30,
  0x10, 0xa7, 0x01, 0x0f, 0x20, 0x2c, 0x24, 0x03, 0x04, 0x01, 0xa4, 0x70,
  0xfe, 0x5b, 0x01, 0xd4, 0x23, 0x41, 0x2b, 0x14, 0x19, 0x13, 0x1c, 0x1c,
  0x27, 0x3d, 0x23, 0x23, 0x3e, 0x27, 0x1d, 0x1d, 0x13, 0x1a, 0x13, 0x2a,
  0x41, 0x23, 0x15, 0x15, 0x15, 0x15, 0x15, 0x14, 0x14, 0x15, 0x17, 0x17,
  0x17, 0x17, 0x16, 0x18, 0x17, 0x01, 0x62, 0x45, 0x6b, 0x49, 0x13, 0x52,
  0x42, 0x26, 0x49, 0x69, 0x44, 0xfe, 0x9e, 0x02, 0xbc, 0xfd, 0x44, 0x05,
  0x15, 0x2c, 0x23, 0x19, 0x20, 0x13, 0x07, 0x03, 0x0d, 0x21, 0x1d, 0x20,
  0x2c, 0x17, 0x17, 0x2b, 0x1f, 0x1f, 0x21, 0x0d, 0x03, 0x07, 0x13, 0x20,
  0x19, 0x23, 0x2c, 0x15, 0xd9, 0x18, 0x0e, 0x0e, 0x17, 0x18, 0x0e, 0x0d,
  0x18, 0x93, 0x1a, 0x10, 0x0f, 0x1a, 0x1a, 0x0f, 0x10, 0x1a, 0x00, 0x00,
  0x00, 0x02, 0x00, 0x40, 0xff, 0xf6, 0x02, 0x92, 0x02, 0xe4, 0x00, 0x0d,
  0x00, 0x1c, 0x00, 0x5b, 0x40, 0x0a, 0x14, 0x01, 0x02, 0x01, 0x01, 0x4c,
  0x06, 0x01, 0x00, 0x4a, 0x4b, 0xb0, 0x31, 0x50, 0x58, 0x40, 0x15, 0x00,
  0x00, 0x04, 0x01, 0x01, 0x02, 0x00, 0x01, 0x67, 0x00, 0x02, 0x02, 0x03,
  0x5f, 0x05, 0x01, 0x03, 0x03, 0x15, 0x03, 0x4e, 0x1b, 0x40, 0x1a, 0x00,
  0x00, 0x04, 0x01, 0x01, 0x02, 0x00, 0x01, 0x67, 0x00, 0x02, 0x03, 0x03,
  0x02, 0x57, 0x00, 0x02, 0x02, 0x03, 0x5f, 0x05, 0x01, 0x03, 0x02, 0x03,
  0x4f, 0x59, 0x40, 0x12, 0x0e, 0x0e, 0x00, 0x00, 0x0e, 0x1c, 0x0e, 0x1b,
  0x11, 0x0f, 0x00, 0x0d, 0x00, 0x0c, 0x21, 0x06, 0x07, 0x17, 0x2b, 0x13,
  0x37, 0x33, 0x32, 0x36, 0x36, 0x27, 0x16, 0x16, 0x15, 0x14, 0x06, 0x06,
  0x23, 0x01, 0x13, 0x33, 0x32, 0x36, 0x36, 0x27, 0x1e, 0x02, 0x15, 0x14,
  0x06, 0x06, 0x23, 0x7b, 0x17, 0xa0, 0x2b, 0x2f, 0x0f, 0x04, 0x34, 0x3a,
  0x21, 0x4d, 0x43, 0xfe, 0xec, 0x24, 0xe5, 0x44, 0x4c, 0x16, 0x0c, 0x32,
  0x4f, 0x2e, 0x3b, 0x72, 0x51, 0x01, 0xc0, 0xb1, 0x21, 0x35, 0x1d, 0x0f,
  0x51, 0x37, 0x26, 0x41, 0x26, 0xfe, 0x36, 0x01, 0x0b, 0x32, 0x4f, 0x2c,
  0x0b, 0x3f, 0x5b, 0x35, 0x3d, 0x65, 0x3c, 0x00, 0x00, 0x03, 0x00, 0x3c,
  0x00, 0x00, 0x02, 0x44, 0x02, 0xbc, 0x00, 0x1e, 0x00, 0x2a, 0x00, 0x2e,
  0x00, 0xb7, 0x4b, 0xb0, 0x26, 0x50, 0x58, 0x40, 0x0a, 0x0d, 0x01, 0x09,
  0x01, 0x1a, 0x01, 0x00, 0x08, 0x02, 0x4c, 0x1b, 0x40, 0x0a, 0x0d, 0x01,
  0x09, 0x01, 0x1a, 0x01, 0x07, 0x08, 0x02, 0x4c, 0x59, 0x4b, 0xb0, 0x26,
  0x50, 0x58, 0x40, 0x31, 0x00, 0x04, 0x03, 0x00, 0x04, 0x57, 0x05, 0x01,
  0x03, 0x06, 0x01, 0x02, 0x01, 0x03, 0x02, 0x67, 0x0d, 0x01, 0x08, 0x07,
  0x0c, 0x02, 0x00, 0x0a, 0x08, 0x00, 0x69, 0x00, 0x09, 0x09, 0x01, 0x61,
  0x00, 0x01, 0x01, 0x1d, 0x4d, 0x00, 0x0a, 0x0a, 0x0b, 0x5f, 0x0e, 0x01,
  0x0b, 0x0b, 0x15, 0x0b, 0x4e, 0x1b, 0x40, 0x32, 0x05, 0x01, 0x03, 0x06,
  0x01, 0x02, 0x01, 0x03, 0x02, 0x67, 0x00, 0x04, 0x00, 0x07, 0x00, 0x04,
  0x07, 0x67, 0x0d, 0x01, 0x08, 0x0c, 0x01, 0x00, 0x0a, 0x08, 0x00, 0x69,
  0x00, 0x09, 0x09, 0x01, 0x61, 0x00, 0x01, 0x01, 0x1d, 0x4d, 0x00, 0x0a,
  0x0a, 0x0b, 0x5f, 0x0e, 0x01, 0x0b, 0x0b, 0x15, 0x0b, 0x4e, 0x59, 0x40,
  0x27, 0x2b, 0x2b, 0x20, 0x1f, 0x01, 0x00, 0x2b, 0x2e, 0x2b, 0x2e, 0x2d,
  0x2c, 0x26, 0x24, 0x1f, 0x2a, 0x20, 0x2a, 0x19, 0x18, 0x17, 0x16, 0x15,
  0x14, 0x13, 0x12, 0x11, 0x10, 0x0f, 0x0e, 0x09, 0x07, 0x00, 0x1e, 0x01,
  0x1e, 0x0f, 0x07, 0x16, 0x2b, 0x37, 0x22, 0x26, 0x26, 0x35, 0x34, 0x36,
  0x36, 0x33, 0x32, 0x16, 0x16, 0x17, 0x33, 0x35, 0x23, 0x35, 0x33, 0x35,
  0x33, 0x15, 0x33, 0x15, 0x23, 0x11, 0x23, 0x35, 0x23, 0x0e, 0x02, 0x27,
  0x32, 0x36, 0x35, 0x34, 0x26, 0x23, 0x22, 0x06, 0x15, 0x14, 0x16, 0x07,
  0x35, 0x21, 0x15, 0xff, 0x3d, 0x53, 0x29, 0x29, 0x53, 0x3d, 0x29, 0x35,
  0x1a, 0x03, 0x07, 0x66, 0x66, 0x82, 0x41, 0x41, 0x82, 0x07, 0x03, 0x1b,
  0x34, 0x02, 0x2f, 0x2f, 0x2f, 0x2f, 0x2e, 0x2f, 0x2f, 0xbc, 0x02, 0x02,
  0x8a, 0x3b, 0x5e, 0x33, 0x33, 0x5d, 0x3c, 0x1a, 0x1c, 0x05, 0x59, 0x4e,
  0x2e, 0x2e, 0x4e, 0xfe, 0x50, 0x34, 0x04, 0x1d, 0x19, 0x68, 0x3f, 0x25,
  0x25, 0x3f, 0x3f, 0x25, 0x25, 0x3f, 0xf2, 0x47, 0x47, 0x00, 0x00, 0x00,
  0x00, 0x01, 0x00, 0x5a, 0x00, 0x33, 0x02, 0xe4, 0x02, 0xa0, 0x00, 0x09,
  0x00, 0x06, 0xb3, 0x04, 0x00, 0x01, 0x32, 0x2b, 0x37, 0x37, 0x27, 0x37,
  0x37, 0x17, 0x17, 0x07, 0x17, 0x27, 0xd7, 0x2f, 0xac, 0xe2, 0x62, 0x62,
  0xe4, 0xab, 0x30, 0xc8, 0x33, 0xe7, 0x98, 0x1c, 0xd2, 0xd0, 0x1d, 0x97,
  0xe8, 0x76, 0x00, 0x00, 0x00, 0x01, 0x00, 0x52, 0xff, 0xf6, 0x00, 0xfd,
  0x00, 0xa1, 0x00, 0x0b, 0x00, 0x1a, 0x40, 0x17, 0x00, 0x01, 0x01, 0x00,
  0x61, 0x02, 0x01, 0x00, 0x00, 0x1b, 0x00, 0x4e, 0x01, 0x00, 0x07, 0x05,
  0x00, 0x0b, 0x01, 0x0b, 0x03, 0x07, 0x16, 0x2b, 0x17, 0x22, 0x26, 0x35,
  0x34, 0x36, 0x33, 0x32, 0x16, 0x15, 0x14, 0x06, 0xa8, 0x26, 0x30, 0x30,
  0x26, 0x24, 0x31, 0x31, 0x0a, 0x33, 0x22, 0x24, 0x32, 0x32, 0x24, 0x23,
  0x32, 0x00, 0x00, 0x00, 0x00, 0x01, 0x00, 0x55, 0xff, 0x6f, 0x01, 0x08,
  0x00, 0xa1, 0x00, 0x0f, 0x00, 0x24, 0x40, 0x21, 0x01, 0x01, 0x01, 0x00,
  0x01, 0x4c, 0x00, 0x00, 0x01, 0x01, 0x00, 0x59, 0x00, 0x00, 0x00, 0x01,
  0x5f, 0x02, 0x01, 0x01, 0x00, 0x01, 0x4f, 0x00, 0x00, 0x00, 0x0f, 0x00,
  0x0f, 0x26, 0x03, 0x07, 0x17, 0x2b, 0x17, 0x37, 0x26, 0x26, 0x35, 0x34,
  0x36, 0x33, 0x32, 0x16, 0x15, 0x14, 0x06, 0x06, 0x07, 0x07, 0x55, 0x52,
  0x22, 0x2d, 0x32, 0x25, 0x25, 0x34, 0x16, 0x31, 0x27, 0x07, 0x91, 0x88,
  0x03, 0x30, 0x22, 0x25, 0x30, 0x30, 0x29, 0x17, 0x35, 0x4b, 0x37, 0x0b,
  0x00, 0x02, 0x00, 0x52, 0xff, 0xf6, 0x00, 0xfd, 0x02, 0x1c, 0x00, 0x0b,
  0x00, 0x17, 0x00, 0x2d, 0x40, 0x2a, 0x04, 0x01, 0x00, 0x00, 0x01, 0x61,
  0x00, 0x01, 0x01, 0x1d, 0x4d, 0x00, 0x03, 0x03, 0x02, 0x61, 0x05, 0x01,
  0x02, 0x02, 0x1b, 0x02, 0x4e, 0x0d, 0x0c, 0x01, 0x00, 0x13, 0x11, 0x0c,
  0x17, 0x0d, 0x17, 0x07, 0x05, 0x00, 0x0b, 0x01, 0x0b, 0x06, 0x07, 0x16,
  0x2b, 0x13, 0x22, 0x26, 0x35, 0x34, 0x36, 0x33, 0x32, 0x16, 0x15, 0x14,
  0x06, 0x03, 0x22, 0x26, 0x35, 0x34, 0x36, 0x33, 0x32, 0x16, 0x15, 0x14,
  0x06, 0xa8, 0x26, 0x30, 0x30, 0x26, 0x24, 0x31, 0x31, 0x24, 0x26, 0x30,
  0x30, 0x26, 0x24, 0x31, 0x31, 0x01, 0x71, 0x33, 0x23, 0x23, 0x32, 0x32,
  0x23, 0x23, 0x33, 0xfe, 0x85, 0x33, 0x22, 0x24, 0x32, 0x32, 0x24, 0x23,
  0x32, 0x00, 0x00, 0x00, 0x00, 0x02, 0x00, 0x55, 0xff, 0x70, 0x01, 0x08,
  0x02, 0x1c, 0x00, 0x0b, 0x00, 0x1b, 0x00, 0x30, 0x40, 0x2d, 0x0d, 0x01,
  0x03, 0x02, 0x01, 0x4c, 0x00, 0x02, 0x05, 0x01, 0x03, 0x02, 0x03, 0x63,
  0x04, 0x01, 0x00, 0x00, 0x01, 0x61, 0x00, 0x01, 0x01, 0x1d, 0x00, 0x4e,
  0x0c, 0x0c, 0x01, 0x00, 0x0c, 0x1b, 0x0c, 0x1b, 0x14, 0x12, 0x07, 0x05,
  0x00, 0x0b, 0x01, 0x0b, 0x06, 0x07, 0x16, 0x2b, 0x13, 0x22, 0x26, 0x35,
  0x34, 0x36, 0x33, 0x32, 0x16, 0x15, 0x14, 0x06, 0x03, 0x37, 0x26, 0x26,
  0x35, 0x34, 0x36, 0x33, 0x32, 0x16, 0x15, 0x14, 0x06, 0x06, 0x07, 0x07,
  0xad, 0x25, 0x30, 0x30, 0x25, 0x25, 0x31, 0x31, 0x7d, 0x52, 0x22, 0x2d,
  0x32, 0x25, 0x25, 0x34, 0x16, 0x31, 0x27, 0x07, 0x01, 0x71, 0x33, 0x23,
  0x23, 0x32, 0x32, 0x23, 0x23, 0x33, 0xfd, 0xff, 0x88, 0x03, 0x30, 0x22,
  0x24, 0x31, 0x30, 0x29, 0x17, 0x36, 0x4b, 0x36, 0x0b, 0x00, 0x00, 0x00,
  0x00, 0x03, 0x00, 0x58, 0xff, 0xf6, 0x03, 0x11, 0x00, 0xa1, 0x00, 0x0b,
  0x00, 0x17, 0x00, 0x23, 0x00, 0x30, 0x40, 0x2d, 0x05, 0x03, 0x02, 0x01,
  0x01, 0x00, 0x61, 0x08, 0x04, 0x07, 0x02, 0x06, 0x05, 0x00, 0x00, 0x1b,
  0x00, 0x4e, 0x19, 0x18, 0x0d, 0x0c, 0x01, 0x00, 0x1f, 0x1d, 0x18, 0x23,
  0x19, 0x23, 0x13, 0x11, 0x0c, 0x17, 0x0d, 0x17, 0x07, 0x05, 0x00, 0x0b,
  0x01, 0x0b, 0x09, 0x07, 0x16, 0x2b, 0x05, 0x22, 0x26, 0x35, 0x34, 0x36,
  0x33, 0x32, 0x16, 0x15, 0x14, 0x06, 0x33, 0x22, 0x26, 0x35, 0x34, 0x36,
  0x33, 0x32, 0x16, 0x15, 0x14, 0x06, 0x21, 0x22, 0x26, 0x35, 0x34, 0x36,
  0x33, 0x32, 0x16, 0x15, 0x14, 0x06, 0x01, 0xb5, 0x25, 0x30, 0x30, 0x25,
  0x25, 0x31, 0x31, 0xe2, 0x26, 0x30, 0x30, 0x26, 0x24, 0x31, 0x31, 0xfd,
  0xcd, 0x25, 0x30, 0x30, 0x25, 0x25, 0x31, 0x31, 0x0a, 0x33, 0x22, 0x24,
  0x32, 0x32, 0x24, 0x23, 0x32, 0x33, 0x22, 0x24, 0x32, 0x32, 0x24, 0x23,
  0x32, 0x33, 0x22, 0x24, 0x32, 0x32, 0x24, 0x23, 0x32, 0x00, 0x00, 0x00,
  0x00, 0x02, 0x00, 0x58, 0xff, 0xf7, 0x00, 0xfc, 0x02, 0xe4, 0x00, 0x03,
  0x00, 0x0f, 0x00, 0x2c, 0x40, 0x29, 0x04, 0x01, 0x01, 0x01, 0x00, 0x5f,
  0x00, 0x00, 0x00, 0x14, 0x4d, 0x00, 0x03, 0x03, 0x02, 0x61, 0x05, 0x01,
  0x02, 0x02, 0x1b, 0x02, 0x4e, 0x05, 0x04, 0x00, 0x00, 0x0b, 0x09, 0x04,
  0x0f, 0x05, 0x0f, 0x00, 0x03, 0x00, 0x03, 0x11, 0x06, 0x07, 0x17, 0x2b,
  0x37, 0x03, 0x33, 0x03, 0x07, 0x22, 0x26, 0x35, 0x34, 0x36, 0x33, 0x32,
  0x16, 0x15, 0x14, 0x06, 0x6a, 0x12, 0xa4, 0x15, 0x3d, 0x24, 0x2d, 0x2d,
  0x24, 0x23, 0x2e, 0x2e, 0xdb, 0x02, 0x09, 0xfd, 0xf7, 0xe4, 0x30, 0x21,
  0x21, 0x30, 0x30, 0x21, 0x22, 0x2f, 0x00, 0x00, 0x00, 0x02, 0x00, 0x58,
  0xff, 0x24, 0x00, 0xfc, 0x02, 0x12, 0x00, 0x0b, 0x00, 0x0f, 0x00, 0x2a,
  0x40, 0x27, 0x00, 0x02, 0x05, 0x01, 0x03, 0x02, 0x03, 0x63, 0x00, 0x01,
  0x01, 0x00, 0x61, 0x04, 0x01, 0x00, 0x00, 0x17, 0x01, 0x4e, 0x0c, 0x0c,
  0x01, 0x00, 0x0c, 0x0f, 0x0c, 0x0f, 0x0e, 0x0d, 0x07, 0x05, 0x00, 0x0b,
  0x01, 0x0b, 0x06, 0x07, 0x16, 0x2b, 0x13, 0x32, 0x16, 0x15, 0x14, 0x06,
  0x23, 0x22, 0x26, 0x35, 0x34, 0x36, 0x03, 0x13, 0x33, 0x13, 0xaa, 0x23,
  0x2e, 0x2e, 0x23, 0x24, 0x2d, 0x2d, 0x2e, 0x12, 0x7d, 0x15, 0x02, 0x12,
  0x30, 0x21, 0x22, 0x30, 0x30, 0x22, 0x21, 0x30, 0xfd, 0x12, 0x02, 0x09,
  0xfd, 0xf7, 0x00, 0x00, 0x00, 0x02, 0x00, 0x34, 0xff, 0xf6, 0x02, 0x37,
  0x02, 0xee, 0x00, 0x1d, 0x00, 0x29, 0x00, 0x3d, 0x40, 0x3a, 0x00, 0x01,
  0x00, 0x03, 0x00, 0x01, 0x03, 0x80, 0x06, 0x01, 0x03, 0x05, 0x00, 0x03,
  0x05, 0x7e, 0x00, 0x00, 0x00, 0x02, 0x61, 0x00, 0x02, 0x02, 0x1a, 0x4d,
  0x00, 0x05, 0x05, 0x04, 0x61, 0x07, 0x01, 0x04, 0x04, 0x1b, 0x04, 0x4e,
  0x1f, 0x1e, 0x00, 0x00, 0x25, 0x23, 0x1e, 0x29, 0x1f, 0x29, 0x00, 0x1d,
  0x00, 0x1d, 0x23, 0x12, 0x29, 0x08, 0x07, 0x19, 0x2b, 0x37, 0x35, 0x34,
  0x3e, 0x03, 0x35, 0x34, 0x26, 0x23, 0x22, 0x06, 0x15, 0x23, 0x34, 0x36,
  0x36, 0x33, 0x32, 0x16, 0x16, 0x15, 0x14, 0x0e, 0x03, 0x15, 0x15, 0x07,
  0x22, 0x26, 0x35, 0x34, 0x36, 0x33, 0x32, 0x16, 0x15, 0x14, 0x06, 0xe7,
  0x25, 0x36, 0x36, 0x25, 0x3d, 0x2c, 0x2b, 0x42, 0x93, 0x4b, 0x78, 0x43,
  0x44, 0x74, 0x45, 0x25, 0x37, 0x37, 0x26, 0x4b, 0x24, 0x2d, 0x2d, 0x24,
  0x23, 0x2e, 0x2e, 0xd7, 0x21, 0x2d, 0x40, 0x30, 0x2b, 0x2f, 0x1f, 0x29,
  0x32, 0x39, 0x3c, 0x55, 0x6f, 0x36, 0x36, 0x63, 0x43, 0x32, 0x47, 0x33,
  0x2a, 0x2a, 0x1a, 0x21, 0xe1, 0x30, 0x21, 0x22, 0x2f, 0x2f, 0x22, 0x21,
  0x30, 0x00, 0x00, 0x00, 0x00, 0x02, 0x00, 0x34, 0xff, 0x22, 0x02, 0x37,
  0x02, 0x1b, 0x00, 0x0b, 0x00, 0x29, 0x00, 0x6e, 0x4b, 0xb0, 0x1d, 0x50,
  0x58, 0x40, 0x26, 0x00, 0x03, 0x01, 0x05, 0x01, 0x03, 0x05, 0x80, 0x00,
  0x05, 0x04, 0x01, 0x05, 0x04, 0x7e, 0x00, 0x01, 0x01, 0x00, 0x61, 0x06,
  0x01, 0x00, 0x00, 0x1d, 0x4d, 0x00, 0x04, 0x04, 0x02, 0x62, 0x07, 0x01,
  0x02, 0x02, 0x1f, 0x02, 0x4e, 0x1b, 0x40, 0x23, 0x00, 0x03, 0x01, 0x05,
  0x01, 0x03, 0x05, 0x80, 0x00, 0x05, 0x04, 0x01, 0x05, 0x04, 0x7e, 0x00,
  0x04, 0x07, 0x01, 0x02, 0x04, 0x02, 0x66, 0x00, 0x01, 0x01, 0x00, 0x61,
  0x06, 0x01, 0x00, 0x00, 0x1d, 0x01, 0x4e, 0x59, 0x40, 0x17, 0x0d, 0x0c,
  0x01, 0x00, 0x26, 0x25, 0x23, 0x21, 0x18, 0x17, 0x0c, 0x29, 0x0d, 0x29,
  0x07, 0x05, 0x00, 0x0b, 0x01, 0x0b, 0x08, 0x07, 0x16, 0x2b, 0x01, 0x32,
  0x16, 0x15, 0x14, 0x06, 0x23, 0x22, 0x26, 0x35, 0x34, 0x36, 0x13, 0x22,
  0x26, 0x26, 0x35, 0x34, 0x3e, 0x03, 0x35, 0x35, 0x33, 0x15, 0x14, 0x0e,
  0x03, 0x15, 0x14, 0x16, 0x33, 0x32, 0x36, 0x35, 0x33, 0x14, 0x06, 0x06,
  0x01, 0x39, 0x23, 0x2e, 0x2e, 0x23, 0x23, 0x2e, 0x2e, 0x1c, 0x45, 0x73,
  0x46, 0x26, 0x37, 0x37, 0x25, 0x98, 0x25, 0x36, 0x36, 0x25, 0x3d, 0x2c,
  0x2a, 0x43, 0x92, 0x4b, 0x77, 0x02, 0x1b, 0x31, 0x21, 0x22, 0x2f, 0x2f,
  0x22, 0x21, 0x31, 0xfd, 0x07, 0x36, 0x63, 0x43, 0x32, 0x47, 0x33, 0x2a,
  0x2a, 0x1a, 0x21, 0x21, 0x2d, 0x40, 0x30, 0x2b, 0x2f, 0x1f, 0x29, 0x32,
  0x39, 0x3c, 0x55, 0x6f, 0x36, 0x00, 0x00, 0x00, 0x00, 0x01, 0x00, 0x4f,
  0x01, 0x1f, 0x00, 0xfa, 0x01, 0xc9, 0x00, 0x0b, 0x00, 0x1f, 0x40, 0x1c,
  0x00, 0x01, 0x00, 0x00, 0x01, 0x59, 0x00, 0x01, 0x01, 0x00, 0x61, 0x02,
  0x01, 0x00, 0x01, 0x00, 0x51, 0x01, 0x00, 0x07, 0x05, 0x00, 0x0b, 0x01,
  0x0b, 0x03, 0x07, 0x16, 0x2b, 0x13, 0x22, 0x26, 0x35, 0x34, 0x36, 0x33,
  0x32, 0x16, 0x15, 0x14, 0x06, 0xa4, 0x25, 0x30, 0x30, 0x25, 0x25, 0x31,
  0x31, 0x01, 0x1f, 0x32, 0x23, 0x24, 0x31, 0x31, 0x24, 0x23, 0x32, 0x00,
  0x00, 0x01, 0x00, 0x74, 0x00, 0xc8, 0x01, 0xc5, 0x02, 0x1a, 0x00, 0x0f,
  0x00, 0x1a, 0x40, 0x17, 0x02, 0x01, 0x00, 0x00, 0x01, 0x61, 0x00, 0x01,
  0x01, 0x1d, 0x00, 0x4e, 0x01, 0x00, 0x09, 0x07, 0x00, 0x0f, 0x01, 0x0f,
  0x03, 0x07, 0x16, 0x2b, 0x25, 0x22, 0x26, 0x26, 0x35, 0x34, 0x36, 0x36,
  0x33, 0x32, 0x16, 0x16, 0x15, 0x14, 0x06, 0x06, 0x01, 0x1d, 0x32, 0x4c,
  0x2b, 0x2b, 0x4c, 0x32, 0x30, 0x4c, 0x2c, 0x2c, 0x4c, 0xc8, 0x2e, 0x4d,
  0x2e, 0x2f, 0x4c, 0x2e, 0x2e, 0x4c, 0x2f, 0x2e, 0x4d, 0x2e, 0x00, 0x00,
  0x00, 0x01, 0x00, 0x28, 0x01, 0x48, 0x01, 0xd9, 0x02, 0xe4, 0x00, 0x0e,
  0x00, 0x1c, 0x40, 0x19, 0x0e, 0x0d, 0x0c, 0x0b, 0x0a, 0x09, 0x08, 0x05,
  0x04, 0x03, 0x02, 0x01, 0x0c, 0x00, 0x49, 0x00, 0x00, 0x00, 0x14, 0x00,
  0x4e, 0x16, 0x01, 0x07, 0x17, 0x2b, 0x13, 0x27, 0x37, 0x27, 0x37, 0x17,
  0x27, 0x33, 0x07, 0x37, 0x17, 0x07, 0x17, 0x07, 0x27, 0xb1, 0x58, 0x55,
  0x86, 0x21, 0x84, 0x03, 0x6c, 0x03, 0x85, 0x21, 0x86, 0x55, 0x58, 0x50,
  0x01, 0x48, 0x3f, 0x70, 0x29, 0x67, 0x2f, 0x8c, 0x8c, 0x2f, 0x67, 0x29,
  0x70, 0x3f, 0x72, 0x00, 0x00, 0x02, 0x00, 0x2e, 0x00, 0x00, 0x03, 0x1f,
  0x02, 0xe4, 0x00, 0x1b, 0x00, 0x1f, 0x00, 0x47, 0x40, 0x44, 0x07, 0x05,
  0x02, 0x03, 0x0f, 0x08, 0x02, 0x02, 0x01, 0x03, 0x02, 0x68, 0x0e, 0x09,
  0x02, 0x01, 0x0c, 0x0a, 0x02, 0x00, 0x0b, 0x01, 0x00, 0x67, 0x06, 0x01,
  0x04, 0x04, 0x14, 0x4d, 0x10, 0x0d, 0x02, 0x0b, 0x0b, 0x15, 0x0b, 0x4e,
  0x00, 0x00, 0x1f, 0x1e, 0x1d, 0x1c, 0x00, 0x1b, 0x00, 0x1b, 0x1a, 0x19,
  0x18, 0x17, 0x16, 0x15, 0x14, 0x13, 0x11, 0x11, 0x11, 0x11, 0x11, 0x11,
  0x11, 0x11, 0x11, 0x11, 0x07, 0x1f, 0x2b, 0x33, 0x37, 0x23, 0x37, 0x33,
  0x37, 0x23, 0x37, 0x33, 0x37, 0x33, 0x07, 0x33, 0x37, 0x33, 0x07, 0x33,
  0x07, 0x23, 0x07, 0x33, 0x07, 0x23, 0x07, 0x23, 0x37, 0x23, 0x07, 0x13,
  0x33, 0x37, 0x23, 0x99, 0x24, 0x8f, 0x1b, 0x8d, 0x1c, 0x8c, 0x1b, 0x8a,
  0x23, 0x7f, 0x23, 0x8a, 0x23, 0x7e, 0x23, 0x8d, 0x1b, 0x8c, 0x1b, 0x8a,
  0x1b, 0x89, 0x23, 0x7e, 0x23, 0x8a, 0x23, 0x3d, 0x89, 0x1c, 0x8a, 0xaf,
  0x7f, 0x89, 0x7f, 0xae, 0xae, 0xae, 0xae, 0x7f, 0x89, 0x7f, 0xaf, 0xaf,
  0xaf, 0x01, 0x2e, 0x89, 0x00, 0x01, 0x00, 0x22, 0xff, 0x4b, 0x02, 0x07,
  0x03, 0x3d, 0x00, 0x03, 0x00, 0x2e, 0x4b, 0xb0, 0x23, 0x50, 0x58, 0x40,
  0x0c, 0x00, 0x00, 0x01, 0x00, 0x85, 0x02, 0x01, 0x01, 0x01, 0x19, 0x01,
  0x4e, 0x1b, 0x40, 0x0a, 0x00, 0x00, 0x01, 0x00, 0x85, 0x02, 0x01, 0x01,
  0x01, 0x76, 0x59, 0x40, 0x0a, 0x00, 0x00, 0x00, 0x03, 0x00, 0x03, 0x11,
  0x03, 0x07, 0x17, 0x2b, 0x17, 0x01, 0x33, 0x01, 0x22, 0x01, 0x5c, 0x89,
  0xfe, 0xa4, 0xb5, 0x03, 0xf2, 0xfc, 0x0e, 0x00, 0x00, 0x01, 0x00, 0x0c,
  0xff, 0x4b, 0x01, 0xf1, 0x03, 0x3d, 0x00, 0x03, 0x00, 0x26, 0x4b, 0xb0,
  0x23, 0x50, 0x58, 0x40, 0x0b, 0x00, 0x01, 0x00, 0x01, 0x85, 0x00, 0x00,
  0x00, 0x19, 0x00, 0x4e, 0x1b, 0x40, 0x09, 0x00, 0x01, 0x00, 0x01, 0x85,
  0x00, 0x00, 0x00, 0x76, 0x59, 0xb4, 0x11, 0x10, 0x02, 0x07, 0x18, 0x2b,
  0x05, 0x23, 0x01, 0x33, 0x01, 0xf1, 0x89, 0xfe, 0xa4, 0x88, 0xb5, 0x03,
  0xf2, 0x00, 0x00, 0x00, 0x00, 0x02, 0x00, 0x52, 0x00, 0x5f, 0x00, 0xfd,
  0x02, 0x85, 0x00, 0x0b, 0x00, 0x17, 0x00, 0x30, 0x40, 0x2d, 0x00, 0x01,
  0x04, 0x01, 0x00, 0x03, 0x01, 0x00, 0x69, 0x00, 0x03, 0x02, 0x02, 0x03,
  0x59, 0x00, 0x03, 0x03, 0x02, 0x61, 0x05, 0x01, 0x02, 0x03, 0x02, 0x51,
  0x0d, 0x0c, 0x01, 0x00, 0x13, 0x11, 0x0c, 0x17, 0x0d, 0x17, 0x07, 0x05,
  0x00, 0x0b, 0x01, 0x0b, 0x06, 0x07, 0x16, 0x2b, 0x13, 0x22, 0x26, 0x35,
  0x34, 0x36, 0x33, 0x32, 0x16, 0x15, 0x14, 0x06, 0x03, 0x22, 0x26, 0x35,
  0x34, 0x36, 0x33, 0x32, 0x16, 0x15, 0x14, 0x06, 0xa8, 0x26, 0x30, 0x30,
  0x26, 0x24, 0x31, 0x31, 0x24, 0x26, 0x30, 0x30, 0x26, 0x24, 0x31, 0x31,
  0x01, 0xda, 0x33, 0x22, 0x24, 0x32, 0x32, 0x24, 0x23, 0x32, 0xfe, 0x85,
  0x32, 0x23, 0x24, 0x32, 0x32, 0x24, 0x23, 0x32, 0x00, 0x01, 0x00, 0x74,
  0x00, 0xfc, 0x01, 0xeb, 0x01, 0x74, 0x00, 0x03, 0x00, 0x1e, 0x40, 0x1b,
  0x00, 0x00, 0x01, 0x01, 0x00, 0x57, 0x00, 0x00, 0x00, 0x01, 0x5f, 0x02,
  0x01, 0x01, 0x00, 0x01, 0x4f, 0x00, 0x00, 0x00, 0x03, 0x00, 0x03, 0x11,
  0x03, 0x07, 0x17, 0x2b, 0x37, 0x35, 0x21, 0x15, 0x74, 0x01, 0x77, 0xfc,
  0x78, 0x78, 0x00, 0x00, 0x00, 0x01, 0x00, 0x74, 0x00, 0xfc, 0x01, 0xeb,
  0x01, 0x74, 0x00, 0x03, 0x00, 0x1e, 0x40, 0x1b, 0x00, 0x00, 0x01, 0x01,
  0x00, 0x57, 0x00, 0x00, 0x00, 0x01, 0x5f, 0x02, 0x01, 0x01, 0x00, 0x01,
  0x4f, 0x00, 0x00, 0x00, 0x03, 0x00, 0x03, 0x11, 0x03, 0x07, 0x17, 0x2b,
  0x37, 0x35, 0x21, 0x15, 0x74, 0x01, 0x77, 0xfc, 0x78, 0x78, 0x00, 0x00,
  0x00, 0x01, 0x00, 0x74, 0x00, 0xfc, 0x02, 0x4c, 0x01, 0x74, 0x00, 0x03,
  0x00, 0x1e, 0x40, 0x1b, 0x00, 0x00, 0x01, 0x01, 0x00, 0x57, 0x00, 0x00,
  0x00, 0x01, 0x5f, 0x02, 0x01, 0x01, 0x00, 0x01, 0x4f, 0x00, 0x00, 0x00,
  0x03, 0x00, 0x03, 0x11, 0x03, 0x07, 0x17, 0x2b, 0x37, 0x35, 0x21, 0x15,
  0x74, 0x01, 0xd8, 0xfc, 0x78, 0x78, 0x00, 0x00, 0x00, 0x01, 0x00, 0x74,
  0x00, 0xfc, 0x02, 0xf0, 0x01, 0x74, 0x00, 0x03, 0x00, 0x1e, 0x40, 0x1b,
  0x00, 0x00, 0x01, 0x01, 0x00, 0x57, 0x00, 0x00, 0x00, 0x01, 0x5f, 0x02,
  0x01, 0x01, 0x00, 0x01, 0x4f, 0x00, 0x00, 0x00, 0x03, 0x00, 0x03, 0x11,
  0x03, 0x07, 0x17, 0x2b, 0x37, 0x35, 0x21, 0x15, 0x74, 0x02, 0x7c, 0xfc,
  0x78, 0x78, 0x00, 0x00, 0x00, 0x01, 0x00, 0x74, 0xff, 0x9a, 0x02, 0x6b,
  0x00, 0x00, 0x00, 0x03, 0x00, 0x26, 0xb1, 0x06, 0x64, 0x44, 0x40, 0x1b,
  0x00, 0x00, 0x01, 0x01, 0x00, 0x57, 0x00, 0x00, 0x00, 0x01, 0x5f, 0x02,
  0x01, 0x01, 0x00, 0x01, 0x4f, 0x00, 0x00, 0x00, 0x03, 0x00, 0x03, 0x11,
  0x03, 0x07, 0x17, 0x2b, 0xb1, 0x06, 0x00, 0x44, 0x17, 0x35, 0x21, 0x15,
  0x74, 0x01, 0xf7, 0x66, 0x66, 0x66, 0x00, 0x00, 0x00, 0x01, 0x00, 0x28,
  0xff, 0x1f, 0x01, 0xa1, 0x03, 0x3f, 0x00, 0x15, 0x00, 0x06, 0xb3, 0x0a,
  0x00, 0x01, 0x32, 0x2b, 0x05, 0x2e, 0x03, 0x35, 0x34, 0x3e, 0x02, 0x37,
  0x15, 0x0e, 0x03, 0x15, 0x14, 0x1e, 0x02, 0x17, 0x01, 0xa1, 0x5c, 0x8c,
  0x60, 0x31, 0x31, 0x60, 0x8c, 0x5c, 0x31, 0x52, 0x3b, 0x21, 0x21, 0x3b,
  0x52, 0x31, 0xe1, 0x0b, 0x5e, 0x93, 0xb4, 0x60, 0x60, 0xb4, 0x93, 0x5e,
  0x0b, 0x8a, 0x09, 0x47, 0x6c, 0x84, 0x46, 0x46, 0x84, 0x6c, 0x47, 0x09,
  0x00, 0x01, 0x00, 0x25, 0xff, 0x1f, 0x01, 0x9d, 0x03, 0x3f, 0x00, 0x15,
  0x00, 0x06, 0xb3, 0x0a, 0x00, 0x01, 0x32, 0x2b, 0x13, 0x1e, 0x03, 0x15,
  0x14, 0x0e, 0x02, 0x07, 0x35, 0x3e, 0x03, 0x35, 0x34, 0x2e, 0x02, 0x27,
  0x25, 0x5b, 0x8d, 0x5f, 0x31, 0x31, 0x5f, 0x8d, 0x5b, 0x31, 0x51, 0x3c,
  0x20, 0x20, 0x3c, 0x51, 0x31, 0x03, 0x3f, 0x0b, 0x5e, 0x93, 0xb4, 0x60,
  0x60, 0xb4, 0x93, 0x5e, 0x0b, 0x8a, 0x09, 0x47, 0x6c, 0x84, 0x46, 0x46,
  0x84, 0x6c, 0x47, 0x09, 0x00, 0x01, 0x00, 0x1a, 0xff, 0x2b, 0x01, 0xb8,
  0x03, 0x54, 0x00, 0x21, 0x00, 0x65, 0xb5, 0x18, 0x01, 0x01, 0x02, 0x01,
  0x4c, 0x4b, 0xb0, 0x1b, 0x50, 0x58, 0x40, 0x1c, 0x00, 0x03, 0x00, 0x04,
  0x02, 0x03, 0x04, 0x67, 0x00, 0x02, 0x00, 0x01, 0x05, 0x02, 0x01, 0x69,
  0x00, 0x05, 0x05, 0x00, 0x5f, 0x06, 0x01, 0x00, 0x00, 0x19, 0x00, 0x4e,
  0x1b, 0x40, 0x21, 0x00, 0x03, 0x00, 0x04, 0x02, 0x03, 0x04, 0x67, 0x00,
  0x02, 0x00, 0x01, 0x05, 0x02, 0x01, 0x69, 0x00, 0x05, 0x00, 0x00, 0x05,
  0x57, 0x00, 0x05, 0x05, 0x00, 0x5f, 0x06, 0x01, 0x00, 0x05, 0x00, 0x4f,
  0x59, 0x40, 0x13, 0x01, 0x00, 0x20, 0x1e, 0x13, 0x11, 0x10, 0x0e, 0x0a,
  0x08, 0x07, 0x05, 0x00, 0x21, 0x01, 0x21, 0x07, 0x07, 0x16, 0x2b, 0x05,
  0x22, 0x26, 0x35, 0x35, 0x34, 0x23, 0x23, 0x35, 0x33, 0x32, 0x35, 0x35,
  0x34, 0x36, 0x33, 0x33, 0x15, 0x23, 0x22, 0x15, 0x15, 0x14, 0x06, 0x07,
  0x15, 0x16, 0x16, 0x15, 0x15, 0x14, 0x33, 0x33, 0x15, 0x01, 0x4c, 0x61,
  0x67, 0x3e, 0x2c, 0x2c, 0x3e, 0x67, 0x61, 0x6c, 0x5a, 0x3f, 0x20, 0x30,
  0x30, 0x20, 0x3f, 0x5a, 0xd5, 0x67, 0x61, 0xce, 0x3e, 0x81, 0x3f, 0xce,
  0x60, 0x67, 0x82, 0x3e, 0xd5, 0x34, 0x39, 0x0f, 0x06, 0x10, 0x3a, 0x33,
  0xd4, 0x3e, 0x83, 0x00, 0x00, 0x01, 0x00, 0x28, 0xff, 0x2b, 0x01, 0xc6,
  0x03, 0x54, 0x00, 0x21, 0x00, 0x65, 0xb5, 0x18, 0x01, 0x02, 0x01, 0x01,
  0x4c, 0x4b, 0xb0, 0x1b, 0x50, 0x58, 0x40, 0x1c, 0x06, 0x01, 0x00, 0x00,
  0x05, 0x01, 0x00, 0x05, 0x67, 0x00, 0x01, 0x00, 0x02, 0x04, 0x01, 0x02,
  0x69, 0x00, 0x04, 0x04, 0x03, 0x5f, 0x00, 0x03, 0x03, 0x19, 0x03, 0x4e,
  0x1b, 0x40, 0x21, 0x06, 0x01, 0x00, 0x00, 0x05, 0x01, 0x00, 0x05, 0x67,
  0x00, 0x01, 0x00, 0x02, 0x04, 0x01, 0x02, 0x69, 0x00, 0x04, 0x03, 0x03,
  0x04, 0x57, 0x00, 0x04, 0x04, 0x03, 0x5f, 0x00, 0x03, 0x04, 0x03, 0x4f,
  0x59, 0x40, 0x13, 0x01, 0x00, 0x20, 0x1e, 0x13, 0x11, 0x10, 0x0e, 0x0a,
  0x08, 0x07, 0x05, 0x00, 0x21, 0x01, 0x21, 0x07, 0x07, 0x16, 0x2b, 0x13,
  0x32, 0x16, 0x15, 0x15, 0x14, 0x33, 0x33, 0x15, 0x23, 0x22, 0x15, 0x15,
  0x14, 0x06, 0x23, 0x23, 0x35, 0x33, 0x32, 0x35, 0x35, 0x34, 0x36, 0x37,
  0x35, 0x26, 0x26, 0x35, 0x35, 0x34, 0x23, 0x23, 0x35, 0x94, 0x61, 0x67,
  0x3e, 0x2c, 0x2c, 0x3e, 0x67, 0x61, 0x6c, 0x5a, 0x3f, 0x20, 0x30, 0x30,
  0x20, 0x3f, 0x5a, 0x03, 0x54, 0x67, 0x60, 0xce, 0x3f, 0x81, 0x3e, 0xce,
  0x61, 0x67, 0x83, 0x3e, 0xd4, 0x35, 0x38, 0x10, 0x06, 0x10, 0x3a, 0x32,
  0xd5, 0x3e, 0x82, 0x00, 0x00, 0x01, 0x00, 0x44, 0xff, 0x2b, 0x01, 0x9c,
  0x03, 0x54, 0x00, 0x07, 0x00, 0x47, 0x4b, 0xb0, 0x1b, 0x50, 0x58, 0x40,
  0x14, 0x00, 0x00, 0x00, 0x01, 0x02, 0x00, 0x01, 0x67, 0x00, 0x02, 0x02,
  0x03, 0x5f, 0x04, 0x01, 0x03, 0x03, 0x19, 0x03, 0x4e, 0x1b, 0x40, 0x19,
  0x00, 0x00, 0x00, 0x01, 0x02, 0x00, 0x01, 0x67, 0x00, 0x02, 0x03, 0x03,
  0x02, 0x57, 0x00, 0x02, 0x02, 0x03, 0x5f, 0x04, 0x01, 0x03, 0x02, 0x03,
  0x4f, 0x59, 0x40, 0x0c, 0x00, 0x00, 0x00, 0x07, 0x00, 0x07, 0x11, 0x11,
  0x11, 0x05, 0x07, 0x19, 0x2b, 0x17, 0x11, 0x21, 0x15, 0x23, 0x11, 0x33,
  0x15, 0x44, 0x01, 0x58, 0xbd, 0xbd, 0xd5, 0x04, 0x29, 0x82, 0xfc, 0xdc,
  0x83, 0x00, 0x00, 0x00, 0x00, 0x01, 0x00, 0x5c, 0xff, 0x2b, 0x01, 0xb4,
  0x03, 0x54, 0x00, 0x07, 0x00, 0x47, 0x4b, 0xb0, 0x1b, 0x50, 0x58, 0x40,
  0x14, 0x04, 0x01, 0x03, 0x00, 0x02, 0x01, 0x03, 0x02, 0x67, 0x00, 0x01,
  0x01, 0x00, 0x5f, 0x00, 0x00, 0x00, 0x19, 0x00, 0x4e, 0x1b, 0x40, 0x19,
  0x04, 0x01, 0x03, 0x00, 0x02, 0x01, 0x03, 0x02, 0x67, 0x00, 0x01, 0x00,
  0x00, 0x01, 0x57, 0x00, 0x01, 0x01, 0x00, 0x5f, 0x00, 0x00, 0x01, 0x00,
  0x4f, 0x59, 0x40, 0x0c, 0x00, 0x00, 0x00, 0x07, 0x00, 0x07, 0x11, 0x11,
  0x11, 0x05, 0x07, 0x19, 0x2b, 0x01, 0x11, 0x21, 0x35, 0x33, 0x11, 0x23,
  0x35, 0x01, 0xb4, 0xfe, 0xa8, 0xbd, 0xbd, 0x03, 0x54, 0xfb, 0xd7, 0x83,
  0x03, 0x24, 0x82, 0x00, 0x00, 0x01, 0x00, 0x30, 0xff, 0x4a, 0x01, 0xa9,
  0x03, 0x69, 0x00, 0x15, 0x00, 0x06, 0xb3, 0x0a, 0x00, 0x01, 0x32, 0x2b,
  0x05, 0x2e, 0x03, 0x35, 0x34, 0x3e, 0x02, 0x37, 0x15, 0x0e, 0x03, 0x15,
  0x14, 0x1e, 0x02, 0x17, 0x01, 0xa9, 0x5b, 0x8d, 0x60, 0x31, 0x31, 0x60,
  0x8d, 0x5b, 0x37, 0x52, 0x37, 0x1c, 0x1c, 0x37, 0x52, 0x37, 0xb6, 0x0a,
  0x5f, 0x92, 0xb4, 0x60, 0x61, 0xb4, 0x92, 0x5e, 0x0b, 0x8a, 0x09, 0x49,
  0x6d, 0x83, 0x44, 0x44, 0x83, 0x6d, 0x48, 0x0a, 0x00, 0x01, 0x00, 0x25,
  0xff, 0x4a, 0x01, 0x9d, 0x03, 0x69, 0x00, 0x15, 0x00, 0x06, 0xb3, 0x0a,
  0x00, 0x01, 0x32, 0x2b, 0x13, 0x1e, 0x03, 0x15, 0x14, 0x0e, 0x02, 0x07,
  0x35, 0x3e, 0x03, 0x35, 0x34, 0x2e, 0x02, 0x27, 0x25, 0x5b, 0x8d, 0x5f,
  0x31, 0x31, 0x5f, 0x8d, 0x5b, 0x37, 0x52, 0x37, 0x1b, 0x1b, 0x37, 0x52,
  0x37, 0x03, 0x69, 0x0b, 0x5e, 0x93, 0xb4, 0x60, 0x60, 0xb4, 0x93, 0x5e,
  0x0a, 0x89, 0x0a, 0x48, 0x6d, 0x83, 0x44, 0x44, 0x83, 0x6d, 0x49, 0x09,
  0x00, 0x01, 0x00, 0x1a, 0xff, 0x45, 0x01, 0xb8, 0x03, 0x6e, 0x00, 0x21,
  0x00, 0x38, 0x40, 0x35, 0x18, 0x01, 0x01, 0x02, 0x01, 0x4c, 0x00, 0x03,
  0x00, 0x04, 0x02, 0x03, 0x04, 0x67, 0x00, 0x02, 0x00, 0x01, 0x05, 0x02,
  0x01, 0x69, 0x00, 0x05, 0x05, 0x00, 0x5f, 0x06, 0x01, 0x00, 0x00, 0x19,
  0x00, 0x4e, 0x01, 0x00, 0x20, 0x1e, 0x13, 0x11, 0x10, 0x0e, 0x0a, 0x08,
  0x07, 0x05, 0x00, 0x21, 0x01, 0x21, 0x07, 0x07, 0x16, 0x2b, 0x05, 0x22,
  0x26, 0x35, 0x35, 0x34, 0x23, 0x23, 0x35, 0x33, 0x32, 0x35, 0x35, 0x34,
  0x36, 0x33, 0x33, 0x15, 0x23, 0x22, 0x15, 0x15, 0x14, 0x06, 0x07, 0x15,
  0x16, 0x16, 0x15, 0x15, 0x14, 0x33, 0x33, 0x15, 0x01, 0x4c, 0x61, 0x67,
  0x3e, 0x2c, 0x2c, 0x3e, 0x67, 0x61, 0x6c, 0x5a, 0x3f, 0x20, 0x30, 0x30,
  0x20, 0x3f, 0x5a, 0xbb, 0x67, 0x61, 0xce, 0x3e, 0x81, 0x3f, 0xce, 0x60,
  0x67, 0x82, 0x3e, 0xd5, 0x34, 0x39, 0x0f, 0x06, 0x10, 0x3a, 0x33, 0xd4,
  0x3e, 0x83, 0x00, 0x00, 0x00, 0x01, 0x00, 0x28, 0xff, 0x45, 0x01, 0xc6,
  0x03, 0x6e, 0x00, 0x21, 0x00, 0x38, 0x40, 0x35, 0x18, 0x01, 0x02, 0x01,
  0x01, 0x4c, 0x06, 0x01, 0x00, 0x00, 0x05, 0x01, 0x00, 0x05, 0x67, 0x00,
  0x01, 0x00, 0x02, 0x04, 0x01, 0x02, 0x69, 0x00, 0x04, 0x04, 0x03, 0x5f,
  0x00, 0x03, 0x03, 0x19, 0x03, 0x4e, 0x01, 0x00, 0x20, 0x1e, 0x13, 0x11,
  0x10, 0x0e, 0x0a, 0x08, 0x07, 0x05, 0x00, 0x21, 0x01, 0x21, 0x07, 0x07,
  0x16, 0x2b, 0x13, 0x32, 0x16, 0x15, 0x15, 0x14, 0x33, 0x33, 0x15, 0x23,
  0x22, 0x15, 0x15, 0x14, 0x06, 0x23, 0x23, 0x35, 0x33, 0x32, 0x35, 0x35,
  0x34, 0x36, 0x37, 0x35, 0x26, 0x26, 0x35, 0x35, 0x34, 0x23, 0x23, 0x35,
  0x94, 0x61, 0x67, 0x3e, 0x2c, 0x2c, 0x3e, 0x67, 0x61, 0x6c, 0x5a, 0x3f,
  0x20, 0x30, 0x30, 0x20, 0x3f, 0x5a, 0x03, 0x6e, 0x67, 0x60, 0xce, 0x3f,
  0x81, 0x3e, 0xce, 0x61, 0x67, 0x83, 0x3e, 0xd4, 0x35, 0x38, 0x10, 0x06,
  0x10, 0x3a, 0x32, 0xd5, 0x3e, 0x82, 0x00, 0x00, 0x00, 0x01, 0x00, 0x5c,
  0xff, 0x45, 0x01, 0xb4, 0x03, 0x6e, 0x00, 0x07, 0x00, 0x23, 0x40, 0x20,
  0x00, 0x00, 0x00, 0x01, 0x02, 0x00, 0x01, 0x67, 0x00, 0x02, 0x02, 0x03,
  0x5f, 0x04, 0x01, 0x03, 0x03, 0x19, 0x03, 0x4e, 0x00, 0x00, 0x00, 0x07,
  0x00, 0x07, 0x11, 0x11, 0x11, 0x05, 0x07, 0x19, 0x2b, 0x17, 0x11, 0x21,
  0x15, 0x23, 0x11, 0x33, 0x15, 0x5c, 0x01, 0x58, 0xbd, 0xbd, 0xbb, 0x04,
  0x29, 0x82, 0xfc, 0xdc, 0x83, 0x00, 0x00, 0x00, 0x00, 0x01, 0x00, 0x5c,
  0xff, 0x45, 0x01, 0xb4, 0x03, 0x6e, 0x00, 0x07, 0x00, 0x23, 0x40, 0x20,
  0x04, 0x01, 0x03, 0x00, 0x02, 0x01, 0x03, 0x02, 0x67, 0x00, 0x01, 0x01,
  0x00, 0x5f, 0x00, 0x00, 0x00, 0x19, 0x00, 0x4e, 0x00, 0x00, 0x00, 0x07,
  0x00, 0x07, 0x11, 0x11, 0x11, 0x05, 0x07, 0x19, 0x2b, 0x01, 0x11, 0x21,
  0x35, 0x33, 0x11, 0x23, 0x35, 0x01, 0xb4, 0xfe, 0xa8, 0xbd, 0xbd, 0x03,
  0x6e, 0xfb, 0xd7, 0x83, 0x03, 0x24, 0x82, 0x00, 0x00, 0x01, 0x00, 0x54,
  0xff, 0x6f, 0x01, 0x08, 0x00, 0xa1, 0x00, 0x0f, 0x00, 0x24, 0x40, 0x21,
  0x01, 0x01, 0x01, 0x00, 0x01, 0x4c, 0x00, 0x00, 0x01, 0x01, 0x00, 0x59,
  0x00, 0x00, 0x00, 0x01, 0x5f, 0x02, 0x01, 0x01, 0x00, 0x01, 0x4f, 0x00,
  0x00, 0x00, 0x0f, 0x00, 0x0f, 0x26, 0x03, 0x07, 0x17, 0x2b, 0x17, 0x37,
  0x26, 0x26, 0x35, 0x34, 0x36, 0x33, 0x32, 0x16, 0x15, 0x14, 0x06, 0x06,
  0x07, 0x07, 0x54, 0x53, 0x23, 0x2c, 0x31, 0x25, 0x26, 0x34, 0x17, 0x30,
  0x27, 0x08, 0x91, 0x88, 0x03, 0x30, 0x22, 0x25, 0x30, 0x30, 0x29, 0x17,
  0x35, 0x4b, 0x37, 0x0b, 0x00, 0x02, 0x00, 0x55, 0xff, 0x6f, 0x01, 0xe2,
  0x00, 0xa1, 0x00, 0x0f, 0x00, 0x1f, 0x00, 0x31, 0x40, 0x2e, 0x11, 0x01,
  0x02, 0x01, 0x00, 0x01, 0x4c, 0x02, 0x01, 0x00, 0x01, 0x01, 0x00, 0x59,
  0x02, 0x01, 0x00, 0x00, 0x01, 0x5f, 0x05, 0x03, 0x04, 0x03, 0x01, 0x00,
  0x01, 0x4f, 0x10, 0x10, 0x00, 0x00, 0x10, 0x1f, 0x10, 0x1f, 0x18, 0x16,
  0x00, 0x0f, 0x00, 0x0f, 0x26, 0x06, 0x07, 0x17, 0x2b, 0x05, 0x37, 0x26,
  0x26, 0x35, 0x34, 0x36, 0x33, 0x32, 0x16, 0x15, 0x14, 0x06, 0x06, 0x07,
  0x07, 0x21, 0x37, 0x26, 0x26, 0x35, 0x34, 0x36, 0x33, 0x32, 0x16, 0x15,
  0x14, 0x06, 0x06, 0x07, 0x07, 0x01, 0x2e, 0x53, 0x23, 0x2c, 0x31, 0x25,
  0x26, 0x34, 0x17, 0x30, 0x27, 0x08, 0xfe, 0xe9, 0x52, 0x22, 0x2d, 0x32,
  0x25, 0x25, 0x34, 0x16, 0x31, 0x27, 0x07, 0x91, 0x88, 0x03, 0x30, 0x22,
  0x25, 0x30, 0x30, 0x29, 0x17, 0x35, 0x4b, 0x37, 0x0b, 0x88, 0x03, 0x30,
  0x22, 0x25, 0x30, 0x30, 0x29, 0x17, 0x35, 0x4b, 0x37, 0x0b, 0x00, 0x00,
  0x00, 0x02, 0x00, 0x05, 0x01, 0xb3, 0x01, 0x92, 0x02, 0xe4, 0x00, 0x0f,
  0x00, 0x1f, 0x00, 0x2a, 0x40, 0x27, 0x03, 0x01, 0x00, 0x04, 0x01, 0x01,
  0x00, 0x01, 0x66, 0x07, 0x05, 0x06, 0x03, 0x02, 0x02, 0x14, 0x02, 0x4e,
  0x10, 0x10, 0x00, 0x00, 0x10, 0x1f, 0x10, 0x1f, 0x18, 0x16, 0x12, 0x11,
  0x00, 0x0f, 0x00, 0x0f, 0x24, 0x11, 0x08, 0x07, 0x18, 0x2b, 0x13, 0x07,
  0x16, 0x16, 0x15, 0x14, 0x06, 0x23, 0x22, 0x26, 0x35, 0x34, 0x36, 0x36,
  0x37, 0x37, 0x21, 0x07, 0x16, 0x16, 0x15, 0x14, 0x06, 0x23, 0x22, 0x26,
  0x35, 0x34, 0x36, 0x36, 0x37, 0x37, 0xb8, 0x52, 0x22, 0x2d, 0x32, 0x25,
  0x25, 0x34, 0x16, 0x31, 0x27, 0x07, 0x01, 0x18, 0x53, 0x23, 0x2c, 0x31,
  0x25, 0x26, 0x33, 0x16, 0x30, 0x27, 0x08, 0x02, 0xe4, 0x88, 0x02, 0x31,
  0x22, 0x24, 0x30, 0x30, 0x29, 0x16, 0x36, 0x4b, 0x36, 0x0b, 0x88, 0x02,
  0x31, 0x22, 0x24, 0x30, 0x30, 0x29, 0x16, 0x36, 0x4b, 0x36, 0x0b, 0x00,
  0x00, 0x02, 0x00, 0x2a, 0x01, 0xbd, 0x01, 0xb7, 0x02, 0xee, 0x00, 0x0f,
  0x00, 0x1f, 0x00, 0x2d, 0x40, 0x2a, 0x07, 0x05, 0x06, 0x03, 0x02, 0x00,
  0x02, 0x86, 0x03, 0x01, 0x00, 0x00, 0x01, 0x61, 0x04, 0x01, 0x01, 0x01,
  0x1a, 0x00, 0x4e, 0x10, 0x10, 0x00, 0x00, 0x10, 0x1f, 0x10, 0x1f, 0x18,
  0x16, 0x12, 0x11, 0x00, 0x0f, 0x00, 0x0f, 0x24, 0x11, 0x08, 0x07, 0x18,
  0x2b, 0x01, 0x37, 0x26, 0x26, 0x35, 0x34, 0x36, 0x33, 0x32, 0x16, 0x15,
  0x14, 0x06, 0x06, 0x07, 0x07, 0x21, 0x37, 0x26, 0x26, 0x35, 0x34, 0x36,
  0x33, 0x32, 0x16, 0x15, 0x14, 0x06, 0x06, 0x07, 0x07, 0x01, 0x04, 0x53,
  0x23, 0x2c, 0x31, 0x25, 0x26, 0x33, 0x16, 0x30, 0x27, 0x08, 0xfe, 0xe8,
  0x53, 0x23, 0x2c, 0x31, 0x26, 0x25, 0x34, 0x16, 0x31, 0x27, 0x08, 0x01,
  0xbd, 0x88, 0x02, 0x30, 0x22, 0x25, 0x30, 0x30, 0x29, 0x17, 0x35, 0x4b,
  0x37, 0x0a, 0x88, 0x02, 0x30, 0x22, 0x25, 0x30, 0x30, 0x29, 0x17, 0x35,
  0x4b, 0x37, 0x0a, 0x00, 0x00, 0x01, 0x00, 0x24, 0x01, 0xb3, 0x00, 0xd8,
  0x02, 0xe4, 0x00, 0x0f, 0x00, 0x1c, 0x40, 0x19, 0x00, 0x00, 0x00, 0x01,
  0x00, 0x01, 0x66, 0x03, 0x01, 0x02, 0x02, 0x14, 0x02, 0x4e, 0x00, 0x00,
  0x00, 0x0f, 0x00, 0x0f, 0x24, 0x11, 0x04, 0x07, 0x18, 0x2b, 0x13, 0x07,
  0x16, 0x16, 0x15, 0x14, 0x06, 0x23, 0x22, 0x26, 0x35, 0x34, 0x36, 0x36,
  0x37, 0x37, 0xd8, 0x53, 0x23, 0x2c, 0x31, 0x25, 0x26, 0x34, 0x17, 0x30,
  0x27, 0x08, 0x02, 0xe4, 0x88, 0x02, 0x31, 0x22, 0x24, 0x30, 0x30, 0x29,
  0x16, 0x36, 0x4b, 0x36, 0x0b, 0x00, 0x00, 0x00, 0x00, 0x01, 0x00, 0x22,
  0x01, 0xbd, 0x00, 0xd6, 0x02, 0xee, 0x00, 0x0f, 0x00, 0x1f, 0x40, 0x1c,
  0x03, 0x01, 0x02, 0x00, 0x02, 0x86, 0x00, 0x00, 0x00, 0x01, 0x61, 0x00,
  0x01, 0x01, 0x1a, 0x00, 0x4e, 0x00, 0x00, 0x00, 0x0f, 0x00, 0x0f, 0x24,
  0x11, 0x04, 0x07, 0x18, 0x2b, 0x13, 0x37, 0x26, 0x26, 0x35, 0x34, 0x36,
  0x33, 0x32, 0x16, 0x15, 0x14, 0x06, 0x06, 0x07, 0x07, 0x22, 0x53, 0x23,
  0x2c, 0x31, 0x26, 0x25, 0x34, 0x16, 0x31, 0x27, 0x08, 0x01, 0xbd, 0x88,
  0x02, 0x30, 0x22, 0x25, 0x30, 0x30, 0x29, 0x17, 0x35, 0x4b, 0x37, 0x0a,
  0x00, 0x02, 0x00, 0x25, 0x00, 0x5a, 0x02, 0xc1, 0x02, 0x11, 0x00, 0x05,
  0x00, 0x0b, 0x00, 0x2d, 0x40, 0x2a, 0x0a, 0x07, 0x04, 0x01, 0x04, 0x01,
  0x00, 0x01, 0x4c, 0x05, 0x03, 0x04, 0x03, 0x01, 0x01, 0x00, 0x5f, 0x02,
  0x01, 0x00, 0x00, 0x17, 0x01, 0x4e, 0x06, 0x06, 0x00, 0x00, 0x06, 0x0b,
  0x06, 0x0b, 0x09, 0x08, 0x00, 0x05, 0x00, 0x05, 0x12, 0x06, 0x07, 0x17,
  0x2b, 0x25, 0x27, 0x37, 0x33, 0x07, 0x17, 0x21, 0x27, 0x37, 0x33, 0x07,
  0x17, 0x02, 0x22, 0xd8, 0xd8, 0x9f, 0xd5, 0xd5, 0xfe, 0x3c, 0xd8, 0xd8,
  0x9f, 0xd4, 0xd4, 0x5a, 0xdb, 0xdc, 0xdd, 0xda, 0xdb, 0xdc, 0xdd, 0xda,
  0x00, 0x02, 0x00, 0x25, 0x00, 0x5a, 0x02, 0xc1, 0x02, 0x11, 0x00, 0x05,
  0x00, 0x0b, 0x00, 0x2d, 0x40, 0x2a, 0x0a, 0x07, 0x04, 0x01, 0x04, 0x01,
  0x00, 0x01, 0x4c, 0x05, 0x03, 0x04, 0x03, 0x01, 0x01, 0x00, 0x5f, 0x02,
  0x01, 0x00, 0x00, 0x17, 0x01, 0x4e, 0x06, 0x06, 0x00, 0x00, 0x06, 0x0b,
  0x06, 0x0b, 0x09, 0x08, 0x00, 0x05, 0x00, 0x05, 0x12, 0x06, 0x07, 0x17,
  0x2b, 0x25, 0x37, 0x27, 0x33, 0x17, 0x07, 0x21, 0x37, 0x27, 0x33, 0x17,
  0x07, 0x01, 0x4a, 0xd4, 0xd4, 0x9e, 0xd9, 0xd9, 0xfe, 0x3d, 0xd5, 0xd5,
  0x9f, 0xd8, 0xd8, 0x5a, 0xda, 0xdd, 0xdc, 0xdb, 0xda, 0xdd, 0xdc, 0xdb,
  0x00, 0x01, 0x00, 0x22, 0x00, 0x5a, 0x01, 0x99, 0x02, 0x11, 0x00, 0x05,
  0x00, 0x20, 0x40, 0x1d, 0x04, 0x01, 0x02, 0x00, 0x01, 0x01, 0x4c, 0x00,
  0x00, 0x00, 0x01, 0x5f, 0x02, 0x01, 0x01, 0x01, 0x17, 0x00, 0x4e, 0x00,
  0x00, 0x00, 0x05, 0x00, 0x05, 0x12, 0x03, 0x07, 0x17, 0x2b, 0x01, 0x07,
  0x17, 0x23, 0x27, 0x37, 0x01, 0x99, 0xd4, 0xd4, 0x9f, 0xd8, 0xd8, 0x02,
  0x11, 0xdb, 0xdc, 0xdb, 0xdc, 0x00, 0x00, 0x00, 0x00, 0x01, 0x00, 0x25,
  0x00, 0x5a, 0x01, 0x9c, 0x02, 0x11, 0x00, 0x05, 0x00, 0x20, 0x40, 0x1d,
  0x04, 0x01, 0x02, 0x01, 0x00, 0x01, 0x4c, 0x02, 0x01, 0x01, 0x01, 0x00,
  0x5f, 0x00, 0x00, 0x00, 0x17, 0x01, 0x4e, 0x00, 0x00, 0x00, 0x05, 0x00,
  0x05, 0x12, 0x03, 0x07, 0x17, 0x2b, 0x37, 0x37, 0x27, 0x33, 0x17, 0x07,
  0x25, 0xd5, 0xd5, 0x9f, 0xd8, 0xd8, 0x5a, 0xda, 0xdd, 0xdc, 0xdb, 0x00,
  0x00, 0x02, 0x00, 0x3c, 0x02, 0x03, 0x01, 0x6d, 0x02, 0xe4, 0x00, 0x03,
  0x00, 0x07, 0x00, 0x24, 0x40, 0x21, 0x05, 0x03, 0x04, 0x03, 0x01, 0x01,
  0x00, 0x5f, 0x02, 0x01, 0x00, 0x00, 0x14, 0x01, 0x4e, 0x04, 0x04, 0x00,
  0x00, 0x04, 0x07, 0x04, 0x07, 0x06, 0x05, 0x00, 0x03, 0x00, 0x03, 0x11,
  0x06, 0x07, 0x17, 0x2b, 0x13, 0x37, 0x33, 0x07, 0x23, 0x37, 0x33, 0x07,
  0xe5, 0x0a, 0x7e, 0x33, 0xfe, 0x0a, 0x7e, 0x33, 0x02, 0x03, 0xe1, 0xe1,
  0xe1, 0xe1, 0x00, 0x00, 0x00, 0x01, 0x00, 0x3c, 0x02, 0x03, 0x00, 0xc4,
  0x02, 0xe4, 0x00, 0x03, 0x00, 0x19, 0x40, 0x16, 0x02, 0x01, 0x01, 0x01,
  0x00, 0x5f, 0x00, 0x00, 0x00, 0x14, 0x01, 0x4e, 0x00, 0x00, 0x00, 0x03,
  0x00, 0x03, 0x11, 0x03, 0x07, 0x17, 0x2b, 0x13, 0x37, 0x33, 0x07, 0x3c,
  0x0a, 0x7e, 0x33, 0x02, 0x03, 0xe1, 0xe1, 0x00, 0x00, 0x02, 0x00, 0x28,
  0xff, 0x57, 0x03, 0xd2, 0x02, 0xf4, 0x00, 0x4b, 0x00, 0x5b, 0x00, 0xe2,
  0x4b, 0xb0, 0x1d, 0x50, 0x58, 0x40, 0x0a, 0x29, 0x01, 0x0b, 0x05, 0x48,
  0x01, 0x00, 0x09, 0x02, 0x4c, 0x1b, 0x40, 0x0a, 0x29, 0x01, 0x0b, 0x06,
  0x48, 0x01, 0x00, 0x09, 0x02, 0x4c, 0x59, 0x4b, 0xb0, 0x1d, 0x50, 0x58,
  0x40, 0x2d, 0x00, 0x0b, 0x07, 0x05, 0x0b, 0x59, 0x06, 0x01, 0x05, 0x00,
  0x03, 0x02, 0x05, 0x03, 0x67, 0x0d, 0x0a, 0x02, 0x07, 0x04, 0x01, 0x02,
  0x09, 0x07, 0x02, 0x69, 0x00, 0x09, 0x0c, 0x01, 0x00, 0x09, 0x00, 0x65,
  0x00, 0x08, 0x08, 0x01, 0x61, 0x00, 0x01, 0x01, 0x16, 0x08, 0x4e, 0x1b,
  0x4b, 0xb0, 0x2f, 0x50, 0x58, 0x40, 0x2e, 0x00, 0x05, 0x00, 0x0b, 0x07,
  0x05, 0x0b, 0x69, 0x00, 0x06, 0x00, 0x03, 0x02, 0x06, 0x03, 0x67, 0x0d,
  0x0a, 0x02, 0x07, 0x04, 0x01, 0x02, 0x09, 0x07, 0x02, 0x69, 0x00, 0x09,
  0x0c, 0x01, 0x00, 0x09, 0x00, 0x65, 0x00, 0x08, 0x08, 0x01, 0x61, 0x00,
  0x01, 0x01, 0x16, 0x08, 0x4e, 0x1b, 0x40, 0x2e, 0x00, 0x05, 0x00, 0x0b,
  0x07, 0x05, 0x0b, 0x69, 0x00, 0x06, 0x00, 0x03, 0x02, 0x06, 0x03, 0x67,
  0x0d, 0x0a, 0x02, 0x07, 0x04, 0x01, 0x02, 0x09, 0x07, 0x02, 0x69, 0x00,
  0x09, 0x0c, 0x01, 0x00, 0x09, 0x00, 0x65, 0x00, 0x08, 0x08, 0x01, 0x61,
  0x00, 0x01, 0x01, 0x1a, 0x08, 0x4e, 0x59, 0x59, 0x40, 0x23, 0x4d, 0x4c,
  0x01, 0x00, 0x55, 0x53, 0x4c, 0x5b, 0x4d, 0x5b, 0x44, 0x42, 0x3a, 0x38,
  0x32, 0x30, 0x2c, 0x2b, 0x26, 0x24, 0x1e, 0x1c, 0x18, 0x17, 0x14, 0x12,
  0x0b, 0x09, 0x00, 0x4b, 0x01, 0x4b, 0x0e, 0x07, 0x16, 0x2b, 0x05, 0x22,
  0x2e, 0x02, 0x35, 0x34, 0x3e, 0x02, 0x33, 0x32, 0x1e, 0x02, 0x15, 0x14,
  0x06, 0x06, 0x23, 0x22, 0x26, 0x26, 0x27, 0x23, 0x0e, 0x03, 0x23, 0x22,
  0x26, 0x26, 0x35, 0x34, 0x36, 0x36, 0x33, 0x32, 0x16, 0x16, 0x17, 0x33,
  0x35, 0x33, 0x15, 0x14, 0x16, 0x16, 0x33, 0x32, 0x36, 0x35, 0x34, 0x2e,
  0x02, 0x23, 0x22, 0x0e, 0x02, 0x15, 0x14, 0x1e, 0x02, 0x33, 0x32, 0x36,
  0x36, 0x31, 0x17, 0x30, 0x06, 0x06, 0x03, 0x32, 0x36, 0x36, 0x35, 0x34,
  0x26, 0x26, 0x23, 0x22, 0x06, 0x06, 0x15, 0x14, 0x16, 0x16, 0x02, 0x0b,
  0x7a, 0xb6, 0x78, 0x3b, 0x3d, 0x78, 0xb2, 0x75, 0x5d, 0xa6, 0x81, 0x4a,
  0x2b, 0x58, 0x43, 0x32, 0x41, 0x23, 0x04, 0x09, 0x02, 0x11, 0x23, 0x36,
  0x27, 0x40, 0x55, 0x2a, 0x29, 0x53, 0x3f, 0x28, 0x34, 0x1d, 0x05, 0x05,
  0x7f, 0x0b, 0x1d, 0x1c, 0x23, 0x22, 0x39, 0x62, 0x7c, 0x42, 0x57, 0x85,
  0x59, 0x2c, 0x2c, 0x59, 0x86, 0x5b, 0x43, 0x69, 0x3d, 0x29, 0x40, 0x7a,
  0x6a, 0x20, 0x2a, 0x15, 0x15, 0x2a, 0x20, 0x1f, 0x2a, 0x16, 0x16, 0x2a,
  0xa9, 0x4d, 0x83, 0xa4, 0x56, 0x57, 0xa7, 0x86, 0x4f, 0x3a, 0x70, 0xa1,
  0x67, 0x48, 0x76, 0x44, 0x1f, 0x28, 0x0b, 0x04, 0x1a, 0x1f, 0x15, 0x41,
  0x65, 0x38, 0x36, 0x64, 0x40, 0x17, 0x1c, 0x08, 0x33, 0xb0, 0x26, 0x46,
  0x2c, 0x4a, 0x43, 0x58, 0x7f, 0x53, 0x28, 0x3d, 0x66, 0x7f, 0x42, 0x42,
  0x7c, 0x64, 0x3b, 0x1b, 0x1a, 0x66, 0x1f, 0x1f, 0x01, 0x51, 0x22, 0x35,
  0x1d, 0x1c, 0x35, 0x22, 0x22, 0x34, 0x1d, 0x1d, 0x35, 0x22, 0x00, 0x00,
  0x00, 0x03, 0x00, 0x2e, 0xff, 0xf6, 0x02, 0xde, 0x02, 0xee, 0x00, 0x22,
  0x00, 0x2e, 0x00, 0x38, 0x00, 0x95, 0x4b, 0xb0, 0x14, 0x50, 0x58, 0x40,
  0x13, 0x26, 0x01, 0x02, 0x04, 0x36, 0x35, 0x1d, 0x16, 0x15, 0x07, 0x06,
  0x05, 0x02, 0x20, 0x01, 0x00, 0x05, 0x03, 0x4c, 0x1b, 0x40, 0x13, 0x26,
  0x01, 0x02, 0x04, 0x36, 0x35, 0x1d, 0x16, 0x15, 0x07, 0x06, 0x05, 0x02,
  0x20, 0x01, 0x03, 0x05, 0x03, 0x4c, 0x59, 0x4b, 0xb0, 0x14, 0x50, 0x58,
  0x40, 0x23, 0x00, 0x04, 0x04, 0x01, 0x61, 0x00, 0x01, 0x01, 0x1a, 0x4d,
  0x00, 0x02, 0x02, 0x00, 0x61, 0x03, 0x06, 0x02, 0x00, 0x00, 0x1b, 0x4d,
  0x00, 0x05, 0x05, 0x00, 0x61, 0x03, 0x06, 0x02, 0x00, 0x00, 0x1b, 0x00,
  0x4e, 0x1b, 0x40, 0x20, 0x00, 0x04, 0x04, 0x01, 0x61, 0x00, 0x01, 0x01,
  0x1a, 0x4d, 0x00, 0x02, 0x02, 0x03, 0x5f, 0x00, 0x03, 0x03, 0x15, 0x4d,
  0x00, 0x05, 0x05, 0x00, 0x61, 0x06, 0x01, 0x00, 0x00, 0x1b, 0x00, 0x4e,
  0x59, 0x40, 0x13, 0x01, 0x00, 0x33, 0x31, 0x2d, 0x2b, 0x1f, 0x1e, 0x1a,
  0x19, 0x0f, 0x0d, 0x00, 0x22, 0x01, 0x22, 0x07, 0x07, 0x16, 0x2b, 0x05,
  0x22, 0x26, 0x26, 0x35, 0x34, 0x36, 0x37, 0x26, 0x26, 0x35, 0x34, 0x36,
  0x36, 0x33, 0x32, 0x16, 0x16, 0x15, 0x14, 0x06, 0x07, 0x17, 0x36, 0x36,
  0x35, 0x33, 0x14, 0x06, 0x07, 0x17, 0x23, 0x27, 0x06, 0x06, 0x03, 0x14,
  0x16, 0x17, 0x36, 0x36, 0x35, 0x34, 0x26, 0x23, 0x22, 0x06, 0x03, 0x14,
  0x16, 0x33, 0x32, 0x36, 0x37, 0x27, 0x06, 0x06, 0x01, 0x38, 0x4a, 0x78,
  0x48, 0x46, 0x42, 0x17, 0x29, 0x3a, 0x5b, 0x32, 0x32, 0x58, 0x38, 0x4f,
  0x3b, 0x85, 0x0c, 0x0e, 0x79, 0x1f, 0x1b, 0x8b, 0xba, 0x2b, 0x29, 0x63,
  0x79, 0x24, 0x15, 0x23, 0x32, 0x2b, 0x1a, 0x1c, 0x2d, 0x3c, 0x4a, 0x3e,
  0x1c, 0x36, 0x17, 0xab, 0x21, 0x25, 0x0a, 0x35, 0x63, 0x46, 0x43, 0x61,
  0x26, 0x1b, 0x4a, 0x35, 0x3c, 0x51, 0x29, 0x27, 0x4a, 0x37, 0x42, 0x5a,
  0x20, 0x90, 0x21, 0x55, 0x35, 0x55, 0x85, 0x32, 0x97, 0x30, 0x1f, 0x1d,
  0x02, 0x48, 0x1c, 0x33, 0x17, 0x11, 0x33, 0x25, 0x22, 0x23, 0x25, 0xfe,
  0x7e, 0x31, 0x42, 0x0f, 0x11, 0xc0, 0x16, 0x35, 0x00, 0x01, 0x00, 0x04,
  0x00, 0x00, 0x02, 0x0b, 0x02, 0xbc, 0x00, 0x10, 0x00, 0x22, 0x40, 0x1f,
  0x00, 0x01, 0x04, 0x00, 0x04, 0x01, 0x00, 0x80, 0x00, 0x02, 0x00, 0x04,
  0x01, 0x02, 0x04, 0x67, 0x03, 0x01, 0x00, 0x00, 0x15, 0x00, 0x4e, 0x11,
  0x11, 0x26, 0x21, 0x10, 0x05, 0x07, 0x1b, 0x2b, 0x21, 0x23, 0x11, 0x23,
  0x22, 0x26, 0x26, 0x35, 0x34, 0x36, 0x36, 0x33, 0x21, 0x11, 0x23, 0x11,
  0x23, 0x01, 0x6c, 0x5d, 0x40, 0x44, 0x5a, 0x2d, 0x2e, 0x5b, 0x42, 0x01,
  0x3c, 0x5d, 0x42, 0x01, 0x37, 0x35, 0x57, 0x34, 0x34, 0x5a, 0x37, 0xfd,
  0x44, 0x02, 0x37, 0x00, 0x00, 0x02, 0x00, 0x28, 0xff, 0x1d, 0x02, 0xa3,
  0x03, 0x4a, 0x00, 0x46, 0x00, 0x56, 0x00, 0x98, 0x40, 0x0a, 0x1b, 0x01,
  0x07, 0x04, 0x3f, 0x01, 0x01, 0x06, 0x02, 0x4c, 0x4b, 0xb0, 0x17, 0x50,
  0x58, 0x40, 0x31, 0x00, 0x04, 0x05, 0x07, 0x05, 0x04, 0x07, 0x80, 0x00,
  0x07, 0x06, 0x05, 0x07, 0x06, 0x7e, 0x00, 0x06, 0x01, 0x05, 0x06, 0x01,
  0x7e, 0x00, 0x01, 0x02, 0x05, 0x01, 0x02, 0x7e, 0x00, 0x03, 0x00, 0x05,
  0x04, 0x03, 0x05, 0x69, 0x00, 0x02, 0x02, 0x00, 0x62, 0x08, 0x01, 0x00,
  0x00, 0x1f, 0x00, 0x4e, 0x1b, 0x40, 0x36, 0x00, 0x04, 0x05, 0x07, 0x05,
  0x04, 0x07, 0x80, 0x00, 0x07, 0x06, 0x05, 0x07, 0x06, 0x7e, 0x00, 0x06,
  0x01, 0x05, 0x06, 0x01, 0x7e, 0x00, 0x01, 0x02, 0x05, 0x01, 0x02, 0x7e,
  0x00, 0x03, 0x00, 0x05, 0x04, 0x03, 0x05, 0x69, 0x00, 0x02, 0x00, 0x00,
  0x02, 0x59, 0x00, 0x02, 0x02, 0x00, 0x62, 0x08, 0x01, 0x00, 0x02, 0x00,
  0x52, 0x59, 0x40, 0x17, 0x01, 0x00, 0x50, 0x4f, 0x48, 0x47, 0x31, 0x2f,
  0x2b, 0x29, 0x24, 0x22, 0x0e, 0x0c, 0x08, 0x06, 0x00, 0x46, 0x01, 0x46,
  0x09, 0x07, 0x16, 0x2b, 0x05, 0x22, 0x2e, 0x04, 0x31, 0x33, 0x30, 0x1e,
  0x02, 0x33, 0x32, 0x36, 0x35, 0x34, 0x26, 0x27, 0x27, 0x2e, 0x02, 0x35,
  0x34, 0x36, 0x37, 0x35, 0x26, 0x26, 0x35, 0x34, 0x36, 0x36, 0x33, 0x32,
  0x1e, 0x04, 0x31, 0x23, 0x30, 0x2e, 0x02, 0x23, 0x22, 0x06, 0x06, 0x15,
  0x14, 0x16, 0x17, 0x17, 0x1e, 0x02, 0x15, 0x14, 0x06, 0x07, 0x15, 0x16,
  0x16, 0x15, 0x14, 0x06, 0x06, 0x03, 0x32, 0x36, 0x36, 0x35, 0x34, 0x26,
  0x27, 0x27, 0x22, 0x06, 0x06, 0x15, 0x14, 0x16, 0x17, 0x01, 0x70, 0x4a,
  0x69, 0x44, 0x27, 0x13, 0x05, 0x9c, 0x08, 0x1e, 0x41, 0x39, 0x41, 0x3e,
  0x34, 0x2d, 0x82, 0x3d, 0x6b, 0x42, 0x46, 0x3f, 0x30, 0x31, 0x44, 0x7c,
  0x55, 0x42, 0x5f, 0x3e, 0x25, 0x13, 0x05, 0x98, 0x08, 0x1a, 0x37, 0x2f,
  0x2c, 0x35, 0x19, 0x3d, 0x30, 0x69, 0x3d, 0x6b, 0x42, 0x46, 0x3f, 0x33,
  0x3f, 0x45, 0x80, 0x20, 0x10, 0x2e, 0x23, 0x3e, 0x31, 0x7e, 0x10, 0x2d,
  0x23, 0x3e, 0x31, 0xe3, 0x23, 0x37, 0x3e, 0x37, 0x23, 0x23, 0x2e, 0x23,
  0x38, 0x25, 0x26, 0x26, 0x09, 0x18, 0x0b, 0x2f, 0x51, 0x3d, 0x3c, 0x50,
  0x0c, 0x07, 0x1e, 0x4d, 0x36, 0x40, 0x64, 0x39, 0x20, 0x34, 0x39, 0x33,
  0x21, 0x1e, 0x27, 0x1e, 0x1b, 0x2a, 0x16, 0x25, 0x25, 0x0a, 0x13, 0x0c,
  0x2e, 0x51, 0x3d, 0x3c, 0x50, 0x0d, 0x06, 0x0f, 0x54, 0x3f, 0x41, 0x67,
  0x3c, 0x01, 0xbb, 0x0e, 0x24, 0x1f, 0x25, 0x29, 0x09, 0x17, 0x0e, 0x24,
  0x1f, 0x26, 0x28, 0x09, 0x00, 0x03, 0x00, 0x28, 0xff, 0xf6, 0x02, 0xfb,
  0x02, 0xc6, 0x00, 0x13, 0x00, 0x27, 0x00, 0x4b, 0x00, 0x69, 0xb1, 0x06,
  0x64, 0x44, 0x40, 0x5e, 0x00, 0x06, 0x07, 0x09, 0x07, 0x06, 0x09, 0x80,
  0x00, 0x09, 0x08, 0x07, 0x09, 0x08, 0x7e, 0x00, 0x01, 0x00, 0x03, 0x05,
  0x01, 0x03, 0x69, 0x00, 0x05, 0x00, 0x07, 0x06, 0x05, 0x07, 0x69, 0x00,
  0x08, 0x0c, 0x01, 0x04, 0x02, 0x08, 0x04, 0x69, 0x0b, 0x01, 0x02, 0x00,
  0x00, 0x02, 0x59, 0x0b, 0x01, 0x02, 0x02, 0x00, 0x62, 0x0a, 0x01, 0x00,
  0x02, 0x00, 0x52, 0x29, 0x28, 0x15, 0x14, 0x01, 0x00, 0x46, 0x44, 0x42,
  0x40, 0x3c, 0x3a, 0x37, 0x35, 0x31, 0x2f, 0x28, 0x4b, 0x29, 0x4b, 0x1f,
  0x1d, 0x14, 0x27, 0x15, 0x27, 0x0b, 0x09, 0x00, 0x13, 0x01, 0x13, 0x0d,
  0x07, 0x16, 0x2b, 0xb1, 0x06, 0x00, 0x44, 0x05, 0x22, 0x2e, 0x02, 0x35,
  0x34, 0x3e, 0x02, 0x33, 0x32, 0x1e, 0x02, 0x15, 0x14, 0x0e, 0x02, 0x27,
  0x32, 0x3e, 0x02, 0x35, 0x34, 0x2e, 0x02, 0x23, 0x22, 0x0e, 0x02, 0x15,
  0x14, 0x1e, 0x02, 0x37, 0x22, 0x26, 0x26, 0x35, 0x34, 0x36, 0x36, 0x33,
  0x32, 0x1e, 0x03, 0x31, 0x23, 0x30, 0x26, 0x26, 0x23, 0x22, 0x06, 0x15,
  0x14, 0x16, 0x33, 0x32, 0x36, 0x36, 0x31, 0x33, 0x30, 0x0e, 0x03, 0x01,
  0x92, 0x5a, 0x88, 0x5b, 0x2d, 0x2d, 0x5b, 0x88, 0x5a, 0x5a, 0x87, 0x5b,
  0x2d, 0x2d, 0x5b, 0x87, 0x5a, 0x43, 0x64, 0x43, 0x22, 0x22, 0x43, 0x64,
  0x43, 0x43, 0x65, 0x43, 0x22, 0x22, 0x43, 0x65, 0x4e, 0x45, 0x5a, 0x2d,
  0x2d, 0x5a, 0x45, 0x33, 0x42, 0x28, 0x12, 0x06, 0x6b, 0x0a, 0x20, 0x21,
  0x2e, 0x2e, 0x2e, 0x2e, 0x21, 0x20, 0x0a, 0x6b, 0x06, 0x12, 0x28, 0x42,
  0x0a, 0x3d, 0x67, 0x81, 0x43, 0x44, 0x80, 0x67, 0x3d, 0x3d, 0x67, 0x80,
  0x44, 0x43, 0x81, 0x67, 0x3d, 0x5b, 0x2d, 0x4e, 0x60, 0x32, 0x33, 0x5f,
  0x4e, 0x2d, 0x2d, 0x4e, 0x5f, 0x33, 0x32, 0x60, 0x4e, 0x2d, 0x45, 0x3b,
  0x5b, 0x32, 0x32, 0x5b, 0x3b, 0x1e, 0x2d, 0x2c, 0x1e, 0x1d, 0x1c, 0x41,
  0x2b, 0x2b, 0x41, 0x1d, 0x1c, 0x1e, 0x2c, 0x2d, 0x1e, 0x00, 0x00, 0x00,
  0x00, 0x04, 0x00, 0x20, 0x01, 0x7d, 0x01, 0x90, 0x02, 0xee, 0x00, 0x0f,
  0x00, 0x1f, 0x00, 0x2c, 0x00, 0x33, 0x00, 0x6e, 0xb1, 0x06, 0x64, 0x44,
  0x40, 0x63, 0x27, 0x01, 0x06, 0x09, 0x01, 0x4c, 0x0c, 0x07, 0x02, 0x05,
  0x06, 0x02, 0x06, 0x05, 0x02, 0x80, 0x00, 0x01, 0x00, 0x03, 0x04, 0x01,
  0x03, 0x69, 0x00, 0x04, 0x0d, 0x01, 0x08, 0x09, 0x04, 0x08, 0x69, 0x00,
  0x09, 0x00, 0x06, 0x05, 0x09, 0x06, 0x67, 0x0b, 0x01, 0x02, 0x00, 0x00,
  0x02, 0x59, 0x0b, 0x01, 0x02, 0x02, 0x00, 0x61, 0x0a, 0x01, 0x00, 0x02,
  0x00, 0x51, 0x2e, 0x2d, 0x20, 0x20, 0x11, 0x10, 0x01, 0x00, 0x31, 0x2f,
  0x2d, 0x33, 0x2e, 0x33, 0x20, 0x2c, 0x20, 0x2c, 0x2b, 0x2a, 0x29, 0x28,
  0x23, 0x21, 0x19, 0x17, 0x10, 0x1f, 0x11, 0x1f, 0x09, 0x07, 0x00, 0x0f,
  0x01, 0x0f, 0x0e, 0x07, 0x16, 0x2b, 0xb1, 0x06, 0x00, 0x44, 0x13, 0x22,
  0x26, 0x26, 0x35, 0x34, 0x36, 0x36, 0x33, 0x32, 0x16, 0x16, 0x15, 0x14,
  0x06, 0x06, 0x27, 0x32, 0x36, 0x36, 0x35, 0x34, 0x26, 0x26, 0x23, 0x22,
  0x06, 0x06, 0x15, 0x14, 0x16, 0x16, 0x27, 0x35, 0x33, 0x32, 0x16, 0x15,
  0x14, 0x07, 0x17, 0x23, 0x27, 0x23, 0x15, 0x37, 0x23, 0x15, 0x33, 0x32,
  0x35, 0x34, 0xd8, 0x3d, 0x52, 0x29, 0x29, 0x52, 0x3d, 0x3d, 0x52, 0x29,
  0x29, 0x52, 0x3d, 0x2f, 0x3f, 0x20, 0x20, 0x3f, 0x2f, 0x30, 0x3f, 0x1f,
  0x1f, 0x3f, 0x1d, 0x55, 0x23, 0x2b, 0x23, 0x26, 0x3b, 0x21, 0x14, 0x1e,
  0x1e, 0x1e, 0x18, 0x01, 0x7d, 0x35, 0x55, 0x2e, 0x2e, 0x55, 0x36, 0x36,
  0x55, 0x2e, 0x2e, 0x55, 0x35, 0x28, 0x2a, 0x42, 0x24, 0x25, 0x42, 0x2a,
  0x2a, 0x42, 0x25, 0x24, 0x42, 0x2a, 0x31, 0xc1, 0x21, 0x20, 0x29, 0x11,
  0x46, 0x3e, 0x3e, 0x93, 0x2a, 0x15, 0x15, 0x00, 0x00, 0x02, 0x00, 0x27,
  0x01, 0x86, 0x03, 0x16, 0x02, 0xe4, 0x00, 0x0c, 0x00, 0x14, 0x00, 0x49,
  0x40, 0x46, 0x0b, 0x08, 0x03, 0x03, 0x03, 0x05, 0x01, 0x4c, 0x00, 0x03,
  0x05, 0x02, 0x05, 0x03, 0x02, 0x80, 0x0a, 0x08, 0x09, 0x04, 0x04, 0x02,
  0x02, 0x84, 0x06, 0x01, 0x02, 0x00, 0x05, 0x05, 0x00, 0x57, 0x06, 0x01,
  0x02, 0x00, 0x00, 0x05, 0x5f, 0x07, 0x01, 0x05, 0x00, 0x05, 0x4f, 0x0d,
  0x0d, 0x00, 0x00, 0x0d, 0x14, 0x0d, 0x14, 0x13, 0x12, 0x11, 0x10, 0x0f,
  0x0e, 0x00, 0x0c, 0x00, 0x0c, 0x12, 0x11, 0x12, 0x11, 0x0b, 0x06, 0x1a,
  0x2b, 0x01, 0x11, 0x33, 0x17, 0x37, 0x33, 0x11, 0x23, 0x35, 0x07, 0x23,
  0x27, 0x15, 0x21, 0x11, 0x23, 0x35, 0x21, 0x15, 0x23, 0x11, 0x01, 0x91,
  0x84, 0x3e, 0x43, 0x80, 0x62, 0x38, 0x52, 0x38, 0xfe, 0x9f, 0x6a, 0x01,
  0x36, 0x69, 0x01, 0x86, 0x01, 0x5e, 0x99, 0x99, 0xfe, 0xa2, 0xce, 0x83,
  0x86, 0xd1, 0x01, 0x09, 0x55, 0x55, 0xfe, 0xf7, 0x00, 0x02, 0x00, 0x33,
  0x01, 0x7d, 0x01, 0xa4, 0x02, 0xee, 0x00, 0x0f, 0x00, 0x1b, 0x00, 0x39,
  0xb1, 0x06, 0x64, 0x44, 0x40, 0x2e, 0x00, 0x01, 0x00, 0x03, 0x02, 0x01,
  0x03, 0x69, 0x05, 0x01, 0x02, 0x00, 0x00, 0x02, 0x59, 0x05, 0x01, 0x02,
  0x02, 0x00, 0x61, 0x04, 0x01, 0x00, 0x02, 0x00, 0x51, 0x11, 0x10, 0x01,
  0x00, 0x17, 0x15, 0x10, 0x1b, 0x11, 0x1b, 0x09, 0x07, 0x00, 0x0f, 0x01,
  0x0f, 0x06, 0x07, 0x16, 0x2b, 0xb1, 0x06, 0x00, 0x44, 0x13, 0x22, 0x26,
  0x26, 0x35, 0x34, 0x36, 0x36, 0x33, 0x32, 0x16, 0x16, 0x15, 0x14, 0x06,
  0x06, 0x27, 0x32, 0x36, 0x35, 0x34, 0x26, 0x23, 0x22, 0x06, 0x15, 0x14,
  0x16, 0xeb, 0x33, 0x53, 0x32, 0x32, 0x53, 0x33, 0x33, 0x54, 0x32, 0x32,
  0x54, 0x33, 0x21, 0x2f, 0x2f, 0x21, 0x21, 0x2f, 0x2f, 0x01, 0x7d, 0x31,
  0x54, 0x33, 0x33, 0x54, 0x32, 0x32, 0x54, 0x33, 0x33, 0x54, 0x31, 0x68,
  0x2f, 0x21, 0x22, 0x2f, 0x2f, 0x22, 0x21, 0x2f, 0x00, 0x01, 0x00, 0x9a,
  0xff, 0x0c, 0x01, 0x18, 0x03, 0xbc, 0x00, 0x03, 0x00, 0x1e, 0x40, 0x1b,
  0x00, 0x00, 0x01, 0x01, 0x00, 0x57, 0x00, 0x00, 0x00, 0x01, 0x5f, 0x02,
  0x01, 0x01, 0x00, 0x01, 0x4f, 0x00, 0x00, 0x00, 0x03, 0x00, 0x03, 0x11,
  0x03, 0x07, 0x17, 0x2b, 0x17, 0x11, 0x33, 0x11, 0x9a, 0x7e, 0xf4, 0x04,
  0xb0, 0xfb, 0x50, 0x00, 0x00, 0x02, 0x00, 0x9a, 0xff, 0x0c, 0x01, 0x18,
  0x03, 0xbc, 0x00, 0x03, 0x00, 0x07, 0x00, 0x2f, 0x40, 0x2c, 0x00, 0x00,
  0x04, 0x01, 0x01, 0x02, 0x00, 0x01, 0x67, 0x00, 0x02, 0x03, 0x03, 0x02,
  0x57, 0x00, 0x02, 0x02, 0x03, 0x5f, 0x05, 0x01, 0x03, 0x02, 0x03, 0x4f,
  0x04, 0x04, 0x00, 0x00, 0x04, 0x07, 0x04, 0x07, 0x06, 0x05, 0x00, 0x03,
  0x00, 0x03, 0x11, 0x06, 0x07, 0x17, 0x2b, 0x13, 0x11, 0x33, 0x11, 0x03,
  0x11, 0x33, 0x11, 0x9a, 0x7e, 0x7e, 0x7e, 0x01, 0xa2, 0x02, 0x1a, 0xfd,
  0xe6, 0xfd, 0x6a, 0x01, 0xf0, 0xfe, 0x10, 0x00, 0x00, 0x01, 0x00, 0x74,
  0x00, 0xc5, 0x02, 0x5d, 0x03, 0x16, 0x00, 0x0b, 0x00, 0x2c, 0x40, 0x29,
  0x00, 0x02, 0x01, 0x05, 0x02, 0x57, 0x03, 0x01, 0x01, 0x04, 0x01, 0x00,
  0x05, 0x01, 0x00, 0x67, 0x00, 0x02, 0x02, 0x05, 0x5f, 0x06, 0x01, 0x05,
  0x02, 0x05, 0x4f, 0x00, 0x00, 0x00, 0x0b, 0x00, 0x0b, 0x11, 0x11, 0x11,
  0x11, 0x11, 0x07, 0x07, 0x1b, 0x2b, 0x25, 0x11, 0x23, 0x35, 0x33, 0x35,
  0x33, 0x15, 0x33, 0x15, 0x23, 0x11, 0x01, 0x28, 0xb4, 0xb4, 0x82, 0xb3,
  0xb3, 0xc5, 0x01, 0x45, 0x6c, 0xa0, 0xa0, 0x6c, 0xfe, 0xbb, 0x00, 0x00,
  0x00, 0x01, 0x00, 0x74, 0x00, 0xc5, 0x02, 0x5d, 0x03, 0x16, 0x00, 0x13,
  0x00, 0x3a, 0x40, 0x37, 0x00, 0x04, 0x03, 0x09, 0x04, 0x57, 0x05, 0x01,
  0x03, 0x06, 0x01, 0x02, 0x01, 0x03, 0x02, 0x67, 0x07, 0x01, 0x01, 0x08,
  0x01, 0x00, 0x09, 0x01, 0x00, 0x67, 0x00, 0x04, 0x04, 0x09, 0x5f, 0x0a,
  0x01, 0x09, 0x04, 0x09, 0x4f, 0x00, 0x00, 0x00, 0x13, 0x00, 0x13, 0x11,
  0x11, 0x11, 0x11, 0x11, 0x11, 0x11, 0x11, 0x11, 0x0b, 0x07, 0x1f, 0x2b,
  0x25, 0x35, 0x23, 0x35, 0x33, 0x35, 0x23, 0x35, 0x33, 0x35, 0x33, 0x15,
  0x33, 0x15, 0x23, 0x15, 0x33, 0x15, 0x23, 0x15, 0x01, 0x28, 0xb4, 0xb4,
  0xb4, 0xb4, 0x82, 0xb3, 0xb3, 0xb3, 0xb3, 0xc5, 0x7f, 0x6b, 0x7d, 0x6c,
  0x7e, 0x7e, 0x6c, 0x7d, 0x6b, 0x7f, 0x00, 0x00, 0x00, 0x02, 0x00, 0x33,
  0xff, 0xa1, 0x02, 0x42, 0x02, 0x71, 0x00, 0x24, 0x00, 0x2b, 0x00, 0x3f,
  0x40, 0x3c, 0x29, 0x17, 0x0c, 0x09, 0x04, 0x01, 0x00, 0x28, 0x23, 0x18,
  0x01, 0x04, 0x03, 0x02, 0x02, 0x4c, 0x00, 0x01, 0x00, 0x02, 0x00, 0x01,
  0x02, 0x80, 0x00, 0x02, 0x03, 0x00, 0x02, 0x03, 0x7e, 0x00, 0x00, 0x01,
  0x03, 0x00, 0x57, 0x00, 0x00, 0x00, 0x03, 0x5f, 0x04, 0x01, 0x03, 0x00,
  0x03, 0x4f, 0x00, 0x00, 0x00, 0x24, 0x00, 0x24, 0x28, 0x26, 0x1a, 0x05,
  0x07, 0x19, 0x2b, 0x05, 0x35, 0x2e, 0x02, 0x35, 0x34, 0x36, 0x36, 0x37,
  0x35, 0x33, 0x15, 0x1e, 0x04, 0x31, 0x23, 0x30, 0x26, 0x26, 0x27, 0x11,
  0x3e, 0x02, 0x31, 0x33, 0x30, 0x0e, 0x03, 0x07, 0x15, 0x03, 0x14, 0x16,
  0x17, 0x11, 0x06, 0x06, 0x01, 0x1b, 0x4f, 0x66, 0x33, 0x33, 0x66, 0x4f,
  0x50, 0x3d, 0x4f, 0x2e, 0x17, 0x06, 0x8e, 0x0a, 0x1f, 0x20, 0x20, 0x1f,
  0x0a, 0x8e, 0x06, 0x17, 0x2e, 0x4f, 0x3d, 0xa0, 0x28, 0x28, 0x28, 0x28,
  0x5f, 0x58, 0x0a, 0x52, 0x75, 0x3f, 0x3f, 0x75, 0x52, 0x0a, 0x58, 0x57,
  0x06, 0x2c, 0x3a, 0x39, 0x25, 0x21, 0x26, 0x08, 0xfe, 0xd4, 0x08, 0x26,
  0x21, 0x25, 0x39, 0x3a, 0x2c, 0x06, 0x57, 0x01, 0x68, 0x31, 0x50, 0x10,
  0x01, 0x22, 0x10, 0x50, 0x00, 0x02, 0x00, 0x32, 0x00, 0x58, 0x02, 0x69,
  0x02, 0x8f, 0x00, 0x1e, 0x00, 0x2e, 0x00, 0x4d, 0x40, 0x4a, 0x11, 0x10,
  0x0e, 0x0a, 0x08, 0x05, 0x03, 0x00, 0x1e, 0x19, 0x17, 0x16, 0x01, 0x05,
  0x01, 0x02, 0x02, 0x4c, 0x07, 0x01, 0x03, 0x02, 0x01, 0x02, 0x02, 0x4b,
  0x0f, 0x09, 0x02, 0x00, 0x4a, 0x18, 0x01, 0x01, 0x49, 0x00, 0x00, 0x00,
  0x03, 0x02, 0x00, 0x03, 0x69, 0x04, 0x01, 0x02, 0x01, 0x01, 0x02, 0x59,
  0x04, 0x01, 0x02, 0x02, 0x01, 0x61, 0x00, 0x01, 0x02, 0x01, 0x51, 0x20,
  0x1f, 0x28, 0x26, 0x1f, 0x2e, 0x20, 0x2e, 0x2d, 0x2b, 0x05, 0x07, 0x18,
  0x2b, 0x37, 0x27, 0x37, 0x26, 0x26, 0x35, 0x34, 0x37, 0x27, 0x37, 0x17,
  0x36, 0x33, 0x32, 0x17, 0x37, 0x17, 0x07, 0x16, 0x15, 0x14, 0x06, 0x07,
  0x17, 0x07, 0x27, 0x06, 0x23, 0x22, 0x26, 0x27, 0x37, 0x32, 0x36, 0x36,
  0x35, 0x34, 0x26, 0x26, 0x23, 0x22, 0x06, 0x06, 0x15, 0x14, 0x16, 0x16,
  0x74, 0x42, 0x58, 0x12, 0x15, 0x27, 0x58, 0x42, 0x58, 0x3a, 0x49, 0x48,
  0x3a, 0x57, 0x41, 0x56, 0x27, 0x15, 0x13, 0x57, 0x41, 0x58, 0x3b, 0x46,
  0x24, 0x43, 0x1c, 0x83, 0x23, 0x3b, 0x23, 0x23, 0x3b, 0x23, 0x24, 0x3b,
  0x23, 0x23, 0x3b, 0x58, 0x42, 0x59, 0x1b, 0x43, 0x24, 0x47, 0x3a, 0x58,
  0x41, 0x57, 0x29, 0x28, 0x56, 0x41, 0x57, 0x3a, 0x48, 0x25, 0x42, 0x1c,
  0x58, 0x42, 0x58, 0x26, 0x14, 0x13, 0x42, 0x23, 0x3b, 0x24, 0x23, 0x3b,
  0x23, 0x23, 0x3b, 0x23, 0x24, 0x3b, 0x23, 0x00, 0x00, 0x03, 0x00, 0x28,
  0xff, 0xa0, 0x02, 0x66, 0x03, 0x42, 0x00, 0x33, 0x00, 0x3a, 0x00, 0x41,
  0x00, 0x48, 0x40, 0x45, 0x38, 0x27, 0x1b, 0x18, 0x04, 0x02, 0x01, 0x3e,
  0x37, 0x28, 0x0e, 0x04, 0x00, 0x02, 0x3f, 0x32, 0x0d, 0x01, 0x04, 0x03,
  0x00, 0x03, 0x4c, 0x00, 0x02, 0x01, 0x00, 0x01, 0x02, 0x00, 0x80, 0x00,
  0x00, 0x03, 0x01, 0x00, 0x03, 0x7e, 0x00, 0x01, 0x02, 0x03, 0x01, 0x57,
  0x00, 0x01, 0x01, 0x03, 0x5f, 0x04, 0x01, 0x03, 0x01, 0x03, 0x4f, 0x00,
  0x00, 0x00, 0x33, 0x00, 0x33, 0x22, 0x20, 0x1a, 0x19, 0x26, 0x05, 0x07,
  0x17, 0x2b, 0x05, 0x35, 0x2e, 0x04, 0x31, 0x33, 0x30, 0x1e, 0x02, 0x17,
  0x35, 0x27, 0x2e, 0x03, 0x35, 0x34, 0x36, 0x36, 0x37, 0x35, 0x33, 0x15,
  0x1e, 0x04, 0x31, 0x23, 0x30, 0x2e, 0x02, 0x27, 0x15, 0x17, 0x1e, 0x03,
  0x15, 0x14, 0x06, 0x06, 0x07, 0x15, 0x03, 0x14, 0x16, 0x17, 0x35, 0x06,
  0x06, 0x01, 0x34, 0x26, 0x27, 0x15, 0x36, 0x36, 0x01, 0x28, 0x4c, 0x61,
  0x36, 0x18, 0x05, 0x92, 0x05, 0x14, 0x2d, 0x28, 0x07, 0x28, 0x51, 0x43,
  0x29, 0x3f, 0x6b, 0x42, 0x50, 0x41, 0x55, 0x32, 0x18, 0x07, 0x90, 0x05,
  0x11, 0x23, 0x1e, 0x0d, 0x22, 0x4f, 0x45, 0x2b, 0x3b, 0x6b, 0x48, 0xae,
  0x2e, 0x30, 0x2c, 0x32, 0x01, 0x0d, 0x31, 0x2e, 0x2b, 0x34, 0x60, 0x56,
  0x06, 0x35, 0x47, 0x45, 0x2d, 0x1f, 0x2c, 0x26, 0x08, 0xd0, 0x01, 0x09,
  0x1c, 0x2e, 0x48, 0x36, 0x41, 0x5d, 0x36, 0x06, 0x55, 0x57, 0x07, 0x31,
  0x3f, 0x3d, 0x28, 0x18, 0x23, 0x21, 0x08, 0xc1, 0x03, 0x08, 0x19, 0x2e,
  0x4d, 0x3a, 0x3e, 0x61, 0x3c, 0x07, 0x57, 0x02, 0x79, 0x21, 0x27, 0x0d,
  0xb4, 0x08, 0x34, 0xfe, 0x9a, 0x25, 0x28, 0x0c, 0xbe, 0x09, 0x36, 0x00,
  0x00, 0x03, 0x00, 0x3c, 0x00, 0x00, 0x02, 0x44, 0x02, 0xbc, 0x00, 0x1e,
  0x00, 0x2a, 0x00, 0x2e, 0x00, 0xb7, 0x4b, 0xb0, 0x26, 0x50, 0x58, 0x40,
  0x0a, 0x0d, 0x01, 0x09, 0x01, 0x1a, 0x01, 0x00, 0x08, 0x02, 0x4c, 0x1b,
  0x40, 0x0a, 0x0d, 0x01, 0x09, 0x01, 0x1a, 0x01, 0x07, 0x08, 0x02, 0x4c,
  0x59, 0x4b, 0xb0, 0x26, 0x50, 0x58, 0x40, 0x31, 0x00, 0x04, 0x03, 0x00,
  0x04, 0x57, 0x05, 0x01, 0x03, 0x06, 0x01, 0x02, 0x01, 0x03, 0x02, 0x67,
  0x0d, 0x01, 0x08, 0x07, 0x0c, 0x02, 0x00, 0x0a, 0x08, 0x00, 0x69, 0x00,
  0x09, 0x09, 0x01, 0x61, 0x00, 0x01, 0x01, 0x1d, 0x4d, 0x00, 0x0a, 0x0a,
  0x0b, 0x5f, 0x0e, 0x01, 0x0b, 0x0b, 0x15, 0x0b, 0x4e, 0x1b, 0x40, 0x32,
  0x05, 0x01, 0x03, 0x06, 0x01, 0x02, 0x01, 0x03, 0x02, 0x67, 0x00, 0x04,
  0x00, 0x07, 0x00, 0x04, 0x07, 0x67, 0x0d, 0x01, 0x08, 0x0c, 0x01, 0x00,
  0x0a, 0x08, 0x00, 0x69, 0x00, 0x09, 0x09, 0x01, 0x61, 0x00, 0x01, 0x01,
  0x1d, 0x4d, 0x00, 0x0a, 0x0a, 0x0b, 0x5f, 0x0e, 0x01, 0x0b, 0x0b, 0x15,
  0x0b, 0x4e, 0x59, 0x40, 0x27, 0x2b, 0x2b, 0x20, 0x1f, 0x01, 0x00, 0x2b,
  0x2e, 0x2b, 0x2e, 0x2d, 0x2c, 0x26, 0x24, 0x1f, 0x2a, 0x20, 0x2a, 0x19,
  0x18, 0x17, 0x16, 0x15, 0x14, 0x13, 0x12, 0x11, 0x10, 0x0f, 0x0e, 0x09,
  0x07, 0x00, 0x1e, 0x01, 0x1e, 0x0f, 0x07, 0x16, 0x2b, 0x37, 0x22, 0x26,
  0x26, 0x35, 0x34, 0x36, 0x36, 0x33, 0x32, 0x16, 0x16, 0x17, 0x33, 0x35,
  0x23, 0x35, 0x33, 0x35, 0x33, 0x15, 0x33, 0x15, 0x23, 0x11, 0x23, 0x35,
  0x23, 0x0e, 0x02, 0x27, 0x32, 0x36, 0x35, 0x34, 0x26, 0x23, 0x22, 0x06,
  0x15, 0x14, 0x16, 0x07, 0x35, 0x21, 0x15, 0xff, 0x3d, 0x53, 0x29, 0x29,
  0x53, 0x3d, 0x29, 0x35, 0x1a, 0x03, 0x07, 0x66, 0x66, 0x82, 0x41, 0x41,
  0x82, 0x07, 0x03, 0x1b, 0x34, 0x02, 0x2f, 0x2f, 0x2f, 0x2f, 0x2e, 0x2f,
  0x2f, 0xbc, 0x02, 0x02, 0x8a, 0x3b, 0x5e, 0x33, 0x33, 0x5d, 0x3c, 0x1a,
  0x1c, 0x05, 0x59, 0x4e, 0x2e, 0x2e, 0x4e, 0xfe, 0x50, 0x34, 0x04, 0x1d,
  0x19, 0x68, 0x3f, 0x25, 0x25, 0x3f, 0x3f, 0x25, 0x25, 0x3f, 0xf2, 0x47,
  0x47, 0x00, 0x00, 0x00, 0x00, 0x01, 0x00, 0x1c, 0xff, 0xf6, 0x02, 0x88,
  0x02, 0xee, 0x00, 0x33, 0x00, 0x4d, 0x40, 0x4a, 0x12, 0x01, 0x02, 0x04,
  0x2b, 0x01, 0x0a, 0x09, 0x02, 0x4c, 0x05, 0x01, 0x02, 0x06, 0x01, 0x01,
  0x00, 0x02, 0x01, 0x67, 0x07, 0x01, 0x00, 0x0c, 0x0b, 0x02, 0x08, 0x09,
  0x00, 0x08, 0x67, 0x00, 0x04, 0x04, 0x03, 0x61, 0x00, 0x03, 0x03, 0x1a,
  0x4d, 0x00, 0x09, 0x09, 0x0a, 0x61, 0x00, 0x0a, 0x0a, 0x1b, 0x0a, 0x4e,
  0x00, 0x00, 0x00, 0x33, 0x00, 0x33, 0x30, 0x2e, 0x27, 0x25, 0x11, 0x14,
  0x11, 0x12, 0x27, 0x23, 0x11, 0x14, 0x11, 0x0d, 0x07, 0x1f, 0x2b, 0x13,
  0x35, 0x33, 0x26, 0x35, 0x34, 0x37, 0x23, 0x35, 0x33, 0x3e, 0x02, 0x33,
  0x32, 0x16, 0x16, 0x31, 0x15, 0x30, 0x26, 0x26, 0x23, 0x22, 0x06, 0x07,
  0x21, 0x15, 0x21, 0x06, 0x15, 0x14, 0x17, 0x21, 0x15, 0x21, 0x16, 0x16,
  0x33, 0x32, 0x36, 0x36, 0x31, 0x15, 0x30, 0x06, 0x06, 0x23, 0x22, 0x26,
  0x26, 0x27, 0x1c, 0x4f, 0x01, 0x01, 0x4f, 0x5b, 0x12, 0x60, 0x9b, 0x6d,
  0x24, 0x46, 0x2d, 0x2c, 0x42, 0x20, 0x5a, 0x6f, 0x17, 0x01, 0x04, 0xfe,
  0xea, 0x01, 0x01, 0x01, 0x16, 0xfe, 0xfc, 0x18, 0x6e, 0x5a, 0x20, 0x42,
  0x2c, 0x2d, 0x46, 0x24, 0x6d, 0x9b, 0x5f, 0x13, 0x01, 0x0a, 0x4d, 0x0d,
  0x0e, 0x0d, 0x0d, 0x4d, 0x4b, 0x7e, 0x4c, 0x08, 0x09, 0x86, 0x09, 0x08,
  0x53, 0x3c, 0x4d, 0x0d, 0x0d, 0x0e, 0x0d, 0x4d, 0x3c, 0x53, 0x09, 0x09,
  0x87, 0x08, 0x08, 0x4c, 0x7e, 0x4a, 0x00, 0x00, 0x00, 0x01, 0x00, 0x41,
  0x00, 0x00, 0x02, 0x53, 0x02, 0xee, 0x00, 0x2c, 0x00, 0x3d, 0x40, 0x3a,
  0x16, 0x01, 0x01, 0x03, 0x01, 0x01, 0x07, 0x06, 0x02, 0x4c, 0x04, 0x01,
  0x01, 0x05, 0x01, 0x00, 0x06, 0x01, 0x00, 0x67, 0x00, 0x03, 0x03, 0x02,
  0x61, 0x00, 0x02, 0x02, 0x1a, 0x4d, 0x00, 0x06, 0x06, 0x07, 0x5f, 0x08,
  0x01, 0x07, 0x07, 0x15, 0x07, 0x4e, 0x00, 0x00, 0x00, 0x2c, 0x00, 0x2c,
  0x26, 0x11, 0x15, 0x27, 0x26, 0x11, 0x17, 0x09, 0x07, 0x1d, 0x2b, 0x33,
  0x35, 0x36, 0x36, 0x35, 0x34, 0x26, 0x27, 0x23, 0x35, 0x33, 0x26, 0x26,
  0x35, 0x34, 0x36, 0x36, 0x33, 0x32, 0x16, 0x16, 0x31, 0x15, 0x30, 0x26,
  0x26, 0x23, 0x22, 0x06, 0x15, 0x14, 0x16, 0x17, 0x33, 0x15, 0x23, 0x16,
  0x15, 0x14, 0x0e, 0x02, 0x07, 0x21, 0x15, 0x4e, 0x42, 0x4d, 0x09, 0x08,
  0x8b, 0x5d, 0x13, 0x1d, 0x4a, 0x87, 0x5b, 0x2a, 0x47, 0x2a, 0x27, 0x3f,
  0x25, 0x4b, 0x5c, 0x25, 0x13, 0xbf, 0xa1, 0x06, 0x16, 0x1f, 0x1a, 0x05,
  0x01, 0x48, 0x80, 0x07, 0x43, 0x31, 0x11, 0x1d, 0x0f, 0x43, 0x1b, 0x43,
  0x2f, 0x46, 0x68, 0x38, 0x09, 0x09, 0x85, 0x09, 0x09, 0x36, 0x36, 0x25,
  0x3d, 0x20, 0x43, 0x18, 0x18, 0x20, 0x31, 0x22, 0x13, 0x02, 0x80, 0x00,
  0x00, 0x01, 0x00, 0x16, 0x00, 0x00, 0x02, 0xb8, 0x02, 0xe4, 0x00, 0x16,
  0x00, 0x3e, 0x40, 0x3b, 0x09, 0x01, 0x01, 0x02, 0x01, 0x4c, 0x05, 0x01,
  0x02, 0x06, 0x01, 0x01, 0x00, 0x02, 0x01, 0x68, 0x07, 0x01, 0x00, 0x0b,
  0x0a, 0x02, 0x08, 0x09, 0x00, 0x08, 0x67, 0x04, 0x01, 0x03, 0x03, 0x14,
  0x4d, 0x00, 0x09, 0x09, 0x15, 0x09, 0x4e, 0x00, 0x00, 0x00, 0x16, 0x00,
  0x16, 0x15, 0x14, 0x11, 0x11, 0x11, 0x11, 0x12, 0x11, 0x11, 0x11, 0x11,
  0x0c, 0x07, 0x1f, 0x2b, 0x37, 0x35, 0x33, 0x27, 0x23, 0x35, 0x33, 0x03,
  0x33, 0x13, 0x13, 0x33, 0x03, 0x33, 0x15, 0x23, 0x07, 0x33, 0x15, 0x23,
  0x15, 0x23, 0x35, 0x5d, 0xb2, 0x27, 0x8c, 0x60, 0xa6, 0xa9, 0xa8, 0xa8,
  0xa9, 0xa6, 0x5f, 0x8a, 0x28, 0xb2, 0xbd, 0x9a, 0xc0, 0x52, 0x4a, 0x52,
  0x01, 0x36, 0xfe, 0xb7, 0x01, 0x49, 0xfe, 0xca, 0x52, 0x4a, 0x52, 0xc0,
  0xc0, 0x00, 0x00, 0x00, 0x00, 0x01, 0x00, 0x12, 0x00, 0x00, 0x01, 0xfe,
  0x02, 0xe4, 0x00, 0x03, 0x00, 0x17, 0x40, 0x14, 0x00, 0x00, 0x01, 0x00,
  0x85, 0x02, 0x01, 0x01, 0x01, 0x76, 0x00, 0x00, 0x00, 0x03, 0x00, 0x03,
  0x11, 0x03, 0x06, 0x17, 0x2b, 0x33, 0x01, 0x33, 0x01, 0x12, 0x01, 0x5d,
  0x8f, 0xfe, 0xa4, 0x02, 0xe4, 0xfd, 0x1c, 0x00, 0x00, 0x01, 0x00, 0x74,
  0x00, 0x66, 0x02, 0x18, 0x02, 0x0a, 0x00, 0x0b, 0x00, 0x27, 0x40, 0x24,
  0x02, 0x01, 0x00, 0x06, 0x05, 0x02, 0x03, 0x04, 0x00, 0x03, 0x67, 0x00,
  0x04, 0x04, 0x01, 0x5f, 0x00, 0x01, 0x01, 0x17, 0x04, 0x4e, 0x00, 0x00,
  0x00, 0x0b, 0x00, 0x0b, 0x11, 0x11, 0x11, 0x11, 0x11, 0x07, 0x07, 0x1b,
  0x2b, 0x37, 0x35, 0x33, 0x35, 0x33, 0x15, 0x33, 0x15, 0x23, 0x15, 0x23,
  0x35, 0x74, 0x96, 0x78, 0x96, 0x96, 0x78, 0xfc, 0x78, 0x96, 0x96, 0x78,
  0x96, 0x96, 0x00, 0x00, 0x00, 0x01, 0x00, 0x74, 0x00, 0xf7, 0x02, 0x21,
  0x01, 0x79, 0x00, 0x03, 0x00, 0x1e, 0x40, 0x1b, 0x00, 0x00, 0x01, 0x01,
  0x00, 0x57, 0x00, 0x00, 0x00, 0x01, 0x5f, 0x02, 0x01, 0x01, 0x00, 0x01,
  0x4f, 0x00, 0x00, 0x00, 0x03, 0x00, 0x03, 0x11, 0x03, 0x06, 0x17, 0x2b,
  0x37, 0x35, 0x21, 0x15, 0x74, 0x01, 0xad, 0xf7, 0x82, 0x82, 0x00, 0x00,
  0x00, 0x01, 0x00, 0x74, 0x00, 0x72, 0x02, 0x00, 0x01, 0xfe, 0x00, 0x0b,
  0x00, 0x06, 0xb3, 0x0a, 0x04, 0x01, 0x32, 0x2b, 0x37, 0x27, 0x37, 0x27,
  0x37, 0x17, 0x37, 0x17, 0x07, 0x17, 0x07, 0x27, 0xd1, 0x5c, 0x69, 0x6a,
  0x5d, 0x6a, 0x69, 0x5c, 0x6a, 0x6a, 0x5c, 0x6a, 0x73, 0x5b, 0x69, 0x6a,
  0x5d, 0x6a, 0x69, 0x5b, 0x6a, 0x6a, 0x5c, 0x6a, 0x00, 0x03, 0x00, 0x74,
  0x00, 0x27, 0x02, 0x56, 0x02, 0x64, 0x00, 0x0b, 0x00, 0x0f, 0x00, 0x1b,
  0x00, 0x41, 0x40, 0x3e, 0x00, 0x01, 0x06, 0x01, 0x00, 0x02, 0x01, 0x00,
  0x69, 0x00, 0x02, 0x07, 0x01, 0x03, 0x05, 0x02, 0x03, 0x67, 0x00, 0x05,
  0x04, 0x04, 0x05, 0x59, 0x00, 0x05, 0x05, 0x04, 0x61, 0x08, 0x01, 0x04,
  0x05, 0x04, 0x51, 0x11, 0x10, 0x0c, 0x0c, 0x01, 0x00, 0x17, 0x15, 0x10,
  0x1b, 0x11, 0x1b, 0x0c, 0x0f, 0x0c, 0x0f, 0x0e, 0x0d, 0x07, 0x05, 0x00,
  0x0b, 0x01, 0x0b, 0x09, 0x07, 0x16, 0x2b, 0x01, 0x22, 0x26, 0x35, 0x34,
  0x36, 0x33, 0x32, 0x16, 0x15, 0x14, 0x06, 0x05, 0x35, 0x21, 0x15, 0x07,
  0x22, 0x26, 0x35, 0x34, 0x36, 0x33, 0x32, 0x16, 0x15, 0x14, 0x06, 0x01,
  0x69, 0x25, 0x30, 0x30, 0x25, 0x25, 0x31, 0x31, 0xfe, 0xe6, 0x01, 0xe2,
  0xed, 0x25, 0x30, 0x30, 0x25, 0x25, 0x31, 0x31, 0x01, 0xba, 0x32, 0x23,
  0x24, 0x31, 0x31, 0x24, 0x23, 0x32, 0xab, 0x6d, 0x6d, 0xe8, 0x33, 0x23,
  0x23, 0x32, 0x32, 0x23, 0x23, 0x33, 0x00, 0x00, 0x00, 0x02, 0x00, 0x74,
  0x00, 0x81, 0x02, 0x7c, 0x01, 0xe0, 0x00, 0x03, 0x00, 0x07, 0x00, 0x2f,
  0x40, 0x2c, 0x00, 0x00, 0x04, 0x01, 0x01, 0x02, 0x00, 0x01, 0x67, 0x00,
  0x02, 0x03, 0x03, 0x02, 0x57, 0x00, 0x02, 0x02, 0x03, 0x5f, 0x05, 0x01,
  0x03, 0x02, 0x03, 0x4f, 0x04, 0x04, 0x00, 0x00, 0x04, 0x07, 0x04, 0x07,
  0x06, 0x05, 0x00, 0x03, 0x00, 0x03, 0x11, 0x06, 0x07, 0x17, 0x2b, 0x13,
  0x35, 0x21, 0x15, 0x05, 0x35, 0x21, 0x15, 0x74, 0x02, 0x08, 0xfd, 0xf8,
  0x02, 0x08, 0x01, 0x64, 0x7c, 0x7c, 0xe3, 0x7c, 0x7c, 0x00, 0x00, 0x00,
  0x00, 0x01, 0x00, 0x74, 0x00, 0x00, 0x02, 0x7c, 0x02, 0x6f, 0x00, 0x13,
  0x00, 0x3d, 0x40, 0x3a, 0x00, 0x04, 0x03, 0x04, 0x85, 0x0a, 0x01, 0x09,
  0x00, 0x09, 0x86, 0x05, 0x01, 0x03, 0x06, 0x01, 0x02, 0x01, 0x03, 0x02,
  0x67, 0x07, 0x01, 0x01, 0x00, 0x00, 0x01, 0x57, 0x07, 0x01, 0x01, 0x01,
  0x00, 0x5f, 0x08, 0x01, 0x00, 0x01, 0x00, 0x4f, 0x00, 0x00, 0x00, 0x13,
  0x00, 0x13, 0x11, 0x11, 0x11, 0x11, 0x11, 0x11, 0x11, 0x11, 0x11, 0x0b,
  0x06, 0x1f, 0x2b, 0x33, 0x37, 0x23, 0x35, 0x33, 0x37, 0x23, 0x35, 0x21,
  0x37, 0x33, 0x07, 0x33, 0x15, 0x23, 0x07, 0x33, 0x15, 0x21, 0x07, 0x8f,
  0x4c, 0x67, 0xac, 0x3a, 0xe6, 0x01, 0x2c, 0x4c, 0x76, 0x4c, 0x66, 0xac,
  0x3a, 0xe6, 0xfe, 0xd4, 0x4b, 0x87, 0x7d, 0x66, 0x7d, 0x88, 0x88, 0x7d,
  0x66, 0x7d, 0x87, 0x00, 0x00, 0x01, 0x00, 0x4a, 0x00, 0x6a, 0x01, 0xf3,
  0x02, 0x3c, 0x00, 0x06, 0x00, 0x06, 0xb3, 0x04, 0x00, 0x01, 0x32, 0x2b,
  0x37, 0x35, 0x25, 0x25, 0x35, 0x05, 0x15, 0x4a, 0x01, 0x03, 0xfe, 0xfd,
  0x01, 0xa9, 0x6a, 0x7e, 0x6c, 0x6a, 0x7e, 0xbd, 0x58, 0x00, 0x00, 0x00,
  0x00, 0x01, 0x00, 0x4a, 0x00, 0x6a, 0x01, 0xf3, 0x02, 0x3c, 0x00, 0x06,
  0x00, 0x06, 0xb3, 0x03, 0x00, 0x01, 0x32, 0x2b, 0x25, 0x25, 0x35, 0x25,
  0x15, 0x05, 0x05, 0x01, 0xf3, 0xfe, 0x57, 0x01, 0xa9, 0xfe, 0xfe, 0x01,
  0x02, 0x6a, 0xbd, 0x58, 0xbd, 0x7e, 0x6a, 0x6c, 0x00, 0x02, 0x00, 0x4a,
  0x00, 0x00, 0x01, 0xfe, 0x02, 0x32, 0x00, 0x06, 0x00, 0x0a, 0x00, 0x28,
  0x40, 0x25, 0x06, 0x05, 0x04, 0x03, 0x02, 0x01, 0x00, 0x07, 0x00, 0x4a,
  0x00, 0x00, 0x01, 0x01, 0x00, 0x57, 0x00, 0x00, 0x00, 0x01, 0x5f, 0x02,
  0x01, 0x01, 0x00, 0x01, 0x4f, 0x07, 0x07, 0x07, 0x0a, 0x07, 0x0a, 0x18,
  0x03, 0x06, 0x17, 0x2b, 0x37, 0x35, 0x25, 0x25, 0x35, 0x05, 0x15, 0x01,
  0x35, 0x21, 0x15, 0x50, 0x01, 0x0d, 0xfe, 0xf3, 0x01, 0xa9, 0xfe, 0x51,
  0x01, 0xb4, 0x9c, 0x73, 0x59, 0x57, 0x73, 0x9f, 0x58, 0xfe, 0xc5, 0x54,
  0x54, 0x00, 0x00, 0x00, 0x00, 0x02, 0x00, 0x4a, 0x00, 0x00, 0x01, 0xfe,
  0x02, 0x32, 0x00, 0x06, 0x00, 0x0a, 0x00, 0x28, 0x40, 0x25, 0x06, 0x05,
  0x04, 0x03, 0x02, 0x01, 0x00, 0x07, 0x00, 0x4a, 0x00, 0x00, 0x01, 0x01,
  0x00, 0x57, 0x00, 0x00, 0x00, 0x01, 0x5f, 0x02, 0x01, 0x01, 0x00, 0x01,
  0x4f, 0x07, 0x07, 0x07, 0x0a, 0x07, 0x0a, 0x18, 0x03, 0x06, 0x17, 0x2b,
  0x25, 0x25, 0x35, 0x25, 0x15, 0x05, 0x05, 0x01, 0x35, 0x21, 0x15, 0x01,
  0xf9, 0xfe, 0x56, 0x01, 0xaa, 0xfe, 0xf2, 0x01, 0x0e, 0xfe, 0x51, 0x01,
  0xb4, 0x9c, 0x9f, 0x58, 0x9f, 0x73, 0x57, 0x59, 0xfe, 0xf1, 0x54, 0x54,
  0x00, 0x02, 0x00, 0x74, 0x00, 0x00, 0x02, 0x28, 0x02, 0x40, 0x00, 0x0b,
  0x00, 0x0f, 0x00, 0x38, 0x40, 0x35, 0x03, 0x01, 0x01, 0x04, 0x01, 0x00,
  0x05, 0x01, 0x00, 0x67, 0x00, 0x02, 0x08, 0x01, 0x05, 0x06, 0x02, 0x05,
  0x67, 0x00, 0x06, 0x06, 0x07, 0x5f, 0x09, 0x01, 0x07, 0x07, 0x15, 0x07,
  0x4e, 0x0c, 0x0c, 0x00, 0x00, 0x0c, 0x0f, 0x0c, 0x0f, 0x0e, 0x0d, 0x00,
  0x0b, 0x00, 0x0b, 0x11, 0x11, 0x11, 0x11, 0x11, 0x0a, 0x07, 0x1b, 0x2b,
  0x25, 0x35, 0x23, 0x35, 0x33, 0x35, 0x33, 0x15, 0x33, 0x15, 0x23, 0x15,
  0x05, 0x35, 0x21, 0x15, 0x01, 0x12, 0x96, 0x96, 0x78, 0x96, 0x96, 0xfe,
  0xea, 0x01, 0xb4, 0x9c, 0x96, 0x78, 0x96, 0x96, 0x78, 0x96, 0x9c, 0x54,
  0x54, 0x00, 0x00, 0x00, 0x00, 0x02, 0x00, 0x74, 0x00, 0x9e, 0x01, 0xde,
  0x02, 0x15, 0x00, 0x18, 0x00, 0x31, 0x00, 0xc1, 0x4b, 0xb0, 0x17, 0x50,
  0x58, 0x40, 0x46, 0x00, 0x05, 0x03, 0x04, 0x04, 0x05, 0x72, 0x00, 0x02,
  0x01, 0x00, 0x01, 0x02, 0x72, 0x00, 0x0b, 0x09, 0x0a, 0x0a, 0x0b, 0x72,
  0x00, 0x08, 0x07, 0x06, 0x07, 0x08, 0x72, 0x00, 0x03, 0x00, 0x01, 0x02,
  0x03, 0x01, 0x69, 0x00, 0x04, 0x0c, 0x01, 0x00, 0x09, 0x04, 0x00, 0x6a,
  0x00, 0x0a, 0x07, 0x06, 0x0a, 0x59, 0x00, 0x09, 0x00, 0x07, 0x08, 0x09,
  0x07, 0x69, 0x00, 0x0a, 0x0a, 0x06, 0x62, 0x0d, 0x01, 0x06, 0x0a, 0x06,
  0x52, 0x1b, 0x40, 0x4a, 0x00, 0x05, 0x03, 0x04, 0x03, 0x05, 0x04, 0x80,
  0x00, 0x02, 0x01, 0x00, 0x01, 0x02, 0x00, 0x80, 0x00, 0x0b, 0x09, 0x0a,
  0x09, 0x0b, 0x0a, 0x80, 0x00, 0x08, 0x07, 0x06, 0x07, 0x08, 0x06, 0x80,
  0x00, 0x03, 0x00, 0x01, 0x02, 0x03, 0x01, 0x69, 0x00, 0x04, 0x0c, 0x01,
  0x00, 0x09, 0x04, 0x00, 0x6a, 0x00, 0x0a, 0x07, 0x06, 0x0a, 0x59, 0x00,
  0x09, 0x00, 0x07, 0x08, 0x09, 0x07, 0x69, 0x00, 0x0a, 0x0a, 0x06, 0x62,
  0x0d, 0x01, 0x06, 0x0a, 0x06, 0x52, 0x59, 0x40, 0x23, 0x1a, 0x19, 0x01,
  0x00, 0x2e, 0x2d, 0x2c, 0x2a, 0x27, 0x25, 0x22, 0x21, 0x1f, 0x1d, 0x19,
  0x31, 0x1a, 0x31, 0x15, 0x14, 0x13, 0x11, 0x0e, 0x0c, 0x09, 0x08, 0x06,
  0x04, 0x00, 0x18, 0x01, 0x18, 0x0e, 0x06, 0x16, 0x2b, 0x01, 0x22, 0x2e,
  0x02, 0x23, 0x22, 0x06, 0x15, 0x23, 0x34, 0x36, 0x36, 0x33, 0x32, 0x1e,
  0x02, 0x33, 0x32, 0x35, 0x33, 0x14, 0x06, 0x06, 0x07, 0x22, 0x2e, 0x02,
  0x23, 0x22, 0x06, 0x15, 0x23, 0x34, 0x36, 0x36, 0x33, 0x32, 0x1e, 0x02,
  0x33, 0x32, 0x35, 0x33, 0x14, 0x06, 0x06, 0x01, 0x74, 0x1c, 0x29, 0x1f,
  0x1b, 0x0f, 0x12, 0x0d, 0x53, 0x11, 0x2e, 0x2b, 0x1d, 0x2a, 0x20, 0x1b,
  0x0e, 0x1e, 0x52, 0x11, 0x2d, 0x2c, 0x1c, 0x29, 0x1f, 0x1b, 0x0f, 0x12,
  0x0d, 0x53, 0x11, 0x2e, 0x2b, 0x1d, 0x2a, 0x20, 0x1b, 0x0e, 0x1e, 0x52,
  0x11, 0x2d, 0x01, 0x7e, 0x12, 0x19, 0x12, 0x1e, 0x1a, 0x21, 0x44, 0x2d,
  0x13, 0x18, 0x13, 0x38, 0x21, 0x43, 0x2d, 0xe0, 0x13, 0x19, 0x12, 0x1e,
  0x1a, 0x21, 0x43, 0x2e, 0x13, 0x18, 0x13, 0x38, 0x21, 0x43, 0x2e, 0x00,
  0x00, 0x01, 0x00, 0x40, 0x01, 0x3a, 0x01, 0xaa, 0x01, 0xd2, 0x00, 0x18,
  0x00, 0x6d, 0xb1, 0x06, 0x64, 0x44, 0x4b, 0xb0, 0x26, 0x50, 0x58, 0x40,
  0x1b, 0x00, 0x04, 0x01, 0x00, 0x04, 0x59, 0x05, 0x01, 0x03, 0x00, 0x01,
  0x00, 0x03, 0x01, 0x69, 0x00, 0x04, 0x04, 0x00, 0x62, 0x02, 0x06, 0x02,
  0x00, 0x04, 0x00, 0x52, 0x1b, 0x40, 0x29, 0x00, 0x05, 0x03, 0x04, 0x03,
  0x05, 0x04, 0x80, 0x00, 0x02, 0x01, 0x00, 0x01, 0x02, 0x00, 0x80, 0x00,
  0x04, 0x01, 0x00, 0x04, 0x59, 0x00, 0x03, 0x00, 0x01, 0x02, 0x03, 0x01,
  0x69, 0x00, 0x04, 0x04, 0x00, 0x62, 0x06, 0x01, 0x00, 0x04, 0x00, 0x52,
  0x59, 0x40, 0x13, 0x01, 0x00, 0x15, 0x14, 0x13, 0x11, 0x0e, 0x0c, 0x09,
  0x08, 0x06, 0x04, 0x00, 0x18, 0x01, 0x18, 0x07, 0x07, 0x16, 0x2b, 0xb1,
  0x06, 0x00, 0x44, 0x01, 0x22, 0x2e, 0x02, 0x23, 0x22, 0x06, 0x15, 0x23,
  0x34, 0x36, 0x36, 0x33, 0x32, 0x1e, 0x02, 0x33, 0x32, 0x35, 0x33, 0x14,
  0x06, 0x06, 0x01, 0x40, 0x1c, 0x29, 0x1f, 0x1c, 0x0e, 0x12, 0x0d, 0x53,
  0x11, 0x2e, 0x2b, 0x1d, 0x29, 0x20, 0x1c, 0x0e, 0x1d, 0x53, 0x11, 0x2d,
  0x01, 0x3a, 0x13, 0x19, 0x12, 0x1e, 0x1a, 0x21, 0x43, 0x2e, 0x13, 0x18,
  0x13, 0x38, 0x21, 0x43, 0x2e, 0x00, 0x00, 0x00, 0x00, 0x01, 0x00, 0x50,
  0x01, 0x01, 0x02, 0x3f, 0x02, 0x12, 0x00, 0x05, 0x00, 0x1f, 0x40, 0x1c,
  0x00, 0x01, 0x02, 0x01, 0x86, 0x03, 0x01, 0x02, 0x02, 0x00, 0x5f, 0x00,
  0x00, 0x00, 0x17, 0x02, 0x4e, 0x00, 0x00, 0x00, 0x05, 0x00, 0x05, 0x11,
  0x11, 0x04, 0x07, 0x18, 0x2b, 0x13, 0x35, 0x21, 0x11, 0x23, 0x35, 0x50,
  0x01, 0xef, 0x77, 0x01, 0x9a, 0x78, 0xfe, 0xef, 0x99, 0x00, 0x00, 0x00,
  0x00, 0x01, 0x00, 0x74, 0x02, 0x30, 0x01, 0xf0, 0x02, 0xe4, 0x00, 0x06,
  0x00, 0x27, 0xb1, 0x06, 0x64, 0x44, 0x40, 0x1c, 0x05, 0x01, 0x01, 0x00,
  0x01, 0x4c, 0x00, 0x00, 0x01, 0x00, 0x85, 0x03, 0x02, 0x02, 0x01, 0x01,
  0x76, 0x00, 0x00, 0x00, 0x06, 0x00, 0x06, 0x11, 0x11, 0x04, 0x07, 0x18,
  0x2b, 0xb1, 0x06, 0x00, 0x44, 0x13, 0x37, 0x33, 0x17, 0x23, 0x27, 0x07,
  0x74, 0x82, 0x78, 0x82, 0x77, 0x47, 0x47, 0x02, 0x30, 0xb4, 0xb4, 0x68,
  0x68, 0x00, 0x00, 0x00, 0x00, 0x01, 0x00, 0x2b, 0xff, 0x3b, 0x02, 0x68,
  0x02, 0x12, 0x00, 0x29, 0x00, 0x32, 0x40, 0x2f, 0x1a, 0x14, 0x02, 0x04,
  0x01, 0x01, 0x4c, 0x02, 0x01, 0x00, 0x00, 0x17, 0x4d, 0x03, 0x01, 0x01,
  0x01, 0x04, 0x62, 0x05, 0x01, 0x04, 0x04, 0x1b, 0x4d, 0x07, 0x01, 0x06,
  0x06, 0x19, 0x06, 0x4e, 0x00, 0x00, 0x00, 0x29, 0x00, 0x29, 0x27, 0x25,
  0x23, 0x14, 0x23, 0x11, 0x08, 0x07, 0x1c, 0x2b, 0x17, 0x11, 0x33, 0x11,
  0x14, 0x16, 0x33, 0x32, 0x36, 0x36, 0x35, 0x11, 0x33, 0x11, 0x14, 0x16,
  0x33, 0x32, 0x36, 0x31, 0x15, 0x30, 0x06, 0x23, 0x22, 0x26, 0x27, 0x23,
  0x30, 0x0e, 0x02, 0x23, 0x22, 0x26, 0x26, 0x31, 0x07, 0x16, 0x16, 0x15,
  0x15, 0x2b, 0x98, 0x28, 0x27, 0x21, 0x27, 0x12, 0x98, 0x1d, 0x27, 0x0e,
  0x12, 0x2a, 0x1c, 0x44, 0x4f, 0x10, 0x08, 0x0a, 0x1a, 0x2f, 0x25, 0x1f,
  0x2a, 0x15, 0x04, 0x16, 0x10, 0xc5, 0x02, 0xd7, 0xfe, 0xb6, 0x26, 0x2f,
  0x20, 0x32, 0x1c, 0x01, 0x31, 0xfe, 0xa1, 0x1e, 0x26, 0x04, 0x76, 0x07,
  0x32, 0x23, 0x19, 0x22, 0x1a, 0x11, 0x11, 0x04, 0x28, 0x4b, 0x33, 0x33,
  0x00, 0x05, 0x00, 0x33, 0xff, 0xf6, 0x03, 0x34, 0x02, 0xee, 0x00, 0x0f,
  0x00, 0x13, 0x00, 0x1f, 0x00, 0x2f, 0x00, 0x3b, 0x00, 0xda, 0x4b, 0xb0,
  0x17, 0x50, 0x58, 0x40, 0x2e, 0x00, 0x07, 0x00, 0x09, 0x08, 0x07, 0x09,
  0x6a, 0x00, 0x05, 0x05, 0x01, 0x61, 0x02, 0x01, 0x01, 0x01, 0x1a, 0x4d,
  0x0a, 0x01, 0x00, 0x00, 0x04, 0x61, 0x0c, 0x01, 0x04, 0x04, 0x17, 0x4d,
  0x0e, 0x01, 0x08, 0x08, 0x03, 0x61, 0x0d, 0x06, 0x0b, 0x03, 0x03, 0x03,
  0x15, 0x03, 0x4e, 0x1b, 0x4b, 0xb0, 0x1f, 0x50, 0x58, 0x40, 0x36, 0x00,
  0x07, 0x00, 0x09, 0x08, 0x07, 0x09, 0x6a, 0x00, 0x02, 0x02, 0x14, 0x4d,
  0x00, 0x05, 0x05, 0x01, 0x61, 0x00, 0x01, 0x01, 0x1a, 0x4d, 0x0a, 0x01,
  0x00, 0x00, 0x04, 0x61, 0x0c, 0x01, 0x04, 0x04, 0x17, 0x4d, 0x0b, 0x01,
  0x03, 0x03, 0x15, 0x4d, 0x0e, 0x01, 0x08, 0x08, 0x06, 0x61, 0x0d, 0x01,
  0x06, 0x06, 0x1b, 0x06, 0x4e, 0x1b, 0x40, 0x34, 0x0c, 0x01, 0x04, 0x0a,
  0x01, 0x00, 0x07, 0x04, 0x00, 0x69, 0x00, 0x07, 0x00, 0x09, 0x08, 0x07,
  0x09, 0x6a, 0x00, 0x02, 0x02, 0x14, 0x4d, 0x00, 0x05, 0x05, 0x01, 0x61,
  0x00, 0x01, 0x01, 0x1a, 0x4d, 0x0b, 0x01, 0x03, 0x03, 0x15, 0x4d, 0x0e,
  0x01, 0x08, 0x08, 0x06, 0x61, 0x0d, 0x01, 0x06, 0x06, 0x1b, 0x06, 0x4e,
  0x59, 0x59, 0x40, 0x2b, 0x31, 0x30, 0x21, 0x20, 0x15, 0x14, 0x10, 0x10,
  0x01, 0x00, 0x37, 0x35, 0x30, 0x3b, 0x31, 0x3b, 0x29, 0x27, 0x20, 0x2f,
  0x21, 0x2f, 0x1b, 0x19, 0x14, 0x1f, 0x15, 0x1f, 0x10, 0x13, 0x10, 0x13,
  0x12, 0x11, 0x09, 0x07, 0x00, 0x0f, 0x01, 0x0f, 0x0f, 0x07, 0x16, 0x2b,
  0x13, 0x22, 0x26, 0x26, 0x35, 0x34, 0x36, 0x36, 0x33, 0x32, 0x16, 0x16,
  0x15, 0x14, 0x06, 0x06, 0x03, 0x01, 0x33, 0x01, 0x03, 0x32, 0x36, 0x35,
  0x34, 0x26, 0x23, 0x22, 0x06, 0x15, 0x14, 0x16, 0x01, 0x22, 0x26, 0x26,
  0x35, 0x34, 0x36, 0x36, 0x33, 0x32, 0x16, 0x16, 0x15, 0x14, 0x06, 0x06,
  0x27, 0x32, 0x36, 0x35, 0x34, 0x26, 0x23, 0x22, 0x06, 0x15, 0x14, 0x16,
  0xdb, 0x34, 0x4b, 0x29, 0x28, 0x4c, 0x34, 0x35, 0x4b, 0x28, 0x28, 0x4c,
  0x68, 0x01, 0x9f, 0x79, 0xfe, 0x62, 0x46, 0x1f, 0x26, 0x26, 0x1f, 0x20,
  0x26, 0x26, 0x01, 0xd1, 0x34, 0x4c, 0x28, 0x28, 0x4c, 0x34, 0x34, 0x4b,
  0x29, 0x29, 0x4b, 0x35, 0x20, 0x26, 0x26, 0x20, 0x1f, 0x26, 0x26, 0x01,
  0xa8, 0x2d, 0x4a, 0x2d, 0x2c, 0x4a, 0x2c, 0x2c, 0x4a, 0x2c, 0x2d, 0x4a,
  0x2d, 0xfe, 0x58, 0x02, 0xe4, 0xfd, 0x1c, 0x02, 0x02, 0x2b, 0x1e, 0x1e,
  0x2a, 0x2a, 0x1e, 0x1e, 0x2b, 0xfd, 0xf4, 0x2d, 0x4a, 0x2c, 0x2c, 0x4a,
  0x2d, 0x2d, 0x4a, 0x2c, 0x2c, 0x4a, 0x2d, 0x5a, 0x2a, 0x1f, 0x1e, 0x2a,
  0x2a, 0x1e, 0x1f, 0x2a, 0x00, 0x07, 0x00, 0x33, 0xff, 0xf6, 0x04, 0xb6,
  0x02, 0xee, 0x00, 0x0f, 0x00, 0x13, 0x00, 0x1f, 0x00, 0x2f, 0x00, 0x3f,
  0x00, 0x4b, 0x00, 0x57, 0x00, 0xfc, 0x4b, 0xb0, 0x17, 0x50, 0x58, 0x40,
  0x34, 0x09, 0x01, 0x07, 0x0d, 0x01, 0x0b, 0x0a, 0x07, 0x0b, 0x6a, 0x00,
  0x05, 0x05, 0x01, 0x61, 0x02, 0x01, 0x01, 0x01, 0x1a, 0x4d, 0x0e, 0x01,
  0x00, 0x00, 0x04, 0x61, 0x10, 0x01, 0x04, 0x04, 0x17, 0x4d, 0x14, 0x0c,
  0x13, 0x03, 0x0a, 0x0a, 0x03, 0x61, 0x12, 0x08, 0x11, 0x06, 0x0f, 0x05,
  0x03, 0x03, 0x15, 0x03, 0x4e, 0x1b, 0x4b, 0xb0, 0x1f, 0x50, 0x58, 0x40,
  0x3c, 0x09, 0x01, 0x07, 0x0d, 0x01, 0x0b, 0x0a, 0x07, 0x0b, 0x6a, 0x00,
  0x02, 0x02, 0x14, 0x4d, 0x00, 0x05, 0x05, 0x01, 0x61, 0x00, 0x01, 0x01,
  0x1a, 0x4d, 0x0e, 0x01, 0x00, 0x00, 0x04, 0x61, 0x10, 0x01, 0x04, 0x04,
  0x17, 0x4d, 0x0f, 0x01, 0x03, 0x03, 0x15, 0x4d, 0x14, 0x0c, 0x13, 0x03,
  0x0a, 0x0a, 0x06, 0x61, 0x12, 0x08, 0x11, 0x03, 0x06, 0x06, 0x1b, 0x06,
  0x4e, 0x1b, 0x40, 0x3a, 0x10, 0x01, 0x04, 0x0e, 0x01, 0x00, 0x07, 0x04,
  0x00, 0x69, 0x09, 0x01, 0x07, 0x0d, 0x01, 0x0b, 0x0a, 0x07, 0x0b, 0x6a,
  0x00, 0x02, 0x02, 0x14, 0x4d, 0x00, 0x05, 0x05, 0x01, 0x61, 0x00, 0x01,
  0x01, 0x1a, 0x4d, 0x0f, 0x01, 0x03, 0x03, 0x15, 0x4d, 0x14, 0x0c, 0x13,
  0x03, 0x0a, 0x0a, 0x06, 0x61, 0x12, 0x08, 0x11, 0x03, 0x06, 0x06, 0x1b,
  0x06, 0x4e, 0x59, 0x59, 0x40, 0x3b, 0x4d, 0x4c, 0x41, 0x40, 0x31, 0x30,
  0x21, 0x20, 0x15, 0x14, 0x10, 0x10, 0x01, 0x00, 0x53, 0x51, 0x4c, 0x57,
  0x4d, 0x57, 0x47, 0x45, 0x40, 0x4b, 0x41, 0x4b, 0x39, 0x37, 0x30, 0x3f,
  0x31, 0x3f, 0x29, 0x27, 0x20, 0x2f, 0x21, 0x2f, 0x1b, 0x19, 0x14, 0x1f,
  0x15, 0x1f, 0x10, 0x13, 0x10, 0x13, 0x12, 0x11, 0x09, 0x07, 0x00, 0x0f,
  0x01, 0x0f, 0x15, 0x07, 0x16, 0x2b, 0x13, 0x22, 0x26, 0x26, 0x35, 0x34,
  0x36, 0x36, 0x33, 0x32, 0x16, 0x16, 0x15, 0x14, 0x06, 0x06, 0x03, 0x01,
  0x33, 0x01, 0x03, 0x32, 0x36, 0x35, 0x34, 0x26, 0x23, 0x22, 0x06, 0x15,
  0x14, 0x16, 0x01, 0x22, 0x26, 0x26, 0x35, 0x34, 0x36, 0x36, 0x33, 0x32,
  0x16, 0x16, 0x15, 0x14, 0x06, 0x06, 0x21, 0x22, 0x26, 0x26, 0x35, 0x34,
  0x36, 0x36, 0x33, 0x32, 0x16, 0x16, 0x15, 0x14, 0x06, 0x06, 0x25, 0x32,
  0x36, 0x35, 0x34, 0x26, 0x23, 0x22, 0x06, 0x15, 0x14, 0x16, 0x21, 0x32,
  0x36, 0x35, 0x34, 0x26, 0x23, 0x22, 0x06, 0x15, 0x14, 0x16, 0xdb, 0x34,
  0x4b, 0x29, 0x28, 0x4c, 0x34, 0x35, 0x4b, 0x28, 0x28, 0x4c, 0x68, 0x01,
  0x9f, 0x79, 0xfe, 0x62, 0x46, 0x1f, 0x26, 0x26, 0x1f, 0x20, 0x26, 0x26,
  0x03, 0x53, 0x34, 0x4b, 0x29, 0x29, 0x4b, 0x34, 0x34, 0x4b, 0x29, 0x28,
  0x4b, 0xfe, 0x49, 0x34, 0x4c, 0x28, 0x28, 0x4c, 0x34, 0x34, 0x4b, 0x29,
  0x29, 0x4b, 0x01, 0x4e, 0x1f, 0x26, 0x26, 0x1f, 0x20, 0x26, 0x26, 0xfe,
  0x9d, 0x20, 0x26, 0x26, 0x20, 0x1f, 0x26, 0x26, 0x01, 0xa8, 0x2d, 0x4a,
  0x2d, 0x2c, 0x4a, 0x2c, 0x2c, 0x4a, 0x2c, 0x2d, 0x4a, 0x2d, 0xfe, 0x58,
  0x02, 0xe4, 0xfd, 0x1c, 0x02, 0x02, 0x2b, 0x1e, 0x1e, 0x2a, 0x2a, 0x1e,
  0x1e, 0x2b, 0xfd, 0xf4, 0x2d, 0x4a, 0x2c, 0x2c, 0x4a, 0x2d, 0x2d, 0x4a,
  0x2c, 0x2c, 0x4a, 0x2d, 0x2d, 0x4a, 0x2c, 0x2c, 0x4a, 0x2d, 0x2d, 0x4a,
  0x2c, 0x2c, 0x4a, 0x2d, 0x5a, 0x2a, 0x1f, 0x1e, 0x2a, 0x2a, 0x1e, 0x1f,
  0x2a, 0x2a, 0x1f, 0x1e, 0x2a, 0x2a, 0x1e, 0x1f, 0x2a, 0x00, 0x00, 0x00,
  0x00, 0x02, 0xff, 0xfa, 0x02, 0x55, 0x01, 0x63, 0x03, 0xc6, 0x00, 0x03,
  0x00, 0x1b, 0x00, 0x58, 0x4b, 0xb0, 0x2f, 0x50, 0x58, 0x40, 0x17, 0x00,
  0x01, 0x00, 0x00, 0x03, 0x01, 0x00, 0x67, 0x00, 0x04, 0x06, 0x01, 0x02,
  0x04, 0x02, 0x65, 0x05, 0x01, 0x03, 0x03, 0x16, 0x03, 0x4e, 0x1b, 0x40,
  0x22, 0x05, 0x01, 0x03, 0x00, 0x04, 0x00, 0x03, 0x04, 0x80, 0x00, 0x01,
  0x00, 0x00, 0x03, 0x01, 0x00, 0x67, 0x00, 0x04, 0x02, 0x02, 0x04, 0x59,
  0x00, 0x04, 0x04, 0x02, 0x61, 0x06, 0x01, 0x02, 0x04, 0x02, 0x51, 0x59,
  0x40, 0x11, 0x05, 0x04, 0x16, 0x14, 0x11, 0x0f, 0x0b, 0x09, 0x04, 0x1b,
  0x05, 0x1b, 0x11, 0x10, 0x07, 0x07, 0x18, 0x2b, 0x13, 0x27, 0x37, 0x33,
  0x03, 0x22, 0x2e, 0x03, 0x31, 0x33, 0x30, 0x1e, 0x02, 0x33, 0x32, 0x3e,
  0x02, 0x31, 0x33, 0x30, 0x0e, 0x03, 0xe7, 0x70, 0x50, 0x8e, 0xa7, 0x37,
  0x44, 0x26, 0x10, 0x03, 0x64, 0x03, 0x0f, 0x21, 0x1d, 0x1d, 0x21, 0x0f,
  0x04, 0x64, 0x03, 0x10, 0x26, 0x45, 0x03, 0x11, 0x01, 0xb4, 0xfe, 0x8f,
  0x20, 0x2e, 0x2f, 0x20, 0x16, 0x1b, 0x15, 0x15, 0x1b, 0x16, 0x20, 0x2f,
  0x2e, 0x20, 0x00, 0x00, 0x00, 0x02, 0xff, 0xfa, 0x02, 0x55, 0x01, 0x63,
  0x03, 0xc6, 0x00, 0x03, 0x00, 0x1b, 0x00, 0x5f, 0x4b, 0xb0, 0x2f, 0x50,
  0x58, 0x40, 0x18, 0x00, 0x00, 0x06, 0x01, 0x01, 0x03, 0x00, 0x01, 0x67,
  0x00, 0x04, 0x07, 0x01, 0x02, 0x04, 0x02, 0x65, 0x05, 0x01, 0x03, 0x03,
  0x16, 0x03, 0x4e, 0x1b, 0x40, 0x23, 0x05, 0x01, 0x03, 0x01, 0x04, 0x01,
  0x03, 0x04, 0x80, 0x00, 0x00, 0x06, 0x01, 0x01, 0x03, 0x00, 0x01, 0x67,
  0x00, 0x04, 0x02, 0x02, 0x04, 0x59, 0x00, 0x04, 0x04, 0x02, 0x61, 0x07,
  0x01, 0x02, 0x04, 0x02, 0x51, 0x59, 0x40, 0x16, 0x05, 0x04, 0x00, 0x00,
  0x16, 0x14, 0x11, 0x0f, 0x0b, 0x09, 0x04, 0x1b, 0x05, 0x1b, 0x00, 0x03,
  0x00, 0x03, 0x11, 0x08, 0x07, 0x17, 0x2b, 0x13, 0x27, 0x33, 0x17, 0x07,
  0x22, 0x2e, 0x03, 0x31, 0x33, 0x30, 0x1e, 0x02, 0x33, 0x32, 0x3e, 0x02,
  0x31, 0x33, 0x30, 0x0e, 0x03, 0x79, 0x6e, 0x8d, 0x51, 0x3b, 0x37, 0x44,
  0x26, 0x10, 0x03, 0x64, 0x03, 0x0f, 0x21, 0x1d, 0x1d, 0x21, 0x0f, 0x04,
  0x64, 0x03, 0x10, 0x26, 0x45, 0x03, 0x11, 0xb5, 0xb4, 0xbd, 0x20, 0x2e,
  0x2f, 0x20, 0x16, 0x1b, 0x15, 0x15, 0x1b, 0x16, 0x20, 0x2f, 0x2e, 0x20,
  0x00, 0x02, 0xff, 0xfa, 0x02, 0x55, 0x01, 0x63, 0x03, 0xf5, 0x00, 0x1c,
  0x00, 0x34, 0x00, 0xad, 0x4b, 0xb0, 0x21, 0x50, 0x58, 0x40, 0x26, 0x00,
  0x01, 0x00, 0x03, 0x00, 0x01, 0x72, 0x08, 0x01, 0x03, 0x05, 0x00, 0x03,
  0x05, 0x7e, 0x00, 0x02, 0x00, 0x00, 0x01, 0x02, 0x00, 0x69, 0x00, 0x06,
  0x09, 0x01, 0x04, 0x06, 0x04, 0x65, 0x07, 0x01, 0x05, 0x05, 0x16, 0x05,
  0x4e, 0x1b, 0x4b, 0xb0, 0x2f, 0x50, 0x58, 0x40, 0x27, 0x00, 0x01, 0x00,
  0x03, 0x00, 0x01, 0x03, 0x80, 0x08, 0x01, 0x03, 0x05, 0x00, 0x03, 0x05,
  0x7e, 0x00, 0x02, 0x00, 0x00, 0x01, 0x02, 0x00, 0x69, 0x00, 0x06, 0x09,
  0x01, 0x04, 0x06, 0x04, 0x65, 0x07, 0x01, 0x05, 0x05, 0x16, 0x05, 0x4e,
  0x1b, 0x40, 0x31, 0x00, 0x01, 0x00, 0x03, 0x00, 0x01, 0x03, 0x80, 0x08,
  0x01, 0x03, 0x05, 0x00, 0x03, 0x05, 0x7e, 0x07, 0x01, 0x05, 0x06, 0x00,
  0x05, 0x06, 0x7e, 0x00, 0x02, 0x00, 0x00, 0x01, 0x02, 0x00, 0x69, 0x00,
  0x06, 0x04, 0x04, 0x06, 0x59, 0x00, 0x06, 0x06, 0x04, 0x61, 0x09, 0x01,
  0x04, 0x06, 0x04, 0x51, 0x59, 0x59, 0x40, 0x18, 0x1e, 0x1d, 0x00, 0x00,
  0x2f, 0x2d, 0x2a, 0x28, 0x24, 0x22, 0x1d, 0x34, 0x1e, 0x34, 0x00, 0x1c,
  0x00, 0x1c, 0x23, 0x22, 0x2a, 0x0a, 0x07, 0x19, 0x2b, 0x13, 0x35, 0x34,
  0x36, 0x37, 0x37, 0x36, 0x36, 0x35, 0x34, 0x26, 0x23, 0x22, 0x06, 0x06,
  0x15, 0x23, 0x26, 0x36, 0x36, 0x33, 0x32, 0x16, 0x15, 0x14, 0x06, 0x07,
  0x07, 0x15, 0x07, 0x22, 0x2e, 0x03, 0x31, 0x33, 0x30, 0x1e, 0x02, 0x33,
  0x32, 0x3e, 0x02, 0x31, 0x33, 0x30, 0x0e, 0x03, 0x83, 0x0b, 0x0e, 0x0f,
  0x15, 0x16, 0x13, 0x11, 0x13, 0x10, 0x04, 0x57, 0x01, 0x19, 0x37, 0x2d,
  0x3d, 0x46, 0x2f, 0x25, 0x04, 0x2d, 0x37, 0x44, 0x26, 0x10, 0x03, 0x64,
  0x03, 0x0f, 0x21, 0x1d, 0x1d, 0x21, 0x0f, 0x04, 0x64, 0x03, 0x10, 0x26,
  0x45, 0x03, 0x06, 0x21, 0x0d, 0x16, 0x07, 0x08, 0x0a, 0x16, 0x0f, 0x0d,
  0x13, 0x11, 0x14, 0x02, 0x1b, 0x35, 0x24, 0x3f, 0x2b, 0x23, 0x31, 0x13,
  0x02, 0x1c, 0xb1, 0x20, 0x2e, 0x2f, 0x20, 0x16, 0x1b, 0x15, 0x15, 0x1b,
  0x16, 0x20, 0x2f, 0x2e, 0x20, 0x00, 0x00, 0x00, 0x00, 0x02, 0xff, 0xfa,
  0x02, 0x55, 0x01, 0x63, 0x03, 0xb9, 0x00, 0x18, 0x00, 0x30, 0x00, 0xc3,
  0x4b, 0xb0, 0x26, 0x50, 0x58, 0x40, 0x22, 0x05, 0x01, 0x03, 0x00, 0x01,
  0x00, 0x03, 0x01, 0x69, 0x00, 0x04, 0x02, 0x0a, 0x02, 0x00, 0x07, 0x04,
  0x00, 0x6a, 0x00, 0x08, 0x0b, 0x01, 0x06, 0x08, 0x06, 0x65, 0x09, 0x01,
  0x07, 0x07, 0x16, 0x07, 0x4e, 0x1b, 0x4b, 0xb0, 0x2f, 0x50, 0x58, 0x40,
  0x30, 0x00, 0x05, 0x03, 0x04, 0x03, 0x05, 0x04, 0x80, 0x00, 0x02, 0x01,
  0x00, 0x01, 0x02, 0x00, 0x80, 0x00, 0x03, 0x00, 0x01, 0x02, 0x03, 0x01,
  0x69, 0x00, 0x04, 0x0a, 0x01, 0x00, 0x07, 0x04, 0x00, 0x6a, 0x00, 0x08,
  0x0b, 0x01, 0x06, 0x08, 0x06, 0x65, 0x09, 0x01, 0x07, 0x07, 0x16, 0x07,
  0x4e, 0x1b, 0x40, 0x3b, 0x00, 0x05, 0x03, 0x04, 0x03, 0x05, 0x04, 0x80,
  0x00, 0x02, 0x01, 0x00, 0x01, 0x02, 0x00, 0x80, 0x09, 0x01, 0x07, 0x00,
  0x08, 0x00, 0x07, 0x08, 0x80, 0x00, 0x03, 0x00, 0x01, 0x02, 0x03, 0x01,
  0x69, 0x00, 0x04, 0x0a, 0x01, 0x00, 0x07, 0x04, 0x00, 0x6a, 0x00, 0x08,
  0x06, 0x06, 0x08, 0x59, 0x00, 0x08, 0x08, 0x06, 0x61, 0x0b, 0x01, 0x06,
  0x08, 0x06, 0x51, 0x59, 0x59, 0x40, 0x1f, 0x1a, 0x19, 0x01, 0x00, 0x2b,
  0x29, 0x26, 0x24, 0x20, 0x1e, 0x19, 0x30, 0x1a, 0x30, 0x15, 0x14, 0x13,
  0x11, 0x0e, 0x0c, 0x09, 0x08, 0x06, 0x04, 0x00, 0x18, 0x01, 0x18, 0x0c,
  0x07, 0x16, 0x2b, 0x13, 0x22, 0x2e, 0x02, 0x23, 0x22, 0x06, 0x15, 0x23,
  0x34, 0x36, 0x36, 0x33, 0x32, 0x1e, 0x02, 0x33, 0x32, 0x35, 0x33, 0x14,
  0x06, 0x06, 0x07, 0x22, 0x2e, 0x03, 0x31, 0x33, 0x30, 0x1e, 0x02, 0x33,
  0x32, 0x3e, 0x02, 0x31, 0x33, 0x30, 0x0e, 0x03, 0xf8, 0x1b, 0x27, 0x1d,
  0x1a, 0x0d, 0x10, 0x0d, 0x51, 0x10, 0x2b, 0x2a, 0x1b, 0x28, 0x1e, 0x19,
  0x0d, 0x1b, 0x52, 0x10, 0x2b, 0x74, 0x37, 0x44, 0x26, 0x10, 0x03, 0x64,
  0x03, 0x0f, 0x21, 0x1d, 0x1d, 0x21, 0x0f, 0x04, 0x64, 0x03, 0x10, 0x26,
  0x45, 0x03, 0x20, 0x12, 0x19, 0x13, 0x1e, 0x1a, 0x21, 0x44, 0x2e, 0x13,
  0x18, 0x13, 0x38, 0x21, 0x44, 0x2e, 0xcb, 0x20, 0x2e, 0x2f, 0x20, 0x16,
  0x1b, 0x15, 0x15, 0x1b, 0x16, 0x20, 0x2f, 0x2e, 0x20, 0x00, 0x00, 0x00,
  0x00, 0x02, 0x00, 0x18, 0x02, 0x54, 0x02, 0x33, 0x03, 0x89, 0x00, 0x03,
  0x00, 0x0a, 0x00, 0x56, 0xb5, 0x09, 0x01, 0x03, 0x00, 0x01, 0x4c, 0x4b,
  0xb0, 0x31, 0x50, 0x58, 0x40, 0x15, 0x05, 0x04, 0x02, 0x03, 0x00, 0x03,
  0x86, 0x00, 0x01, 0x00, 0x00, 0x03, 0x01, 0x00, 0x67, 0x00, 0x02, 0x02,
  0x14, 0x02, 0x4e, 0x1b, 0x40, 0x1f, 0x00, 0x02, 0x01, 0x00, 0x01, 0x02,
  0x00, 0x80, 0x05, 0x04, 0x02, 0x03, 0x00, 0x03, 0x86, 0x00, 0x01, 0x02,
  0x00, 0x01, 0x57, 0x00, 0x01, 0x01, 0x00, 0x5f, 0x00, 0x00, 0x01, 0x00,
  0x4f, 0x59, 0x40, 0x0d, 0x04, 0x04, 0x04, 0x0a, 0x04, 0x0a, 0x11, 0x12,
  0x11, 0x10, 0x06, 0x07, 0x1a, 0x2b, 0x01, 0x27, 0x37, 0x33, 0x01, 0x37,
  0x33, 0x17, 0x23, 0x27, 0x07, 0x01, 0xc5, 0x70, 0x51, 0x8d, 0xfd, 0xe5,
  0x81, 0x79, 0x81, 0x77, 0x47, 0x46, 0x02, 0xd5, 0x01, 0xb3, 0xfe, 0xcb,
  0x9a, 0x9a, 0x55, 0x55, 0x00, 0x02, 0x00, 0x18, 0x02, 0x54, 0x01, 0xdb,
  0x03, 0x89, 0x00, 0x03, 0x00, 0x0a, 0x00, 0x7f, 0xb5, 0x09, 0x01, 0x03,
  0x01, 0x01, 0x4c, 0x4b, 0xb0, 0x0a, 0x50, 0x58, 0x40, 0x17, 0x06, 0x04,
  0x02, 0x03, 0x01, 0x01, 0x03, 0x71, 0x00, 0x00, 0x05, 0x01, 0x01, 0x03,
  0x00, 0x01, 0x67, 0x00, 0x02, 0x02, 0x14, 0x02, 0x4e, 0x1b, 0x4b, 0xb0,
  0x31, 0x50, 0x58, 0x40, 0x16, 0x06, 0x04, 0x02, 0x03, 0x01, 0x03, 0x86,
  0x00, 0x00, 0x05, 0x01, 0x01, 0x03, 0x00, 0x01, 0x67, 0x00, 0x02, 0x02,
  0x14, 0x02, 0x4e, 0x1b, 0x40, 0x20, 0x00, 0x02, 0x00, 0x01, 0x00, 0x02,
  0x01, 0x80, 0x06, 0x04, 0x02, 0x03, 0x01, 0x03, 0x86, 0x00, 0x00, 0x02,
  0x01, 0x00, 0x57, 0x00, 0x00, 0x00, 0x01, 0x5f, 0x05, 0x01, 0x01, 0x00,
  0x01, 0x4f, 0x59, 0x59, 0x40, 0x14, 0x04, 0x04, 0x00, 0x00, 0x04, 0x0a,
  0x04, 0x0a, 0x08, 0x07, 0x06, 0x05, 0x00, 0x03, 0x00, 0x03, 0x11, 0x07,
  0x07, 0x17, 0x2b, 0x01, 0x27, 0x33, 0x17, 0x05, 0x37, 0x33, 0x17, 0x23,
  0x27, 0x07, 0x01, 0x6b, 0x6e, 0x8e, 0x50, 0xfe, 0x3d, 0x81, 0x79, 0x81,
  0x77, 0x47, 0x46, 0x02, 0xd5, 0xb4, 0xb3, 0x82, 0x9a, 0x9a, 0x55, 0x55,
  0x00, 0x02, 0x00, 0x18, 0x02, 0x54, 0x02, 0x1d, 0x03, 0xb4, 0x00, 0x1c,
  0x00, 0x23, 0x00, 0xaa, 0xb5, 0x22, 0x01, 0x05, 0x03, 0x01, 0x4c, 0x4b,
  0xb0, 0x21, 0x50, 0x58, 0x40, 0x24, 0x00, 0x01, 0x00, 0x04, 0x00, 0x01,
  0x72, 0x07, 0x01, 0x03, 0x04, 0x05, 0x04, 0x03, 0x05, 0x80, 0x08, 0x06,
  0x02, 0x05, 0x05, 0x84, 0x00, 0x02, 0x00, 0x00, 0x01, 0x02, 0x00, 0x69,
  0x00, 0x04, 0x04, 0x14, 0x04, 0x4e, 0x1b, 0x4b, 0xb0, 0x31, 0x50, 0x58,
  0x40, 0x25, 0x00, 0x01, 0x00, 0x04, 0x00, 0x01, 0x04, 0x80, 0x07, 0x01,
  0x03, 0x04, 0x05, 0x04, 0x03, 0x05, 0x80, 0x08, 0x06, 0x02, 0x05, 0x05,
  0x84, 0x00, 0x02, 0x00, 0x00, 0x01, 0x02, 0x00, 0x69, 0x00, 0x04, 0x04,
  0x14, 0x04, 0x4e, 0x1b, 0x40, 0x2d, 0x00, 0x01, 0x00, 0x04, 0x00, 0x01,
  0x04, 0x80, 0x00, 0x04, 0x03, 0x00, 0x04, 0x03, 0x7e, 0x07, 0x01, 0x03,
  0x05, 0x00, 0x03, 0x05, 0x7e, 0x08, 0x06, 0x02, 0x05, 0x05, 0x84, 0x00,
  0x02, 0x00, 0x00, 0x02, 0x59, 0x00, 0x02, 0x02, 0x00, 0x61, 0x00, 0x00,
  0x02, 0x00, 0x51, 0x59, 0x59, 0x40, 0x16, 0x1d, 0x1d, 0x00, 0x00, 0x1d,
  0x23, 0x1d, 0x23, 0x21, 0x20, 0x1f, 0x1e, 0x00, 0x1c, 0x00, 0x1c, 0x23,
  0x22, 0x2a, 0x09, 0x07, 0x19, 0x2b, 0x01, 0x35, 0x34, 0x36, 0x37, 0x37,
  0x36, 0x36, 0x35, 0x34, 0x26, 0x23, 0x22, 0x06, 0x06, 0x15, 0x23, 0x26,
  0x36, 0x36, 0x33, 0x32, 0x16, 0x15, 0x14, 0x06, 0x07, 0x07, 0x15, 0x05,
  0x37, 0x33, 0x17, 0x23, 0x27, 0x07, 0x01, 0x6e, 0x0b, 0x0d, 0x10, 0x14,
  0x17, 0x14, 0x11, 0x13, 0x10, 0x04, 0x57, 0x01, 0x19, 0x37, 0x2d, 0x3d,
  0x46, 0x2f, 0x25, 0x04, 0xfe, 0x53, 0x81, 0x79, 0x81, 0x77, 0x47, 0x46,
  0x02, 0xc5, 0x21, 0x0d, 0x16, 0x07, 0x08, 0x0a, 0x16, 0x0f, 0x0d, 0x13,
  0x11, 0x14, 0x02, 0x1b, 0x35, 0x24, 0x3f, 0x2b, 0x23, 0x31, 0x13, 0x02,
  0x1c, 0x71, 0x9a, 0x9a, 0x55, 0x55, 0x00, 0x00, 0x00, 0x02, 0x00, 0x18,
  0x02, 0x54, 0x01, 0x93, 0x03, 0xab, 0x00, 0x18, 0x00, 0x1f, 0x00, 0xc0,
  0xb5, 0x1e, 0x01, 0x07, 0x06, 0x01, 0x4c, 0x4b, 0xb0, 0x26, 0x50, 0x58,
  0x40, 0x20, 0x0a, 0x08, 0x02, 0x07, 0x06, 0x07, 0x86, 0x05, 0x01, 0x03,
  0x00, 0x01, 0x00, 0x03, 0x01, 0x69, 0x00, 0x04, 0x02, 0x09, 0x02, 0x00,
  0x06, 0x04, 0x00, 0x6a, 0x00, 0x06, 0x06, 0x14, 0x06, 0x4e, 0x1b, 0x4b,
  0xb0, 0x31, 0x50, 0x58, 0x40, 0x2e, 0x00, 0x05, 0x03, 0x04, 0x03, 0x05,
  0x04, 0x80, 0x00, 0x02, 0x01, 0x00, 0x01, 0x02, 0x00, 0x80, 0x0a, 0x08,
  0x02, 0x07, 0x06, 0x07, 0x86, 0x00, 0x03, 0x00, 0x01, 0x02, 0x03, 0x01,
  0x69, 0x00, 0x04, 0x09, 0x01, 0x00, 0x06, 0x04, 0x00, 0x6a, 0x00, 0x06,
  0x06, 0x14, 0x06, 0x4e, 0x1b, 0x40, 0x37, 0x00, 0x05, 0x03, 0x04, 0x03,
  0x05, 0x04, 0x80, 0x00, 0x02, 0x01, 0x00, 0x01, 0x02, 0x00, 0x80, 0x00,
  0x06, 0x00, 0x07, 0x00, 0x06, 0x07, 0x80, 0x0a, 0x08, 0x02, 0x07, 0x07,
  0x84, 0x00, 0x04, 0x01, 0x00, 0x04, 0x59, 0x00, 0x03, 0x00, 0x01, 0x02,
  0x03, 0x01, 0x69, 0x00, 0x04, 0x04, 0x00, 0x62, 0x09, 0x01, 0x00, 0x04,
  0x00, 0x52, 0x59, 0x59, 0x40, 0x1d, 0x19, 0x19, 0x01, 0x00, 0x19, 0x1f,
  0x19, 0x1f, 0x1d, 0x1c, 0x1b, 0x1a, 0x15, 0x14, 0x13, 0x11, 0x0e, 0x0c,
  0x09, 0x08, 0x06, 0x04, 0x00, 0x18, 0x01, 0x18, 0x0b, 0x07, 0x16, 0x2b,
  0x01, 0x22, 0x2e, 0x02, 0x23, 0x22, 0x06, 0x15, 0x23, 0x34, 0x36, 0x36,
  0x33, 0x32, 0x1e, 0x02, 0x33, 0x32, 0x35, 0x33, 0x14, 0x06, 0x06, 0x05,
  0x37, 0x33, 0x17, 0x23, 0x27, 0x07, 0x01, 0x1d, 0x1b, 0x27, 0x1d, 0x19,
  0x0e, 0x10, 0x0c, 0x52, 0x10, 0x2c, 0x29, 0x1b, 0x28, 0x1e, 0x19, 0x0d,
  0x1b, 0x52, 0x10, 0x2b, 0xfe, 0xd1, 0x81, 0x79, 0x81, 0x77, 0x47, 0x46,
  0x03, 0x12, 0x13, 0x18, 0x13, 0x1e, 0x1a, 0x21, 0x44, 0x2e, 0x13, 0x18,
  0x12, 0x37, 0x21, 0x44, 0x2e, 0xbe, 0x9a, 0x9a, 0x55, 0x55, 0x00, 0x00,
  0x00, 0x02, 0x00, 0x4d, 0x02, 0x4f, 0x01, 0xdc, 0x02, 0xf5, 0x00, 0x0b,
  0x00, 0x17, 0x00, 0x33, 0xb1, 0x06, 0x64, 0x44, 0x40, 0x28, 0x03, 0x01,
  0x01, 0x00, 0x00, 0x01, 0x59, 0x03, 0x01, 0x01, 0x01, 0x00, 0x61, 0x05,
  0x02, 0x04, 0x03, 0x00, 0x01, 0x00, 0x51, 0x0d, 0x0c, 0x01, 0x00, 0x13,
  0x11, 0x0c, 0x17, 0x0d, 0x17, 0x07, 0x05, 0x00, 0x0b, 0x01, 0x0b, 0x06,
  0x07, 0x16, 0x2b, 0xb1, 0x06, 0x00, 0x44, 0x01, 0x22, 0x26, 0x35, 0x34,
  0x36, 0x33, 0x32, 0x16, 0x15, 0x14, 0x06, 0x21, 0x22, 0x26, 0x35, 0x34,
  0x36, 0x33, 0x32, 0x16, 0x15, 0x14, 0x06, 0x01, 0x86, 0x26, 0x30, 0x30,
  0x26, 0x25, 0x31, 0x31, 0xfe, 0xf8, 0x26, 0x30, 0x30, 0x26, 0x25, 0x31,
  0x31, 0x02, 0x4f, 0x31, 0x22, 0x23, 0x30, 0x30, 0x23, 0x22, 0x31, 0x31,
  0x22, 0x23, 0x30, 0x30, 0x23, 0x22, 0x31, 0x00, 0x00, 0x01, 0x00, 0x50,
  0x02, 0x58, 0x01, 0x04, 0x03, 0x06, 0x00, 0x0b, 0x00, 0x27, 0xb1, 0x06,
  0x64, 0x44, 0x40, 0x1c, 0x00, 0x01, 0x00, 0x00, 0x01, 0x59, 0x00, 0x01,
  0x01, 0x00, 0x61, 0x02, 0x01, 0x00, 0x01, 0x00, 0x51, 0x01, 0x00, 0x07,
  0x05, 0x00, 0x0b, 0x01, 0x0b, 0x03, 0x07, 0x16, 0x2b, 0xb1, 0x06, 0x00,
  0x44, 0x13, 0x22, 0x26, 0x35, 0x34, 0x36, 0x33, 0x32, 0x16, 0x15, 0x14,
  0x06, 0xaa, 0x28, 0x32, 0x32, 0x28, 0x27, 0x33, 0x33, 0x02, 0x58, 0x33,
  0x24, 0x24, 0x33, 0x33, 0x24, 0x24, 0x33, 0x00, 0x00, 0x01, 0x00, 0x05,
  0x02, 0x5b, 0x00, 0xe3, 0x03, 0x10, 0x00, 0x03, 0x00, 0x26, 0xb1, 0x06,
  0x64, 0x44, 0x40, 0x1b, 0x00, 0x00, 0x01, 0x01, 0x00, 0x57, 0x00, 0x00,
  0x00, 0x01, 0x5f, 0x02, 0x01, 0x01, 0x00, 0x01, 0x4f, 0x00, 0x00, 0x00,
  0x03, 0x00, 0x03, 0x11, 0x03, 0x07, 0x17, 0x2b, 0xb1, 0x06, 0x00, 0x44,
  0x13, 0x27, 0x33, 0x17, 0x72, 0x6d, 0x8d, 0x51, 0x02, 0x5b, 0xb5, 0xb4,
  0x00, 0x01, 0x00, 0x10, 0x02, 0x5b, 0x00, 0xed, 0x03, 0x10, 0x00, 0x03,
  0x00, 0x20, 0xb1, 0x06, 0x64, 0x44, 0x40, 0x15, 0x00, 0x01, 0x00, 0x00,
  0x01, 0x57, 0x00, 0x01, 0x01, 0x00, 0x5f, 0x00, 0x00, 0x01, 0x00, 0x4f,
  0x11, 0x10, 0x02, 0x07, 0x18, 0x2b, 0xb1, 0x06, 0x00, 0x44, 0x13, 0x27,
  0x37, 0x33, 0x80, 0x70, 0x50, 0x8d, 0x02, 0x5b, 0x01, 0xb4, 0x00, 0x00,
  0x00, 0x02, 0x00, 0x22, 0x02, 0x5b, 0x01, 0x91, 0x03, 0x10, 0x00, 0x03,
  0x00, 0x07, 0x00, 0x25, 0xb1, 0x06, 0x64, 0x44, 0x40, 0x1a, 0x03, 0x01,
  0x01, 0x00, 0x00, 0x01, 0x57, 0x03, 0x01, 0x01, 0x01, 0x00, 0x5f, 0x02,
  0x01, 0x00, 0x01, 0x00, 0x4f, 0x11, 0x11, 0x11, 0x10, 0x04, 0x07, 0x1a,
  0x2b, 0xb1, 0x06, 0x00, 0x44, 0x13, 0x27, 0x37, 0x33, 0x17, 0x27, 0x37,
  0x33, 0x8c, 0x6a, 0x2f, 0x87, 0x6e, 0x6b, 0x2f, 0x87, 0x02, 0x5b, 0x01,
  0xb4, 0xb5, 0x01, 0xb4, 0x00, 0x01, 0x00, 0x18, 0x02, 0x54, 0x01, 0x93,
  0x03, 0x08, 0x00, 0x06, 0x00, 0x27, 0xb1, 0x06, 0x64, 0x44, 0x40, 0x1c,
  0x05, 0x01, 0x01, 0x00, 0x01, 0x4c, 0x00, 0x00, 0x01, 0x00, 0x85, 0x03,
  0x02, 0x02, 0x01, 0x01, 0x76, 0x00, 0x00, 0x00, 0x06, 0x00, 0x06, 0x11,
  0x11, 0x04, 0x07, 0x18, 0x2b, 0xb1, 0x06, 0x00, 0x44, 0x13, 0x37, 0x33,
  0x17, 0x23, 0x27, 0x07, 0x18, 0x81, 0x79, 0x81, 0x77, 0x46, 0x47, 0x02,
  0x54, 0xb4, 0xb4, 0x68, 0x68, 0x00, 0x00, 0x00, 0x00, 0x01, 0x00, 0x18,
  0x02, 0x50, 0x01, 0x93, 0x03, 0x04, 0x00, 0x06, 0x00, 0x27, 0xb1, 0x06,
  0x64, 0x44, 0x40, 0x1c, 0x03, 0x01, 0x02, 0x00, 0x01, 0x4c, 0x01, 0x01,
  0x00, 0x02, 0x00, 0x85, 0x03, 0x01, 0x02, 0x02, 0x76, 0x00, 0x00, 0x00,
  0x06, 0x00, 0x06, 0x12, 0x11, 0x04, 0x07, 0x18, 0x2b, 0xb1, 0x06, 0x00,
  0x44, 0x13, 0x27, 0x33, 0x17, 0x37, 0x33, 0x07, 0x99, 0x81, 0x77, 0x47,
  0x46, 0x77, 0x81, 0x02, 0x50, 0xb4, 0x68, 0x68, 0xb4, 0x00, 0x00, 0x00,
  0x00, 0x01, 0xff, 0xfa, 0x02, 0x55, 0x01, 0x63, 0x03, 0x02, 0x00, 0x17,
  0x00, 0x31, 0xb1, 0x06, 0x64, 0x44, 0x40, 0x26, 0x03, 0x01, 0x01, 0x02,
  0x01, 0x85, 0x00, 0x02, 0x00, 0x00, 0x02, 0x59, 0x00, 0x02, 0x02, 0x00,
  0x61, 0x04, 0x01, 0x00, 0x02, 0x00, 0x51, 0x01, 0x00, 0x12, 0x10, 0x0d,
  0x0b, 0x07, 0x05, 0x00, 0x17, 0x01, 0x17, 0x05, 0x07, 0x16, 0x2b, 0xb1,
  0x06, 0x00, 0x44, 0x13, 0x22, 0x2e, 0x03, 0x31, 0x33, 0x30, 0x1e, 0x02,
  0x33, 0x32, 0x3e, 0x02, 0x31, 0x33, 0x30, 0x0e, 0x03, 0xae, 0x37, 0x45,
  0x26, 0x10, 0x02, 0x64, 0x03, 0x0e, 0x21, 0x1e, 0x1e, 0x21, 0x0f, 0x03,
  0x64, 0x03, 0x10, 0x25, 0x45, 0x02, 0x55, 0x23, 0x33, 0x34, 0x23, 0x1a,
  0x21, 0x19, 0x19, 0x21, 0x1a, 0x23, 0x34, 0x33, 0x23, 0x00, 0x00, 0x00,
  0x00, 0x02, 0x00, 0x33, 0x02, 0x4a, 0x01, 0x43, 0x03, 0x59, 0x00, 0x0f,
  0x00, 0x1b, 0x00, 0x39, 0xb1, 0x06, 0x64, 0x44, 0x40, 0x2e, 0x00, 0x01,
  0x00, 0x03, 0x02, 0x01, 0x03, 0x69, 0x05, 0x01, 0x02, 0x00, 0x00, 0x02,
  0x59, 0x05, 0x01, 0x02, 0x02, 0x00, 0x61, 0x04, 0x01, 0x00, 0x02, 0x00,
  0x51, 0x11, 0x10, 0x01, 0x00, 0x17, 0x15, 0x10, 0x1b, 0x11, 0x1b, 0x09,
  0x07, 0x00, 0x0f, 0x01, 0x0f, 0x06, 0x07, 0x16, 0x2b, 0xb1, 0x06, 0x00,
  0x44, 0x13, 0x22, 0x26, 0x26, 0x35, 0x34, 0x36, 0x36, 0x33, 0x32, 0x16,
  0x16, 0x15, 0x14, 0x06, 0x06, 0x27, 0x32, 0x36, 0x35, 0x34, 0x26, 0x23,
  0x22, 0x06, 0x15, 0x14, 0x16, 0xbb, 0x25, 0x3e, 0x25, 0x25, 0x3e, 0x25,
  0x26, 0x3d, 0x25, 0x25, 0x3d, 0x26, 0x17, 0x20, 0x20, 0x17, 0x17, 0x20,
  0x20, 0x02, 0x4a, 0x24, 0x3e, 0x25, 0x26, 0x3d, 0x25, 0x25, 0x3d, 0x26,
  0x25, 0x3e, 0x24, 0x51, 0x1f, 0x17, 0x17, 0x1f, 0x1f, 0x17, 0x17, 0x1f,
  0x00, 0x01, 0x00, 0x12, 0x02, 0x66, 0x01, 0x6b, 0x02, 0xff, 0x00, 0x18,
  0x00, 0x6d, 0xb1, 0x06, 0x64, 0x44, 0x4b, 0xb0, 0x26, 0x50, 0x58, 0x40,
  0x1b, 0x00, 0x04, 0x01, 0x00, 0x04, 0x59, 0x05, 0x01, 0x03, 0x00, 0x01,
  0x00, 0x03, 0x01, 0x69, 0x00, 0x04, 0x04, 0x00, 0x62, 0x02, 0x06, 0x02,
  0x00, 0x04, 0x00, 0x52, 0x1b, 0x40, 0x29, 0x00, 0x05, 0x03, 0x04, 0x03,
  0x05, 0x04, 0x80, 0x00, 0x02, 0x01, 0x00, 0x01, 0x02, 0x00, 0x80, 0x00,
  0x04, 0x01, 0x00, 0x04, 0x59, 0x00, 0x03, 0x00, 0x01, 0x02, 0x03, 0x01,
  0x69, 0x00, 0x04, 0x04, 0x00, 0x62, 0x06, 0x01, 0x00, 0x04, 0x00, 0x52,
  0x59, 0x40, 0x13, 0x01, 0x00, 0x15, 0x14, 0x13, 0x11, 0x0e, 0x0c, 0x09,
  0x08, 0x06, 0x04, 0x00, 0x18, 0x01, 0x18, 0x07, 0x07, 0x16, 0x2b, 0xb1,
  0x06, 0x00, 0x44, 0x01, 0x22, 0x2e, 0x02, 0x23, 0x22, 0x06, 0x15, 0x23,
  0x34, 0x36, 0x36, 0x33, 0x32, 0x1e, 0x02, 0x33, 0x32, 0x35, 0x33, 0x14,
  0x06, 0x06, 0x01, 0x06, 0x1b, 0x27, 0x1d, 0x1a, 0x0d, 0x10, 0x0d, 0x51,
  0x10, 0x2b, 0x2a, 0x1b, 0x28, 0x1e, 0x19, 0x0d, 0x1b, 0x52, 0x10, 0x2b,
  0x02, 0x66, 0x13, 0x18, 0x13, 0x1e, 0x1a, 0x21, 0x44, 0x2e, 0x13, 0x18,
  0x12, 0x37, 0x21, 0x44, 0x2e, 0x00, 0x00, 0x00, 0x00, 0x01, 0x00, 0x4f,
  0x02, 0x88, 0x01, 0x95, 0x02, 0xe2, 0x00, 0x03, 0x00, 0x26, 0xb1, 0x06,
  0x64, 0x44, 0x40, 0x1b, 0x00, 0x00, 0x01, 0x01, 0x00, 0x57, 0x00, 0x00,
  0x00, 0x01, 0x5f, 0x02, 0x01, 0x01, 0x00, 0x01, 0x4f, 0x00, 0x00, 0x00,
  0x03, 0x00, 0x03, 0x11, 0x03, 0x07, 0x17, 0x2b, 0xb1, 0x06, 0x00, 0x44,
  0x13, 0x35, 0x21, 0x15, 0x4f, 0x01, 0x46, 0x02, 0x88, 0x5a, 0x5a, 0x00,
  0x00, 0x01, 0x00, 0x23, 0x02, 0x50, 0x01, 0x23, 0x03, 0x3f, 0x00, 0x1c,
  0x00, 0x5b, 0xb1, 0x06, 0x64, 0x44, 0x4b, 0xb0, 0x21, 0x50, 0x58, 0x40,
  0x1c, 0x00, 0x01, 0x00, 0x03, 0x00, 0x01, 0x72, 0x04, 0x01, 0x03, 0x03,
  0x84, 0x00, 0x02, 0x00, 0x00, 0x02, 0x59, 0x00, 0x02, 0x02, 0x00, 0x61,
  0x00, 0x00, 0x02, 0x00, 0x51, 0x1b, 0x40, 0x1d, 0x00, 0x01, 0x00, 0x03,
  0x00, 0x01, 0x03, 0x80, 0x04, 0x01, 0x03, 0x03, 0x84, 0x00, 0x02, 0x00,
  0x00, 0x02, 0x59, 0x00, 0x02, 0x02, 0x00, 0x61, 0x00, 0x00, 0x02, 0x00,
  0x51, 0x59, 0x40, 0x0c, 0x00, 0x00, 0x00, 0x1c, 0x00, 0x1c, 0x23, 0x22,
  0x2a, 0x05, 0x07, 0x19, 0x2b, 0xb1, 0x06, 0x00, 0x44, 0x13, 0x35, 0x34,
  0x36, 0x37, 0x37, 0x36, 0x36, 0x35, 0x34, 0x26, 0x23, 0x22, 0x06, 0x06,
  0x15, 0x23, 0x26, 0x36, 0x36, 0x33, 0x32, 0x16, 0x15, 0x14, 0x06, 0x07,
  0x07, 0x15, 0x74, 0x0b, 0x0e, 0x0f, 0x15, 0x16, 0x13, 0x12, 0x12, 0x11,
  0x04, 0x57, 0x01, 0x19, 0x38, 0x2c, 0x3d, 0x46, 0x2f, 0x24, 0x05, 0x02,
  0x50, 0x21, 0x0d, 0x17, 0x06, 0x08, 0x0b, 0x15, 0x0f, 0x0d, 0x14, 0x12,
  0x14, 0x02, 0x1b, 0x35, 0x24, 0x3f, 0x2a, 0x24, 0x31, 0x12, 0x03, 0x1c,
  0x00, 0x01, 0x00, 0x2c, 0x02, 0x56, 0x00, 0xca, 0x03, 0x53, 0x00, 0x0e,
  0x00, 0x4e, 0xb1, 0x06, 0x64, 0x44, 0x4b, 0xb0, 0x0c, 0x50, 0x58, 0x40,
  0x17, 0x03, 0x01, 0x02, 0x00, 0x00, 0x02, 0x70, 0x00, 0x00, 0x01, 0x01,
  0x00, 0x59, 0x00, 0x00, 0x00, 0x01, 0x62, 0x00, 0x01, 0x00, 0x01, 0x52,
  0x1b, 0x40, 0x16, 0x03, 0x01, 0x02, 0x00, 0x02, 0x85, 0x00, 0x00, 0x01,
  0x01, 0x00, 0x59, 0x00, 0x00, 0x00, 0x01, 0x62, 0x00, 0x01, 0x00, 0x01,
  0x52, 0x59, 0x40, 0x0b, 0x00, 0x00, 0x00, 0x0e, 0x00, 0x0e, 0x24, 0x11,
  0x04, 0x07, 0x18, 0x2b, 0xb1, 0x06, 0x00, 0x44, 0x13, 0x07, 0x16, 0x16,
  0x15, 0x14, 0x06, 0x23, 0x22, 0x26, 0x35, 0x34, 0x36, 0x37, 0x37, 0xbf,
  0x3c, 0x1e, 0x29, 0x2d, 0x21, 0x22, 0x2e, 0x2a, 0x2a, 0x07, 0x03, 0x53,
  0x66, 0x01, 0x2b, 0x1f, 0x21, 0x2b, 0x2b, 0x23, 0x20, 0x4a, 0x3b, 0x0a,
  0x00, 0x01, 0x00, 0x6a, 0x01, 0xc5, 0x01, 0x8b, 0x02, 0x81, 0x00, 0x0a,
  0x00, 0x4e, 0xb1, 0x06, 0x64, 0x44, 0x4b, 0xb0, 0x0c, 0x50, 0x58, 0x40,
  0x17, 0x03, 0x01, 0x02, 0x01, 0x01, 0x02, 0x70, 0x00, 0x01, 0x00, 0x00,
  0x01, 0x57, 0x00, 0x01, 0x01, 0x00, 0x60, 0x00, 0x00, 0x01, 0x00, 0x50,
  0x1b, 0x40, 0x16, 0x03, 0x01, 0x02, 0x01, 0x02, 0x85, 0x00, 0x01, 0x00,
  0x00, 0x01, 0x57, 0x00, 0x01, 0x01, 0x00, 0x60, 0x00, 0x00, 0x01, 0x00,
  0x50, 0x59, 0x40, 0x0b, 0x00, 0x00, 0x00, 0x0a, 0x00, 0x0a, 0x21, 0x23,
  0x04, 0x07, 0x18, 0x2b, 0xb1, 0x06, 0x00, 0x44, 0x01, 0x15, 0x14, 0x06,
  0x23, 0x23, 0x35, 0x33, 0x32, 0x35, 0x35, 0x01, 0x8b, 0x38, 0x37, 0xb2,
  0x7f, 0x28, 0x02, 0x81, 0x4c, 0x35, 0x3b, 0x4d, 0x28, 0x47, 0x00, 0x00,
  0x00, 0x01, 0x00, 0x13, 0xff, 0x09, 0x00, 0xb1, 0xff, 0xa8, 0x00, 0x0b,
  0x00, 0x27, 0xb1, 0x06, 0x64, 0x44, 0x40, 0x1c, 0x00, 0x01, 0x00, 0x00,
  0x01, 0x59, 0x00, 0x01, 0x01, 0x00, 0x61, 0x02, 0x01, 0x00, 0x01, 0x00,
  0x51, 0x01, 0x00, 0x07, 0x05, 0x00, 0x0b, 0x01, 0x0b, 0x03, 0x07, 0x16,
  0x2b, 0xb1, 0x06, 0x00, 0x44, 0x17, 0x22, 0x26, 0x35, 0x34, 0x36, 0x33,
  0x32, 0x16, 0x15, 0x14, 0x06, 0x62, 0x23, 0x2c, 0x2c, 0x23, 0x22, 0x2d,
  0x2d, 0xf7, 0x2f, 0x21, 0x21, 0x2e, 0x2e, 0x21, 0x21, 0x2f, 0x00, 0x00,
  0x00, 0x01, 0x00, 0x28, 0xff, 0x0f, 0x00, 0xc6, 0x00, 0x0c, 0x00, 0x0e,
  0x00, 0x4e, 0xb1, 0x06, 0x64, 0x44, 0x4b, 0xb0, 0x0c, 0x50, 0x58, 0x40,
  0x17, 0x03, 0x01, 0x02, 0x00, 0x00, 0x02, 0x71, 0x00, 0x01, 0x00, 0x00,
  0x01, 0x59, 0x00, 0x01, 0x01, 0x00, 0x61, 0x00, 0x00, 0x01, 0x00, 0x51,
  0x1b, 0x40, 0x16, 0x03, 0x01, 0x02, 0x00, 0x02, 0x86, 0x00, 0x01, 0x00,
  0x00, 0x01, 0x59, 0x00, 0x01, 0x01, 0x00, 0x61, 0x00, 0x00, 0x01, 0x00,
  0x51, 0x59, 0x40, 0x0b, 0x00, 0x00, 0x00, 0x0e, 0x00, 0x0e, 0x24, 0x11,
  0x04, 0x07, 0x18, 0x2b, 0xb1, 0x06, 0x00, 0x44, 0x17, 0x37, 0x26, 0x26,
  0x35, 0x34, 0x36, 0x33, 0x32, 0x16, 0x15, 0x14, 0x06, 0x07, 0x07, 0x33,
  0x3c, 0x1e, 0x29, 0x2d, 0x21, 0x22, 0x2e, 0x2a, 0x2a, 0x07, 0xf1, 0x66,
  0x01, 0x2b, 0x1f, 0x21, 0x2b, 0x2b, 0x23, 0x20, 0x4a, 0x3b, 0x0a, 0x00,
  0x00, 0x01, 0xff, 0xf4, 0xff, 0x08, 0x00, 0xe7, 0x00, 0x26, 0x00, 0x1d,
  0x00, 0x48, 0xb1, 0x06, 0x64, 0x44, 0x40, 0x3d, 0x15, 0x12, 0x02, 0x02,
  0x04, 0x04, 0x01, 0x01, 0x02, 0x02, 0x4c, 0x00, 0x04, 0x03, 0x02, 0x03,
  0x04, 0x02, 0x80, 0x00, 0x03, 0x00, 0x02, 0x01, 0x03, 0x02, 0x69, 0x00,
  0x01, 0x00, 0x00, 0x01, 0x59, 0x00, 0x01, 0x01, 0x00, 0x62, 0x05, 0x01,
  0x00, 0x01, 0x00, 0x52, 0x01, 0x00, 0x18, 0x16, 0x14, 0x13, 0x0f, 0x0d,
  0x09, 0x07, 0x00, 0x1d, 0x01, 0x1d, 0x06, 0x07, 0x16, 0x2b, 0xb1, 0x06,
  0x00, 0x44, 0x17, 0x22, 0x26, 0x31, 0x35, 0x30, 0x16, 0x16, 0x33, 0x32,
  0x36, 0x35, 0x34, 0x26, 0x23, 0x22, 0x06, 0x31, 0x27, 0x37, 0x33, 0x07,
  0x36, 0x33, 0x32, 0x16, 0x15, 0x14, 0x06, 0x06, 0x49, 0x1c, 0x35, 0x18,
  0x22, 0x0f, 0x2c, 0x1d, 0x16, 0x14, 0x16, 0x21, 0x35, 0x41, 0x60, 0x2d,
  0x0a, 0x0c, 0x31, 0x38, 0x21, 0x46, 0xf8, 0x07, 0x51, 0x03, 0x03, 0x1b,
  0x0e, 0x0e, 0x13, 0x13, 0x36, 0x5f, 0x3f, 0x02, 0x3c, 0x2b, 0x1e, 0x39,
  0x23, 0x00, 0x00, 0x00, 0x00, 0x01, 0x00, 0x1d, 0xff, 0x23, 0x00, 0xe3,
  0xff, 0xf6, 0x00, 0x16, 0x00, 0x31, 0xb1, 0x06, 0x64, 0x44, 0x40, 0x26,
  0x14, 0x01, 0x00, 0x01, 0x01, 0x4c, 0x09, 0x01, 0x01, 0x4a, 0x00, 0x01,
  0x00, 0x00, 0x01, 0x59, 0x00, 0x01, 0x01, 0x00, 0x61, 0x02, 0x01, 0x00,
  0x01, 0x00, 0x51, 0x01, 0x00, 0x11, 0x0f, 0x00, 0x16, 0x01, 0x16, 0x03,
  0x07, 0x16, 0x2b, 0xb1, 0x06, 0x00, 0x44, 0x17, 0x22, 0x26, 0x35, 0x34,
  0x3e, 0x02, 0x31, 0x17, 0x30, 0x06, 0x06, 0x15, 0x14, 0x16, 0x33, 0x32,
  0x36, 0x31, 0x15, 0x30, 0x06, 0xa9, 0x49, 0x43, 0x21, 0x2c, 0x21, 0x33,
  0x1a, 0x19, 0x19, 0x1d, 0x0c, 0x16, 0x21, 0xdd, 0x3c, 0x29, 0x21, 0x2b,
  0x18, 0x0a, 0x1a, 0x0d, 0x1a, 0x13, 0x10, 0x17, 0x04, 0x56, 0x06, 0x00,
  0x00, 0x02, 0x00, 0x2a, 0x02, 0x4f, 0x01, 0xb8, 0x02, 0xf5, 0x00, 0x0b,
  0x00, 0x17, 0x00, 0x33, 0xb1, 0x06, 0x64, 0x44, 0x40, 0x28, 0x03, 0x01,
  0x01, 0x00, 0x00, 0x01, 0x59, 0x03, 0x01, 0x01, 0x01, 0x00, 0x61, 0x05,
  0x02, 0x04, 0x03, 0x00, 0x01, 0x00, 0x51, 0x0d, 0x0c, 0x01, 0x00, 0x13,
  0x11, 0x0c, 0x17, 0x0d, 0x17, 0x07, 0x05, 0x00, 0x0b, 0x01, 0x0b, 0x06,
  0x07, 0x16, 0x2b, 0xb1, 0x06, 0x00, 0x44, 0x01, 0x22, 0x26, 0x35, 0x34,
  0x36, 0x33, 0x32, 0x16, 0x15, 0x14, 0x06, 0x21, 0x22, 0x26, 0x35, 0x34,
  0x36, 0x33, 0x32, 0x16, 0x15, 0x14, 0x06, 0x01, 0x62, 0x25, 0x31, 0x31,
  0x25, 0x25, 0x31, 0x31, 0xfe, 0xf9, 0x26, 0x30, 0x30, 0x26, 0x25, 0x31,
  0x31, 0x02, 0x4f, 0x31, 0x22, 0x23, 0x30, 0x30, 0x23, 0x22, 0x31, 0x31,
  0x22, 0x23, 0x30, 0x30, 0x23, 0x22, 0x31, 0x00, 0x00, 0x01, 0x00, 0x2a,
  0x02, 0x58, 0x00, 0xde, 0x03, 0x06, 0x00, 0x0b, 0x00, 0x27, 0xb1, 0x06,
  0x64, 0x44, 0x40, 0x1c, 0x00, 0x01, 0x00, 0x00, 0x01, 0x59, 0x00, 0x01,
  0x01, 0x00, 0x61, 0x02, 0x01, 0x00, 0x01, 0x00, 0x51, 0x01, 0x00, 0x07,
  0x05, 0x00, 0x0b, 0x01, 0x0b, 0x03, 0x07, 0x16, 0x2b, 0xb1, 0x06, 0x00,
  0x44, 0x13, 0x22, 0x26, 0x35, 0x34, 0x36, 0x33, 0x32, 0x16, 0x15, 0x14,
  0x06, 0x84, 0x27, 0x33, 0x33, 0x27, 0x27, 0x33, 0x33, 0x02, 0x58, 0x33,
  0x23, 0x25, 0x33, 0x33, 0x25, 0x23, 0x33, 0x00, 0x00, 0x01, 0x00, 0x1d,
  0x02, 0x5b, 0x00, 0xfa, 0x03, 0x10, 0x00, 0x03, 0x00, 0x26, 0xb1, 0x06,
  0x64, 0x44, 0x40, 0x1b, 0x00, 0x00, 0x01, 0x01, 0x00, 0x57, 0x00, 0x00,
  0x00, 0x01, 0x5f, 0x02, 0x01, 0x01, 0x00, 0x01, 0x4f, 0x00, 0x00, 0x00,
  0x03, 0x00, 0x03, 0x11, 0x03, 0x07, 0x17, 0x2b, 0xb1, 0x06, 0x00, 0x44,
  0x13, 0x27, 0x33, 0x17, 0x8a, 0x6d, 0x8d, 0x50, 0x02, 0x5b, 0xb5, 0xb4,
  0x00, 0x01, 0x00, 0x1c, 0x02, 0x5b, 0x00, 0xf9, 0x03, 0x10, 0x00, 0x03,
  0x00, 0x20, 0xb1, 0x06, 0x64, 0x44, 0x40, 0x15, 0x00, 0x01, 0x00, 0x00,
  0x01, 0x57, 0x00, 0x01, 0x01, 0x00, 0x5f, 0x00, 0x00, 0x01, 0x00, 0x4f,
  0x11, 0x10, 0x02, 0x07, 0x18, 0x2b, 0xb1, 0x06, 0x00, 0x44, 0x13, 0x27,
  0x37, 0x33, 0x8c, 0x70, 0x50, 0x8d, 0x02, 0x5b, 0x01, 0xb4, 0x00, 0x00,
  0x00, 0x01, 0x00, 0x74, 0x02, 0x30, 0x01, 0xf0, 0x02, 0xe4, 0x00, 0x06,
  0x00, 0x27, 0xb1, 0x06, 0x64, 0x44, 0x40, 0x1c, 0x05, 0x01, 0x01, 0x00,
  0x01, 0x4c, 0x00, 0x00, 0x01, 0x00, 0x85, 0x03, 0x02, 0x02, 0x01, 0x01,
  0x76, 0x00, 0x00, 0x00, 0x06, 0x00, 0x06, 0x11, 0x11, 0x04, 0x07, 0x18,
  0x2b, 0xb1, 0x06, 0x00, 0x44, 0x13, 0x37, 0x33, 0x17, 0x23, 0x27, 0x07,
  0x74, 0x82, 0x78, 0x82, 0x77, 0x47, 0x47, 0x02, 0x30, 0xb4, 0xb4, 0x68,
  0x68, 0x00, 0x00, 0x00, 0x00, 0x01, 0x00, 0x13, 0x02, 0x50, 0x01, 0x8f,
  0x03, 0x04, 0x00, 0x06, 0x00, 0x27, 0xb1, 0x06, 0x64, 0x44, 0x40, 0x1c,
  0x03, 0x01, 0x02, 0x00, 0x01, 0x4c, 0x01, 0x01, 0x00, 0x02, 0x00, 0x85,
  0x03, 0x01, 0x02, 0x02, 0x76, 0x00, 0x00, 0x00, 0x06, 0x00, 0x06, 0x12,
  0x11, 0x04, 0x07, 0x18, 0x2b, 0xb1, 0x06, 0x00, 0x44, 0x13, 0x27, 0x33,
  0x17, 0x37, 0x33, 0x07, 0x95, 0x82, 0x77, 0x47, 0x47, 0x77, 0x82, 0x02,
  0x50, 0xb4, 0x68, 0x68, 0xb4, 0x00, 0x00, 0x00, 0x00, 0x01, 0x00, 0x04,
  0x02, 0x55, 0x01, 0x6d, 0x03, 0x02, 0x00, 0x17, 0x00, 0x31, 0xb1, 0x06,
  0x64, 0x44, 0x40, 0x26, 0x03, 0x01, 0x01, 0x02, 0x01, 0x85, 0x00, 0x02,
  0x00, 0x00, 0x02, 0x59, 0x00, 0x02, 0x02, 0x00, 0x61, 0x04, 0x01, 0x00,
  0x02, 0x00, 0x51, 0x01, 0x00, 0x12, 0x10, 0x0d, 0x0b, 0x07, 0x05, 0x00,
  0x17, 0x01, 0x17, 0x05, 0x07, 0x16, 0x2b, 0xb1, 0x06, 0x00, 0x44, 0x13,
  0x22, 0x2e, 0x03, 0x31, 0x33, 0x30, 0x1e, 0x02, 0x33, 0x32, 0x3e, 0x02,
  0x31, 0x33, 0x30, 0x0e, 0x03, 0xb8, 0x37, 0x45, 0x26, 0x10, 0x02, 0x64,
  0x03, 0x0e, 0x21, 0x1e, 0x1e, 0x21, 0x0f, 0x03, 0x64, 0x03, 0x10, 0x25,
  0x45, 0x02, 0x55, 0x23, 0x33, 0x34, 0x23, 0x1a, 0x21, 0x19, 0x19, 0x21,
  0x1a, 0x23, 0x34, 0x33, 0x23, 0x00, 0x00, 0x00, 0x00, 0x02, 0x00, 0x33,
  0x02, 0x4a, 0x01, 0x43, 0x03, 0x59, 0x00, 0x0f, 0x00, 0x1b, 0x00, 0x39,
  0xb1, 0x06, 0x64, 0x44, 0x40, 0x2e, 0x00, 0x01, 0x00, 0x03, 0x02, 0x01,
  0x03, 0x69, 0x05, 0x01, 0x02, 0x00, 0x00, 0x02, 0x59, 0x05, 0x01, 0x02,
  0x02, 0x00, 0x61, 0x04, 0x01, 0x00, 0x02, 0x00, 0x51, 0x11, 0x10, 0x01,
  0x00, 0x17, 0x15, 0x10, 0x1b, 0x11, 0x1b, 0x09, 0x07, 0x00, 0x0f, 0x01,
  0x0f, 0x06, 0x07, 0x16, 0x2b, 0xb1, 0x06, 0x00, 0x44, 0x13, 0x22, 0x26,
  0x26, 0x35, 0x34, 0x36, 0x36, 0x33, 0x32, 0x16, 0x16, 0x15, 0x14, 0x06,
  0x06, 0x27, 0x32, 0x36, 0x35, 0x34, 0x26, 0x23, 0x22, 0x06, 0x15, 0x14,
  0x16, 0xbb, 0x25, 0x3e, 0x25, 0x25, 0x3e, 0x25, 0x26, 0x3d, 0x25, 0x25,
  0x3d, 0x26, 0x17, 0x20, 0x20, 0x17, 0x17, 0x20, 0x20, 0x02, 0x4a, 0x24,
  0x3e, 0x25, 0x26, 0x3d, 0x25, 0x25, 0x3d, 0x26, 0x25, 0x3e, 0x24, 0x51,
  0x1f, 0x17, 0x17, 0x1f, 0x1f, 0x17, 0x17, 0x1f, 0x00, 0x01, 0x00, 0x1c,
  0x02, 0x66, 0x01, 0x75, 0x02, 0xff, 0x00, 0x18, 0x00, 0x6d, 0xb1, 0x06,
  0x64, 0x44, 0x4b, 0xb0, 0x26, 0x50, 0x58, 0x40, 0x1b, 0x00, 0x04, 0x01,
  0x00, 0x04, 0x59, 0x05, 0x01, 0x03, 0x00, 0x01, 0x00, 0x03, 0x01, 0x69,
  0x00, 0x04, 0x04, 0x00, 0x62, 0x02, 0x06, 0x02, 0x00, 0x04, 0x00, 0x52,
  0x1b, 0x40, 0x29, 0x00, 0x05, 0x03, 0x04, 0x03, 0x05, 0x04, 0x80, 0x00,
  0x02, 0x01, 0x00, 0x01, 0x02, 0x00, 0x80, 0x00, 0x04, 0x01, 0x00, 0x04,
  0x59, 0x00, 0x03, 0x00, 0x01, 0x02, 0x03, 0x01, 0x69, 0x00, 0x04, 0x04,
  0x00, 0x62, 0x06, 0x01, 0x00, 0x04, 0x00, 0x52, 0x59, 0x40, 0x13, 0x01,
  0x00, 0x15, 0x14, 0x13, 0x11, 0x0e, 0x0c, 0x09, 0x08, 0x06, 0x04, 0x00,
  0x18, 0x01, 0x18, 0x07, 0x07, 0x16, 0x2b, 0xb1, 0x06, 0x00, 0x44, 0x01,
  0x22, 0x2e, 0x02, 0x23, 0x22, 0x06, 0x15, 0x23, 0x34, 0x36, 0x36, 0x33,
  0x32, 0x1e, 0x02, 0x33, 0x32, 0x35, 0x33, 0x14, 0x06, 0x06, 0x01, 0x10,
  0x1b, 0x27, 0x1d, 0x1a, 0x0d, 0x10, 0x0d, 0x51, 0x10, 0x2b, 0x2a, 0x1b,
  0x28, 0x1e, 0x19, 0x0d, 0x1b, 0x52, 0x10, 0x2b, 0x02, 0x66, 0x13, 0x18,
  0x13, 0x1e, 0x1a, 0x21, 0x44, 0x2e, 0x13, 0x18, 0x12, 0x37, 0x21, 0x44,
  0x2e, 0x00, 0x00, 0x00, 0x00, 0x01, 0x00, 0x19, 0x02, 0x88, 0x01, 0x5f,
  0x02, 0xe2, 0x00, 0x03, 0x00, 0x26, 0xb1, 0x06, 0x64, 0x44, 0x40, 0x1b,
  0x00, 0x00, 0x01, 0x01, 0x00, 0x57, 0x00, 0x00, 0x00, 0x01, 0x5f, 0x02,
  0x01, 0x01, 0x00, 0x01, 0x4f, 0x00, 0x00, 0x00, 0x03, 0x00, 0x03, 0x11,
  0x03, 0x07, 0x17, 0x2b, 0xb1, 0x06, 0x00, 0x44, 0x13, 0x35, 0x21, 0x15,
  0x19, 0x01, 0x46, 0x02, 0x88, 0x5a, 0x5a, 0x00, 0x00, 0x01, 0xff, 0xf4,
  0xff, 0x02, 0x00, 0xe7, 0x00, 0x20, 0x00, 0x1d, 0x00, 0x48, 0xb1, 0x06,
  0x64, 0x44, 0x40, 0x3d, 0x15, 0x12, 0x02, 0x02, 0x04, 0x04, 0x01, 0x01,
  0x02, 0x02, 0x4c, 0x00, 0x04, 0x03, 0x02, 0x03, 0x04, 0x02, 0x80, 0x00,
  0x03, 0x00, 0x02, 0x01, 0x03, 0x02, 0x69, 0x00, 0x01, 0x00, 0x00, 0x01,
  0x59, 0x00, 0x01, 0x01, 0x00, 0x62, 0x05, 0x01, 0x00, 0x01, 0x00, 0x52,
  0x01, 0x00, 0x18, 0x16, 0x14, 0x13, 0x0f, 0x0d, 0x09, 0x07, 0x00, 0x1d,
  0x01, 0x1d, 0x06, 0x07, 0x16, 0x2b, 0xb1, 0x06, 0x00, 0x44, 0x17, 0x22,
  0x26, 0x31, 0x35, 0x30, 0x16, 0x16, 0x33, 0x32, 0x36, 0x35, 0x34, 0x26,
  0x23, 0x22, 0x06, 0x31, 0x27, 0x37, 0x33, 0x07, 0x36, 0x33, 0x32, 0x16,
  0x15, 0x14, 0x06, 0x06, 0x49, 0x1c, 0x35, 0x18, 0x22, 0x0f, 0x2c, 0x1d,
  0x16, 0x14, 0x16, 0x21, 0x35, 0x41, 0x60, 0x2d, 0x0a, 0x0c, 0x31, 0x38,
  0x21, 0x46, 0xfe, 0x07, 0x51, 0x03, 0x03, 0x1b, 0x0e, 0x0e, 0x13, 0x13,
  0x36, 0x5f, 0x3f, 0x02, 0x3c, 0x2b, 0x1e, 0x39, 0x23, 0x00, 0x00, 0x00,
  0x00, 0x01, 0x00, 0x17, 0xff, 0x23, 0x00, 0xdd, 0xff, 0xf6, 0x00, 0x16,
  0x00, 0x31, 0xb1, 0x06, 0x64, 0x44, 0x40, 0x26, 0x14, 0x01, 0x00, 0x01,
  0x01, 0x4c, 0x09, 0x01, 0x01, 0x4a, 0x00, 0x01, 0x00, 0x00, 0x01, 0x59,
  0x00, 0x01, 0x01, 0x00, 0x61, 0x02, 0x01, 0x00, 0x01, 0x00, 0x51, 0x01,
  0x00, 0x11, 0x0f, 0x00, 0x16, 0x01, 0x16, 0x03, 0x07, 0x16, 0x2b, 0xb1,
  0x06, 0x00, 0x44, 0x17, 0x22, 0x26, 0x35, 0x34, 0x3e, 0x02, 0x31, 0x17,
  0x30, 0x06, 0x06, 0x15, 0x14, 0x16, 0x33, 0x32, 0x36, 0x31, 0x15, 0x30,
  0x06, 0xa3, 0x49, 0x43, 0x21, 0x2c, 0x21, 0x33, 0x1a, 0x19, 0x19, 0x1d,
  0x0c, 0x16, 0x21, 0xdd, 0x3c, 0x29, 0x21, 0x2b, 0x18, 0x0a, 0x1a, 0x0d,
  0x1a, 0x13, 0x10, 0x17, 0x04, 0x56, 0x06, 0x00, 0x00, 0x00, 0x00, 0x0d,
  0x00, 0xa2, 0x00, 0x03, 0x00, 0x01, 0x04, 0x09, 0x00, 0x00, 0x00, 0xba,
  0x00, 0x00, 0x00, 0x03, 0x00, 0x01, 0x04, 0x09, 0x00, 0x01, 0x00, 0x1c,
  0x00, 0xba, 0x00, 0x03, 0x00, 0x01, 0x04, 0x09, 0x00, 0x02, 0x00, 0x08,
  0x00, 0xd6, 0x00, 0x03, 0x00, 0x01, 0x04, 0x09, 0x00, 0x03, 0x00, 0x38,
  0x00, 0xde, 0x00, 0x03, 0x00, 0x01, 0x04, 0x09, 0x00, 0x04, 0x00, 0x26,
  0x01, 0x16, 0x00, 0x03, 0x00, 0x01, 0x04, 0x09, 0x00, 0x05, 0x00, 0x46,
  0x01, 0x3c, 0x00, 0x03, 0x00, 0x01, 0x04, 0x09, 0x00, 0x06, 0x00, 0x22,
  0x01, 0x82, 0x00, 0x03, 0x00, 0x01, 0x04, 0x09, 0x00, 0x08, 0x00, 0x26,
  0x01, 0xa4, 0x00, 0x03, 0x00, 0x01, 0x04, 0x09, 0x00, 0x09, 0x00, 0x40,
  0x01, 0xca, 0x00, 0x03, 0x00, 0x01, 0x04, 0x09, 0x00, 0x0b, 0x00, 0x2e,
  0x02, 0x0a, 0x00, 0x03, 0x00, 0x01, 0x04, 0x09, 0x00, 0x0c, 0x00, 0x2e,
  0x02, 0x38, 0x00, 0x03, 0x00, 0x01, 0x04, 0x09, 0x00, 0x0d, 0x01, 0x22,
  0x02, 0x66, 0x00, 0x03, 0x00, 0x01, 0x04, 0x09, 0x00, 0x0e, 0x00, 0x36,
  0x03, 0x88, 0x00, 0x43, 0x00, 0x6f, 0x00, 0x70, 0x00, 0x79, 0x00, 0x72,
  0x00, 0x69, 0x00, 0x67, 0x00, 0x68, 0x00, 0x74, 0x00, 0x20, 0x00, 0x32,
  0x00, 0x30, 0x00, 0x32, 0x00, 0x31, 0x00, 0x20, 0x00, 0x54, 0x00, 0x68,
  0x00, 0x65, 0x00, 0x20, 0x00, 0x42, 0x00, 0x65, 0x00, 0x20, 0x00, 0x56,
  0x00, 0x69, 0x00, 0x65, 0x00, 0x74, 0x00, 0x6e, 0x00, 0x61, 0x00, 0x6d,
  0x00, 0x20, 0x00, 0x50, 0x00, 0x72, 0x00, 0x6f, 0x00, 0x20, 0x00, 0x50,
  0x00, 0x72, 0x00, 0x6f, 0x00, 0x6a, 0x00, 0x65, 0x00, 0x63, 0x00, 0x74,
  0x00, 0x20, 0x00, 0x41, 0x00, 0x75, 0x00, 0x74, 0x00, 0x68, 0x00, 0x6f,
  0x00, 0x72, 0x00, 0x73, 0x00, 0x20, 0x00, 0x28, 0x00, 0x68, 0x00, 0x74,
  0x00, 0x74, 0x00, 0x70, 0x00, 0x73, 0x00, 0x3a, 0x00, 0x2f, 0x00, 0x2f,
  0x00, 0x67, 0x00, 0x69, 0x00, 0x74, 0x00, 0x68, 0x00, 0x75, 0x00, 0x62,
  0x00, 0x2e, 0x00, 0x63, 0x00, 0x6f, 0x00, 0x6d, 0x00, 0x2f, 0x00, 0x62,
  0x00, 0x65, 0x00, 0x74, 0x00, 0x74, 0x00, 0x65, 0x00, 0x72, 0x00, 0x67,
  0x00, 0x75, 0x00, 0x69, 0x00, 0x2f, 0x00, 0x42, 0x00, 0x65, 0x00, 0x56,
  0x00, 0x69, 0x00, 0x65, 0x00, 0x74, 0x00, 0x6e, 0x00, 0x61, 0x00, 0x6d,
  0x00, 0x50, 0x00, 0x72, 0x00, 0x6f, 0x00, 0x29, 0x00, 0x42, 0x00, 0x65,
  0x00, 0x20, 0x00, 0x56, 0x00, 0x69, 0x00, 0x65, 0x00, 0x74, 0x00, 0x6e,
  0x00, 0x61, 0x00, 0x6d, 0x00, 0x20, 0x00, 0x50, 0x00, 0x72, 0x00, 0x6f,
  0x00, 0x42, 0x00, 0x6f, 0x00, 0x6c, 0x00, 0x64, 0x00, 0x31, 0x00, 0x2e,
  0x00, 0x30, 0x00, 0x30, 0x00, 0x32, 0x00, 0x3b, 0x00, 0x4e, 0x00, 0x4f,
  0x00, 0x4e, 0x00, 0x45, 0x00, 0x3b, 0x00, 0x42, 0x00, 0x65, 0x00, 0x56,
  0x00, 0x69, 0x00, 0x65, 0x00, 0x74, 0x00, 0x6e, 0x00, 0x61, 0x00, 0x6d,
  0x00, 0x50, 0x00, 0x72, 0x00, 0x6f, 0x00, 0x2d, 0x00, 0x42, 0x00, 0x6f,
  0x00, 0x6c, 0x00, 0x64, 0x00, 0x42, 0x00, 0x65, 0x00, 0x20, 0x00, 0x56,
  0x00, 0x69, 0x00, 0x65, 0x00, 0x74, 0x00, 0x6e, 0x00, 0x61, 0x00, 0x6d,
  0x00, 0x20, 0x00, 0x50, 0x00, 0x72, 0x00, 0x6f, 0x00, 0x20, 0x00, 0x42,
  0x00, 0x6f, 0x00, 0x6c, 0x00, 0x64, 0x00, 0x56, 0x00, 0x65, 0x00, 0x72,
  0x00, 0x73, 0x00, 0x69, 0x00, 0x6f, 0x00, 0x6e, 0x00, 0x20, 0x00, 0x31,
  0x00, 0x2e, 0x00, 0x30, 0x00, 0x30, 0x00, 0x32, 0x00, 0x3b, 0x00, 0x20,
  0x00, 0x74, 0x00, 0x74, 0x00, 0x66, 0x00, 0x61, 0x00, 0x75, 0x00, 0x74,
  0x00, 0x6f, 0x00, 0x68, 0x00, 0x69, 0x00, 0x6e, 0x00, 0x74, 0x00, 0x20,
  0x00, 0x28, 0x00, 0x76, 0x00, 0x31, 0x00, 0x2e, 0x00, 0x38, 0x00, 0x2e,
  0x00, 0x33, 0x00, 0x29, 0x00, 0x42, 0x00, 0x65, 0x00, 0x56, 0x00, 0x69,
  0x00, 0x65, 0x00, 0x74, 0x00, 0x6e, 0x00, 0x61, 0x00, 0x6d, 0x00, 0x50,
  0x00, 0x72, 0x00, 0x6f, 0x00, 0x2d, 0x00, 0x42, 0x00, 0x6f, 0x00, 0x6c,
  0x00, 0x64, 0x00, 0x59, 0x00, 0x65, 0x00, 0x6c, 0x00, 0x6c, 0x00, 0x6f,
  0x00, 0x77, 0x00, 0x20, 0x00, 0x54, 0x00, 0x79, 0x00, 0x70, 0x00, 0x65,
  0x00, 0x20, 0x00, 0x46, 0x00, 0x6f, 0x00, 0x75, 0x00, 0x6e, 0x00, 0x64,
  0x00, 0x72, 0x00, 0x79, 0x00, 0x4c, 0x00, 0x61, 0x00, 0x6d, 0x00, 0x20,
  0x00, 0x42, 0x00, 0x61, 0x00, 0x6f, 0x00, 0x2c, 0x00, 0x20, 0x00, 0x54,
  0x00, 0x6f, 0x00, 0x6e, 0x00, 0x79, 0x00, 0x20, 0x00, 0x4c, 0x00, 0x65,
  0x00, 0x2c, 0x00, 0x20, 0x00, 0x56, 0x00, 0x69, 0x00, 0x65, 0x00, 0x74,
  0x00, 0x61, 0x00, 0x6e, 0x00, 0x68, 0x00, 0x20, 0x00, 0x4e, 0x00, 0x67,
  0x00, 0x75, 0x00, 0x79, 0x00, 0x65, 0x00, 0x6e, 0x00, 0x68, 0x00, 0x74,
  0x00, 0x74, 0x00, 0x70, 0x00, 0x73, 0x00, 0x3a, 0x00, 0x2f, 0x00, 0x2f,
  0x00, 0x79, 0x00, 0x65, 0x00, 0x6c, 0x00, 0x6c, 0x00, 0x6f, 0x00, 0x77,
  0x00, 0x74, 0x00, 0x79, 0x00, 0x70, 0x00, 0x65, 0x00, 0x2e, 0x00, 0x63,
  0x00, 0x6f, 0x00, 0x6d, 0x00, 0x2f, 0x00, 0x68, 0x00, 0x74, 0x00, 0x74,
  0x00, 0x70, 0x00, 0x73, 0x00, 0x3a, 0x00, 0x2f, 0x00, 0x2f, 0x00, 0x79,
  0x00, 0x65, 0x00, 0x6c, 0x00, 0x6c, 0x00, 0x6f, 0x00, 0x77, 0x00, 0x74,
  0x00, 0x79, 0x00, 0x70, 0x00, 0x65, 0x00, 0x2e, 0x00, 0x63, 0x00, 0x6f,
  0x00, 0x6d, 0x00, 0x2f, 0x00, 0x54, 0x00, 0x68, 0x00, 0x69, 0x00, 0x73,
  0x00, 0x20, 0x00, 0x46, 0x00, 0x6f, 0x00, 0x6e, 0x00, 0x74, 0x00, 0x20,
  0x00, 0x53, 0x00, 0x6f, 0x00, 0x66, 0x00, 0x74, 0x00, 0x77, 0x00, 0x61,
  0x00, 0x72, 0x00, 0x65, 0x00, 0x20, 0x00, 0x69, 0x00, 0x73, 0x00, 0x20,
  0x00, 0x6c, 0x00, 0x69, 0x00, 0x63, 0x00, 0x65, 0x00, 0x6e, 0x00, 0x73,
  0x00, 0x65, 0x00, 0x64, 0x00, 0x20, 0x00, 0x75, 0x00, 0x6e, 0x00, 0x64,
  0x00, 0x65, 0x00, 0x72, 0x00, 0x20, 0x00, 0x74, 0x00, 0x68, 0x00, 0x65,
  0x00, 0x20, 0x00, 0x53, 0x00, 0x49, 0x00, 0x4c, 0x00, 0x20, 0x00, 0x4f,
  0x00, 0x70, 0x00, 0x65, 0x00, 0x6e, 0x00, 0x20, 0x00, 0x46, 0x00, 0x6f,
  0x00, 0x6e, 0x00, 0x74, 0x00, 0x20, 0x00, 0x4c, 0x00, 0x69, 0x00, 0x63,
  0x00, 0x65, 0x00, 0x6e, 0x00, 0x73, 0x00, 0x65, 0x00, 0x2c, 0x00, 0x20,
  0x00, 0x56, 0x00, 0x65, 0x00, 0x72, 0x00, 0x73, 0x00, 0x69, 0x00, 0x6f,
  0x00, 0x6e, 0x00, 0x20, 0x00, 0x31, 0x00, 0x2e, 0x00, 0x31, 0x00, 0x2e,
  0x00, 0x20, 0x00, 0x54, 0x00, 0x68, 0x00, 0x69, 0x00, 0x73, 0x00, 0x20,
  0x00, 0x6c, 0x00, 0x69, 0x00, 0x63, 0x00, 0x65, 0x00, 0x6e, 0x00, 0x73,
  0x00, 0x65, 0x00, 0x20, 0x00, 0x69, 0x00, 0x73, 0x00, 0x20, 0x00, 0x61,
  0x00, 0x76, 0x00, 0x61, 0x00, 0x69, 0x00, 0x6c, 0x00, 0x61, 0x00, 0x62,
  0x00, 0x6c, 0x00, 0x65, 0x00, 0x20, 0x00, 0x77, 0x00, 0x69, 0x00, 0x74,
  0x00, 0x68, 0x00, 0x20, 0x00, 0x61, 0x00, 0x20, 0x00, 0x46, 0x00, 0x41,
  0x00, 0x51, 0x00, 0x20, 0x00, 0x61, 0x00, 0x74, 0x00, 0x3a, 0x00, 0x20,
  0x00, 0x68, 0x00, 0x74, 0x00, 0x74, 0x00, 0x70, 0x00, 0x73, 0x00, 0x3a,
  0x00, 0x2f, 0x00, 0x2f, 0x00, 0x73, 0x00, 0x63, 0x00, 0x72, 0x00, 0x69,
  0x00, 0x70, 0x00, 0x74, 0x00, 0x73, 0x00, 0x2e, 0x00, 0x73, 0x00, 0x69,
  0x00, 0x6c, 0x00, 0x2e, 0x00, 0x6f, 0x00, 0x72, 0x00, 0x67, 0x00, 0x2f,
  0x00, 0x4f, 0x00, 0x46, 0x00, 0x4c, 0x00, 0x68, 0x00, 0x74, 0x00, 0x74,
  0x00, 0x70, 0x00, 0x73, 0x00, 0x3a, 0x00, 0x2f, 0x00, 0x2f, 0x00, 0x73,
  0x00, 0x63, 0x00, 0x72, 0x00, 0x69, 0x00, 0x70, 0x00, 0x74, 0x00, 0x73,
  0x00, 0x2e, 0x00, 0x73, 0x00, 0x69, 0x00, 0x6c, 0x00, 0x2e, 0x00, 0x6f,
  0x00, 0x72, 0x00, 0x67, 0x00, 0x2f, 0x00, 0x4f, 0x00, 0x46, 0x00, 0x4c,
  0x00, 0x02, 0x00, 0x00, 0x00, 0x00, 0x00, 0x00, 0xff, 0x9c, 0x00, 0x32,
  0x00, 0x00, 0x00, 0x00, 0x00, 0x00, 0x00, 0x00, 0x00, 0x00, 0x00, 0x00,
  0x00, 0x00, 0x00, 0x00, 0x00, 0x00, 0x00, 0x00, 0x02, 0x0f, 0x00, 0x00,
  0x00, 0x24, 0x00, 0xc9, 0x01, 0x02, 0x01, 0x03, 0x01, 0x04, 0x01, 0x05,
  0x01, 0x06, 0x01, 0x07, 0x00, 0xc7, 0x01, 0x08, 0x01, 0x09, 0x01, 0x0a,
  0x01, 0x0b, 0x01, 0x0c, 0x00, 0x62, 0x01, 0x0d, 0x00, 0xad, 0x01, 0x0e,
  0x01, 0x0f, 0x01, 0x10, 0x00, 0x63, 0x00, 0xae, 0x00, 0x90, 0x00, 0x25,
  0x00, 0x26, 0x00, 0xfd, 0x00, 0xff, 0x00, 0x64, 0x01, 0x11, 0x00, 0x27,
  0x00, 0xe9, 0x01, 0x12, 0x01, 0x13, 0x00, 0x28, 0x00, 0x65, 0x01, 0x14,
  0x00, 0xc8, 0x01, 0x15, 0x01, 0x16, 0x01, 0x17, 0x01, 0x18, 0x01, 0x19,
  0x00, 0xca, 0x01, 0x1a, 0x01, 0x1b, 0x00, 0xcb, 0x01, 0x1c, 0x01, 0x1d,
  0x01, 0x1e, 0x01, 0x1f, 0x00, 0x29, 0x00, 0x2a, 0x00, 0xf8, 0x01, 0x20,
  0x01, 0x21, 0x01, 0x22, 0x00, 0x2b, 0x01, 0x23, 0x00, 0x2c, 0x00, 0xcc,
  0x00, 0xcd, 0x00, 0xce, 0x00, 0xfa, 0x01, 0x24, 0x00, 0xcf, 0x01, 0x25,
  0x01, 0x26, 0x01, 0x27, 0x01, 0x28, 0x00, 0x2d, 0x00, 0x2e, 0x00, 0x2f,
  0x01, 0x29, 0x01, 0x2a, 0x00, 0xe2, 0x00, 0x30, 0x00, 0x31, 0x01, 0x2b,
  0x01, 0x2c, 0x00, 0x66, 0x00, 0x32, 0x00, 0xd0, 0x00, 0xd1, 0x01, 0x2d,
  0x01, 0x2e, 0x01, 0x2f, 0x01, 0x30, 0x01, 0x31, 0x00, 0x67, 0x01, 0x32,
  0x00, 0xd3, 0x01, 0x33, 0x01, 0x34, 0x01, 0x35, 0x01, 0x36, 0x01, 0x37,
  0x01, 0x38, 0x01, 0x39, 0x01, 0x3a, 0x01, 0x3b, 0x00, 0x91, 0x00, 0xaf,
  0x00, 0xb0, 0x00, 0x33, 0x00, 0xed, 0x00, 0x34, 0x00, 0x35, 0x01, 0x3c,
  0x01, 0x3d, 0x00, 0x36, 0x01, 0x3e, 0x00, 0xe4, 0x00, 0xfb, 0x01, 0x3f,
  0x00, 0x37, 0x01, 0x40, 0x01, 0x41, 0x01, 0x42, 0x00, 0x38, 0x00, 0xd4,
  0x00, 0xd5, 0x00, 0x68, 0x01, 0x43, 0x00, 0xd6, 0x01, 0x44, 0x01, 0x45,
  0x01, 0x46, 0x01, 0x47, 0x01, 0x48, 0x01, 0x49, 0x01, 0x4a, 0x01, 0x4b,
  0x01, 0x4c, 0x01, 0x4d, 0x01, 0x4e, 0x01, 0x4f, 0x00, 0x39, 0x00, 0x3a,
  0x01, 0x50, 0x01, 0x51, 0x01, 0x52, 0x01, 0x53, 0x00, 0x3b, 0x00, 0x3c,
  0x00, 0xeb, 0x01, 0x54, 0x00, 0xbb, 0x01, 0x55, 0x01, 0x56, 0x01, 0x57,
  0x01, 0x58, 0x00, 0x3d, 0x01, 0x59, 0x00, 0xe6, 0x01, 0x5a, 0x00, 0x44,
  0x00, 0x69, 0x01, 0x5b, 0x01, 0x5c, 0x01, 0x5d, 0x01, 0x5e, 0x01, 0x5f,
  0x01, 0x60, 0x00, 0x6b, 0x01, 0x61, 0x01, 0x62, 0x01, 0x63, 0x01, 0x64,
  0x01, 0x65, 0x00, 0x6c, 0x01, 0x66, 0x00, 0x6a, 0x01, 0x67, 0x01, 0x68,
  0x01, 0x69, 0x00, 0x6e, 0x00, 0x6d, 0x00, 0xa0, 0x00, 0x45, 0x00, 0x46,
  0x00, 0xfe, 0x01, 0x00, 0x00, 0x6f, 0x01, 0x6a, 0x00, 0x47, 0x00, 0xea,
  0x01, 0x6b, 0x01, 0x01, 0x00, 0x48, 0x00, 0x70, 0x01, 0x6c, 0x00, 0x72,
  0x01, 0x6d, 0x01, 0x6e, 0x01, 0x6f, 0x01, 0x70, 0x01, 0x71, 0x00, 0x73,
  0x01, 0x72, 0x01, 0x73, 0x00, 0x71, 0x01, 0x74, 0x01, 0x75, 0x01, 0x76,
  0x01, 0x77, 0x00, 0x49, 0x00, 0x4a, 0x00, 0xf9, 0x01, 0x78, 0x01, 0x79,
  0x01, 0x7a, 0x00, 0x4b, 0x01, 0x7b, 0x00, 0x4c, 0x00, 0xd7, 0x00, 0x74,
  0x00, 0x76, 0x00, 0x77, 0x01, 0x7c, 0x01, 0x7d, 0x00, 0x75, 0x01, 0x7e,
  0x01, 0x7f, 0x01, 0x80, 0x01, 0x81, 0x00, 0x4d, 0x00, 0x4e, 0x00, 0x4f,
  0x01, 0x82, 0x01, 0x83, 0x00, 0xe3, 0x00, 0x50, 0x00, 0x51, 0x01, 0x84,
  0x01, 0x85, 0x00, 0x78, 0x00, 0x52, 0x00, 0x79, 0x00, 0x7b, 0x01, 0x86,
  0x01, 0x87, 0x01, 0x88, 0x01, 0x89, 0x01, 0x8a, 0x00, 0x7c, 0x01, 0x8b,
  0x00, 0x7a, 0x01, 0x8c, 0x01, 0x8d, 0x01, 0x8e, 0x01, 0x8f, 0x01, 0x90,
  0x01, 0x91, 0x01, 0x92, 0x01, 0x93, 0x01, 0x94, 0x00, 0xa1, 0x00, 0x7d,
  0x00, 0xb1, 0x00, 0x53, 0x00, 0xee, 0x00, 0x54, 0x00, 0x55, 0x01, 0x95,
  0x01, 0x96, 0x00, 0x56, 0x01, 0x97, 0x00, 0xe5, 0x00, 0xfc, 0x00, 0x89,
  0x00, 0x57, 0x01, 0x98, 0x01, 0x99, 0x01, 0x9a, 0x00, 0x58, 0x00, 0x7e,
  0x00, 0x80, 0x00, 0x81, 0x01, 0x9b, 0x00, 0x7f, 0x01, 0x9c, 0x01, 0x9d,
  0x01, 0x9e, 0x01, 0x9f, 0x01, 0xa0, 0x01, 0xa1, 0x01, 0xa2, 0x01, 0xa3,
  0x01, 0xa4, 0x01, 0xa5, 0x01, 0xa6, 0x01, 0xa7, 0x00, 0x59, 0x00, 0x5a,
  0x01, 0xa8, 0x01, 0xa9, 0x01, 0xaa, 0x01, 0xab, 0x00, 0x5b, 0x00, 0x5c,
  0x00, 0xec, 0x01, 0xac, 0x00, 0xba, 0x01, 0xad, 0x01, 0xae, 0x01, 0xaf,
  0x01, 0xb0, 0x00, 0x5d, 0x01, 0xb1, 0x00, 0xe7, 0x01, 0xb2, 0x01, 0xb3,
  0x01, 0xb4, 0x01, 0xb5, 0x01, 0xb6, 0x01, 0xb7, 0x01, 0xb8, 0x01, 0xb9,
  0x01, 0xba, 0x01, 0xbb, 0x01, 0xbc, 0x01, 0xbd, 0x01, 0xbe, 0x01, 0xbf,
  0x01, 0xc0, 0x01, 0xc1, 0x01, 0xc2, 0x01, 0xc3, 0x01, 0xc4, 0x01, 0xc5,
  0x01, 0xc6, 0x01, 0xc7, 0x01, 0xc8, 0x01, 0xc9, 0x01, 0xca, 0x01, 0xcb,
  0x00, 0x9d, 0x00, 0x9e, 0x00, 0x13, 0x00, 0x14, 0x00, 0x15, 0x00, 0x16,
  0x00, 0x17, 0x00, 0x18, 0x00, 0x19, 0x00, 0x1a, 0x00, 0x1b, 0x00, 0x1c,
  0x01, 0xcc, 0x01, 0xcd, 0x01, 0xce, 0x01, 0xcf, 0x01, 0xd0, 0x01, 0xd1,
  0x01, 0xd2, 0x01, 0xd3, 0x01, 0xd4, 0x01, 0xd5, 0x01, 0xd6, 0x01, 0xd7,
  0x01, 0xd8, 0x01, 0xd9, 0x01, 0xda, 0x01, 0xdb, 0x01, 0xdc, 0x01, 0xdd,
  0x01, 0xde, 0x01, 0xdf, 0x01, 0xe0, 0x01, 0xe1, 0x01, 0xe2, 0x01, 0xe3,
  0x01, 0xe4, 0x01, 0xe5, 0x01, 0xe6, 0x01, 0xe7, 0x01, 0xe8, 0x01, 0xe9,
  0x01, 0xea, 0x01, 0xeb, 0x01, 0xec, 0x01, 0xed, 0x01, 0xee, 0x01, 0xef,
  0x01, 0xf0, 0x01, 0xf1, 0x01, 0xf2, 0x01, 0xf3, 0x01, 0xf4, 0x01, 0xf5,
  0x01, 0xf6, 0x00, 0xbc, 0x00, 0xf4, 0x00, 0xf5, 0x00, 0xf6, 0x01, 0xf7,
  0x01, 0xf8, 0x01, 0xf9, 0x01, 0xfa, 0x01, 0xfb, 0x00, 0x03, 0x01, 0xfc,
  0x01, 0xfd, 0x01, 0xfe, 0x01, 0xff, 0x00, 0x11, 0x00, 0x0f, 0x00, 0x1d,
  0x00, 0x1e, 0x00, 0xab, 0x00, 0x04, 0x00, 0xa3, 0x00, 0x22, 0x00, 0xa2,
  0x00, 0xc3, 0x00, 0x87, 0x00, 0x0d, 0x00, 0x06, 0x00, 0x12, 0x00, 0x3f,
  0x02, 0x00, 0x00, 0x10, 0x02, 0x01, 0x00, 0xb2, 0x00, 0xb3, 0x00, 0x42,
  0x00, 0x0b, 0x00, 0x0c, 0x00, 0x5e, 0x00, 0x60, 0x00, 0x3e, 0x00, 0x40,
  0x02, 0x02, 0x02, 0x03, 0x02, 0x04, 0x02, 0x05, 0x02, 0x06, 0x02, 0x07,
  0x00, 0xc4, 0x00, 0xc5, 0x00, 0xb4, 0x00, 0xb5, 0x00, 0xb6, 0x00, 0xb7,
  0x00, 0xa9, 0x00, 0xaa, 0x00, 0xbe, 0x00, 0xbf, 0x00, 0x05, 0x00, 0x0a,
  0x00, 0x23, 0x00, 0x09, 0x00, 0x88, 0x00, 0x86, 0x00, 0x8b, 0x00, 0x8a,
  0x00, 0x8c, 0x00, 0x83, 0x00, 0x5f, 0x00, 0xe8, 0x00, 0x82, 0x00, 0xc2,
  0x00, 0x84, 0x00, 0xbd, 0x00, 0x07, 0x02, 0x08, 0x02, 0x09, 0x00, 0x85,
  0x00, 0x96, 0x02, 0x0a, 0x00, 0x0e, 0x00, 0xef, 0x00, 0xf0, 0x00, 0xb8,
  0x00, 0x20, 0x00, 0x8f, 0x00, 0x21, 0x00, 0x1f, 0x00, 0x95, 0x00, 0x94,
  0x00, 0x93, 0x00, 0xa7, 0x00, 0x61, 0x00, 0xa4, 0x00, 0x41, 0x02, 0x0b,
  0x00, 0x08, 0x00, 0xc6, 0x02, 0x0c, 0x02, 0x0d, 0x02, 0x0e, 0x02, 0x0f,
  0x02, 0x10, 0x02, 0x11, 0x02, 0x12, 0x02, 0x13, 0x02, 0x14, 0x02, 0x15,
  0x02, 0x16, 0x02, 0x17, 0x02, 0x18, 0x02, 0x19, 0x02, 0x1a, 0x02, 0x1b,
  0x02, 0x1c, 0x02, 0x1d, 0x02, 0x1e, 0x02, 0x1f, 0x02, 0x20, 0x02, 0x21,
  0x02, 0x22, 0x02, 0x23, 0x02, 0x24, 0x02, 0x25, 0x00, 0x8e, 0x00, 0xdc,
  0x00, 0x43, 0x00, 0x8d, 0x00, 0xd8, 0x00, 0xe1, 0x00, 0xdb, 0x00, 0xdd,
  0x00, 0xd9, 0x00, 0xda, 0x00, 0xde, 0x00, 0xe0, 0x06, 0x41, 0x62, 0x72,
  0x65, 0x76, 0x65, 0x07, 0x75, 0x6e, 0x69, 0x31, 0x45, 0x41, 0x45, 0x07,
  0x75, 0x6e, 0x69, 0x31, 0x45, 0x42, 0x36, 0x07, 0x75, 0x6e, 0x69, 0x31,
  0x45, 0x42, 0x30, 0x07, 0x75, 0x6e, 0x69, 0x31, 0x45, 0x42, 0x32, 0x07,
  0x75, 0x6e, 0x69, 0x31, 0x45, 0x42, 0x34, 0x07, 0x75, 0x6e, 0x69, 0x31,
  0x45, 0x41, 0x34, 0x07, 0x75, 0x6e, 0x69, 0x31, 0x45, 0x41, 0x43, 0x07,
  0x75, 0x6e, 0x69, 0x31, 0x45, 0x41, 0x36, 0x07, 0x75, 0x6e, 0x69, 0x31,
  0x45, 0x41, 0x38, 0x07, 0x75, 0x6e, 0x69, 0x31, 0x45, 0x41, 0x41, 0x07,
  0x75, 0x6e, 0x69, 0x31, 0x45, 0x41, 0x30, 0x07, 0x75, 0x6e, 0x69, 0x31,
  0x45, 0x41, 0x32, 0x07, 0x41, 0x6d, 0x61, 0x63, 0x72, 0x6f, 0x6e, 0x07,
  0x41, 0x6f, 0x67, 0x6f, 0x6e, 0x65, 0x6b, 0x0a, 0x43, 0x64, 0x6f, 0x74,
  0x61, 0x63, 0x63, 0x65, 0x6e, 0x74, 0x06, 0x44, 0x63, 0x61, 0x72, 0x6f,
  0x6e, 0x06, 0x44, 0x63, 0x72, 0x6f, 0x61, 0x74, 0x06, 0x45, 0x63, 0x61,
  0x72, 0x6f, 0x6e, 0x07, 0x75, 0x6e, 0x69, 0x31, 0x45, 0x42, 0x45, 0x07,
  0x75, 0x6e, 0x69, 0x31, 0x45, 0x43, 0x36, 0x07, 0x75, 0x6e, 0x69, 0x31,
  0x45, 0x43, 0x30, 0x07, 0x75, 0x6e, 0x69, 0x31, 0x45, 0x43, 0x32, 0x07,
  0x75, 0x6e, 0x69, 0x31, 0x45, 0x43, 0x34, 0x0a, 0x45, 0x64, 0x6f, 0x74,
  0x61, 0x63, 0x63, 0x65, 0x6e, 0x74, 0x07, 0x75, 0x6e, 0x69, 0x31, 0x45,
  0x42, 0x38, 0x07, 0x75, 0x6e, 0x69, 0x31, 0x45, 0x42, 0x41, 0x07, 0x45,
  0x6d, 0x61, 0x63, 0x72, 0x6f, 0x6e, 0x07, 0x45, 0x6f, 0x67, 0x6f, 0x6e,
  0x65, 0x6b, 0x07, 0x75, 0x6e, 0x69, 0x31, 0x45, 0x42, 0x43, 0x06, 0x47,
  0x63, 0x61, 0x72, 0x6f, 0x6e, 0x0a, 0x47, 0x64, 0x6f, 0x74, 0x61, 0x63,
  0x63, 0x65, 0x6e, 0x74, 0x07, 0x75, 0x6e, 0x69, 0x31, 0x45, 0x32, 0x30,
  0x04, 0x48, 0x62, 0x61, 0x72, 0x07, 0x75, 0x6e, 0x69, 0x31, 0x45, 0x43,
  0x41, 0x07, 0x75, 0x6e, 0x69, 0x31, 0x45, 0x43, 0x38, 0x07, 0x49, 0x6d,
  0x61, 0x63, 0x72, 0x6f, 0x6e, 0x07, 0x49, 0x6f, 0x67, 0x6f, 0x6e, 0x65,
  0x6b, 0x06, 0x49, 0x74, 0x69, 0x6c, 0x64, 0x65, 0x06, 0x4c, 0x61, 0x63,
  0x75, 0x74, 0x65, 0x06, 0x4c, 0x63, 0x61, 0x72, 0x6f, 0x6e, 0x06, 0x4e,
  0x61, 0x63, 0x75, 0x74, 0x65, 0x06, 0x4e, 0x63, 0x61, 0x72, 0x6f, 0x6e,
  0x07, 0x75, 0x6e, 0x69, 0x31, 0x45, 0x44, 0x30, 0x07, 0x75, 0x6e, 0x69,
  0x31, 0x45, 0x44, 0x38, 0x07, 0x75, 0x6e, 0x69, 0x31, 0x45, 0x44, 0x32,
  0x07, 0x75, 0x6e, 0x69, 0x31, 0x45, 0x44, 0x34, 0x07, 0x75, 0x6e, 0x69,
  0x31, 0x45, 0x44, 0x36, 0x07, 0x75, 0x6e, 0x69, 0x31, 0x45, 0x43, 0x43,
  0x07, 0x75, 0x6e, 0x69, 0x31, 0x45, 0x43, 0x45, 0x05, 0x4f, 0x68, 0x6f,
  0x72, 0x6e, 0x07, 0x75, 0x6e, 0x69, 0x31, 0x45, 0x44, 0x41, 0x07, 0x75,
  0x6e, 0x69, 0x31, 0x45, 0x45, 0x32, 0x07, 0x75, 0x6e, 0x69, 0x31, 0x45,
  0x44, 0x43, 0x07, 0x75, 0x6e, 0x69, 0x31, 0x45, 0x44, 0x45, 0x07, 0x75,
  0x6e, 0x69, 0x31, 0x45, 0x45, 0x30, 0x0d, 0x4f, 0x68, 0x75, 0x6e, 0x67,
  0x61, 0x72, 0x75, 0x6d, 0x6c, 0x61, 0x75, 0x74, 0x07, 0x4f, 0x6d, 0x61,
  0x63, 0x72, 0x6f, 0x6e, 0x06, 0x52, 0x61, 0x63, 0x75, 0x74, 0x65, 0x06,
  0x52, 0x63, 0x61, 0x72, 0x6f, 0x6e, 0x06, 0x53, 0x61, 0x63, 0x75, 0x74,
  0x65, 0x07, 0x75, 0x6e, 0x69, 0x31, 0x45, 0x39, 0x45, 0x04, 0x54, 0x62,
  0x61, 0x72, 0x06, 0x54, 0x63, 0x61, 0x72, 0x6f, 0x6e, 0x07, 0x75, 0x6e,
  0x69, 0x30, 0x31, 0x36, 0x32, 0x07, 0x75, 0x6e, 0x69, 0x31, 0x45, 0x45,
  0x34, 0x07, 0x75, 0x6e, 0x69, 0x31, 0x45, 0x45, 0x36, 0x05, 0x55, 0x68,
  0x6f, 0x72, 0x6e, 0x07, 0x75, 0x6e, 0x69, 0x31, 0x45, 0x45, 0x38, 0x07,
  0x75, 0x6e, 0x69, 0x31, 0x45, 0x46, 0x30, 0x07, 0x75, 0x6e, 0x69, 0x31,
  0x45, 0x45, 0x41, 0x07, 0x75, 0x6e, 0x69, 0x31, 0x45, 0x45, 0x43, 0x07,
  0x75, 0x6e, 0x69, 0x31, 0x45, 0x45, 0x45, 0x0d, 0x55, 0x68, 0x75, 0x6e,
  0x67, 0x61, 0x72, 0x75, 0x6d, 0x6c, 0x61, 0x75, 0x74, 0x07, 0x55, 0x6d,
  0x61, 0x63, 0x72, 0x6f, 0x6e, 0x07, 0x55, 0x6f, 0x67, 0x6f, 0x6e, 0x65,
  0x6b, 0x05, 0x55, 0x72, 0x69, 0x6e, 0x67, 0x06, 0x55, 0x74, 0x69, 0x6c,
  0x64, 0x65, 0x06, 0x57, 0x61, 0x63, 0x75, 0x74, 0x65, 0x0b, 0x57, 0x63,
  0x69, 0x72, 0x63, 0x75, 0x6d, 0x66, 0x6c, 0x65, 0x78, 0x09, 0x57, 0x64,
  0x69, 0x65, 0x72, 0x65, 0x73, 0x69, 0x73, 0x06, 0x57, 0x67, 0x72, 0x61,
  0x76, 0x65, 0x0b, 0x59, 0x63, 0x69, 0x72, 0x63, 0x75, 0x6d, 0x66, 0x6c,
  0x65, 0x78, 0x07, 0x75, 0x6e, 0x69, 0x31, 0x45, 0x46, 0x34, 0x06, 0x59,
  0x67, 0x72, 0x61, 0x76, 0x65, 0x07, 0x75, 0x6e, 0x69, 0x31, 0x45, 0x46,
  0x36, 0x07, 0x75, 0x6e, 0x69, 0x31, 0x45, 0x46, 0x38, 0x06, 0x5a, 0x61,
  0x63, 0x75, 0x74, 0x65, 0x0a, 0x5a, 0x64, 0x6f, 0x74, 0x61, 0x63, 0x63,
  0x65, 0x6e, 0x74, 0x06, 0x61, 0x62, 0x72, 0x65, 0x76, 0x65, 0x07, 0x75,
  0x6e, 0x69, 0x31, 0x45, 0x41, 0x46, 0x07, 0x75, 0x6e, 0x69, 0x31, 0x45,
  0x42, 0x37, 0x07, 0x75, 0x6e, 0x69, 0x31, 0x45, 0x42, 0x31, 0x07, 0x75,
  0x6e, 0x69, 0x31, 0x45, 0x42, 0x33, 0x07, 0x75, 0x6e, 0x69, 0x31, 0x45,
  0x42, 0x35, 0x07, 0x75, 0x6e, 0x69, 0x31, 0x45, 0x41, 0x35, 0x07, 0x75,
  0x6e, 0x69, 0x31, 0x45, 0x41, 0x44, 0x07, 0x75, 0x6e, 0x69, 0x31, 0x45,
  0x41, 0x37, 0x07, 0x75, 0x6e, 0x69, 0x31, 0x45, 0x41, 0x39, 0x07, 0x75,
  0x6e, 0x69, 0x31, 0x45, 0x41, 0x42, 0x07, 0x75, 0x6e, 0x69, 0x31, 0x45,
  0x41, 0x31, 0x07, 0x75, 0x6e, 0x69, 0x31, 0x45, 0x41, 0x33, 0x07, 0x61,
  0x6d, 0x61, 0x63, 0x72, 0x6f, 0x6e, 0x07, 0x61, 0x6f, 0x67, 0x6f, 0x6e,
  0x65, 0x6b, 0x0a, 0x63, 0x64, 0x6f, 0x74, 0x61, 0x63, 0x63, 0x65, 0x6e,
  0x74, 0x06, 0x64, 0x63, 0x61, 0x72, 0x6f, 0x6e, 0x06, 0x65, 0x63, 0x61,
  0x72, 0x6f, 0x6e, 0x07, 0x75, 0x6e, 0x69, 0x31, 0x45, 0x42, 0x46, 0x07,
  0x75, 0x6e, 0x69, 0x31, 0x45, 0x43, 0x37, 0x07, 0x75, 0x6e, 0x69, 0x31,
  0x45, 0x43, 0x31, 0x07, 0x75, 0x6e, 0x69, 0x31, 0x45, 0x43, 0x33, 0x07,
  0x75, 0x6e, 0x69, 0x31, 0x45, 0x43, 0x35, 0x0a, 0x65, 0x64, 0x6f, 0x74,
  0x61, 0x63, 0x63, 0x65, 0x6e, 0x74, 0x07, 0x75, 0x6e, 0x69, 0x31, 0x45,
  0x42, 0x39, 0x07, 0x75, 0x6e, 0x69, 0x31, 0x45, 0x42, 0x42, 0x07, 0x65,
  0x6d, 0x61, 0x63, 0x72, 0x6f, 0x6e, 0x07, 0x65, 0x6f, 0x67, 0x6f, 0x6e,
  0x65, 0x6b, 0x07, 0x75, 0x6e, 0x69, 0x31, 0x45, 0x42, 0x44, 0x06, 0x67,
  0x63, 0x61, 0x72, 0x6f, 0x6e, 0x0a, 0x67, 0x64, 0x6f, 0x74, 0x61, 0x63,
  0x63, 0x65, 0x6e, 0x74, 0x07, 0x75, 0x6e, 0x69, 0x31, 0x45, 0x32, 0x31,
  0x04, 0x68, 0x62, 0x61, 0x72, 0x09, 0x69, 0x2e, 0x6c, 0x6f, 0x63, 0x6c,
  0x54, 0x52, 0x4b, 0x07, 0x75, 0x6e, 0x69, 0x31, 0x45, 0x43, 0x42, 0x07,
  0x75, 0x6e, 0x69, 0x31, 0x45, 0x43, 0x39, 0x07, 0x69, 0x6d, 0x61, 0x63,
  0x72, 0x6f, 0x6e, 0x07, 0x69, 0x6f, 0x67, 0x6f, 0x6e, 0x65, 0x6b, 0x06,
  0x69, 0x74, 0x69, 0x6c, 0x64, 0x65, 0x06, 0x6c, 0x61, 0x63, 0x75, 0x74,
  0x65, 0x06, 0x6c, 0x63, 0x61, 0x72, 0x6f, 0x6e, 0x06, 0x6e, 0x61, 0x63,
  0x75, 0x74, 0x65, 0x06, 0x6e, 0x63, 0x61, 0x72, 0x6f, 0x6e, 0x07, 0x75,
  0x6e, 0x69, 0x31, 0x45, 0x44, 0x31, 0x07, 0x75, 0x6e, 0x69, 0x31, 0x45,
  0x44, 0x39, 0x07, 0x75, 0x6e, 0x69, 0x31, 0x45, 0x44, 0x33, 0x07, 0x75,
  0x6e, 0x69, 0x31, 0x45, 0x44, 0x35, 0x07, 0x75, 0x6e, 0x69, 0x31, 0x45,
  0x44, 0x37, 0x07, 0x75, 0x6e, 0x69, 0x31, 0x45, 0x43, 0x44, 0x07, 0x75,
  0x6e, 0x69, 0x31, 0x45, 0x43, 0x46, 0x05, 0x6f, 0x68, 0x6f, 0x72, 0x6e,
  0x07, 0x75, 0x6e, 0x69, 0x31, 0x45, 0x44, 0x42, 0x07, 0x75, 0x6e, 0x69,
  0x31, 0x45, 0x45, 0x33, 0x07, 0x75, 0x6e, 0x69, 0x31, 0x45, 0x44, 0x44,
  0x07, 0x75, 0x6e, 0x69, 0x31, 0x45, 0x44, 0x46, 0x07, 0x75, 0x6e, 0x69,
  0x31, 0x45, 0x45, 0x31, 0x0d, 0x6f, 0x68, 0x75, 0x6e, 0x67, 0x61, 0x72,
  0x75, 0x6d, 0x6c, 0x61, 0x75, 0x74, 0x07, 0x6f, 0x6d, 0x61, 0x63, 0x72,
  0x6f, 0x6e, 0x06, 0x72, 0x61, 0x63, 0x75, 0x74, 0x65, 0x06, 0x72, 0x63,
  0x61, 0x72, 0x6f, 0x6e, 0x06, 0x73, 0x61, 0x63, 0x75, 0x74, 0x65, 0x04,
  0x74, 0x62, 0x61, 0x72, 0x06, 0x74, 0x63, 0x61, 0x72, 0x6f, 0x6e, 0x07,
  0x75, 0x6e, 0x69, 0x30, 0x31, 0x36, 0x33, 0x07, 0x75, 0x6e, 0x69, 0x31,
  0x45, 0x45, 0x35, 0x07, 0x75, 0x6e, 0x69, 0x31, 0x45, 0x45, 0x37, 0x05,
  0x75, 0x68, 0x6f, 0x72, 0x6e, 0x07, 0x75, 0x6e, 0x69, 0x31, 0x45, 0x45,
  0x39, 0x07, 0x75, 0x6e, 0x69, 0x31, 0x45, 0x46, 0x31, 0x07, 0x75, 0x6e,
  0x69, 0x31, 0x45, 0x45, 0x42, 0x07, 0x75, 0x6e, 0x69, 0x31, 0x45, 0x45,
  0x44, 0x07, 0x75, 0x6e, 0x69, 0x31, 0x45, 0x45, 0x46, 0x0d, 0x75, 0x68,
  0x75, 0x6e, 0x67, 0x61, 0x72, 0x75, 0x6d, 0x6c, 0x61, 0x75, 0x74, 0x07,
  0x75, 0x6d, 0x61, 0x63, 0x72, 0x6f, 0x6e, 0x07, 0x75, 0x6f, 0x67, 0x6f,
  0x6e, 0x65, 0x6b, 0x05, 0x75, 0x72, 0x69, 0x6e, 0x67, 0x06, 0x75, 0x74,
  0x69, 0x6c, 0x64, 0x65, 0x06, 0x77, 0x61, 0x63, 0x75, 0x74, 0x65, 0x0b,
  0x77, 0x63, 0x69, 0x72, 0x63, 0x75, 0x6d, 0x66, 0x6c, 0x65, 0x78, 0x09,
  0x77, 0x64, 0x69, 0x65, 0x72, 0x65, 0x73, 0x69, 0x73, 0x06, 0x77, 0x67,
  0x72, 0x61, 0x76, 0x65, 0x0b, 0x79, 0x63, 0x69, 0x72, 0x63, 0x75, 0x6d,
  0x66, 0x6c, 0x65, 0x78, 0x07, 0x75, 0x6e, 0x69, 0x31, 0x45, 0x46, 0x35,
  0x06, 0x79, 0x67, 0x72, 0x61, 0x76, 0x65, 0x07, 0x75, 0x6e, 0x69, 0x31,
  0x45, 0x46, 0x37, 0x07, 0x75, 0x6e, 0x69, 0x31, 0x45, 0x46, 0x39, 0x06,
  0x7a, 0x61, 0x63, 0x75, 0x74, 0x65, 0x0a, 0x7a, 0x64, 0x6f, 0x74, 0x61,
  0x63, 0x63, 0x65, 0x6e, 0x74, 0x06, 0x61, 0x2e, 0x73, 0x73, 0x30, 0x31,
  0x0b, 0x61, 0x61, 0x63, 0x75, 0x74, 0x65, 0x2e, 0x73, 0x73, 0x30, 0x31,
  0x0b, 0x61, 0x62, 0x72, 0x65, 0x76, 0x65, 0x2e, 0x73, 0x73, 0x30, 0x31,
  0x0c, 0x75, 0x6e, 0x69, 0x31, 0x45, 0x41, 0x46, 0x2e, 0x73, 0x73, 0x30,
  0x31, 0x0c, 0x75, 0x6e, 0x69, 0x31, 0x45, 0x42, 0x37, 0x2e, 0x73, 0x73,
  0x30, 0x31, 0x0c, 0x75, 0x6e, 0x69, 0x31, 0x45, 0x42, 0x31, 0x2e, 0x73,
  0x73, 0x30, 0x31, 0x0c, 0x75, 0x6e, 0x69, 0x31, 0x45, 0x42, 0x33, 0x2e,
  0x73, 0x73, 0x30, 0x31, 0x0c, 0x75, 0x6e, 0x69, 0x31, 0x45, 0x42, 0x35,
  0x2e, 0x73, 0x73, 0x30, 0x31, 0x10, 0x61, 0x63, 0x69, 0x72, 0x63, 0x75,
  0x6d, 0x66, 0x6c, 0x65, 0x78, 0x2e, 0x73, 0x73, 0x30, 0x31, 0x0c, 0x75,
  0x6e, 0x69, 0x31, 0x45, 0x41, 0x35, 0x2e, 0x73, 0x73, 0x30, 0x31, 0x0c,
  0x75, 0x6e, 0x69, 0x31, 0x45, 0x41, 0x44, 0x2e, 0x73, 0x73, 0x30, 0x31,
  0x0c, 0x75, 0x6e, 0x69, 0x31, 0x45, 0x41, 0x37, 0x2e, 0x73, 0x73, 0x30,
  0x31, 0x0c, 0x75, 0x6e, 0x69, 0x31, 0x45, 0x41, 0x39, 0x2e, 0x73, 0x73,
  0x30, 0x31, 0x0c, 0x75, 0x6e, 0x69, 0x31, 0x45, 0x41, 0x42, 0x2e, 0x73,
  0x73, 0x30, 0x31, 0x0e, 0x61, 0x64, 0x69, 0x65, 0x72, 0x65, 0x73, 0x69,
  0x73, 0x2e, 0x73, 0x73, 0x30, 0x31, 0x0c, 0x75, 0x6e, 0x69, 0x31, 0x45,
  0x41, 0x31, 0x2e, 0x73, 0x73, 0x30, 0x31, 0x0b, 0x61, 0x67, 0x72, 0x61,
  0x76, 0x65, 0x2e, 0x73, 0x73, 0x30, 0x31, 0x0c, 0x75, 0x6e, 0x69, 0x31,
  0x45, 0x41, 0x33, 0x2e, 0x73, 0x73, 0x30, 0x31, 0x0c, 0x61, 0x6d, 0x61,
  0x63, 0x72, 0x6f, 0x6e, 0x2e, 0x73, 0x73, 0x30, 0x31, 0x0c, 0x61, 0x6f,
  0x67, 0x6f, 0x6e, 0x65, 0x6b, 0x2e, 0x73, 0x73, 0x30, 0x31, 0x0a, 0x61,
  0x72, 0x69, 0x6e, 0x67, 0x2e, 0x73, 0x73, 0x30, 0x31, 0x0b, 0x61, 0x74,
  0x69, 0x6c, 0x64, 0x65, 0x2e, 0x73, 0x73, 0x30, 0x31, 0x08, 0x66, 0x5f,
  0x66, 0x2e, 0x6c, 0x69, 0x67, 0x61, 0x0a, 0x66, 0x5f, 0x66, 0x5f, 0x69,
  0x2e, 0x6c, 0x69, 0x67, 0x61, 0x08, 0x66, 0x5f, 0x69, 0x2e, 0x6c, 0x69,
  0x67, 0x61, 0x07, 0x6f, 0x6e, 0x65, 0x2e, 0x30, 0x30, 0x31, 0x09, 0x65,
  0x69, 0x67, 0x68, 0x74, 0x2e, 0x30, 0x30, 0x31, 0x09, 0x65, 0x69, 0x67,
  0x68, 0x74, 0x2e, 0x30, 0x30, 0x32, 0x09, 0x7a, 0x65, 0x72, 0x6f, 0x2e,
  0x64, 0x6e, 0x6f, 0x6d, 0x08, 0x6f, 0x6e, 0x65, 0x2e, 0x64, 0x6e, 0x6f,
  0x6d, 0x08, 0x74, 0x77, 0x6f, 0x2e, 0x64, 0x6e, 0x6f, 0x6d, 0x0a, 0x74,
  0x68, 0x72, 0x65, 0x65, 0x2e, 0x64, 0x6e, 0x6f, 0x6d, 0x09, 0x66, 0x6f,
  0x75, 0x72, 0x2e, 0x64, 0x6e, 0x6f, 0x6d, 0x09, 0x66, 0x69, 0x76, 0x65,
  0x2e, 0x64, 0x6e, 0x6f, 0x6d, 0x08, 0x73, 0x69, 0x78, 0x2e, 0x64, 0x6e,
  0x6f, 0x6d, 0x0a, 0x73, 0x65, 0x76, 0x65, 0x6e, 0x2e, 0x64, 0x6e, 0x6f,
  0x6d, 0x0a, 0x65, 0x69, 0x67, 0x68, 0x74, 0x2e, 0x64, 0x6e, 0x6f, 0x6d,
  0x09, 0x6e, 0x69, 0x6e, 0x65, 0x2e, 0x64, 0x6e, 0x6f, 0x6d, 0x07, 0x75,
  0x6e, 0x69, 0x32, 0x30, 0x38, 0x30, 0x07, 0x75, 0x6e, 0x69, 0x32, 0x30,
  0x38, 0x31, 0x07, 0x75, 0x6e, 0x69, 0x32, 0x30, 0x38, 0x32, 0x07, 0x75,
  0x6e, 0x69, 0x32, 0x30, 0x38, 0x33, 0x07, 0x75, 0x6e, 0x69, 0x32, 0x30,
  0x38, 0x34, 0x07, 0x75, 0x6e, 0x69, 0x32, 0x30, 0x38, 0x35, 0x07, 0x75,
  0x6e, 0x69, 0x32, 0x30, 0x38, 0x36, 0x07, 0x75, 0x6e, 0x69, 0x32, 0x30,
  0x38, 0x37, 0x07, 0x75, 0x6e, 0x69, 0x32, 0x30, 0x38, 0x38, 0x07, 0x75,
  0x6e, 0x69, 0x32, 0x30, 0x38, 0x39, 0x09, 0x7a, 0x65, 0x72, 0x6f, 0x2e,
  0x6e, 0x75, 0x6d, 0x72, 0x08, 0x6f, 0x6e, 0x65, 0x2e, 0x6e, 0x75, 0x6d,
  0x72, 0x08, 0x74, 0x77, 0x6f, 0x2e, 0x6e, 0x75, 0x6d, 0x72, 0x0a, 0x74,
  0x68, 0x72, 0x65, 0x65, 0x2e, 0x6e, 0x75, 0x6d, 0x72, 0x09, 0x66, 0x6f,
  0x75, 0x72, 0x2e, 0x6e, 0x75, 0x6d, 0x72, 0x09, 0x66, 0x69, 0x76, 0x65,
  0x2e, 0x6e, 0x75, 0x6d, 0x72, 0x08, 0x73, 0x69, 0x78, 0x2e, 0x6e, 0x75,
  0x6d, 0x72, 0x0a, 0x73, 0x65, 0x76, 0x65, 0x6e, 0x2e, 0x6e, 0x75, 0x6d,
  0x72, 0x0a, 0x65, 0x69, 0x67, 0x68, 0x74, 0x2e, 0x6e, 0x75, 0x6d, 0x72,
  0x09, 0x6e, 0x69, 0x6e, 0x65, 0x2e, 0x6e, 0x75, 0x6d, 0x72, 0x07, 0x75,
  0x6e, 0x69, 0x32, 0x30, 0x37, 0x30, 0x07, 0x75, 0x6e, 0x69, 0x30, 0x30,
  0x42, 0x39, 0x07, 0x75, 0x6e, 0x69, 0x30, 0x30, 0x42, 0x32, 0x07, 0x75,
  0x6e, 0x69, 0x30, 0x30, 0x42, 0x33, 0x07, 0x75, 0x6e, 0x69, 0x32, 0x30,
  0x37, 0x34, 0x07, 0x75, 0x6e, 0x69, 0x32, 0x30, 0x37, 0x35, 0x07, 0x75,
  0x6e, 0x69, 0x32, 0x30, 0x37, 0x36, 0x07, 0x75, 0x6e, 0x69, 0x32, 0x30,
  0x37, 0x37, 0x07, 0x75, 0x6e, 0x69, 0x32, 0x30, 0x37, 0x38, 0x07, 0x75,
  0x6e, 0x69, 0x32, 0x30, 0x37, 0x39, 0x09, 0x6f, 0x6e, 0x65, 0x65, 0x69,
  0x67, 0x68, 0x74, 0x68, 0x0c, 0x74, 0x68, 0x72, 0x65, 0x65, 0x65, 0x69,
  0x67, 0x68, 0x74, 0x68, 0x73, 0x0b, 0x66, 0x69, 0x76, 0x65, 0x65, 0x69,
  0x67, 0x68, 0x74, 0x68, 0x73, 0x0c, 0x73, 0x65, 0x76, 0x65, 0x6e, 0x65,
  0x69, 0x67, 0x68, 0x74, 0x68, 0x73, 0x02, 0x43, 0x52, 0x07, 0x75, 0x6e,
  0x69, 0x30, 0x30, 0x41, 0x30, 0x14, 0x63, 0x6f, 0x6c, 0x6f, 0x6e, 0x5f,
  0x62, 0x5f, 0x65, 0x5f, 0x63, 0x6f, 0x6c, 0x6f, 0x6e, 0x2e, 0x6c, 0x69,
  0x67, 0x61, 0x14, 0x63, 0x6f, 0x6c, 0x6f, 0x6e, 0x5f, 0x64, 0x5f, 0x64,
  0x5f, 0x63, 0x6f, 0x6c, 0x6f, 0x6e, 0x2e, 0x6c, 0x69, 0x67, 0x61, 0x18,
  0x63, 0x6f, 0x6c, 0x6f, 0x6e, 0x5f, 0x73, 0x5f, 0x74, 0x5f, 0x61, 0x5f,
  0x72, 0x5f, 0x63, 0x6f, 0x6c, 0x6f, 0x6e, 0x2e, 0x6c, 0x69, 0x67, 0x61,
  0x0a, 0x63, 0x6f, 0x6c, 0x6f, 0x6e, 0x2e, 0x63, 0x61, 0x73, 0x65, 0x07,
  0x75, 0x6e, 0x69, 0x30, 0x30, 0x41, 0x44, 0x0e, 0x70, 0x61, 0x72, 0x65,
  0x6e, 0x6c, 0x65, 0x66, 0x74, 0x2e, 0x63, 0x61, 0x73, 0x65, 0x0f, 0x70,
  0x61, 0x72, 0x65, 0x6e, 0x72, 0x69, 0x67, 0x68, 0x74, 0x2e, 0x63, 0x61,
  0x73, 0x65, 0x0e, 0x62, 0x72, 0x61, 0x63, 0x65, 0x6c, 0x65, 0x66, 0x74,
  0x2e, 0x63, 0x61, 0x73, 0x65, 0x0f, 0x62, 0x72, 0x61, 0x63, 0x65, 0x72,
  0x69, 0x67, 0x68, 0x74, 0x2e, 0x63, 0x61, 0x73, 0x65, 0x10, 0x62, 0x72,
  0x61, 0x63, 0x6b, 0x65, 0x74, 0x6c, 0x65, 0x66, 0x74, 0x2e, 0x63, 0x61,
  0x73, 0x65, 0x11, 0x62, 0x72, 0x61, 0x63, 0x6b, 0x65, 0x74, 0x72, 0x69,
  0x67, 0x68, 0x74, 0x2e, 0x63, 0x61, 0x73, 0x65, 0x04, 0x64, 0x6f, 0x6e,
  0x67, 0x04, 0x45, 0x75, 0x72, 0x6f, 0x07, 0x75, 0x6e, 0x69, 0x32, 0x32,
  0x31, 0x35, 0x07, 0x75, 0x6e, 0x69, 0x30, 0x30, 0x42, 0x35, 0x0b, 0x75,
  0x6e, 0x69, 0x30, 0x33, 0x30, 0x36, 0x30, 0x33, 0x30, 0x31, 0x0b, 0x75,
  0x6e, 0x69, 0x30, 0x33, 0x30, 0x36, 0x30, 0x33, 0x30, 0x30, 0x0b, 0x75,
  0x6e, 0x69, 0x30, 0x33, 0x30, 0x36, 0x30, 0x33, 0x30, 0x39, 0x0b, 0x75,
  0x6e, 0x69, 0x30, 0x33, 0x30, 0x36, 0x30, 0x33, 0x30, 0x33, 0x0b, 0x75,
  0x6e, 0x69, 0x30, 0x33, 0x30, 0x32, 0x30, 0x33, 0x30, 0x31, 0x0b, 0x75,
  0x6e, 0x69, 0x30, 0x33, 0x30, 0x32, 0x30, 0x33, 0x30, 0x30, 0x0b, 0x75,
  0x6e, 0x69, 0x30, 0x33, 0x30, 0x32, 0x30, 0x33, 0x30, 0x39, 0x0b, 0x75,
  0x6e, 0x69, 0x30, 0x33, 0x30, 0x32, 0x30, 0x33, 0x30, 0x33, 0x07, 0x75,
  0x6e, 0x69, 0x30, 0x33, 0x30, 0x38, 0x07, 0x75, 0x6e, 0x69, 0x30, 0x33,
  0x30, 0x37, 0x09, 0x67, 0x72, 0x61, 0x76, 0x65, 0x63, 0x6f, 0x6d, 0x62,
  0x09, 0x61, 0x63, 0x75, 0x74, 0x65, 0x63, 0x6f, 0x6d, 0x62, 0x07, 0x75,
  0x6e, 0x69, 0x30, 0x33, 0x30, 0x42, 0x07, 0x75, 0x6e, 0x69, 0x30, 0x33,
  0x30, 0x32, 0x07, 0x75, 0x6e, 0x69, 0x30, 0x33, 0x30, 0x43, 0x07, 0x75,
  0x6e, 0x69, 0x30, 0x33, 0x30, 0x36, 0x07, 0x75, 0x6e, 0x69, 0x30, 0x33,
  0x30, 0x41, 0x09, 0x74, 0x69, 0x6c, 0x64, 0x65, 0x63, 0x6f, 0x6d, 0x62,
  0x07, 0x75, 0x6e, 0x69, 0x30, 0x33, 0x30, 0x34, 0x0d, 0x68, 0x6f, 0x6f,
  0x6b, 0x61, 0x62, 0x6f, 0x76, 0x65, 0x63, 0x6f, 0x6d, 0x62, 0x07, 0x75,
  0x6e, 0x69, 0x30, 0x33, 0x31, 0x32, 0x07, 0x75, 0x6e, 0x69, 0x30, 0x33,
  0x31, 0x42, 0x0c, 0x64, 0x6f, 0x74, 0x62, 0x65, 0x6c, 0x6f, 0x77, 0x63,
  0x6f, 0x6d, 0x62, 0x07, 0x75, 0x6e, 0x69, 0x30, 0x33, 0x32, 0x36, 0x07,
  0x75, 0x6e, 0x69, 0x30, 0x33, 0x32, 0x37, 0x07, 0x75, 0x6e, 0x69, 0x30,
  0x33, 0x32, 0x38, 0x00, 0x00, 0x01, 0x00, 0x01, 0xff, 0xff, 0x00, 0x0f,
  0x00, 0x01, 0x00, 0x02, 0x00, 0x0e, 0x00, 0x00, 0x00, 0x00, 0x00, 0x00,
  0x00, 0x90, 0x00, 0x02, 0x00, 0x15, 0x00, 0x01, 0x00, 0x45, 0x00, 0x01,
  0x00, 0x47, 0x00, 0x4b, 0x00, 0x01, 0x00, 0x4d, 0x00, 0x71, 0x00, 0x01,
  0x00, 0x73, 0x00, 0x88, 0x00, 0x01, 0x00, 0x8a, 0x00, 0x8e, 0x00, 0x01,
  0x00, 0x90, 0x00, 0xb1, 0x00, 0x01, 0x00, 0xb4, 0x00, 0xb8, 0x00, 0x01,
  0x00, 0xbd, 0x00, 0xcd, 0x00, 0x01, 0x00, 0xcf, 0x00, 0xe7, 0x00, 0x01,
  0x00, 0xe9, 0x01, 0x02, 0x00, 0x01, 0x01, 0x07, 0x01, 0x0d, 0x00, 0x01,
  0x01, 0x0f, 0x01, 0x24, 0x00, 0x01, 0x01, 0x26, 0x01, 0x2a, 0x00, 0x01,
  0x01, 0x2c, 0x01, 0x4d, 0x00, 0x01, 0x01, 0x4f, 0x01, 0x50, 0x00, 0x02,
  0x01, 0xc7, 0x01, 0xc8, 0x00, 0x01, 0x01, 0xcf, 0x01, 0xcf, 0x00, 0x01,
  0x01, 0xd5, 0x01, 0xd5, 0x00, 0x01, 0x01, 0xe5, 0x01, 0xe5, 0x00, 0x01,
  0x01, 0xe9, 0x02, 0x02, 0x00, 0x03, 0x02, 0x03, 0x02, 0x0d, 0x00, 0x01,
  0x00, 0x01, 0x00, 0x03, 0x00, 0x00, 0x00, 0x10, 0x00, 0x00, 0x00, 0x1a,
  0x00, 0x00, 0x00, 0x24, 0x00, 0x01, 0x00, 0x03, 0x01, 0xff, 0x02, 0x00,
  0x02, 0x01, 0x00, 0x02, 0x00, 0x01, 0x01, 0xe9, 0x01, 0xfd, 0x00, 0x00,
  0x00, 0x01, 0x00, 0x01, 0x01, 0xfe, 0x00, 0x00, 0x00, 0x01, 0x00, 0x00,
  0x00, 0x0a, 0x00, 0x4a, 0x00, 0x74, 0x00, 0x02, 0x44, 0x46, 0x4c, 0x54,
  0x00, 0x0e, 0x6c, 0x61, 0x74, 0x6e, 0x00, 0x12, 0x00, 0x26, 0x00, 0x00,
  0x00, 0x22, 0x00, 0x05, 0x41, 0x5a, 0x45, 0x20, 0x00, 0x22, 0x43, 0x52,
  0x54, 0x20, 0x00, 0x22, 0x4b, 0x41, 0x5a, 0x20, 0x00, 0x22, 0x54, 0x41,
  0x54, 0x20, 0x00, 0x22, 0x54, 0x52, 0x4b, 0x20, 0x00, 0x22, 0x00, 0x00,
  0xff, 0xff, 0x00, 0x03, 0x00, 0x00, 0x00, 0x01, 0x00, 0x02, 0x00, 0x03,
  0x6b, 0x65, 0x72, 0x6e, 0x00, 0x14, 0x6d, 0x61, 0x72, 0x6b, 0x00, 0x1a,
  0x6d, 0x6b, 0x6d, 0x6b, 0x00, 0x20, 0x00, 0x00, 0x00, 0x01, 0x00, 0x00,
  0x00, 0x00, 0x00, 0x01, 0x00, 0x01, 0x00, 0x00, 0x00, 0x03, 0x00, 0x02,
  0x00, 0x03, 0x00, 0x04, 0x00, 0x05, 0x00, 0x0c, 0x19, 0x22, 0x2d, 0x3a,
  0x2d, 0x94, 0x2f, 0x14, 0x00, 0x02, 0x00, 0x08, 0x00, 0x02, 0x00, 0x0a,
  0x08, 0x80, 0x00, 0x01, 0x00, 0xa2, 0x00, 0x04, 0x00, 0x00, 0x00, 0x4c,
  0x01, 0x36, 0x01, 0x36, 0x01, 0x36, 0x01, 0x36, 0x01, 0x36, 0x01, 0x36,
  0x01, 0x36, 0x01, 0x36, 0x01, 0x36, 0x01, 0x36, 0x01, 0x36, 0x01, 0x36,
  0x01, 0x36, 0x01, 0x36, 0x01, 0x36, 0x01, 0x36, 0x01, 0x36, 0x01, 0x36,
  0x01, 0x36, 0x01, 0x36, 0x01, 0x36, 0x01, 0x36, 0x04, 0xf6, 0x01, 0x3c,
  0x01, 0x56, 0x04, 0xf6, 0x03, 0x54, 0x03, 0x54, 0x03, 0x54, 0x03, 0x54,
  0x03, 0x62, 0x03, 0x62, 0x03, 0x62, 0x03, 0x62, 0x03, 0x62, 0x03, 0x62,
  0x03, 0x74, 0x03, 0x74, 0x03, 0x74, 0x03, 0x74, 0x03, 0x74, 0x03, 0x74,
  0x08, 0x62, 0x08, 0x62, 0x08, 0x62, 0x08, 0x62, 0x08, 0x62, 0x08, 0x62,
  0x08, 0x62, 0x08, 0x62, 0x03, 0x7e, 0x03, 0xa0, 0x03, 0xa0, 0x03, 0xae,
  0x03, 0xd4, 0x04, 0xf6, 0x03, 0xfe, 0x04, 0x28, 0x04, 0x28, 0x04, 0x28,
  0x04, 0x28, 0x04, 0x28, 0x04, 0x28, 0x04, 0x42, 0x04, 0xe4, 0x04, 0xf6,
  0x04, 0xfc, 0x05, 0x06, 0x05, 0x20, 0x05, 0x20, 0x05, 0x26, 0x05, 0x84,
  0x07, 0x1e, 0x07, 0x24, 0x08, 0x62, 0x08, 0x68, 0x00, 0x02, 0x00, 0x18,
  0x00, 0x01, 0x00, 0x16, 0x00, 0x00, 0x00, 0x18, 0x00, 0x19, 0x00, 0x16,
  0x00, 0x68, 0x00, 0x68, 0x00, 0x18, 0x00, 0x72, 0x00, 0x76, 0x00, 0x19,
  0x00, 0x7e, 0x00, 0x83, 0x00, 0x1e, 0x00, 0x89, 0x00, 0x8e, 0x00, 0x24,
  0x00, 0x90, 0x00, 0x97, 0x00, 0x2a, 0x00, 0xb4, 0x00, 0xb4, 0x00, 0x32,
  0x00, 0xba, 0x00, 0xba, 0x00, 0x33, 0x00, 0xbc, 0x00, 0xbc, 0x00, 0x34,
  0x00, 0xe2, 0x00, 0xe2, 0x00, 0x35, 0x01, 0x06, 0x01, 0x06, 0x00, 0x36,
  0x01, 0x0e, 0x01, 0x0f, 0x00, 0x37, 0x01, 0x1a, 0x01, 0x1f, 0x00, 0x39,
  0x01, 0x2b, 0x01, 0x2b, 0x00, 0x3f, 0x01, 0x53, 0x01, 0x53, 0x00, 0x40,
  0x01, 0x56, 0x01, 0x56, 0x00, 0x41, 0x01, 0x5a, 0x01, 0x5a, 0x00, 0x42,
  0x01, 0x93, 0x01, 0x93, 0x00, 0x43, 0x01, 0x96, 0x01, 0x97, 0x00, 0x44,
  0x01, 0xa2, 0x01, 0xa4, 0x00, 0x46, 0x01, 0xbc, 0x01, 0xbc, 0x00, 0x49,
  0x01, 0xd5, 0x01, 0xd5, 0x00, 0x4a, 0x01, 0xdd, 0x01, 0xdd, 0x00, 0x4b,
  0x00, 0x01, 0x01, 0xa2, 0xff, 0xf8, 0x00, 0x06, 0x00, 0x89, 0x00, 0x06,
  0x00, 0x8a, 0x00, 0x06, 0x00, 0x8b, 0x00, 0x06, 0x00, 0x8c, 0x00, 0x06,
  0x00, 0x8d, 0x00, 0x06, 0x00, 0x8e, 0x00, 0x06, 0x00, 0x7f, 0x00, 0x01,
  0xff, 0xb4, 0x00, 0x02, 0xff, 0xb4, 0x00, 0x03, 0xff, 0xb4, 0x00, 0x04,
  0xff, 0xb4, 0x00, 0x05, 0xff, 0xb4, 0x00, 0x06, 0xff, 0xb4, 0x00, 0x07,
  0xff, 0xb4, 0x00, 0x08, 0xff, 0xb4, 0x00, 0x09, 0xff, 0xb4, 0x00, 0x0a,
  0xff, 0xb4, 0x00, 0x0b, 0xff, 0xb4, 0x00, 0x0c, 0xff, 0xb4, 0x00, 0x0d,
  0xff, 0xb4, 0x00, 0x0e, 0xff, 0xb4, 0x00, 0x0f, 0xff, 0xb4, 0x00, 0x10,
  0xff, 0xb4, 0x00, 0x11, 0xff, 0xb4, 0x00, 0x12, 0xff, 0xb4, 0x00, 0x13,
  0xff, 0xb4, 0x00, 0x14, 0xff, 0xb4, 0x00, 0x15, 0xff, 0xb4, 0x00, 0x16,
  0xff, 0xb4, 0x00, 0x17, 0xff, 0xb4, 0x00, 0x46, 0xff, 0xa0, 0x00, 0x73,
  0xff, 0xee, 0x00, 0x74, 0xff, 0xee, 0x00, 0x75, 0xff, 0xee, 0x00, 0x76,
  0xff, 0xee, 0x00, 0x9c, 0xff, 0xe6, 0x00, 0x9d, 0xff, 0xe6, 0x00, 0x9e,
  0xff, 0xe6, 0x00, 0x9f, 0xff, 0xe6, 0x00, 0xa0, 0xff, 0xe6, 0x00, 0xa1,
  0xff, 0xe6, 0x00, 0xa2, 0xff, 0xe6, 0x00, 0xa3, 0xff, 0xe6, 0x00, 0xa4,
  0xff, 0xe6, 0x00, 0xa5, 0xff, 0xe6, 0x00, 0xa6, 0xff, 0xe6, 0x00, 0xa7,
  0xff, 0xe6, 0x00, 0xa8, 0xff, 0xe6, 0x00, 0xa9, 0xff, 0xe6, 0x00, 0xaa,
  0xff, 0xe6, 0x00, 0xab, 0xff, 0xe6, 0x00, 0xac, 0xff, 0xe6, 0x00, 0xad,
  0xff, 0xe6, 0x00, 0xae, 0xff, 0xe6, 0x00, 0xaf, 0xff, 0xe6, 0x00, 0xb0,
  0xff, 0xe6, 0x00, 0xb1, 0xff, 0xe6, 0x00, 0xb2, 0xff, 0xee, 0x00, 0xb4,
  0xff, 0xe6, 0x00, 0xb5, 0xff, 0xe6, 0x00, 0xb6, 0xff, 0xe6, 0x00, 0xb7,
  0xff, 0xe6, 0x00, 0xb8, 0xff, 0xe6, 0x00, 0xb9, 0xff, 0xe6, 0x00, 0xba,
  0xff, 0xe6, 0x00, 0xbb, 0xff, 0xe6, 0x00, 0xbc, 0xff, 0xe6, 0x00, 0xbd,
  0xff, 0xe6, 0x00, 0xbe, 0xff, 0xe6, 0x00, 0xbf, 0xff, 0xe6, 0x00, 0xc0,
  0xff, 0xe6, 0x00, 0xc1, 0xff, 0xe6, 0x00, 0xc2, 0xff, 0xe6, 0x00, 0xc3,
  0xff, 0xe6, 0x00, 0xc4, 0xff, 0xe6, 0x00, 0xc5, 0xff, 0xe6, 0x00, 0xc6,
  0xff, 0xe6, 0x00, 0xc7, 0xff, 0xe6, 0x00, 0xc8, 0xff, 0xe6, 0x00, 0xc9,
  0xff, 0xe6, 0x00, 0xca, 0xff, 0xe6, 0x00, 0xcb, 0xff, 0xe6, 0x00, 0xcc,
  0xff, 0xe6, 0x00, 0xcd, 0xff, 0xe6, 0x00, 0xcf, 0xff, 0xe6, 0x00, 0xd0,
  0xff, 0xe6, 0x00, 0xd1, 0xff, 0xe6, 0x00, 0xd2, 0xff, 0xe6, 0x00, 0xd3,
  0xff, 0xe6, 0x00, 0xe2, 0xff, 0xfc, 0x00, 0xed, 0xff, 0xe6, 0x00, 0xee,
  0xff, 0xe6, 0x00, 0xef, 0xff, 0xe6, 0x00, 0xf0, 0xff, 0xe6, 0x00, 0xf1,
  0xff, 0xe6, 0x00, 0xf2, 0xff, 0xe6, 0x00, 0xf3, 0xff, 0xe6, 0x00, 0xf4,
  0xff, 0xe6, 0x00, 0xf5, 0xff, 0xe6, 0x00, 0xf6, 0xff, 0xe6, 0x00, 0xf7,
  0xff, 0xe6, 0x00, 0xf8, 0xff, 0xe6, 0x00, 0xf9, 0xff, 0xe6, 0x00, 0xfa,
  0xff, 0xe6, 0x00, 0xfb, 0xff, 0xe6, 0x00, 0xfc, 0xff, 0xe6, 0x00, 0xfd,
  0xff, 0xe6, 0x00, 0xfe, 0xff, 0xe6, 0x01, 0x02, 0xff, 0xe6, 0x01, 0x03,
  0xff, 0xe6, 0x01, 0x06, 0xff, 0xe6, 0x01, 0x38, 0xff, 0xee, 0x01, 0x39,
  0xff, 0xee, 0x01, 0x3a, 0xff, 0xee, 0x01, 0x3b, 0xff, 0xee, 0x01, 0x3c,
  0xff, 0xee, 0x01, 0x3d, 0xff, 0xee, 0x01, 0x3e, 0xff, 0xee, 0x01, 0x3f,
  0xff, 0xee, 0x01, 0x40, 0xff, 0xee, 0x01, 0x41, 0xff, 0xee, 0x01, 0x42,
  0xff, 0xee, 0x01, 0x43, 0xff, 0xee, 0x01, 0x44, 0xff, 0xee, 0x01, 0x45,
  0xff, 0xee, 0x01, 0x46, 0xff, 0xee, 0x01, 0x47, 0xff, 0xee, 0x01, 0x48,
  0xff, 0xee, 0x01, 0x49, 0xff, 0xee, 0x01, 0x4a, 0xff, 0xee, 0x01, 0x4b,
  0xff, 0xee, 0x01, 0x4c, 0xff, 0xee, 0x01, 0x4d, 0xff, 0xee, 0x01, 0x59,
  0xff, 0xe6, 0x00, 0x03, 0x00, 0xe1, 0x00, 0x0c, 0x01, 0x53, 0xff, 0xd8,
  0x01, 0xa3, 0xff, 0xbc, 0x00, 0x04, 0x00, 0x98, 0x00, 0x48, 0x01, 0x54,
  0x00, 0x18, 0x01, 0xac, 0x00, 0x30, 0x01, 0xae, 0x00, 0x3a, 0x00, 0x02,
  0x00, 0xdd, 0x00, 0x26, 0x01, 0xa3, 0xff, 0x7a, 0x00, 0x08, 0x01, 0x2c,
  0xff, 0xe8, 0x01, 0x2d, 0xff, 0xe8, 0x01, 0x2e, 0xff, 0xe8, 0x01, 0x2f,
  0xff, 0xe8, 0x01, 0x30, 0xff, 0xe8, 0x01, 0x31, 0xff, 0xe8, 0x01, 0x32,
  0xff, 0xe8, 0x01, 0x33, 0xff, 0xe8, 0x00, 0x03, 0x00, 0xdd, 0x00, 0x14,
  0x00, 0xe1, 0x00, 0x19, 0x01, 0xa1, 0x00, 0x14, 0x00, 0x09, 0x00, 0x90,
  0xff, 0xdc, 0x00, 0x91, 0xff, 0xdc, 0x00, 0x92, 0xff, 0xdc, 0x00, 0x93,
  0xff, 0xdc, 0x00, 0x94, 0xff, 0xdc, 0x00, 0x95, 0xff, 0xdc, 0x00, 0x96,
  0xff, 0xdc, 0x00, 0x97, 0xff, 0xdc, 0x01, 0xd5, 0xff, 0xdc, 0x00, 0x0a,
  0x00, 0x90, 0xff, 0xb4, 0x00, 0x91, 0xff, 0xb4, 0x00, 0x92, 0xff, 0xb4,
  0x00, 0x93, 0xff, 0xb4, 0x00, 0x94, 0xff, 0xb4, 0x00, 0x95, 0xff, 0xb4,
  0x00, 0x96, 0xff, 0xb4, 0x00, 0x97, 0xff, 0xb4, 0x00, 0xe2, 0x00, 0x30,
  0x01, 0xd5, 0xff, 0xb4, 0x00, 0x0a, 0x00, 0x1e, 0x00, 0x04, 0x00, 0x20,
  0x00, 0x04, 0x01, 0x2c, 0xff, 0xfc, 0x01, 0x2d, 0xff, 0xfc, 0x01, 0x2e,
  0xff, 0xfc, 0x01, 0x2f, 0xff, 0xfc, 0x01, 0x30, 0xff, 0xfc, 0x01, 0x31,
  0xff, 0xfc, 0x01, 0x32, 0xff, 0xfc, 0x01, 0x33, 0xff, 0xfc, 0x00, 0x06,
  0x01, 0x9b, 0x00, 0x50, 0x01, 0x9d, 0x00, 0x64, 0x01, 0xa1, 0x00, 0x54,
  0x01, 0xac, 0x00, 0x68, 0x01, 0xc1, 0x00, 0x5c, 0x01, 0xc2, 0x00, 0x60,
  0x00, 0x28, 0x00, 0x90, 0xff, 0xd2, 0x00, 0x91, 0xff, 0xd2, 0x00, 0x92,
  0xff, 0xd2, 0x00, 0x93, 0xff, 0xd2, 0x00, 0x94, 0xff, 0xd2, 0x00, 0x95,
  0xff, 0xd2, 0x00, 0x96, 0xff, 0xd2, 0x00, 0x97, 0xff, 0xd2, 0x00, 0xb2,
  0xff, 0xf2, 0x01, 0x2c, 0x00, 0x00, 0x01, 0x2d, 0x00, 0x00, 0x01, 0x2e,
  0x00, 0x00, 0x01, 0x2f, 0x00, 0x00, 0x01, 0x30, 0x00, 0x00, 0x01, 0x31,
  0x00, 0x00, 0x01, 0x32, 0x00, 0x00, 0x01, 0x33, 0x00, 0x00, 0x01, 0x38,
  0xff, 0xf2, 0x01, 0x39, 0xff, 0xf2, 0x01, 0x3a, 0xff, 0xf2, 0x01, 0x3b,
  0xff, 0xf2, 0x01, 0x3c, 0xff, 0xf2, 0x01, 0x3d, 0xff, 0xf2, 0x01, 0x3e,
  0xff, 0xf2, 0x01, 0x3f, 0xff, 0xf2, 0x01, 0x40, 0xff, 0xf2, 0x01, 0x41,
  0xff, 0xf2, 0x01, 0x42, 0xff, 0xf2, 0x01, 0x43, 0xff, 0xf2, 0x01, 0x44,
  0xff, 0xf2, 0x01, 0x45, 0xff, 0xf2, 0x01, 0x46, 0xff, 0xf2, 0x01, 0x47,
  0xff, 0xf2, 0x01, 0x48, 0xff, 0xf2, 0x01, 0x49, 0xff, 0xf2, 0x01, 0x4a,
  0xff, 0xf2, 0x01, 0x4b, 0xff, 0xf2, 0x01, 0x4c, 0xff, 0xf2, 0x01, 0x4d,
  0xff, 0xf2, 0x01, 0xd5, 0xff, 0xd2, 0x00, 0x04, 0x00, 0x73, 0xff, 0xd8,
  0x00, 0x74, 0xff, 0xd8, 0x00, 0x75, 0xff, 0xd8, 0x00, 0x76, 0xff, 0xd8,
  0x00, 0x01, 0x01, 0xa3, 0xff, 0xe4, 0x00, 0x02, 0x01, 0x54, 0x00, 0x08,
  0x01, 0xa3, 0xff, 0xcc, 0x00, 0x06, 0x00, 0x89, 0xff, 0x4c, 0x00, 0x8a,
  0xff, 0x4c, 0x00, 0x8b, 0xff, 0x4c, 0x00, 0x8c, 0xff, 0x4c, 0x00, 0x8d,
  0xff, 0x4c, 0x00, 0x8e, 0xff, 0x4c, 0x00, 0x01, 0x01, 0xdd, 0x00, 0x18,
  0x00, 0x17, 0x00, 0x01, 0xff, 0xca, 0x00, 0x02, 0xff, 0xca, 0x00, 0x03,
  0xff, 0xca, 0x00, 0x04, 0xff, 0xca, 0x00, 0x05, 0xff, 0xca, 0x00, 0x06,
  0xff, 0xca, 0x00, 0x07, 0xff, 0xca, 0x00, 0x08, 0xff, 0xca, 0x00, 0x09,
  0xff, 0xca, 0x00, 0x0a, 0xff, 0xca, 0x00, 0x0b, 0xff, 0xca, 0x00, 0x0c,
  0xff, 0xca, 0x00, 0x0d, 0xff, 0xca, 0x00, 0x0e, 0xff, 0xca, 0x00, 0x0f,
  0xff, 0xca, 0x00, 0x10, 0xff, 0xca, 0x00, 0x11, 0xff, 0xca, 0x00, 0x12,
  0xff, 0xca, 0x00, 0x13, 0xff, 0xca, 0x00, 0x14, 0xff, 0xca, 0x00, 0x15,
  0xff, 0xca, 0x00, 0x16, 0xff, 0xca, 0x00, 0x17, 0xff, 0xca, 0x00, 0x66,
  0x00, 0x73, 0x00, 0x28, 0x00, 0x74, 0x00, 0x28, 0x00, 0x75, 0x00, 0x28,
  0x00, 0x76, 0x00, 0x28, 0x00, 0x89, 0x00, 0x32, 0x00, 0x8a, 0x00, 0x32,
  0x00, 0x8b, 0x00, 0x32, 0x00, 0x8c, 0x00, 0x32, 0x00, 0x8d, 0x00, 0x32,
  0x00, 0x8e, 0x00, 0x32, 0x00, 0x90, 0x00, 0x30, 0x00, 0x91, 0x00, 0x30,
  0x00, 0x92, 0x00, 0x30, 0x00, 0x93, 0x00, 0x30, 0x00, 0x94, 0x00, 0x30,
  0x00, 0x95, 0x00, 0x30, 0x00, 0x96, 0x00, 0x30, 0x00, 0x97, 0x00, 0x30,
  0x00, 0x9c, 0xff, 0xe8, 0x00, 0x9d, 0xff, 0xe8, 0x00, 0x9e, 0xff, 0xe8,
  0x00, 0x9f, 0xff, 0xe8, 0x00, 0xa0, 0xff, 0xe8, 0x00, 0xa1, 0xff, 0xe8,
  0x00, 0xa2, 0xff, 0xe8, 0x00, 0xa3, 0xff, 0xe8, 0x00, 0xa4, 0xff, 0xe8,
  0x00, 0xa5, 0xff, 0xe8, 0x00, 0xa6, 0xff, 0xe8, 0x00, 0xa7, 0xff, 0xe8,
  0x00, 0xa8, 0xff, 0xe8, 0x00, 0xa9, 0xff, 0xe8, 0x00, 0xaa, 0xff, 0xe8,
  0x00, 0xab, 0xff, 0xe8, 0x00, 0xac, 0xff, 0xe8, 0x00, 0xad, 0xff, 0xe8,
  0x00, 0xae, 0xff, 0xe8, 0x00, 0xaf, 0xff, 0xe8, 0x00, 0xb0, 0xff, 0xe8,
  0x00, 0xb1, 0xff, 0xe8, 0x00, 0xb4, 0xff, 0xe8, 0x00, 0xb5, 0xff, 0xe8,
  0x00, 0xb6, 0xff, 0xe8, 0x00, 0xb7, 0xff, 0xe8, 0x00, 0xb8, 0xff, 0xe8,
  0x00, 0xb9, 0xff, 0xe8, 0x00, 0xba, 0xff, 0xe8, 0x00, 0xbb, 0xff, 0xe8,
  0x00, 0xbc, 0xff, 0xe8, 0x00, 0xbd, 0xff, 0xe8, 0x00, 0xbe, 0xff, 0xe8,
  0x00, 0xbf, 0xff, 0xe8, 0x00, 0xc0, 0xff, 0xe8, 0x00, 0xc1, 0xff, 0xe8,
  0x00, 0xc2, 0xff, 0xe8, 0x00, 0xc3, 0xff, 0xe8, 0x00, 0xc4, 0xff, 0xe8,
  0x00, 0xc5, 0xff, 0xe8, 0x00, 0xc6, 0xff, 0xe8, 0x00, 0xc7, 0xff, 0xe8,
  0x00, 0xc8, 0xff, 0xe8, 0x00, 0xc9, 0xff, 0xe8, 0x00, 0xca, 0xff, 0xe8,
  0x00, 0xcb, 0xff, 0xe8, 0x00, 0xcc, 0xff, 0xe8, 0x00, 0xcd, 0xff, 0xe8,
  0x00, 0xcf, 0xff, 0xe8, 0x00, 0xd0, 0xff, 0xe8, 0x00, 0xd1, 0xff, 0xe8,
  0x00, 0xd2, 0xff, 0xe8, 0x00, 0xd3, 0xff, 0xe8, 0x00, 0xed, 0xff, 0xe8,
  0x00, 0xee, 0xff, 0xe8, 0x00, 0xef, 0xff, 0xe8, 0x00, 0xf0, 0xff, 0xe8,
  0x00, 0xf1, 0xff, 0xe8, 0x00, 0xf2, 0xff, 0xe8, 0x00, 0xf3, 0xff, 0xe8,
  0x00, 0xf4, 0xff, 0xe8, 0x00, 0xf5, 0xff, 0xe8, 0x00, 0xf6, 0xff, 0xe8,
  0x00, 0xf7, 0xff, 0xe8, 0x00, 0xf8, 0xff, 0xe8, 0x00, 0xf9, 0xff, 0xe8,
  0x00, 0xfa, 0xff, 0xe8, 0x00, 0xfb, 0xff, 0xe8, 0x00, 0xfc, 0xff, 0xe8,
  0x00, 0xfd, 0xff, 0xe8, 0x00, 0xfe, 0xff, 0xe8, 0x01, 0x02, 0xff, 0xe8,
  0x01, 0x03, 0xff, 0xe8, 0x01, 0x06, 0xff, 0xe8, 0x01, 0x55, 0xff, 0xec,
  0x01, 0x56, 0xff, 0xec, 0x01, 0x57, 0xff, 0xe8, 0x01, 0x59, 0xff, 0xe8,
  0x01, 0x5a, 0x00, 0x3e, 0x01, 0x5b, 0xff, 0xf0, 0x01, 0x5e, 0xff, 0xf0,
  0x01, 0x5f, 0xff, 0xf0, 0x01, 0xa3, 0xff, 0x72, 0x01, 0xd5, 0x00, 0x30,
  0x00, 0x01, 0x01, 0xa4, 0xff, 0x72, 0x00, 0x4f, 0x00, 0x9c, 0xff, 0xd0,
  0x00, 0x9d, 0xff, 0xd0, 0x00, 0x9e, 0xff, 0xd0, 0x00, 0x9f, 0xff, 0xd0,
  0x00, 0xa0, 0xff, 0xd0, 0x00, 0xa1, 0xff, 0xd0, 0x00, 0xa2, 0xff, 0xd0,
  0x00, 0xa3, 0xff, 0xd0, 0x00, 0xa4, 0xff, 0xd0, 0x00, 0xa5, 0xff, 0xd0,
  0x00, 0xa6, 0xff, 0xd0, 0x00, 0xa7, 0xff, 0xd0, 0x00, 0xa8, 0xff, 0xd0,
  0x00, 0xa9, 0xff, 0xd0, 0x00, 0xaa, 0xff, 0xd0, 0x00, 0xab, 0xff, 0xd0,
  0x00, 0xac, 0xff, 0xd0, 0x00, 0xad, 0xff, 0xd0, 0x00, 0xae, 0xff, 0xd0,
  0x00, 0xaf, 0xff, 0xd0, 0x00, 0xb0, 0xff, 0xd0, 0x00, 0xb1, 0xff, 0xd0,
  0x00, 0xb4, 0xff, 0xd0, 0x00, 0xb5, 0xff, 0xd0, 0x00, 0xb6, 0xff, 0xd0,
  0x00, 0xb7, 0xff, 0xd0, 0x00, 0xb8, 0xff, 0xd0, 0x00, 0xb9, 0xff, 0xd0,
  0x00, 0xba, 0xff, 0xd0, 0x00, 0xbb, 0xff, 0xd0, 0x00, 0xbc, 0xff, 0xd0,
  0x00, 0xbd, 0xff, 0xd0, 0x00, 0xbe, 0xff, 0xd0, 0x00, 0xbf, 0xff, 0xd0,
  0x00, 0xc0, 0xff, 0xd0, 0x00, 0xc1, 0xff, 0xd0, 0x00, 0xc2, 0xff, 0xd0,
  0x00, 0xc3, 0xff, 0xd0, 0x00, 0xc4, 0xff, 0xd0, 0x00, 0xc5, 0xff, 0xd0,
  0x00, 0xc6, 0xff, 0xd0, 0x00, 0xc7, 0xff, 0xd0, 0x00, 0xc8, 0xff, 0xd0,
  0x00, 0xc9, 0xff, 0xd0, 0x00, 0xca, 0xff, 0xd0, 0x00, 0xcb, 0xff, 0xd0,
  0x00, 0xcc, 0xff, 0xd0, 0x00, 0xcd, 0xff, 0xd0, 0x00, 0xcf, 0xff, 0xd0,
  0x00, 0xd0, 0xff, 0xd0, 0x00, 0xd1, 0xff, 0xd0, 0x00, 0xd2, 0xff, 0xd0,
  0x00, 0xd3, 0xff, 0xd0, 0x00, 0xed, 0xff, 0xd0, 0x00, 0xee, 0xff, 0xd0,
  0x00, 0xef, 0xff, 0xd0, 0x00, 0xf0, 0xff, 0xd0, 0x00, 0xf1, 0xff, 0xd0,
  0x00, 0xf2, 0xff, 0xd0, 0x00, 0xf3, 0xff, 0xd0, 0x00, 0xf4, 0xff, 0xd0,
  0x00, 0xf5, 0xff, 0xd0, 0x00, 0xf6, 0xff, 0xd0, 0x00, 0xf7, 0xff, 0xd0,
  0x00, 0xf8, 0xff, 0xd0, 0x00, 0xf9, 0xff, 0xd0, 0x00, 0xfa, 0xff, 0xd0,
  0x00, 0xfb, 0xff, 0xd0, 0x00, 0xfc, 0xff, 0xd0, 0x00, 0xfd, 0xff, 0xd0,
  0x00, 0xfe, 0xff, 0xd0, 0x01, 0x02, 0xff, 0xd0, 0x01, 0x03, 0xff, 0xd0,
  0x01, 0x06, 0xff, 0xd0, 0x01, 0x0a, 0xff, 0xda, 0x01, 0x0b, 0xff, 0xda,
  0x01, 0x0c, 0xff, 0xda, 0x01, 0x0d, 0xff, 0xda, 0x01, 0x59, 0xff, 0xd0,
  0x00, 0x01, 0x01, 0xa3, 0xff, 0x94, 0x00, 0x03, 0x00, 0x46, 0xff, 0xb2,
  0x01, 0x96, 0xff, 0xd8, 0x01, 0x97, 0xff, 0xd8, 0x00, 0x02, 0x0c, 0xb8,
  0x00, 0x04, 0x00, 0x00, 0x0d, 0x22, 0x0e, 0xe8, 0x00, 0x2d, 0x00, 0x24,
  0x00, 0x00, 0x00, 0x06, 0x00, 0x03, 0x00, 0x00, 0x00, 0x00, 0x00, 0x00,
  0x00, 0x06, 0x00, 0x00, 0x00, 0x03, 0xff, 0xd2, 0xff, 0xf4, 0x00, 0x00,
  0xff, 0xec, 0xff, 0xe2, 0x00, 0x00, 0xff, 0xf8, 0x00, 0x00, 0xff, 0xf6,
  0x00, 0x00, 0xff, 0xe0, 0x00, 0x00, 0x00, 0x03, 0x00, 0x00, 0x00, 0x00,
  0x00, 0x00, 0x00, 0x00, 0x00, 0x00, 0x00, 0x00, 0x00, 0x00, 0x00, 0x00,
  0x00, 0x00, 0x00, 0x0c, 0x00, 0x00, 0x00, 0x00, 0x00, 0x00, 0x00, 0x00,
  0x00, 0x00, 0xff, 0xfb, 0xff, 0xfa, 0xff, 0xfd, 0xff, 0xfc, 0xff, 0xf8,
  0x00, 0x00, 0x00, 0x00, 0x00, 0x00, 0xff, 0x9e, 0xff, 0xe3, 0x00, 0x00,
  0xff, 0xe6, 0xff, 0xc8, 0x00, 0x00, 0xff, 0xf6, 0x00, 0x00, 0xff, 0xf4,
  0x00, 0x00, 0xff, 0xa6, 0x00, 0x00, 0xff, 0xfa, 0x00, 0x00, 0x00, 0x00,
  0x00, 0x00, 0x00, 0x00, 0xff, 0xe2, 0x00, 0x00, 0x00, 0x00, 0xff, 0xf6,
  0x00, 0x00, 0xff, 0xf8, 0x00, 0x00, 0x00, 0x00, 0xff, 0xd8, 0x00, 0x00,
  0x00, 0x00, 0x00, 0x00, 0x00, 0x00, 0x00, 0x00, 0x00, 0x00, 0xff, 0xd8,
  0x00, 0x00, 0x00, 0x00, 0x00, 0x00, 0xff, 0xd4, 0x00, 0x00, 0x00, 0x00,
  0x00, 0x00, 0xff, 0xec, 0x00, 0x00, 0x00, 0x00, 0x00, 0x00, 0x00, 0x00,
  0x00, 0x00, 0xff, 0xd2, 0x00, 0x00, 0x00, 0x00, 0x00, 0x00, 0x00, 0x00,
  0x00, 0x00, 0x00, 0x00, 0x00, 0x00, 0x00, 0x00, 0x00, 0x00, 0xff, 0xfc,
  0x00, 0x00, 0xff, 0xdc, 0x00, 0x00, 0x00, 0x00, 0xff, 0xd6, 0xff, 0xcc,
  0x00, 0x00, 0xff, 0xf2, 0x00, 0x00, 0xff, 0xde, 0xff, 0xfc, 0x00, 0x00,
  0xff, 0xf2, 0x00, 0x00, 0x00, 0x00, 0xff, 0x9e, 0xff, 0xcb, 0xff, 0xe9,
  0xff, 0xc4, 0xff, 0xac, 0x00, 0x00, 0xff, 0xfc, 0x00, 0x00, 0xff, 0xd2,
  0x00, 0x00, 0xff, 0x9a, 0x00, 0x00, 0x00, 0x00, 0x00, 0x00, 0xff, 0xd8,
  0x00, 0x00, 0x00, 0x00, 0x00, 0x00, 0x00, 0x00, 0x00, 0x00, 0x00, 0x00,
  0xff, 0xf4, 0x00, 0x00, 0x00, 0x00, 0x00, 0x00, 0x00, 0x00, 0x00, 0x00,
  0x00, 0x00, 0xff, 0xfa, 0x00, 0x00, 0x00, 0x00, 0x00, 0x00, 0x00, 0x00,
  0x00, 0x00, 0x00, 0x00, 0x00, 0x00, 0x00, 0x00, 0x00, 0x00, 0x00, 0x00,
  0x00, 0x00, 0x00, 0x00, 0x00, 0x00, 0x00, 0x00, 0x00, 0x00, 0x00, 0x00,
  0x00, 0x00, 0x00, 0x00, 0x00, 0x00, 0x00, 0x00, 0x00, 0x08, 0x00, 0x00,
  0x00, 0x00, 0x00, 0x00, 0x00, 0x00, 0x00, 0x04, 0x00, 0x10, 0x00, 0x00,
  0x00, 0x0c, 0xff, 0xf8, 0x00, 0x10, 0x00, 0x00, 0x00, 0x00, 0x00, 0x00,
  0x00, 0x00, 0xff, 0xf6, 0x00, 0x00, 0xff, 0xf4, 0x00, 0x00, 0x00, 0x00,
  0x00, 0x00, 0x00, 0x00, 0x00, 0x00, 0x00, 0x00, 0x00, 0x00, 0xff, 0xfc,
  0x00, 0x00, 0x00, 0x00, 0x00, 0x00, 0x00, 0x00, 0x00, 0x00, 0x00, 0x00,
  0x00, 0x00, 0x00, 0x00, 0x00, 0x00, 0x00, 0x00, 0x00, 0x00, 0x00, 0x00,
  0x00, 0x00, 0x00, 0x00, 0x00, 0x00, 0x00, 0x00, 0x00, 0x00, 0x00, 0x00,
  0x00, 0x00, 0x00, 0x00, 0x00, 0x00, 0x00, 0x00, 0x00, 0x00, 0x00, 0x00,
  0x00, 0x00, 0x00, 0x00, 0x00, 0x00, 0x00, 0x00, 0x00, 0x00, 0x00, 0x00,
  0x00, 0x00, 0x00, 0x00, 0x00, 0x00, 0x00, 0x00, 0x00, 0x00, 0x00, 0x00,
  0x00, 0x00, 0x00, 0x00, 0x00, 0x00, 0x00, 0x00, 0x00, 0x00, 0x00, 0x00,
  0x00, 0x00, 0x00, 0x00, 0x00, 0x00, 0x00, 0x00, 0x00, 0x00, 0x00, 0x00,
  0x00, 0x00, 0x00, 0x06, 0x00, 0x00, 0x00, 0x00, 0x00, 0x00, 0x00, 0x00,
  0x00, 0x00, 0x00, 0x00, 0x00, 0x00, 0x00, 0x00, 0x00, 0x00, 0x00, 0x00,
  0x00, 0x00, 0x00, 0x00, 0x00, 0x00, 0x00, 0x00, 0x00, 0x00, 0xff, 0xe8,
  0x00, 0x00, 0x00, 0x00, 0x00, 0x00, 0x00, 0x0c, 0x00, 0x00, 0x00, 0x00,
  0x00, 0x00, 0x00, 0x08, 0x00, 0x00, 0x00, 0x00, 0x00, 0x00, 0x00, 0x00,
  0x00, 0x00, 0x00, 0x00, 0x00, 0x00, 0x00, 0x00, 0x00, 0x00, 0x00, 0x00,
  0x00, 0x00, 0x00, 0x05, 0x00, 0x00, 0x00, 0x00, 0x00, 0x00, 0x00, 0x00,
  0x00, 0x00, 0x00, 0x00, 0x00, 0x00, 0x00, 0x00, 0x00, 0x00, 0x00, 0x00,
  0x00, 0x00, 0x00, 0x00, 0x00, 0x00, 0x00, 0x00, 0x00, 0x00, 0x00, 0x00,
  0x00, 0x00, 0x00, 0x00, 0x00, 0x00, 0xff, 0xbc, 0x00, 0x00, 0x00, 0x00,
  0x00, 0x13, 0x00, 0x00, 0x00, 0x00, 0x00, 0x00, 0x00, 0x00, 0x00, 0x00,
  0x00, 0x00, 0x00, 0x00, 0x00, 0x00, 0x00, 0x00, 0x00, 0x00, 0x00, 0x00,
  0x00, 0x00, 0x00, 0x06, 0x00, 0x00, 0x00, 0x00, 0x00, 0x00, 0x00, 0x00,
  0x00, 0x00, 0x00, 0x00, 0x00, 0x00, 0x00, 0x00, 0x00, 0x00, 0x00, 0x00,
  0x00, 0x00, 0xff, 0x96, 0x00, 0x00, 0xff, 0xec, 0xff, 0xac, 0xff, 0x9e,
  0xff, 0x9e, 0x00, 0x00, 0xff, 0xf4, 0x00, 0x00, 0x00, 0x00, 0xff, 0xe0,
  0xff, 0xc8, 0x00, 0x14, 0x00, 0x00, 0x00, 0x00, 0x00, 0x00, 0x00, 0x00,
  0x00, 0x00, 0x00, 0x04, 0x00, 0x00, 0xff, 0xba, 0x00, 0x00, 0x00, 0x00,
  0x00, 0x00, 0xff, 0xf4, 0x00, 0x00, 0x00, 0x00, 0x00, 0x00, 0x00, 0x00,
  0xff, 0xd8, 0xff, 0xfc, 0xff, 0x8a, 0x00, 0x00, 0x00, 0x00, 0xff, 0x80,
  0x00, 0x00, 0xff, 0xe0, 0x00, 0x00, 0x00, 0x00, 0x00, 0x00, 0x00, 0x00,
  0x00, 0x00, 0x00, 0x00, 0x00, 0x00, 0x00, 0x00, 0x00, 0x00, 0x00, 0x00,
  0x00, 0x06, 0x00, 0x00, 0x00, 0x00, 0x00, 0x0e, 0xff, 0xea, 0x00, 0x00,
  0x00, 0x00, 0x00, 0x00, 0x00, 0x00, 0x00, 0x00, 0x00, 0x00, 0x00, 0x00,
  0x00, 0x00, 0x00, 0x00, 0x00, 0x00, 0x00, 0x00, 0x00, 0x00, 0x00, 0x00,
  0x00, 0x00, 0x00, 0x00, 0x00, 0x00, 0x00, 0x00, 0x00, 0x00, 0x00, 0x00,
  0x00, 0x00, 0xff, 0xfa, 0x00, 0x00, 0x00, 0x00, 0x00, 0x00, 0x00, 0x00,
  0x00, 0x00, 0x00, 0x00, 0x00, 0x00, 0xff, 0xa8, 0xff, 0xeb, 0x00, 0x00,
  0xff, 0xec, 0x00, 0x00, 0x00, 0x00, 0xff, 0xf8, 0x00, 0x00, 0x00, 0x00,
  0x00, 0x00, 0xff, 0xdc, 0x00, 0x00, 0x00, 0x00, 0x00, 0x00, 0x00, 0x00,
  0x00, 0x00, 0x00, 0x06, 0x00, 0x00, 0x00, 0x00, 0x00, 0x00, 0xff, 0xe8,
  0x00, 0x00, 0xff, 0xfc, 0x00, 0x00, 0x00, 0x00, 0x00, 0x00, 0x00, 0x00,
  0x00, 0x00, 0x00, 0x00, 0x00, 0x00, 0x00, 0x0c, 0x00, 0x00, 0xff, 0xe6,
  0x00, 0x00, 0x00, 0x00, 0x00, 0x00, 0xff, 0xe0, 0xff, 0xfb, 0x00, 0x0c,
  0x00, 0x00, 0xff, 0xf0, 0x00, 0x00, 0x00, 0x00, 0x00, 0x00, 0x00, 0x00,
  0x00, 0x00, 0xff, 0xec, 0x00, 0x00, 0x00, 0x00, 0x00, 0x0c, 0x00, 0x00,
  0x00, 0x00, 0x00, 0x06, 0xff, 0xfb, 0x00, 0x00, 0x00, 0x00, 0x00, 0x0c,
  0x00, 0x00, 0x00, 0x00, 0x00, 0x00, 0x00, 0x00, 0x00, 0x00, 0x00, 0x00,
  0x00, 0x00, 0xff, 0xe6, 0x00, 0x00, 0x00, 0x00, 0xff, 0xe4, 0xff, 0xdc,
  0x00, 0x00, 0x00, 0x00, 0x00, 0x00, 0xff, 0xca, 0x00, 0x06, 0x00, 0x00,
  0x00, 0x24, 0x00, 0x00, 0xff, 0xf4, 0x00, 0x16, 0xff, 0xea, 0x00, 0x18,
  0x00, 0x00, 0x00, 0x00, 0x00, 0x00, 0x00, 0x00, 0x00, 0x00, 0x00, 0x00,
  0x00, 0x00, 0x00, 0x0c, 0x00, 0x08, 0x00, 0x00, 0x00, 0x00, 0xff, 0xee,
  0x00, 0x00, 0x00, 0x00, 0x00, 0x00, 0x00, 0x00, 0x00, 0x00, 0xff, 0xd4,
  0x00, 0x00, 0x00, 0x15, 0x00, 0x48, 0x00, 0x48, 0x00, 0x21, 0x00, 0x00,
  0x00, 0x36, 0x00, 0x30, 0x00, 0x4a, 0x00, 0x00, 0x00, 0x4e, 0x00, 0x48,
  0x00, 0x48, 0x00, 0x14, 0x00, 0x44, 0x00, 0x41, 0x00, 0x14, 0x00, 0x44,
  0x00, 0x14, 0x00, 0x18, 0x00, 0x00, 0x00, 0x34, 0x00, 0x00, 0x00, 0x00,
  0x00, 0x00, 0x00, 0x40, 0x00, 0x51, 0x00, 0x00, 0x00, 0x00, 0x00, 0x00,
  0x00, 0x00, 0x00, 0x00, 0x00, 0x00, 0x00, 0x10, 0x00, 0x00, 0x00, 0x00,
  0x00, 0x00, 0x00, 0x00, 0x00, 0x00, 0x00, 0x00, 0x00, 0x00, 0x00, 0x00,
  0x00, 0x00, 0x00, 0x00, 0x00, 0x09, 0x00, 0x00, 0x00, 0x00, 0x00, 0x00,
  0x00, 0x00, 0x00, 0x00, 0x00, 0x00, 0x00, 0x00, 0x00, 0x00, 0x00, 0x00,
  0x00, 0x00, 0x00, 0x00, 0x00, 0x00, 0x00, 0x00, 0x00, 0x00, 0x00, 0x00,
  0x00, 0x00, 0x00, 0x00, 0x00, 0x00, 0x00, 0x00, 0x00, 0x00, 0x00, 0x00,
  0x00, 0x00, 0x00, 0x00, 0x00, 0x00, 0x00, 0x00, 0x00, 0x00, 0x00, 0x00,
  0x00, 0x00, 0xff, 0xf8, 0x00, 0x00, 0x00, 0x00, 0x00, 0x00, 0x00, 0x00,
  0x00, 0x00, 0x00, 0x00, 0x00, 0x00, 0xff, 0xc0, 0x00, 0x00, 0x00, 0x00,
  0x00, 0x00, 0x00, 0x00, 0x00, 0x00, 0x00, 0x00, 0x00, 0x00, 0x00, 0x00,
  0x00, 0x00, 0x00, 0x00, 0x00, 0x00, 0x00, 0x00, 0x00, 0x00, 0x00, 0x00,
  0x00, 0x00, 0x00, 0x09, 0x00, 0x00, 0x00, 0x00, 0x00, 0x00, 0x00, 0x00,
  0x00, 0x00, 0x00, 0x0c, 0x00, 0x00, 0x00, 0x00, 0x00, 0x00, 0x00, 0x00,
  0x00, 0x00, 0xff, 0xc4, 0x00, 0x00, 0xff, 0xec, 0xff, 0xbe, 0xff, 0xb2,
  0xff, 0xd8, 0x00, 0x00, 0x00, 0x00, 0x00, 0x14, 0xff, 0xec, 0x00, 0x00,
  0x00, 0x00, 0x00, 0x0e, 0x00, 0x00, 0x00, 0x00, 0xff, 0xc2, 0x00, 0x00,
  0x00, 0x00, 0x00, 0x00, 0x00, 0x00, 0xff, 0xe2, 0x00, 0x00, 0x00, 0x00,
  0x00, 0x00, 0x00, 0x12, 0x00, 0x00, 0x00, 0x00, 0x00, 0x00, 0x00, 0x00,
  0x00, 0x00, 0x00, 0x00, 0xff, 0xc0, 0x00, 0x00, 0x00, 0x00, 0xff, 0x92,
  0x00, 0x00, 0x00, 0x00, 0x00, 0x34, 0x00, 0x00, 0x00, 0x00, 0x00, 0x00,
  0x00, 0x00, 0x00, 0x30, 0x00, 0x3b, 0x00, 0x4c, 0x00, 0x00, 0x00, 0x00,
  0x00, 0x00, 0x00, 0x5c, 0x00, 0x00, 0x00, 0x26, 0x00, 0x00, 0x00, 0x00,
  0x00, 0x00, 0x00, 0x48, 0x00, 0x00, 0x00, 0x00, 0x00, 0x00, 0x00, 0x46,
  0x00, 0x00, 0x00, 0x36, 0x00, 0x00, 0x00, 0x18, 0x00, 0x00, 0x00, 0x46,
  0x00, 0x00, 0x00, 0x3c, 0x00, 0x00, 0x00, 0x00, 0x00, 0x42, 0x00, 0x00,
  0x00, 0x00, 0xff, 0xf8, 0x00, 0x00, 0xff, 0xfc, 0x00, 0x00, 0x00, 0x00,
  0x00, 0x00, 0x00, 0x00, 0x00, 0x00, 0xff, 0xaa, 0xff, 0xf4, 0x00, 0x00,
  0x00, 0x00, 0x00, 0x00, 0x00, 0x00, 0xff, 0xfc, 0x00, 0x00, 0xff, 0xe1,
  0x00, 0x00, 0x00, 0x00, 0x00, 0x00, 0x00, 0x00, 0x00, 0x00, 0x00, 0x00,
  0x00, 0x00, 0x00, 0x00, 0x00, 0x00, 0x00, 0x00, 0x00, 0x00, 0x00, 0x00,
  0x00, 0x00, 0x00, 0x00, 0x00, 0x00, 0x00, 0x00, 0x00, 0x00, 0x00, 0x00,
  0x00, 0x00, 0xff, 0xfa, 0x00, 0x00, 0x00, 0x00, 0xff, 0xec, 0x00, 0x00,
  0x00, 0x00, 0x00, 0x00, 0x00, 0x00, 0xff, 0xa6, 0x00, 0x00, 0x00, 0x00,
  0xff, 0xe6, 0x00, 0x00, 0x00, 0x00, 0x00, 0x00, 0x00, 0x00, 0x00, 0x00,
  0x00, 0x00, 0xff, 0xa6, 0x00, 0x00, 0x00, 0x00, 0x00, 0x00, 0x00, 0x00,
  0x00, 0x00, 0x00, 0x00, 0x00, 0x00, 0x00, 0x00, 0x00, 0x00, 0x00, 0x00,
  0x00, 0x00, 0xff, 0xd0, 0x00, 0x00, 0x00, 0x00, 0x00, 0x00, 0x00, 0x00,
  0x00, 0x00, 0xff, 0xfc, 0x00, 0x00, 0x00, 0x00, 0x00, 0x00, 0x00, 0x00,
  0x00, 0x00, 0x00, 0x00, 0x00, 0x00, 0xff, 0xbc, 0x00, 0x00, 0x00, 0x00,
  0x00, 0x1e, 0x00, 0x00, 0x00, 0x00, 0x00, 0x00, 0x00, 0x00, 0x00, 0x00,
  0x00, 0x00, 0x00, 0x00, 0x00, 0x00, 0x00, 0x00, 0x00, 0x00, 0x00, 0x00,
  0x00, 0x00, 0x00, 0x00, 0x00, 0x00, 0x00, 0x00, 0x00, 0x00, 0x00, 0x00,
  0x00, 0x00, 0x00, 0x0c, 0x00, 0x00, 0x00, 0x00, 0x00, 0x00, 0x00, 0x00,
  0x00, 0x00, 0xff, 0xfc, 0xff, 0xfa, 0x00, 0x00, 0x00, 0x00, 0x00, 0x00,
  0x00, 0x00, 0x00, 0x00, 0x00, 0x00, 0xff, 0xa4, 0xff, 0xe0, 0x00, 0x00,
  0xff, 0xec, 0x00, 0x00, 0x00, 0x00, 0xff, 0xf6, 0xff, 0xfa, 0x00, 0x00,
  0x00, 0x00, 0x00, 0x00, 0x00, 0x00, 0x00, 0x00, 0x00, 0x00, 0x00, 0x00,
  0x00, 0x00, 0x00, 0x00, 0x00, 0x00, 0x00, 0x00, 0x00, 0x00, 0x00, 0x00,
  0x00, 0x00, 0x00, 0x00, 0x00, 0x00, 0x00, 0x00, 0x00, 0x00, 0x00, 0x00,
  0x00, 0x00, 0x00, 0x00, 0x00, 0x00, 0x00, 0x00, 0x00, 0x00, 0x00, 0x00,
  0xff, 0xf4, 0x00, 0x00, 0x00, 0x00, 0x00, 0x00, 0x00, 0x00, 0x00, 0x00,
  0x00, 0x00, 0x00, 0x00, 0x00, 0x00, 0x00, 0x00, 0x00, 0x00, 0x00, 0x00,
  0x00, 0x00, 0x00, 0x00, 0x00, 0x00, 0x00, 0x00, 0x00, 0x00, 0x00, 0x00,
  0x00, 0x00, 0x00, 0x00, 0x00, 0x00, 0x00, 0x00, 0x00, 0x00, 0x00, 0x00,
  0x00, 0x00, 0x00, 0x00, 0x00, 0x00, 0x00, 0x00, 0x00, 0x00, 0x00, 0x00,
  0x00, 0x00, 0xff, 0x9a, 0x00, 0x00, 0xff, 0xd2, 0xff, 0xb2, 0xff, 0x9e,
  0xff, 0xba, 0x00, 0x00, 0x00, 0x00, 0x00, 0x04, 0xff, 0xb8, 0xff, 0xe6,
  0xff, 0x98, 0x00, 0x00, 0xff, 0x9e, 0x00, 0x00, 0xff, 0xdc, 0x00, 0x00,
  0x00, 0x00, 0x00, 0x00, 0xff, 0xcc, 0xff, 0xc4, 0x00, 0x00, 0x00, 0x00,
  0xff, 0x94, 0xff, 0xfc, 0xff, 0x9e, 0x00, 0x00, 0x00, 0x00, 0x00, 0x14,
  0x00, 0x00, 0x00, 0x00, 0xff, 0xa4, 0x00, 0x00, 0x00, 0x00, 0xff, 0x7e,
  0x00, 0x00, 0xff, 0xe4, 0x00, 0x00, 0xff, 0xd2, 0x00, 0x00, 0x00, 0x00,
  0xff, 0xf4, 0x00, 0x00, 0x00, 0x00, 0xff, 0x64, 0xff, 0xd0, 0x00, 0x00,
  0xff, 0xad, 0xff, 0x94, 0x00, 0x00, 0x00, 0x00, 0x00, 0x00, 0x00, 0x00,
  0x00, 0x00, 0xff, 0x60, 0x00, 0x00, 0x00, 0x00, 0x00, 0x00, 0x00, 0x00,
  0x00, 0x00, 0x00, 0x00, 0x00, 0x00, 0x00, 0x00, 0x00, 0x00, 0x00, 0x00,
  0x00, 0x00, 0x00, 0x00, 0xff, 0xd0, 0x00, 0x00, 0x00, 0x00, 0x00, 0x00,
  0x00, 0x00, 0x00, 0x00, 0x00, 0x00, 0xff, 0xf3, 0x00, 0x00, 0xff, 0xf7,
  0x00, 0x00, 0x00, 0x00, 0x00, 0x00, 0xff, 0xcc, 0xff, 0xf0, 0x00, 0x00,
  0x00, 0x00, 0xff, 0xdc, 0x00, 0x00, 0x00, 0x00, 0x00, 0x00, 0x00, 0x00,
  0x00, 0x00, 0xff, 0xe4, 0x00, 0x00, 0x00, 0x00, 0x00, 0x00, 0x00, 0x00,
  0x00, 0x00, 0x00, 0x00, 0xff, 0xee, 0x00, 0x00, 0x00, 0x00, 0x00, 0x00,
  0x00, 0x00, 0xff, 0xdc, 0x00, 0x00, 0x00, 0x00, 0xff, 0xe0, 0x00, 0x00,
  0x00, 0x00, 0xff, 0xea, 0x00, 0x00, 0x00, 0x00, 0xff, 0xf4, 0x00, 0x00,
  0x00, 0x00, 0x00, 0x00, 0x00, 0x0e, 0xff, 0xda, 0x00, 0x06, 0x00, 0x00,
  0x00, 0x06, 0x00, 0x00, 0x00, 0x00, 0x00, 0x06, 0x00, 0x00, 0x00, 0x04,
  0x00, 0x00, 0xff, 0xd8, 0x00, 0x00, 0x00, 0x00, 0x00, 0x00, 0x00, 0x00,
  0x00, 0x00, 0x00, 0x0f, 0x00, 0x10, 0x00, 0x00, 0x00, 0x00, 0x00, 0x00,
  0x00, 0x00, 0x00, 0x00, 0x00, 0x00, 0x00, 0x00, 0x00, 0x00, 0xff, 0xbe,
  0x00, 0x00, 0x00, 0x00, 0x00, 0x00, 0x00, 0x00, 0x00, 0x00, 0x00, 0x00,
  0x00, 0x00, 0x00, 0x00, 0x00, 0x00, 0x00, 0x00, 0x00, 0x00, 0x00, 0x00,
  0x00, 0x00, 0x00, 0x00, 0x00, 0x00, 0x00, 0x00, 0x00, 0x00, 0x00, 0x00,
  0x00, 0x00, 0x00, 0x00, 0x00, 0x00, 0x00, 0x00, 0x00, 0x00, 0x00, 0x00,
  0x00, 0x00, 0x00, 0x00, 0x00, 0x00, 0x00, 0x00, 0x00, 0x00, 0x00, 0x02,
  0x00, 0x00, 0x00, 0x00, 0x00, 0x00, 0x00, 0x00, 0x00, 0x00, 0x00, 0x00,
  0x00, 0x00, 0xff, 0xce, 0x00, 0x00, 0xff, 0xe0, 0x00, 0x00, 0x00, 0x00,
  0xff, 0xc8, 0xff, 0xe8, 0x00, 0x00, 0xff, 0xd8, 0xff, 0xf4, 0xff, 0xf0,
  0xff, 0xf4, 0xff, 0xdc, 0x00, 0x00, 0x00, 0x00, 0x00, 0x00, 0x00, 0x00,
  0x00, 0x00, 0xff, 0xdc, 0x00, 0x00, 0x00, 0x00, 0x00, 0x00, 0x00, 0x00,
  0x00, 0x00, 0x00, 0x00, 0x00, 0x00, 0x00, 0x00, 0x00, 0x00, 0xff, 0xe8,
  0x00, 0x00, 0x00, 0x00, 0xff, 0xd4, 0x00, 0x00, 0x00, 0x00, 0x00, 0x00,
  0x00, 0x00, 0x00, 0x00, 0x00, 0x00, 0x00, 0x00, 0x00, 0x00, 0xff, 0xd8,
  0x00, 0x00, 0x00, 0x00, 0x00, 0x00, 0x00, 0x20, 0x00, 0x00, 0x00, 0x00,
  0x00, 0x00, 0x00, 0x00, 0x00, 0x00, 0x00, 0x00, 0x00, 0x00, 0x00, 0x00,
  0x00, 0x00, 0x00, 0x00, 0x00, 0x00, 0x00, 0x00, 0x00, 0x00, 0x00, 0x00,
  0x00, 0x00, 0x00, 0x00, 0x00, 0x00, 0x00, 0x00, 0x00, 0x00, 0x00, 0x1e,
  0x00, 0x00, 0x00, 0x00, 0x00, 0x00, 0x00, 0x00, 0x00, 0x00, 0x00, 0x00,
  0x00, 0x00, 0x00, 0x00, 0x00, 0x00, 0x00, 0x00, 0x00, 0x00, 0x00, 0x00,
  0x00, 0x00, 0x00, 0x00, 0x00, 0x00, 0x00, 0x00, 0x00, 0x00, 0x00, 0x00,
  0x00, 0x00, 0x00, 0x00, 0x00, 0x00, 0x00, 0x00, 0x00, 0x00, 0x00, 0x00,
  0x00, 0x00, 0xff, 0x94, 0x00, 0x00, 0x00, 0x00, 0x00, 0x00, 0x00, 0x00,
  0xff, 0xe0, 0x00, 0x00, 0x00, 0x00, 0x00, 0x00, 0x00, 0x00, 0x00, 0x00,
  0x00, 0x00, 0x00, 0x00, 0x00, 0x00, 0x00, 0x00, 0x00, 0x00, 0x00, 0x00,
  0x00, 0x00, 0xff, 0xee, 0x00, 0x00, 0x00, 0x00, 0xff, 0xea, 0x00, 0x00,
  0x00, 0x0f, 0x00, 0x00, 0x00, 0x00, 0x00, 0x00, 0x00, 0x00, 0x00, 0x00,
  0x00, 0x00, 0x00, 0x00, 0x00, 0x00, 0xff, 0xfd, 0x00, 0x00, 0x00, 0x00,
  0x00, 0x00, 0x00, 0x00, 0x00, 0x00, 0x00, 0x00, 0x00, 0x00, 0x00, 0x00,
  0x00, 0x00, 0x00, 0x00, 0x00, 0x00, 0x00, 0x00, 0x00, 0x00, 0x00, 0x00,
  0x00, 0x00, 0x00, 0x00, 0x00, 0x00, 0x00, 0x00, 0x00, 0x00, 0x00, 0x00,
  0x00, 0x00, 0x00, 0x08, 0x00, 0x1c, 0x00, 0x00, 0xff, 0xf4, 0x00, 0x00,
  0x00, 0x00, 0x00, 0x00, 0x00, 0x1c, 0x00, 0x00, 0x00, 0x00, 0x00, 0x00,
  0x00, 0x00, 0x00, 0x18, 0x00, 0x00, 0x00, 0x00, 0x00, 0x00, 0x00, 0x04,
  0x00, 0x00, 0x00, 0x00, 0x00, 0x00, 0x00, 0x00, 0x00, 0x00, 0x00, 0x00,
  0x00, 0x00, 0x00, 0x00, 0x00, 0x00, 0x00, 0x00, 0x00, 0x00, 0x00, 0x00,
  0x00, 0x00, 0x00, 0x00, 0x00, 0x00, 0x00, 0x00, 0x00, 0x00, 0x00, 0x00,
  0x00, 0x00, 0xff, 0xdc, 0x00, 0x00, 0x00, 0x00, 0x00, 0x00, 0x00, 0x00,
  0x00, 0x00, 0x00, 0x00, 0x00, 0x00, 0x00, 0x00, 0x00, 0x00, 0x00, 0x00,
  0x00, 0x00, 0x00, 0x00, 0x00, 0x00, 0x00, 0x00, 0x00, 0x00, 0x00, 0x00,
  0x00, 0x00, 0xff, 0x9e, 0x00, 0x00, 0x00, 0x00, 0x00, 0x00, 0x00, 0x00,
  0x00, 0x00, 0x00, 0x00, 0x00, 0x00, 0x00, 0x00, 0x00, 0x00, 0x00, 0x00,
  0x00, 0x00, 0x00, 0x00, 0x00, 0x00, 0x00, 0x00, 0x00, 0x00, 0x00, 0x00,
  0x00, 0x00, 0x00, 0x00, 0x00, 0x00, 0x00, 0x00, 0x00, 0x00, 0x00, 0x00,
  0x00, 0x00, 0x00, 0x00, 0x00, 0x00, 0x00, 0x00, 0x00, 0x00, 0x00, 0x00,
  0x00, 0x00, 0x00, 0x00, 0x00, 0x00, 0x00, 0x00, 0x00, 0x00, 0x00, 0x00,
  0x00, 0x00, 0x00, 0x00, 0x00, 0x00, 0x00, 0x00, 0x00, 0x00, 0x00, 0x00,
  0x00, 0x00, 0x00, 0x00, 0x00, 0x00, 0x00, 0x00, 0x00, 0x00, 0x00, 0x02,
  0x00, 0x00, 0x00, 0x00, 0xff, 0xf4, 0x00, 0x00, 0x00, 0x00, 0x00, 0x00,
  0x00, 0x00, 0x00, 0x00, 0x00, 0x00, 0x00, 0x00, 0x00, 0x00, 0x00, 0x00,
  0x00, 0x00, 0x00, 0x00, 0x00, 0x00, 0x00, 0x00, 0x00, 0x00, 0x00, 0x00,
  0x00, 0x00, 0x00, 0x00, 0x00, 0x00, 0x00, 0x00, 0x00, 0x00, 0x00, 0x00,
  0x00, 0x00, 0x00, 0x00, 0x00, 0x00, 0x00, 0x00, 0x00, 0x00, 0x00, 0x00,
  0x00, 0x00, 0x00, 0x00, 0x00, 0x00, 0x00, 0x00, 0x00, 0x00, 0xff, 0xf4,
  0xff, 0xec, 0x00, 0x00, 0x00, 0x00, 0x00, 0x00, 0x00, 0x00, 0x00, 0x00,
  0x00, 0x00, 0xff, 0xc2, 0x00, 0x00, 0xff, 0xec, 0xff, 0xc2, 0xff, 0xc0,
  0xff, 0xce, 0x00, 0x00, 0xff, 0xec, 0x00, 0x18, 0xff, 0xce, 0x00, 0x00,
  0xff, 0xec, 0x00, 0x00, 0xff, 0xec, 0x00, 0x00, 0xff, 0xce, 0x00, 0x00,
  0x00, 0x00, 0x00, 0x14, 0xff, 0xce, 0x00, 0x00, 0x00, 0x00, 0x00, 0x00,
  0x00, 0x00, 0x00, 0x16, 0xff, 0xec, 0xff, 0xf8, 0xff, 0xf4, 0x00, 0x1c,
  0x00, 0x0d, 0x00, 0x00, 0xff, 0xb6, 0x00, 0x00, 0x00, 0x00, 0xff, 0x9c,
  0x00, 0x00, 0x00, 0x00, 0x00, 0x00, 0x00, 0x00, 0x00, 0x00, 0xff, 0xec,
  0x00, 0x00, 0x00, 0x00, 0x00, 0x00, 0x00, 0x00, 0x00, 0x00, 0x00, 0x00,
  0x00, 0x00, 0x00, 0x00, 0x00, 0x00, 0x00, 0x1e, 0x00, 0x00, 0x00, 0x00,
  0x00, 0x00, 0x00, 0x00, 0x00, 0x0c, 0x00, 0x00, 0x00, 0x00, 0x00, 0x00,
  0x00, 0x00, 0x00, 0x0e, 0x00, 0x00, 0x00, 0x00, 0x00, 0x00, 0x00, 0x0e,
  0x00, 0x00, 0x00, 0x00, 0x00, 0x00, 0x00, 0x00, 0x00, 0x00, 0x00, 0x00,
  0x00, 0x00, 0xff, 0xd9, 0x00, 0x00, 0x00, 0x00, 0xff, 0xe4, 0xff, 0xfc,
  0x00, 0x00, 0x00, 0x00, 0x00, 0x00, 0xff, 0xb4, 0x00, 0x00, 0x00, 0x00,
  0x00, 0x00, 0xff, 0xec, 0x00, 0x00, 0x00, 0x00, 0xff, 0xe0, 0x00, 0x00,
  0x00, 0x00, 0xff, 0xee, 0x00, 0x00, 0x00, 0x00, 0x00, 0x00, 0x00, 0x00,
  0x00, 0x00, 0x00, 0x00, 0x00, 0x00, 0x00, 0x00, 0x00, 0x00, 0x00, 0x00,
  0x00, 0x00, 0x00, 0x00, 0x00, 0x00, 0x00, 0x00, 0x00, 0x00, 0x00, 0x00,
  0x00, 0x00, 0x00, 0x00, 0x00, 0x0e, 0x00, 0x00, 0x00, 0x00, 0xff, 0xf8,
  0x00, 0x00, 0x00, 0x00, 0x00, 0x00, 0xff, 0xc8, 0x00, 0x00, 0x00, 0x00,
  0x00, 0x00, 0xff, 0xc8, 0x00, 0x00, 0x00, 0x00, 0x00, 0x00, 0x00, 0x00,
  0x00, 0x00, 0xff, 0xc2, 0x00, 0x00, 0x00, 0x00, 0x00, 0x08, 0x00, 0x00,
  0x00, 0x00, 0x00, 0x00, 0x00, 0x00, 0xff, 0xf8, 0x00, 0x00, 0xff, 0xde,
  0x00, 0x00, 0x00, 0x00, 0x00, 0x00, 0x00, 0x00, 0xff, 0xcc, 0x00, 0x00,
  0x00, 0x00, 0x00, 0x00, 0x00, 0x00, 0x00, 0x00, 0x00, 0x00, 0x00, 0x00,
  0x00, 0x00, 0x00, 0x00, 0x00, 0x00, 0x00, 0x00, 0x00, 0x00, 0x00, 0x00,
  0x00, 0x00, 0x00, 0x00, 0x00, 0x00, 0x00, 0x00, 0x00, 0x00, 0x00, 0x00,
  0x00, 0x00, 0x00, 0x00, 0x00, 0x00, 0x00, 0x00, 0x00, 0x00, 0x00, 0x00,
  0x00, 0x00, 0x00, 0x00, 0x00, 0x00, 0x00, 0x00, 0x00, 0x00, 0x00, 0x00,
  0xff, 0xf8, 0x00, 0x00, 0x00, 0x00, 0x00, 0x00, 0x00, 0x00, 0x00, 0x00,
  0x00, 0x00, 0xff, 0xd8, 0x00, 0x00, 0xff, 0xd6, 0x00, 0x00, 0x00, 0x00,
  0xff, 0xdc, 0x00, 0x00, 0x00, 0x00, 0x00, 0x00, 0xff, 0xe8, 0x00, 0x00,
  0x00, 0x00, 0x00, 0x00, 0x00, 0x00, 0x00, 0x00, 0x00, 0x00, 0x00, 0x00,
  0x00, 0x00, 0x00, 0x00, 0x00, 0x00, 0x00, 0x00, 0x00, 0x00, 0x00, 0x00,
  0x00, 0x00, 0x00, 0x00, 0x00, 0x00, 0x00, 0x00, 0x00, 0x00, 0x00, 0x00,
  0x00, 0x00, 0x00, 0x00, 0xff, 0xcc, 0x00, 0x00, 0x00, 0x00, 0x00, 0x00,
  0x00, 0x00, 0xff, 0xd4, 0x00, 0x00, 0xff, 0xc4, 0xff, 0xea, 0x00, 0x00,
  0xff, 0xce, 0x00, 0x00, 0x00, 0x00, 0x00, 0x00, 0xff, 0xc0, 0xff, 0xdc,
  0xff, 0xe4, 0x00, 0x00, 0x00, 0x00, 0xff, 0xd2, 0x00, 0x00, 0x00, 0x00,
  0x00, 0x00, 0x00, 0x00, 0x00, 0x00, 0x00, 0x00, 0x00, 0x00, 0x00, 0x00,
  0x00, 0x00, 0x00, 0x00, 0x00, 0x00, 0x00, 0x00, 0x00, 0x00, 0x00, 0x00,
  0x00, 0x00, 0x00, 0x00, 0xff, 0xca, 0x00, 0x00, 0x00, 0x00, 0x00, 0x00,
  0x00, 0x00, 0xff, 0xc8, 0x00, 0x00, 0xff, 0xe0, 0xff, 0xce, 0xff, 0xaa,
  0x00, 0x00, 0x00, 0x00, 0x00, 0x00, 0x00, 0x18, 0x00, 0x00, 0x00, 0x00,
  0x00, 0x00, 0x00, 0x00, 0xff, 0xce, 0x00, 0x00, 0x00, 0x00, 0x00, 0x00,
  0x00, 0x00, 0x00, 0x00, 0xff, 0xd4, 0x00, 0x00, 0x00, 0x00, 0x00, 0x00,
  0x00, 0x00, 0x00, 0x00, 0x00, 0x00, 0xff, 0xde, 0x00, 0x00, 0x00, 0x00,
  0x00, 0x00, 0x00, 0x00, 0xff, 0xca, 0x00, 0x00, 0x00, 0x00, 0xff, 0x8c,
  0x00, 0x02, 0x00, 0x11, 0x00, 0x01, 0x00, 0x33, 0x00, 0x00, 0x00, 0x39,
  0x00, 0x39, 0x00, 0x33, 0x00, 0x3b, 0x00, 0x67, 0x00, 0x34, 0x00, 0x6b,
  0x00, 0xba, 0x00, 0x61, 0x00, 0xbc, 0x00, 0xe5, 0x00, 0xb1, 0x00, 0xe8,
  0x00, 0xfe, 0x00, 0xdb, 0x01, 0x02, 0x01, 0x50, 0x00, 0xf2, 0x01, 0x53,
  0x01, 0x53, 0x01, 0x41, 0x01, 0x55, 0x01, 0x5c, 0x01, 0x42, 0x01, 0x5e,
  0x01, 0x5f, 0x01, 0x4a, 0x01, 0x96, 0x01, 0x97, 0x01, 0x4c, 0x01, 0xac,
  0x01, 0xac, 0x01, 0x4e, 0x01, 0xc1, 0x01, 0xc2, 0x01, 0x4f, 0x01, 0xc6,
  0x01, 0xc6, 0x01, 0x51, 0x01, 0xd1, 0x01, 0xd1, 0x01, 0x52, 0x01, 0xd4,
  0x01, 0xd5, 0x01, 0x53, 0x01, 0xe6, 0x01, 0xe7, 0x01, 0x55, 0x00, 0x02,
  0x00, 0x4b, 0x00, 0x01, 0x00, 0x16, 0x00, 0x03, 0x00, 0x17, 0x00, 0x17,
  0x00, 0x05, 0x00, 0x18, 0x00, 0x18, 0x00, 0x1a, 0x00, 0x19, 0x00, 0x21,
  0x00, 0x02, 0x00, 0x22, 0x00, 0x32, 0x00, 0x05, 0x00, 0x33, 0x00, 0x33,
  0x00, 0x2c, 0x00, 0x39, 0x00, 0x39, 0x00, 0x04, 0x00, 0x3b, 0x00, 0x45,
  0x00, 0x04, 0x00, 0x46, 0x00, 0x46, 0x00, 0x07, 0x00, 0x47, 0x00, 0x47,
  0x00, 0x2b, 0x00, 0x48, 0x00, 0x4b, 0x00, 0x19, 0x00, 0x4c, 0x00, 0x50,
  0x00, 0x04, 0x00, 0x51, 0x00, 0x66, 0x00, 0x02, 0x00, 0x67, 0x00, 0x67,
  0x00, 0x05, 0x00, 0x6b, 0x00, 0x6d, 0x00, 0x1d, 0x00, 0x6e, 0x00, 0x71,
  0x00, 0x0c, 0x00, 0x72, 0x00, 0x72, 0x00, 0x1a, 0x00, 0x73, 0x00, 0x76,
  0x00, 0x18, 0x00, 0x77, 0x00, 0x7d, 0x00, 0x07, 0x00, 0x7e, 0x00, 0x83,
  0x00, 0x12, 0x00, 0x84, 0x00, 0x88, 0x00, 0x07, 0x00, 0x89, 0x00, 0x8e,
  0x00, 0x11, 0x00, 0x8f, 0x00, 0x8f, 0x00, 0x2a, 0x00, 0x90, 0x00, 0x97,
  0x00, 0x09, 0x00, 0x98, 0x00, 0x9b, 0x00, 0x17, 0x00, 0xb2, 0x00, 0xb3,
  0x00, 0x01, 0x00, 0xb4, 0x00, 0xb8, 0x00, 0x14, 0x00, 0xb9, 0x00, 0xb9,
  0x00, 0x04, 0x00, 0xba, 0x00, 0xba, 0x00, 0x21, 0x00, 0xbc, 0x00, 0xbc,
  0x00, 0x21, 0x00, 0xbd, 0x00, 0xcd, 0x00, 0x01, 0x00, 0xce, 0x00, 0xce,
  0x00, 0x20, 0x00, 0xcf, 0x00, 0xd3, 0x00, 0x10, 0x00, 0xd4, 0x00, 0xd5,
  0x00, 0x0b, 0x00, 0xd6, 0x00, 0xe1, 0x00, 0x06, 0x00, 0xe2, 0x00, 0xe2,
  0x00, 0x10, 0x00, 0xe3, 0x00, 0xe3, 0x00, 0x27, 0x00, 0xe4, 0x00, 0xe5,
  0x00, 0x04, 0x00, 0xe8, 0x00, 0xec, 0x00, 0x0b, 0x00, 0xed, 0x00, 0xf8,
  0x00, 0x01, 0x00, 0xf9, 0x00, 0xfe, 0x00, 0x0f, 0x01, 0x02, 0x01, 0x05,
  0x00, 0x01, 0x01, 0x06, 0x01, 0x06, 0x00, 0x06, 0x01, 0x07, 0x01, 0x09,
  0x00, 0x1b, 0x01, 0x0a, 0x01, 0x0d, 0x00, 0x16, 0x01, 0x0e, 0x01, 0x0e,
  0x00, 0x1a, 0x01, 0x0f, 0x01, 0x12, 0x00, 0x13, 0x01, 0x13, 0x01, 0x19,
  0x00, 0x08, 0x01, 0x1a, 0x01, 0x1f, 0x00, 0x0e, 0x01, 0x20, 0x01, 0x24,
  0x00, 0x08, 0x01, 0x25, 0x01, 0x2a, 0x00, 0x0d, 0x01, 0x2b, 0x01, 0x2b,
  0x00, 0x22, 0x01, 0x2c, 0x01, 0x33, 0x00, 0x0a, 0x01, 0x34, 0x01, 0x37,
  0x00, 0x15, 0x01, 0x4e, 0x01, 0x4e, 0x00, 0x20, 0x01, 0x4f, 0x01, 0x50,
  0x00, 0x06, 0x01, 0x53, 0x01, 0x53, 0x00, 0x02, 0x01, 0x55, 0x01, 0x55,
  0x00, 0x23, 0x01, 0x56, 0x01, 0x56, 0x00, 0x1a, 0x01, 0x57, 0x01, 0x57,
  0x00, 0x28, 0x01, 0x58, 0x01, 0x58, 0x00, 0x29, 0x01, 0x59, 0x01, 0x59,
  0x00, 0x24, 0x01, 0x5a, 0x01, 0x5a, 0x00, 0x25, 0x01, 0x5b, 0x01, 0x5b,
  0x00, 0x1c, 0x01, 0x5c, 0x01, 0x5c, 0x00, 0x26, 0x01, 0x5e, 0x01, 0x5f,
  0x00, 0x1c, 0x01, 0x96, 0x01, 0x97, 0x00, 0x1f, 0x01, 0xac, 0x01, 0xac,
  0x00, 0x02, 0x01, 0xc1, 0x01, 0xc2, 0x00, 0x1e, 0x01, 0xc6, 0x01, 0xc6,
  0x00, 0x0c, 0x01, 0xd1, 0x01, 0xd1, 0x00, 0x0c, 0x01, 0xd4, 0x01, 0xd4,
  0x00, 0x0c, 0x01, 0xd5, 0x01, 0xd5, 0x00, 0x09, 0x01, 0xe6, 0x01, 0xe6,
  0x00, 0x13, 0x01, 0xe7, 0x01, 0xe7, 0x00, 0x02, 0x00, 0x02, 0x00, 0x47,
  0x00, 0x01, 0x00, 0x17, 0x00, 0x05, 0x00, 0x18, 0x00, 0x18, 0x00, 0x02,
  0x00, 0x19, 0x00, 0x1d, 0x00, 0x03, 0x00, 0x1e, 0x00, 0x1e, 0x00, 0x19,
  0x00, 0x20, 0x00, 0x20, 0x00, 0x19, 0x00, 0x22, 0x00, 0x33, 0x00, 0x02,
  0x00, 0x34, 0x00, 0x38, 0x00, 0x03, 0x00, 0x39, 0x00, 0x39, 0x00, 0x02,
  0x00, 0x3b, 0x00, 0x45, 0x00, 0x02, 0x00, 0x46, 0x00, 0x46, 0x00, 0x23,
  0x00, 0x47, 0x00, 0x4a, 0x00, 0x02, 0x00, 0x4c, 0x00, 0x50, 0x00, 0x02,
  0x00, 0x51, 0x00, 0x67, 0x00, 0x03, 0x00, 0x68, 0x00, 0x69, 0x00, 0x02,
  0x00, 0x6a, 0x00, 0x6a, 0x00, 0x03, 0x00, 0x6b, 0x00, 0x6d, 0x00, 0x02,
  0x00, 0x6e, 0x00, 0x71, 0x00, 0x0b, 0x00, 0x72, 0x00, 0x72, 0x00, 0x02,
  0x00, 0x73, 0x00, 0x76, 0x00, 0x13, 0x00, 0x77, 0x00, 0x88, 0x00, 0x07,
  0x00, 0x89, 0x00, 0x8e, 0x00, 0x0d, 0x00, 0x8f, 0x00, 0x8f, 0x00, 0x22,
  0x00, 0x90, 0x00, 0x97, 0x00, 0x09, 0x00, 0x98, 0x00, 0x9b, 0x00, 0x12,
  0x00, 0x9c, 0x00, 0xb1, 0x00, 0x01, 0x00, 0xb2, 0x00, 0xb2, 0x00, 0x04,
  0x00, 0xb3, 0x00, 0xb3, 0x00, 0x02, 0x00, 0xb4, 0x00, 0xcd, 0x00, 0x01,
  0x00, 0xce, 0x00, 0xce, 0x00, 0x11, 0x00, 0xcf, 0x00, 0xd3, 0x00, 0x01,
  0x00, 0xd4, 0x00, 0xd4, 0x00, 0x02, 0x00, 0xd6, 0x00, 0xe1, 0x00, 0x08,
  0x00, 0xe2, 0x00, 0xe2, 0x00, 0x1f, 0x00, 0xe3, 0x00, 0xe6, 0x00, 0x02,
  0x00, 0xe8, 0x00, 0xe9, 0x00, 0x15, 0x00, 0xea, 0x00, 0xec, 0x00, 0x08,
  0x00, 0xed, 0x00, 0xfe, 0x00, 0x01, 0x01, 0x02, 0x01, 0x03, 0x00, 0x01,
  0x01, 0x04, 0x01, 0x04, 0x00, 0x15, 0x01, 0x05, 0x01, 0x05, 0x00, 0x02,
  0x01, 0x06, 0x01, 0x06, 0x00, 0x01, 0x01, 0x07, 0x01, 0x09, 0x00, 0x14,
  0x01, 0x0a, 0x01, 0x0d, 0x00, 0x10, 0x01, 0x0e, 0x01, 0x0e, 0x00, 0x02,
  0x01, 0x0f, 0x01, 0x12, 0x00, 0x0f, 0x01, 0x13, 0x01, 0x24, 0x00, 0x06,
  0x01, 0x25, 0x01, 0x2a, 0x00, 0x0c, 0x01, 0x2b, 0x01, 0x2b, 0x00, 0x1a,
  0x01, 0x2c, 0x01, 0x33, 0x00, 0x0a, 0x01, 0x34, 0x01, 0x37, 0x00, 0x0e,
  0x01, 0x38, 0x01, 0x4d, 0x00, 0x04, 0x01, 0x4e, 0x01, 0x50, 0x00, 0x11,
  0x01, 0x53, 0x01, 0x53, 0x00, 0x03, 0x01, 0x55, 0x01, 0x55, 0x00, 0x1b,
  0x01, 0x56, 0x01, 0x56, 0x00, 0x1c, 0x01, 0x57, 0x01, 0x57, 0x00, 0x20,
  0x01, 0x58, 0x01, 0x58, 0x00, 0x21, 0x01, 0x59, 0x01, 0x59, 0x00, 0x01,
  0x01, 0x5a, 0x01, 0x5a, 0x00, 0x1d, 0x01, 0x5b, 0x01, 0x5b, 0x00, 0x16,
  0x01, 0x5c, 0x01, 0x5c, 0x00, 0x1e, 0x01, 0x5e, 0x01, 0x5f, 0x00, 0x16,
  0x01, 0x96, 0x01, 0x97, 0x00, 0x18, 0x01, 0xab, 0x01, 0xab, 0x00, 0x03,
  0x01, 0xc1, 0x01, 0xc2, 0x00, 0x17, 0x01, 0xc6, 0x01, 0xc6, 0x00, 0x0b,
  0x01, 0xd1, 0x01, 0xd1, 0x00, 0x0b, 0x01, 0xd4, 0x01, 0xd4, 0x00, 0x0b,
  0x01, 0xd5, 0x01, 0xd5, 0x00, 0x09, 0x01, 0xe6, 0x01, 0xe6, 0x00, 0x06,
  0x01, 0xe7, 0x01, 0xe7, 0x00, 0x03, 0x00, 0x04, 0x00, 0x00, 0x00, 0x01,
  0x00, 0x08, 0x00, 0x01, 0x00, 0x0c, 0x00, 0x16, 0x00, 0x04, 0x00, 0x8c,
  0x00, 0xfc, 0x00, 0x02, 0x00, 0x01, 0x01, 0xe9, 0x02, 0x02, 0x00, 0x00,
  0x00, 0x02, 0x00, 0x13, 0x00, 0x01, 0x00, 0x45, 0x00, 0x00, 0x00, 0x47,
  0x00, 0x4b, 0x00, 0x45, 0x00, 0x4d, 0x00, 0x71, 0x00, 0x4a, 0x00, 0x73,
  0x00, 0x88, 0x00, 0x6f, 0x00, 0x8a, 0x00, 0x8e, 0x00, 0x85, 0x00, 0x90,
  0x00, 0xb1, 0x00, 0x8a, 0x00, 0xb4, 0x00, 0xb8, 0x00, 0xac, 0x00, 0xbd,
  0x00, 0xcd, 0x00, 0xb1, 0x00, 0xcf, 0x00, 0xe7, 0x00, 0xc2, 0x00, 0xe9,
  0x01, 0x02, 0x00, 0xdb, 0x01, 0x07, 0x01, 0x0d, 0x00, 0xf5, 0x01, 0x0f,
  0x01, 0x24, 0x00, 0xfc, 0x01, 0x26, 0x01, 0x2a, 0x01, 0x12, 0x01, 0x2c,
  0x01, 0x4d, 0x01, 0x17, 0x01, 0xc7, 0x01, 0xc8, 0x01, 0x39, 0x01, 0xcf,
  0x01, 0xcf, 0x01, 0x3b, 0x01, 0xd5, 0x01, 0xd5, 0x01, 0x3c, 0x01, 0xe5,
  0x01, 0xe5, 0x01, 0x3d, 0x02, 0x03, 0x02, 0x0d, 0x01, 0x3e, 0x00, 0x1a,
  0x00, 0x00, 0x14, 0xa0, 0x00, 0x00, 0x14, 0x6a, 0x00, 0x00, 0x14, 0x6a,
  0x00, 0x00, 0x14, 0xa0, 0x00, 0x00, 0x14, 0x9a, 0x00, 0x00, 0x14, 0x9a,
  0x00, 0x00, 0x14, 0x70, 0x00, 0x00, 0x14, 0x76, 0x00, 0x00, 0x14, 0x7c,
  0x00, 0x00, 0x14, 0x82, 0x00, 0x00, 0x14, 0x88, 0x00, 0x00, 0x14, 0x8e,
  0x00, 0x00, 0x14, 0x94, 0x00, 0x00, 0x14, 0x9a, 0x00, 0x00, 0x14, 0x9a,
  0x00, 0x00, 0x14, 0xa0, 0x00, 0x00, 0x14, 0xa6, 0x00, 0x00, 0x14, 0xac,
  0x00, 0x00, 0x14, 0xb2, 0x00, 0x00, 0x14, 0xb8, 0x00, 0x00, 0x14, 0xbe,
  0x00, 0x01, 0x15, 0x80, 0x00, 0x02, 0x13, 0xb2, 0x00, 0x02, 0x13, 0xb8,
  0x00, 0x02, 0x13, 0xbe, 0x00, 0x03, 0x00, 0x6a, 0x00, 0x01, 0x00, 0xbe,
  0xff, 0xdc, 0x01, 0x49, 0x0a, 0x98, 0x00, 0x00, 0x0a, 0xaa, 0x0a, 0xb0,
  0x0a, 0x4a, 0x00, 0x00, 0x0a, 0xaa, 0x0a, 0xb0, 0x0a, 0x50, 0x00, 0x00,
  0x0a, 0xaa, 0x0a, 0xb0, 0x0a, 0x56, 0x00, 0x00, 0x0a, 0xaa, 0x0a, 0xb0,
  0x0a, 0x92, 0x00, 0x00, 0x0a, 0x80, 0x0a, 0xb0, 0x0a, 0x56, 0x00, 0x00,
  0x0a, 0xaa, 0x0a, 0xb0, 0x0a, 0x5c, 0x00, 0x00, 0x0a, 0xaa, 0x0a, 0xb0,
  0x0a, 0x62, 0x00, 0x00, 0x0a, 0xaa, 0x0a, 0xb0, 0x0a, 0x68, 0x00, 0x00,
  0x0a, 0xaa, 0x0a, 0xb0, 0x0a, 0x98, 0x00, 0x00, 0x0a, 0xaa, 0x0a, 0xb0,
  0x0a, 0x68, 0x00, 0x00, 0x0a, 0x80, 0x0a, 0xb0, 0x0a, 0x6e, 0x00, 0x00,
  0x0a, 0xaa, 0x0a, 0xb0, 0x0a, 0x98, 0x00, 0x00, 0x0a, 0xaa, 0x0a, 0xb0,
  0x0a, 0x74, 0x00, 0x00, 0x0a, 0xaa, 0x0a, 0xb0, 0x0a, 0x7a, 0x00, 0x00,
  0x0a, 0xaa, 0x0a, 0xb0, 0x0a, 0x98, 0x00, 0x00, 0x0a, 0x80, 0x0a, 0xb0,
  0x0a, 0x86, 0x00, 0x00, 0x0a, 0xaa, 0x0a, 0xb0, 0x0a, 0x8c, 0x00, 0x00,
  0x0a, 0xaa, 0x0a, 0xb0, 0x0a, 0x92, 0x00, 0x00, 0x0a, 0xaa, 0x0a, 0xb0,
  0x0a, 0x98, 0x00, 0x00, 0x0a, 0xaa, 0x0a, 0xb0, 0x0a, 0x9e, 0x00, 0x00,
  0x0a, 0xaa, 0x0a, 0xb0, 0x0a, 0xa4, 0x00, 0x00, 0x0a, 0xaa, 0x0a, 0xb0,
  0x0c, 0xb4, 0x00, 0x00, 0x0c, 0xba, 0x0c, 0xc0, 0x0c, 0xc6, 0x00, 0x00,
  0x0c, 0xcc, 0x0c, 0xf0, 0x0a, 0xc2, 0x00, 0x00, 0x0a, 0xd4, 0x00, 0x00,
  0x0a, 0xb6, 0x00, 0x00, 0x0a, 0xd4, 0x00, 0x00, 0x0a, 0xbc, 0x00, 0x00,
  0x0a, 0xd4, 0x00, 0x00, 0x0a, 0xc2, 0x00, 0x00, 0x0a, 0xc8, 0x00, 0x00,
  0x0a, 0xce, 0x00, 0x00, 0x0a, 0xd4, 0x00, 0x00, 0x0a, 0xda, 0x00, 0x00,
  0x0a, 0xe0, 0x0c, 0xf0, 0x0a, 0xec, 0x00, 0x00, 0x0a, 0xf2, 0x0a, 0xf8,
  0x0a, 0xe6, 0x00, 0x00, 0x0d, 0xa4, 0x0d, 0x02, 0x0a, 0xec, 0x00, 0x00,
  0x0a, 0xf2, 0x0a, 0xf8, 0x0a, 0xfe, 0x00, 0x00, 0x0b, 0x04, 0x0b, 0x0a,
  0x0b, 0x10, 0x00, 0x00, 0x0f, 0x4e, 0x0b, 0x7c, 0x0b, 0x16, 0x00, 0x00,
  0x0f, 0x4e, 0x0b, 0x7c, 0x0b, 0x1c, 0x00, 0x00, 0x0f, 0x4e, 0x0b, 0x7c,
  0x0b, 0x52, 0x00, 0x00, 0x0f, 0x4e, 0x0b, 0x7c, 0x0b, 0x1c, 0x00, 0x00,
  0x0b, 0x3a, 0x0b, 0x7c, 0x0b, 0x22, 0x00, 0x00, 0x0f, 0x4e, 0x0b, 0x7c,
  0x0b, 0x52, 0x00, 0x00, 0x0f, 0x4e, 0x0b, 0x7c, 0x0b, 0x28, 0x00, 0x00,
  0x0f, 0x4e, 0x0b, 0x7c, 0x0b, 0x2e, 0x00, 0x00, 0x0f, 0x4e, 0x0b, 0x7c,
  0x0b, 0x34, 0x00, 0x00, 0x0f, 0x4e, 0x0b, 0x7c, 0x0b, 0x52, 0x00, 0x00,
  0x0b, 0x3a, 0x0b, 0x7c, 0x0b, 0x40, 0x00, 0x00, 0x0f, 0x4e, 0x0b, 0x7c,
  0x0b, 0x46, 0x00, 0x00, 0x0f, 0x4e, 0x0b, 0x7c, 0x0b, 0x4c, 0x00, 0x00,
  0x0f, 0x4e, 0x0b, 0x7c, 0x0b, 0x52, 0x00, 0x00, 0x0f, 0x4e, 0x0b, 0x7c,
  0x0b, 0x58, 0x00, 0x00, 0x0f, 0x4e, 0x0b, 0x7c, 0x0c, 0xc6, 0x00, 0x00,
  0x0c, 0xcc, 0x0c, 0xf0, 0x0b, 0x5e, 0x00, 0x00, 0x0d, 0x3e, 0x00, 0x00,
  0x0b, 0x70, 0x00, 0x00, 0x0d, 0x3e, 0x00, 0x00, 0x0b, 0x64, 0x00, 0x00,
  0x0d, 0x3e, 0x00, 0x00, 0x0b, 0x6a, 0x00, 0x00, 0x0d, 0x3e, 0x00, 0x00,
  0x0b, 0x70, 0x00, 0x00, 0x0d, 0x3e, 0x00, 0x00, 0x0b, 0x76, 0x00, 0x00,
  0x0b, 0x7c, 0x0b, 0x82, 0x0b, 0x88, 0x00, 0x00, 0x0b, 0x8e, 0x0b, 0x94,
  0x0c, 0xc6, 0x00, 0x00, 0x0c, 0xcc, 0x0c, 0xf0, 0x0b, 0x9a, 0x00, 0x00,
  0x0b, 0xd0, 0x0d, 0x02, 0x0b, 0xa0, 0x00, 0x00, 0x0b, 0xd0, 0x0d, 0x02,
  0x0b, 0xa6, 0x00, 0x00, 0x0b, 0xd0, 0x0d, 0x02, 0x0b, 0xac, 0x00, 0x00,
  0x0b, 0xd0, 0x0d, 0x02, 0x0b, 0xe2, 0x00, 0x00, 0x0b, 0xb2, 0x0d, 0x02,
  0x0b, 0xb8, 0x00, 0x00, 0x0b, 0xd0, 0x0d, 0x02, 0x0b, 0xbe, 0x00, 0x00,
  0x0b, 0xd0, 0x0d, 0x02, 0x0b, 0xc4, 0x00, 0x00, 0x0b, 0xd0, 0x0d, 0x02,
  0x0b, 0xe2, 0x00, 0x00, 0x0b, 0xd0, 0x0d, 0x02, 0x0b, 0xca, 0x00, 0x00,
  0x0b, 0xd0, 0x0d, 0x02, 0x0b, 0xd6, 0x00, 0x00, 0x0b, 0xdc, 0x0c, 0xf0,
  0x0b, 0xe2, 0x0b, 0xe8, 0x0b, 0xee, 0x0c, 0xf0, 0x0b, 0xf4, 0x0c, 0x00,
  0x0c, 0x06, 0x0d, 0x02, 0x0b, 0xfa, 0x0c, 0x00, 0x0c, 0x06, 0x0d, 0x02,
  0x0c, 0x0c, 0x0c, 0x12, 0x0c, 0x18, 0x0c, 0x1e, 0x0d, 0xb6, 0x00, 0x00,
  0x0c, 0x24, 0x00, 0x00, 0x0c, 0x2a, 0x00, 0x00, 0x0c, 0x3c, 0x00, 0x00,
  0x0c, 0x30, 0x00, 0x00, 0x0c, 0x3c, 0x00, 0x00, 0x0c, 0x36, 0x00, 0x00,
  0x0c, 0x3c, 0x00, 0x00, 0x0c, 0xd2, 0x0c, 0xd8, 0x0c, 0xde, 0x0c, 0xe4,
  0x0c, 0x42, 0x0c, 0xd8, 0x0c, 0xde, 0x0c, 0xe4, 0x0c, 0x48, 0x0c, 0xd8,
  0x0c, 0xde, 0x0c, 0xe4, 0x0c, 0xd2, 0x0c, 0xd8, 0x0c, 0xde, 0x0c, 0xe4,
  0x0c, 0x48, 0x0c, 0xd8, 0x0c, 0x60, 0x0c, 0xe4, 0x0c, 0x4e, 0x0c, 0xd8,
  0x0c, 0xde, 0x0c, 0xe4, 0x0c, 0xd2, 0x0c, 0xd8, 0x0c, 0xde, 0x0c, 0xe4,
  0x0c, 0x54, 0x0c, 0xd8, 0x0c, 0xde, 0x0c, 0xe4, 0x0c, 0x5a, 0x0c, 0xd8,
  0x0c, 0xde, 0x0c, 0xe4, 0x0c, 0xd2, 0x0c, 0xd8, 0x0c, 0x60, 0x0c, 0xe4,
  0x0c, 0x66, 0x0c, 0xd8, 0x0c, 0xde, 0x0c, 0xe4, 0x0c, 0x6c, 0x0c, 0xd8,
  0x0c, 0xde, 0x0c, 0xe4, 0x0c, 0x78, 0x0c, 0x96, 0x0c, 0x9c, 0x0c, 0xe4,
  0x0c, 0x72, 0x0c, 0x96, 0x0c, 0x9c, 0x0c, 0xe4, 0x0c, 0x78, 0x0c, 0x96,
  0x0c, 0x7e, 0x0c, 0xe4, 0x0c, 0x84, 0x0c, 0x96, 0x0c, 0x9c, 0x0c, 0xe4,
  0x0c, 0x8a, 0x0c, 0x96, 0x0c, 0x9c, 0x0c, 0xe4, 0x0c, 0x90, 0x0c, 0x96,
  0x0c, 0x9c, 0x0c, 0xe4, 0x0c, 0xa2, 0x0c, 0xd8, 0x0c, 0xde, 0x0c, 0xe4,
  0x0c, 0xa8, 0x0c, 0xd8, 0x0c, 0xde, 0x0c, 0xe4, 0x0c, 0xd2, 0x0c, 0xd8,
  0x0c, 0xde, 0x0c, 0xe4, 0x0c, 0xae, 0x0c, 0xd8, 0x0c, 0xde, 0x0c, 0xe4,
  0x0c, 0xb4, 0x00, 0x00, 0x0c, 0xba, 0x0c, 0xc0, 0x0c, 0xc6, 0x00, 0x00,
  0x0c, 0xcc, 0x0c, 0xf0, 0x0c, 0xc6, 0x00, 0x00, 0x0c, 0xcc, 0x0c, 0xf0,
  0x0c, 0xd2, 0x0c, 0xd8, 0x0c, 0xde, 0x0c, 0xe4, 0x0c, 0xea, 0x00, 0x00,
  0x11, 0x46, 0x0c, 0xf0, 0x0c, 0xf6, 0x00, 0x00, 0x12, 0x96, 0x0d, 0x02,
  0x0c, 0xfc, 0x00, 0x00, 0x12, 0x96, 0x0d, 0x02, 0x0d, 0x1a, 0x00, 0x00,
  0x0d, 0x14, 0x00, 0x00, 0x0d, 0x08, 0x00, 0x00, 0x0d, 0x14, 0x00, 0x00,
  0x0d, 0x0e, 0x00, 0x00, 0x0d, 0x14, 0x00, 0x00, 0x0d, 0x1a, 0x00, 0x00,
  0x0d, 0x20, 0x00, 0x00, 0x0d, 0x32, 0x00, 0x00, 0x0d, 0x2c, 0x0d, 0x3e,
  0x0d, 0x32, 0x00, 0x00, 0x0d, 0x2c, 0x0d, 0x3e, 0x0d, 0x26, 0x00, 0x00,
  0x0d, 0x2c, 0x0d, 0x3e, 0x0d, 0x32, 0x00, 0x00, 0x0d, 0x38, 0x0d, 0x3e,
  0x0d, 0x44, 0x0d, 0x4a, 0x12, 0xd2, 0x0d, 0x50, 0x0d, 0x56, 0x0d, 0xc8,
  0x0d, 0xce, 0x0d, 0xd4, 0x0d, 0x5c, 0x0d, 0xc8, 0x0d, 0xce, 0x0d, 0xd4,
  0x0d, 0x62, 0x0d, 0xc8, 0x0d, 0xce, 0x0d, 0xd4, 0x0d, 0xb6, 0x0d, 0xc8,
  0x0d, 0x68, 0x0d, 0xd4, 0x0d, 0x6e, 0x0d, 0xc8, 0x0d, 0xce, 0x0d, 0xd4,
  0x0d, 0x74, 0x0d, 0xc8, 0x0d, 0xce, 0x0d, 0xd4, 0x0d, 0x80, 0x0d, 0x9e,
  0x0d, 0xa4, 0x0d, 0xd4, 0x0d, 0x7a, 0x0d, 0x9e, 0x0d, 0xa4, 0x0d, 0xd4,
  0x0d, 0x80, 0x0d, 0x9e, 0x0d, 0x86, 0x0d, 0xd4, 0x0d, 0x8c, 0x0d, 0x9e,
  0x0d, 0xa4, 0x0d, 0xd4, 0x0d, 0x92, 0x0d, 0x9e, 0x0d, 0xa4, 0x0d, 0xd4,
  0x0d, 0x98, 0x0d, 0x9e, 0x0d, 0xa4, 0x0d, 0xd4, 0x0d, 0xaa, 0x0d, 0xc8,
  0x0d, 0xce, 0x0d, 0xd4, 0x0d, 0xb0, 0x0d, 0xc8, 0x0d, 0xce, 0x0d, 0xd4,
  0x0d, 0xb6, 0x0d, 0xc8, 0x0d, 0xce, 0x0d, 0xd4, 0x0d, 0xbc, 0x0d, 0xc8,
  0x0d, 0xce, 0x0d, 0xd4, 0x0d, 0xc2, 0x0d, 0xc8, 0x0d, 0xce, 0x0d, 0xd4,
  0x0d, 0xda, 0x00, 0x00, 0x0d, 0xe0, 0x00, 0x00, 0x0d, 0xe6, 0x00, 0x00,
  0x0d, 0xfe, 0x00, 0x00, 0x0d, 0xec, 0x00, 0x00, 0x0d, 0xfe, 0x00, 0x00,
  0x0d, 0xf2, 0x00, 0x00, 0x0d, 0xfe, 0x00, 0x00, 0x0d, 0xf8, 0x00, 0x00,
  0x0d, 0xfe, 0x00, 0x00, 0x12, 0xcc, 0x00, 0x00, 0x12, 0xd2, 0x00, 0x00,
  0x0e, 0x04, 0x00, 0x00, 0x12, 0xd2, 0x00, 0x00, 0x0e, 0x0a, 0x00, 0x00,
  0x12, 0xd2, 0x00, 0x00, 0x0e, 0x10, 0x00, 0x00, 0x12, 0xd2, 0x00, 0x00,
  0x12, 0xcc, 0x00, 0x00, 0x0e, 0x16, 0x00, 0x00, 0x0e, 0x1c, 0x00, 0x00,
  0x12, 0xd2, 0x00, 0x00, 0x0e, 0x22, 0x00, 0x00, 0x12, 0xd2, 0x00, 0x00,
  0x0e, 0x28, 0x00, 0x00, 0x12, 0xd2, 0x00, 0x00, 0x0e, 0x2e, 0x00, 0x00,
  0x0e, 0x46, 0x00, 0x00, 0x0e, 0x34, 0x00, 0x00, 0x0e, 0x46, 0x00, 0x00,
  0x0e, 0x3a, 0x00, 0x00, 0x0e, 0x46, 0x00, 0x00, 0x0e, 0x40, 0x00, 0x00,
  0x0e, 0x46, 0x00, 0x00, 0x0f, 0x24, 0x00, 0x00, 0x0e, 0x4c, 0x0e, 0x52,
  0x0e, 0x58, 0x00, 0x00, 0x0e, 0xb2, 0x0e, 0xb8, 0x0e, 0x9a, 0x00, 0x00,
  0x0e, 0xb2, 0x0e, 0xb8, 0x0e, 0x5e, 0x00, 0x00, 0x0e, 0xb2, 0x0e, 0xb8,
  0x0e, 0x9a, 0x00, 0x00, 0x0e, 0x88, 0x0e, 0xb8, 0x0e, 0x5e, 0x00, 0x00,
  0x0e, 0xb2, 0x0e, 0xb8, 0x0e, 0x64, 0x00, 0x00, 0x0e, 0xb2, 0x0e, 0xb8,
  0x0e, 0x6a, 0x00, 0x00, 0x0e, 0xb2, 0x0e, 0xb8, 0x0e, 0x70, 0x00, 0x00,
  0x0e, 0xb2, 0x0e, 0xb8, 0x0e, 0xa0, 0x00, 0x00, 0x0e, 0xb2, 0x0e, 0xb8,
  0x0e, 0x70, 0x00, 0x00, 0x0e, 0x88, 0x0e, 0xb8, 0x0e, 0x76, 0x00, 0x00,
  0x0e, 0xb2, 0x0e, 0xb8, 0x0e, 0xa0, 0x00, 0x00, 0x0e, 0xb2, 0x0e, 0xb8,
  0x0e, 0x7c, 0x00, 0x00, 0x0e, 0xb2, 0x0e, 0xb8, 0x0e, 0x82, 0x00, 0x00,
  0x0e, 0xb2, 0x0e, 0xb8, 0x0e, 0xa0, 0x00, 0x00, 0x0e, 0x88, 0x0e, 0xb8,
  0x0e, 0x8e, 0x00, 0x00, 0x0e, 0xb2, 0x0e, 0xb8, 0x0e, 0x94, 0x00, 0x00,
  0x0e, 0xb2, 0x0e, 0xb8, 0x0e, 0x9a, 0x00, 0x00, 0x0e, 0xb2, 0x0e, 0xb8,
  0x0e, 0xa0, 0x00, 0x00, 0x0e, 0xb2, 0x0e, 0xb8, 0x0e, 0xa6, 0x00, 0x00,
  0x0e, 0xb2, 0x0e, 0xb8, 0x0e, 0xac, 0x00, 0x00, 0x0e, 0xb2, 0x0e, 0xb8,
  0x12, 0xc0, 0x00, 0x00, 0x12, 0xc6, 0x00, 0x00, 0x0e, 0xbe, 0x00, 0x00,
  0x12, 0xc6, 0x00, 0x00, 0x0f, 0x30, 0x00, 0x00, 0x12, 0xc6, 0x00, 0x00,
  0x12, 0xc0, 0x00, 0x00, 0x0e, 0xc4, 0x00, 0x00, 0x0f, 0x36, 0x00, 0x00,
  0x12, 0xc6, 0x00, 0x00, 0x0f, 0x0c, 0x00, 0x00, 0x0f, 0x18, 0x0f, 0x1e,
  0x0e, 0xca, 0x00, 0x00, 0x0f, 0x18, 0x0f, 0x1e, 0x0e, 0xd0, 0x00, 0x00,
  0x0f, 0x18, 0x0f, 0x1e, 0x0e, 0xd6, 0x00, 0x00, 0x0f, 0x18, 0x0f, 0x1e,
  0x0f, 0x0c, 0x00, 0x00, 0x0f, 0x18, 0x0f, 0x1e, 0x0e, 0xd6, 0x00, 0x00,
  0x0e, 0xf4, 0x0f, 0x1e, 0x0e, 0xdc, 0x00, 0x00, 0x0f, 0x18, 0x0f, 0x1e,
  0x0f, 0x0c, 0x00, 0x00, 0x0f, 0x18, 0x0f, 0x1e, 0x0e, 0xe2, 0x00, 0x00,
  0x0f, 0x18, 0x0f, 0x1e, 0x0e, 0xe8, 0x00, 0x00, 0x0f, 0x18, 0x0f, 0x1e,
  0x0e, 0xee, 0x00, 0x00, 0x0f, 0x18, 0x0f, 0x1e, 0x0f, 0x0c, 0x00, 0x00,
  0x0e, 0xf4, 0x0f, 0x1e, 0x0e, 0xfa, 0x00, 0x00, 0x0f, 0x18, 0x0f, 0x1e,
  0x0f, 0x00, 0x00, 0x00, 0x0f, 0x18, 0x0f, 0x1e, 0x0f, 0x06, 0x00, 0x00,
  0x0f, 0x18, 0x0f, 0x1e, 0x0f, 0x0c, 0x00, 0x00, 0x0f, 0x18, 0x0f, 0x1e,
  0x0f, 0x12, 0x00, 0x00, 0x0f, 0x18, 0x0f, 0x1e, 0x0f, 0x24, 0x00, 0x00,
  0x0f, 0x2a, 0x00, 0x00, 0x0f, 0x3c, 0x00, 0x00, 0x0f, 0x42, 0x00, 0x00,
  0x0f, 0x30, 0x00, 0x00, 0x0f, 0x42, 0x00, 0x00, 0x0f, 0x36, 0x00, 0x00,
  0x0f, 0x42, 0x00, 0x00, 0x0f, 0x3c, 0x00, 0x00, 0x0f, 0x42, 0x00, 0x00,
  0x0f, 0x48, 0x00, 0x00, 0x0f, 0x4e, 0x00, 0x00, 0x0f, 0x54, 0x00, 0x00,
  0x0f, 0x5a, 0x00, 0x00, 0x0f, 0x60, 0x00, 0x00, 0x10, 0xbc, 0x0f, 0x66,
  0x0f, 0x6c, 0x00, 0x00, 0x0f, 0xa8, 0x0f, 0xae, 0x0f, 0x72, 0x00, 0x00,
  0x0f, 0xa8, 0x0f, 0xae, 0x0f, 0x78, 0x00, 0x00, 0x0f, 0xa8, 0x0f, 0xae,
  0x0f, 0x7e, 0x00, 0x00, 0x0f, 0xa8, 0x0f, 0xae, 0x0f, 0x9c, 0x00, 0x00,
  0x0f, 0xa8, 0x0f, 0xae, 0x0f, 0x9c, 0x00, 0x00, 0x0f, 0x84, 0x0f, 0xae,
  0x0f, 0x8a, 0x00, 0x00, 0x0f, 0xa8, 0x0f, 0xae, 0x0f, 0x90, 0x00, 0x00,
  0x0f, 0xa8, 0x0f, 0xae, 0x0f, 0x96, 0x00, 0x00, 0x0f, 0xa8, 0x0f, 0xae,
  0x0f, 0x9c, 0x00, 0x00, 0x0f, 0xa8, 0x0f, 0xae, 0x0f, 0xa2, 0x00, 0x00,
  0x0f, 0xa8, 0x0f, 0xae, 0x0f, 0xb4, 0x00, 0x00, 0x00, 0x00, 0x00, 0x00,
  0x0f, 0xba, 0x00, 0x00, 0x0f, 0xf0, 0x00, 0x00, 0x0f, 0xcc, 0x0f, 0xd2,
  0x0f, 0xd8, 0x00, 0x00, 0x0f, 0xc0, 0x0f, 0xc6, 0x10, 0xbc, 0x00, 0x00,
  0x0f, 0xcc, 0x0f, 0xd2, 0x0f, 0xd8, 0x00, 0x00, 0x0f, 0xde, 0x0f, 0xe4,
  0x0f, 0xea, 0x00, 0x00, 0x11, 0xe8, 0x00, 0x00, 0x0f, 0xf0, 0x00, 0x00,
  0x0f, 0xf6, 0x00, 0x00, 0x10, 0x08, 0x00, 0x00, 0x0f, 0xfc, 0x00, 0x00,
  0x10, 0x08, 0x00, 0x00, 0x10, 0x02, 0x00, 0x00, 0x10, 0x08, 0x00, 0x00,
  0x10, 0x86, 0x10, 0x92, 0x10, 0x98, 0x10, 0x9e, 0x10, 0x0e, 0x10, 0x92,
  0x10, 0x98, 0x10, 0x9e, 0x10, 0x14, 0x10, 0x92, 0x10, 0x98, 0x10, 0x9e,
  0x10, 0x2c, 0x10, 0x92, 0x10, 0x98, 0x10, 0x9e, 0x10, 0x14, 0x10, 0x92,
  0x10, 0x32, 0x10, 0x9e, 0x10, 0x1a, 0x10, 0x92, 0x10, 0x98, 0x10, 0x9e,
  0x10, 0x2c, 0x10, 0x92, 0x10, 0x98, 0x10, 0x9e, 0x10, 0x20, 0x10, 0x92,
  0x10, 0x98, 0x10, 0x9e, 0x10, 0x26, 0x10, 0x92, 0x10, 0x98, 0x10, 0x9e,
  0x10, 0x2c, 0x10, 0x92, 0x10, 0x32, 0x10, 0x9e, 0x10, 0x38, 0x10, 0x92,
  0x10, 0x98, 0x10, 0x9e, 0x10, 0x3e, 0x10, 0x92, 0x10, 0x98, 0x10, 0x9e,
  0x10, 0x50, 0x10, 0x44, 0x10, 0x74, 0x10, 0x9e, 0x10, 0x4a, 0x10, 0x6e,
  0x10, 0x74, 0x10, 0x9e, 0x10, 0x50, 0x10, 0x6e, 0x10, 0x56, 0x10, 0x9e,
  0x10, 0x5c, 0x10, 0x6e, 0x10, 0x74, 0x10, 0x9e, 0x10, 0x62, 0x10, 0x6e,
  0x10, 0x74, 0x10, 0x9e, 0x10, 0x68, 0x10, 0x6e, 0x10, 0x74, 0x10, 0x9e,
  0x10, 0x7a, 0x10, 0x92, 0x10, 0x98, 0x10, 0x9e, 0x10, 0x80, 0x10, 0x92,
  0x10, 0x98, 0x10, 0x9e, 0x10, 0x86, 0x10, 0x92, 0x10, 0x98, 0x10, 0x9e,
  0x10, 0x8c, 0x10, 0x92, 0x10, 0x98, 0x10, 0x9e, 0x10, 0xa4, 0x00, 0x00,
  0x10, 0xaa, 0x00, 0x00, 0x10, 0xb0, 0x00, 0x00, 0x10, 0xbc, 0x00, 0x00,
  0x10, 0xb6, 0x00, 0x00, 0x10, 0xbc, 0x00, 0x00, 0x10, 0xc2, 0x00, 0x00,
  0x10, 0xc8, 0x00, 0x00, 0x10, 0xce, 0x00, 0x00, 0x10, 0xda, 0x00, 0x00,
  0x10, 0xd4, 0x00, 0x00, 0x10, 0xda, 0x00, 0x00, 0x10, 0xe0, 0x00, 0x00,
  0x10, 0xe6, 0x00, 0x00, 0x10, 0xf2, 0x10, 0xf8, 0x10, 0xec, 0x00, 0x00,
  0x10, 0xf2, 0x10, 0xf8, 0x10, 0xec, 0x00, 0x00, 0x10, 0xf2, 0x10, 0xf8,
  0x10, 0xec, 0x00, 0x00, 0x10, 0xf2, 0x10, 0xf8, 0x10, 0xfe, 0x00, 0x00,
  0x11, 0x04, 0x11, 0x0a, 0x11, 0x10, 0x11, 0x4c, 0x11, 0x16, 0x11, 0xa0,
  0x11, 0xa6, 0x11, 0xac, 0x11, 0x1c, 0x11, 0xa0, 0x11, 0xa6, 0x11, 0xac,
  0x11, 0x22, 0x11, 0xa0, 0x11, 0xa6, 0x11, 0xac, 0x11, 0x8e, 0x11, 0xa0,
  0x11, 0x28, 0x11, 0xac, 0x11, 0x2e, 0x11, 0xa0, 0x11, 0xa6, 0x11, 0xac,
  0x11, 0x34, 0x11, 0xa0, 0x11, 0xa6, 0x11, 0xac, 0x11, 0x3a, 0x11, 0x40,
  0x11, 0x46, 0x11, 0x4c, 0x11, 0x52, 0x11, 0x76, 0x11, 0x7c, 0x11, 0xac,
  0x11, 0x58, 0x11, 0x76, 0x11, 0x5e, 0x11, 0xac, 0x11, 0x64, 0x11, 0x76,
  0x11, 0x7c, 0x11, 0xac, 0x11, 0x6a, 0x11, 0x76, 0x11, 0x7c, 0x11, 0xac,
  0x11, 0x70, 0x11, 0x76, 0x11, 0x7c, 0x11, 0xac, 0x11, 0x82, 0x11, 0xa0,
  0x11, 0xa6, 0x11, 0xac, 0x11, 0x88, 0x11, 0xa0, 0x11, 0xa6, 0x11, 0xac,
  0x11, 0x8e, 0x11, 0xa0, 0x11, 0xa6, 0x11, 0xac, 0x11, 0x94, 0x11, 0xa0,
  0x11, 0xa6, 0x11, 0xac, 0x11, 0x9a, 0x11, 0xa0, 0x11, 0xa6, 0x11, 0xac,
  0x11, 0xb2, 0x00, 0x00, 0x11, 0xd0, 0x00, 0x00, 0x11, 0xb8, 0x00, 0x00,
  0x11, 0xd0, 0x00, 0x00, 0x11, 0xbe, 0x00, 0x00, 0x11, 0xd0, 0x00, 0x00,
  0x11, 0xc4, 0x00, 0x00, 0x11, 0xd0, 0x00, 0x00, 0x11, 0xca, 0x00, 0x00,
  0x11, 0xd0, 0x00, 0x00, 0x11, 0xe8, 0x00, 0x00, 0x12, 0x06, 0x00, 0x00,
  0x11, 0xd6, 0x00, 0x00, 0x12, 0x06, 0x00, 0x00, 0x11, 0xdc, 0x00, 0x00,
  0x12, 0x06, 0x00, 0x00, 0x11, 0xe2, 0x00, 0x00, 0x12, 0x06, 0x00, 0x00,
  0x11, 0xe8, 0x00, 0x00, 0x11, 0xee, 0x00, 0x00, 0x11, 0xf4, 0x00, 0x00,
  0x12, 0x06, 0x00, 0x00, 0x11, 0xfa, 0x00, 0x00, 0x12, 0x06, 0x00, 0x00,
  0x12, 0x00, 0x00, 0x00, 0x12, 0x06, 0x00, 0x00, 0x12, 0x0c, 0x00, 0x00,
  0x12, 0x24, 0x00, 0x00, 0x12, 0x12, 0x00, 0x00, 0x12, 0x24, 0x00, 0x00,
  0x12, 0x18, 0x00, 0x00, 0x12, 0x24, 0x00, 0x00, 0x12, 0x1e, 0x00, 0x00,
  0x12, 0x24, 0x00, 0x00, 0x12, 0x2a, 0x00, 0x00, 0x12, 0x30, 0x12, 0x36,
  0x12, 0x3c, 0x00, 0x00, 0x12, 0x96, 0x12, 0x9c, 0x12, 0x7e, 0x00, 0x00,
  0x12, 0x96, 0x12, 0x9c, 0x12, 0x42, 0x00, 0x00, 0x12, 0x96, 0x12, 0x9c,
  0x12, 0x7e, 0x00, 0x00, 0x12, 0x6c, 0x12, 0x9c, 0x12, 0x42, 0x00, 0x00,
  0x12, 0x96, 0x12, 0x9c, 0x12, 0x48, 0x00, 0x00, 0x12, 0x96, 0x12, 0x9c,
  0x12, 0x4e, 0x00, 0x00, 0x12, 0x96, 0x12, 0x9c, 0x12, 0x54, 0x00, 0x00,
  0x12, 0x96, 0x12, 0x9c, 0x12, 0x84, 0x00, 0x00, 0x12, 0x96, 0x12, 0x9c,
  0x12, 0x54, 0x00, 0x00, 0x12, 0x6c, 0x12, 0x9c, 0x12, 0x5a, 0x00, 0x00,
  0x12, 0x96, 0x12, 0x9c, 0x12, 0x84, 0x00, 0x00, 0x12, 0x96, 0x12, 0x9c,
  0x12, 0x60, 0x00, 0x00, 0x12, 0x96, 0x12, 0x9c, 0x12, 0x66, 0x00, 0x00,
  0x12, 0x96, 0x12, 0x9c, 0x12, 0x84, 0x00, 0x00, 0x12, 0x6c, 0x12, 0x9c,
  0x12, 0x72, 0x00, 0x00, 0x12, 0x96, 0x12, 0x9c, 0x12, 0x78, 0x00, 0x00,
  0x12, 0x96, 0x12, 0x9c, 0x12, 0x7e, 0x00, 0x00, 0x12, 0x96, 0x12, 0x9c,
  0x12, 0x84, 0x00, 0x00, 0x12, 0x96, 0x12, 0x9c, 0x12, 0x8a, 0x00, 0x00,
  0x12, 0x96, 0x12, 0x9c, 0x12, 0x90, 0x00, 0x00, 0x12, 0x96, 0x12, 0x9c,
  0x12, 0xa2, 0x00, 0x00, 0x12, 0xa8, 0x00, 0x00, 0x12, 0xae, 0x00, 0x00,
  0x12, 0xb4, 0x12, 0xba, 0x12, 0xc0, 0x00, 0x00, 0x12, 0xc6, 0x00, 0x00,
  0x12, 0xcc, 0x00, 0x00, 0x12, 0xd2, 0x00, 0x00, 0x12, 0xf0, 0x00, 0x00,
  0x00, 0x00, 0x00, 0x00, 0x12, 0xd8, 0x00, 0x00, 0x00, 0x00, 0x00, 0x00,
  0x12, 0xde, 0x00, 0x00, 0x00, 0x00, 0x00, 0x00, 0x12, 0xe4, 0x00, 0x00,
  0x00, 0x00, 0x00, 0x00, 0x12, 0xea, 0x00, 0x00, 0x00, 0x00, 0x00, 0x00,
  0x12, 0xf0, 0x00, 0x00, 0x00, 0x00, 0x00, 0x00, 0x12, 0xf6, 0x00, 0x00,
  0x00, 0x00, 0x00, 0x00, 0x12, 0xfc, 0x00, 0x00, 0x00, 0x00, 0x00, 0x00,
  0x14, 0xd0, 0x00, 0x00, 0x00, 0x00, 0x00, 0x00, 0x13, 0x02, 0x00, 0x00,
  0x00, 0x00, 0x00, 0x00, 0x13, 0x08, 0x00, 0x00, 0x00, 0x00, 0x00, 0x00,
  0x00, 0x00, 0x00, 0x00, 0x13, 0x0e, 0x00, 0x00, 0x00, 0x01, 0x01, 0xbd,
  0x03, 0xe9, 0x00, 0x01, 0x01, 0x81, 0x03, 0x9a, 0x00, 0x01, 0x01, 0x81,
  0x04, 0xac, 0x00, 0x01, 0x01, 0x81, 0x04, 0xab, 0x00, 0x01, 0x01, 0x81,
  0x04, 0x66, 0x00, 0x01, 0x02, 0x38, 0x03, 0x5e, 0x00, 0x01, 0x01, 0x8c,
  0x04, 0xb9, 0x00, 0x01, 0x01, 0x80, 0x04, 0x78, 0x00, 0x01, 0x01, 0x81,
  0x03, 0xc7, 0x00, 0x01, 0x01, 0x81, 0xfe, 0xf8, 0x00, 0x01, 0x01, 0x3f,
  0x04, 0x0a, 0x00, 0x01, 0x01, 0x86, 0x04, 0x22, 0x00, 0x01, 0x01, 0x81,
  0x03, 0xac, 0x00, 0x01, 0x01, 0x81, 0x02, 0xe4, 0x00, 0x01, 0x01, 0x81,
  0x04, 0x50, 0x00, 0x01, 0x01, 0x81, 0x03, 0xc4, 0x00, 0x01, 0x01, 0x81,
  0x00, 0x00, 0x00, 0x01, 0x02, 0xe3, 0x00, 0x00, 0x00, 0x01, 0x01, 0xd3,
  0x03, 0xe8, 0x00, 0x01, 0x01, 0x97, 0x03, 0xc9, 0x00, 0x01, 0x01, 0x97,
  0x02, 0xe3, 0x00, 0x01, 0x01, 0xbb, 0xff, 0x0a, 0x00, 0x01, 0x01, 0x97,
  0x03, 0xe5, 0x00, 0x01, 0x01, 0x9b, 0x00, 0x03, 0x00, 0x01, 0x01, 0x5c,
  0x02, 0xe4, 0x00, 0x01, 0x01, 0x75, 0x00, 0x00, 0x00, 0x01, 0x01, 0x60,
  0x03, 0xca, 0x00, 0x01, 0x01, 0x7d, 0x02, 0xe4, 0x00, 0x01, 0x01, 0x97,
  0x00, 0x00, 0x00, 0x01, 0x01, 0x00, 0x00, 0x00, 0x00, 0x01, 0x01, 0x47,
  0x02, 0xe4, 0x00, 0x01, 0x01, 0x2d, 0x00, 0x00, 0x00, 0x01, 0x02, 0x47,
  0x00, 0x00, 0x00, 0x01, 0x01, 0x87, 0x03, 0xe9, 0x00, 0x01, 0x01, 0x4b,
  0x03, 0xca, 0x00, 0x01, 0x02, 0x02, 0x03, 0x5e, 0x00, 0x01, 0x01, 0x56,
  0x04, 0xb9, 0x00, 0x01, 0x01, 0x4a, 0x04, 0x78, 0x00, 0x01, 0x01, 0x4b,
  0x03, 0xc7, 0x00, 0x01, 0x01, 0x4b, 0x03, 0xe6, 0x00, 0x01, 0x01, 0x31,
  0xfe, 0xf8, 0x00, 0x01, 0x01, 0x09, 0x04, 0x0a, 0x00, 0x01, 0x01, 0x50,
  0x04, 0x22, 0x00, 0x01, 0x01, 0x4b, 0x03, 0xac, 0x00, 0x01, 0x01, 0x4b,
  0x02, 0xe4, 0x00, 0x01, 0x01, 0x4b, 0x03, 0xc4, 0x00, 0x01, 0x01, 0xa1,
  0x02, 0xe4, 0x00, 0x01, 0x01, 0xa1, 0x03, 0xca, 0x00, 0x01, 0x01, 0xa1,
  0x03, 0xe6, 0x00, 0x01, 0x01, 0xa1, 0x03, 0xac, 0x00, 0x01, 0x02, 0x4b,
  0x02, 0xe4, 0x00, 0x01, 0x02, 0x4b, 0x00, 0x00, 0x00, 0x01, 0x02, 0x98,
  0x00, 0x00, 0x00, 0x01, 0x02, 0x6a, 0x02, 0xe4, 0x00, 0x01, 0x02, 0x6a,
  0x00, 0x00, 0x00, 0x01, 0x02, 0xb7, 0x00, 0x00, 0x00, 0x01, 0x00, 0xd1,
  0x03, 0xe9, 0x00, 0x01, 0x01, 0x4d, 0x03, 0x74, 0x00, 0x01, 0x00, 0x95,
  0x03, 0xc7, 0x00, 0x01, 0x00, 0x95, 0x03, 0xe6, 0x00, 0x01, 0x00, 0x95,
  0xfe, 0xf8, 0x00, 0x01, 0x00, 0x53, 0x04, 0x0a, 0x00, 0x01, 0x00, 0x9b,
  0x04, 0x22, 0x00, 0x01, 0x00, 0x95, 0x03, 0xac, 0x00, 0x01, 0x00, 0x95,
  0x03, 0xc4, 0x00, 0x01, 0x00, 0x95, 0x00, 0x00, 0x00, 0x01, 0x01, 0x60,
  0x02, 0xe4, 0x00, 0x01, 0x01, 0x60, 0x00, 0x00, 0x00, 0x01, 0x00, 0x95,
  0x02, 0xe4, 0x00, 0x01, 0x02, 0x5f, 0x02, 0xd4, 0x00, 0x01, 0x01, 0x3f,
  0x00, 0x00, 0x00, 0x01, 0x00, 0xd5, 0x03, 0xe9, 0x00, 0x01, 0x00, 0x99,
  0x03, 0xca, 0x00, 0x01, 0x02, 0x63, 0x02, 0xd4, 0x00, 0x01, 0x01, 0x43,
  0x00, 0x00, 0x00, 0x01, 0x00, 0xa5, 0x02, 0xe4, 0x00, 0x01, 0x02, 0x70,
  0x02, 0xd4, 0x00, 0x01, 0x01, 0x50, 0x00, 0x00, 0x00, 0x01, 0x00, 0xef,
  0x00, 0x00, 0x00, 0x01, 0x01, 0x73, 0x00, 0x00, 0x00, 0x01, 0x01, 0xb3,
  0x03, 0xe9, 0x00, 0x01, 0x01, 0x77, 0x03, 0xca, 0x00, 0x01, 0x01, 0x77,
  0x03, 0xc4, 0x00, 0x01, 0x01, 0x77, 0x00, 0x00, 0x00, 0x01, 0x01, 0xda,
  0x03, 0xf3, 0x00, 0x01, 0x02, 0x56, 0x03, 0x68, 0x00, 0x01, 0x01, 0xa9,
  0x04, 0xc3, 0x00, 0x01, 0x01, 0x9e, 0x04, 0x82, 0x00, 0x01, 0x01, 0x9e,
  0x03, 0xd1, 0x00, 0x01, 0x01, 0x9e, 0xfe, 0xf8, 0x00, 0x01, 0x01, 0x5c,
  0x04, 0x14, 0x00, 0x01, 0x01, 0xa4, 0x04, 0x2c, 0x00, 0x01, 0x01, 0xd4,
  0x03, 0xe9, 0x00, 0x01, 0x01, 0x98, 0x02, 0xe4, 0x00, 0x01, 0x01, 0x98,
  0xfe, 0xf8, 0x00, 0x01, 0x01, 0x56, 0x04, 0x0a, 0x00, 0x01, 0x01, 0x9e,
  0x04, 0x22, 0x00, 0x01, 0x01, 0x98, 0x03, 0xc4, 0x00, 0x01, 0x01, 0xae,
  0x02, 0xec, 0x00, 0x01, 0x01, 0x98, 0x00, 0x00, 0x00, 0x01, 0x01, 0xc2,
  0x03, 0xec, 0x00, 0x01, 0x01, 0x9e, 0x03, 0xb6, 0x00, 0x01, 0x01, 0x9e,
  0x03, 0xce, 0x00, 0x01, 0x02, 0xd7, 0x02, 0xe4, 0x00, 0x01, 0x02, 0xbd,
  0x00, 0x00, 0x00, 0x01, 0x03, 0xd7, 0x00, 0x00, 0x00, 0x01, 0x00, 0x91,
  0x02, 0xe4, 0x00, 0x01, 0x00, 0x91, 0x00, 0x00, 0x00, 0x01, 0x01, 0x9e,
  0x02, 0xee, 0x00, 0x01, 0x01, 0x9e, 0x02, 0xed, 0x00, 0x01, 0x01, 0x9e,
  0x00, 0x00, 0x00, 0x01, 0x02, 0xd5, 0x00, 0x0b, 0x00, 0x01, 0x01, 0x1d,
  0x02, 0xe4, 0x00, 0x01, 0x00, 0xde, 0x00, 0x00, 0x00, 0x01, 0x01, 0x5d,
  0x03, 0xe9, 0x00, 0x01, 0x01, 0x21, 0x03, 0xca, 0x00, 0x01, 0x00, 0xe2,
  0x00, 0x00, 0x00, 0x01, 0x01, 0x8a, 0x03, 0xe9, 0x00, 0x01, 0x01, 0x4e,
  0x03, 0xca, 0x00, 0x01, 0x01, 0x4e, 0x00, 0x00, 0x00, 0x01, 0x01, 0x4e,
  0x02, 0xe4, 0x00, 0x01, 0x01, 0x6e, 0xff, 0x06, 0x00, 0x01, 0x01, 0x57,
  0x03, 0xc9, 0x00, 0x01, 0x01, 0x57, 0x00, 0x01, 0x00, 0x01, 0x01, 0x57,
  0x02, 0xe3, 0x00, 0x01, 0x01, 0x77, 0xff, 0x07, 0x00, 0x01, 0x01, 0xa4,
  0x00, 0x00, 0x00, 0x01, 0x01, 0x6f, 0x02, 0xe4, 0x00, 0x01, 0x02, 0x03,
  0x02, 0xe4, 0x00, 0x01, 0x01, 0xae, 0xff, 0xfb, 0x00, 0x01, 0x01, 0xaf,
  0x03, 0xe9, 0x00, 0x01, 0x02, 0x2b, 0x03, 0x74, 0x00, 0x01, 0x01, 0x73,
  0x03, 0xc7, 0x00, 0x01, 0x01, 0x6d, 0xfe, 0xf8, 0x00, 0x01, 0x01, 0x31,
  0x04, 0x0a, 0x00, 0x01, 0x01, 0x78, 0x04, 0x22, 0x00, 0x01, 0x01, 0xb5,
  0x03, 0xe9, 0x00, 0x01, 0x01, 0x79, 0x02, 0xe4, 0x00, 0x01, 0x01, 0x79,
  0xfe, 0xf8, 0x00, 0x01, 0x01, 0x37, 0x04, 0x0a, 0x00, 0x01, 0x01, 0x7e,
  0x04, 0x22, 0x00, 0x01, 0x01, 0x79, 0x03, 0xc4, 0x00, 0x01, 0x02, 0x17,
  0x02, 0xe3, 0x00, 0x01, 0x01, 0x79, 0x00, 0x00, 0x00, 0x01, 0x01, 0x97,
  0x03, 0xe2, 0x00, 0x01, 0x01, 0x73, 0x03, 0xac, 0x00, 0x01, 0x01, 0x73,
  0x02, 0xe4, 0x00, 0x01, 0x01, 0x73, 0x04, 0x50, 0x00, 0x01, 0x01, 0x73,
  0x03, 0xc4, 0x00, 0x01, 0x02, 0x07, 0x02, 0xe4, 0x00, 0x01, 0x01, 0x6d,
  0x00, 0x00, 0x00, 0x01, 0x01, 0xb2, 0xff, 0xfb, 0x00, 0x01, 0x02, 0x11,
  0x02, 0xe4, 0x00, 0x01, 0x02, 0x11, 0x00, 0x00, 0x00, 0x01, 0x02, 0x41,
  0x03, 0xe9, 0x00, 0x01, 0x02, 0xbc, 0x03, 0x74, 0x00, 0x01, 0x02, 0x05,
  0x03, 0xc7, 0x00, 0x01, 0x01, 0xc3, 0x04, 0x0a, 0x00, 0x01, 0x02, 0x05,
  0x00, 0x00, 0x00, 0x01, 0x01, 0xa5, 0x03, 0xe8, 0x00, 0x01, 0x02, 0x20,
  0x03, 0x72, 0x00, 0x01, 0x01, 0x69, 0x03, 0xc6, 0x00, 0x01, 0x01, 0x69,
  0xfe, 0xf8, 0x00, 0x01, 0x01, 0x26, 0x04, 0x08, 0x00, 0x01, 0x01, 0x6e,
  0x04, 0x21, 0x00, 0x01, 0x01, 0x69, 0x03, 0xc3, 0x00, 0x01, 0x01, 0x40,
  0x02, 0xe4, 0x00, 0x01, 0x01, 0x7c, 0x03, 0xe9, 0x00, 0x01, 0x01, 0x40,
  0x03, 0xca, 0x00, 0x01, 0x01, 0x40, 0x03, 0xe6, 0x00, 0x01, 0x01, 0x40,
  0x00, 0x00, 0x00, 0x01, 0x01, 0x4a, 0x00, 0x00, 0x00, 0x01, 0x02, 0x53,
  0x00, 0x0a, 0x00, 0x01, 0x01, 0x88, 0x03, 0x17, 0x00, 0x01, 0x01, 0x4c,
  0x03, 0xda, 0x00, 0x01, 0x01, 0x4c, 0x03, 0xd9, 0x00, 0x01, 0x01, 0x4c,
  0x03, 0x94, 0x00, 0x01, 0x02, 0x03, 0x02, 0xa2, 0x00, 0x01, 0x01, 0x57,
  0x03, 0xe7, 0x00, 0x01, 0x01, 0x4b, 0x03, 0xa6, 0x00, 0x01, 0x01, 0x4c,
  0x02, 0xf5, 0x00, 0x01, 0x01, 0x4c, 0xfe, 0xf8, 0x00, 0x01, 0x01, 0x0a,
  0x03, 0x38, 0x00, 0x01, 0x01, 0x51, 0x03, 0x50, 0x00, 0x01, 0x01, 0x4c,
  0x02, 0xda, 0x00, 0x01, 0x01, 0x4c, 0x02, 0x12, 0x00, 0x01, 0x01, 0x4c,
  0x03, 0x7e, 0x00, 0x01, 0x01, 0x4c, 0x02, 0xf2, 0x00, 0x01, 0x01, 0x4c,
  0x00, 0x00, 0x00, 0x01, 0x02, 0x55, 0x00, 0x0a, 0x00, 0x01, 0x01, 0x87,
  0x03, 0x17, 0x00, 0x01, 0x01, 0x6f, 0xff, 0x05, 0x00, 0x01, 0x01, 0x79,
  0x03, 0x17, 0x00, 0x01, 0x01, 0x3d, 0x02, 0xf8, 0x00, 0x01, 0x01, 0xf4,
  0x02, 0xa2, 0x00, 0x01, 0x01, 0x48, 0x03, 0xe7, 0x00, 0x01, 0x01, 0x3c,
  0x03, 0xa6, 0x00, 0x01, 0x01, 0x3d, 0x02, 0xf6, 0x00, 0x01, 0x01, 0x3d,
  0x03, 0x15, 0x00, 0x01, 0x01, 0x3d, 0xfe, 0xf8, 0x00, 0x01, 0x00, 0xfb,
  0x03, 0x38, 0x00, 0x01, 0x01, 0x42, 0x03, 0x50, 0x00, 0x01, 0x01, 0x3d,
  0x02, 0xdb, 0x00, 0x01, 0x01, 0x3d, 0x02, 0x12, 0x00, 0x01, 0x01, 0x3d,
  0x02, 0xf2, 0x00, 0x01, 0x01, 0x3d, 0x00, 0x01, 0x00, 0x01, 0x01, 0x78,
  0xff, 0xfd, 0x00, 0x01, 0x01, 0x4a, 0x02, 0x12, 0x00, 0x01, 0x01, 0x4a,
  0xfe, 0xd4, 0x00, 0x01, 0x01, 0x4b, 0x02, 0xf8, 0x00, 0x01, 0x01, 0x4b,
  0x03, 0x14, 0x00, 0x01, 0x01, 0x4b, 0x02, 0xda, 0x00, 0x01, 0x01, 0x4b,
  0xfe, 0xd4, 0x00, 0x01, 0x01, 0x31, 0x03, 0xe8, 0x00, 0x01, 0x01, 0x31,
  0x00, 0x00, 0x00, 0x01, 0x01, 0x53, 0x02, 0x12, 0x00, 0x01, 0x01, 0x53,
  0x00, 0x00, 0x00, 0x01, 0x00, 0x94, 0x03, 0x14, 0x00, 0x01, 0x00, 0xe0,
  0x00, 0x00, 0x00, 0x01, 0x00, 0x97, 0x02, 0x12, 0x00, 0x01, 0x00, 0xd3,
  0x03, 0x17, 0x00, 0x01, 0x01, 0x4f, 0x02, 0xa2, 0x00, 0x01, 0x00, 0x97,
  0x02, 0xf5, 0x00, 0x01, 0x00, 0x97, 0xfe, 0xf8, 0x00, 0x01, 0x00, 0x55,
  0x03, 0x38, 0x00, 0x01, 0x00, 0x9d, 0x03, 0x50, 0x00, 0x01, 0x00, 0x97,
  0x02, 0xda, 0x00, 0x01, 0x00, 0x97, 0x03, 0x14, 0x00, 0x01, 0x00, 0x97,
  0x02, 0xf2, 0x00, 0x01, 0x00, 0x97, 0x00, 0x00, 0x00, 0x01, 0x00, 0xe3,
  0x00, 0x00, 0x00, 0x01, 0x00, 0x99, 0x03, 0x14, 0x00, 0x01, 0x01, 0x40,
  0x03, 0xc6, 0x00, 0x01, 0x00, 0xd0, 0x03, 0xfe, 0x00, 0x01, 0x01, 0x18,
  0x03, 0xe8, 0x00, 0x01, 0x00, 0x90, 0x02, 0xf9, 0x00, 0x01, 0x01, 0x14,
  0x03, 0xe8, 0x00, 0x01, 0x00, 0x90, 0x00, 0x00, 0x00, 0x01, 0x00, 0xcb,
  0x02, 0xf9, 0x00, 0x01, 0x01, 0x4f, 0x03, 0xe8, 0x00, 0x01, 0x00, 0xcb,
  0x00, 0x00, 0x00, 0x01, 0x01, 0x2b, 0x00, 0x00, 0x00, 0x01, 0x01, 0x71,
  0x03, 0x17, 0x00, 0x01, 0x01, 0x34, 0x02, 0xf8, 0x00, 0x01, 0x01, 0x34,
  0x02, 0xf2, 0x00, 0x01, 0x01, 0x34, 0x00, 0x00, 0x00, 0x01, 0x01, 0x85,
  0x03, 0x18, 0x00, 0x01, 0x02, 0x00, 0x02, 0xa2, 0x00, 0x01, 0x01, 0x53,
  0x03, 0xe7, 0x00, 0x01, 0x01, 0x48, 0x03, 0xa6, 0x00, 0x01, 0x01, 0x49,
  0x02, 0xf6, 0x00, 0x01, 0x01, 0x49, 0x02, 0x12, 0x00, 0x01, 0x01, 0x49,
  0xfe, 0xf8, 0x00, 0x01, 0x01, 0x06, 0x03, 0x38, 0x00, 0x01, 0x01, 0x4e,
  0x03, 0x50, 0x00, 0x01, 0x01, 0x58, 0x02, 0x1b, 0x00, 0x01, 0x01, 0xa7,
  0x03, 0x17, 0x00, 0x01, 0x01, 0x6b, 0x02, 0x12, 0x00, 0x01, 0x01, 0x6b,
  0xfe, 0xf8, 0x00, 0x01, 0x01, 0x29, 0x03, 0x38, 0x00, 0x01, 0x01, 0x45,
  0x03, 0x50, 0x00, 0x01, 0x01, 0x3c, 0x02, 0xf1, 0x00, 0x01, 0x01, 0x59,
  0x02, 0x1b, 0x00, 0x01, 0x01, 0x6b, 0x00, 0x00, 0x00, 0x01, 0x01, 0x6d,
  0x03, 0x10, 0x00, 0x01, 0x01, 0x49, 0x02, 0xdb, 0x00, 0x01, 0x01, 0x48,
  0x02, 0x12, 0x00, 0x01, 0x01, 0x49, 0x02, 0xf2, 0x00, 0x01, 0x01, 0x49,
  0x02, 0x1c, 0x00, 0x01, 0x01, 0x49, 0x00, 0x00, 0x00, 0x01, 0x02, 0x40,
  0x00, 0x0a, 0x00, 0x01, 0x00, 0xd3, 0x02, 0x12, 0x00, 0x01, 0x00, 0x86,
  0x00, 0x00, 0x00, 0x01, 0x01, 0x1d, 0x03, 0x17, 0x00, 0x01, 0x00, 0xe1,
  0x02, 0xf8, 0x00, 0x01, 0x00, 0x94, 0x00, 0x00, 0x00, 0x01, 0x01, 0x18,
  0x02, 0x12, 0x00, 0x01, 0x01, 0x1a, 0x00, 0x01, 0x00, 0x01, 0x01, 0x56,
  0x03, 0x17, 0x00, 0x01, 0x01, 0x1a, 0x02, 0xf8, 0x00, 0x01, 0x01, 0x1c,
  0x00, 0x01, 0x00, 0x01, 0x01, 0x1a, 0x02, 0x12, 0x00, 0x01, 0x01, 0x3c,
  0xff, 0x08, 0x00, 0x01, 0x01, 0x08, 0x00, 0x00, 0x00, 0x01, 0x00, 0xdd,
  0x02, 0x11, 0x00, 0x01, 0x01, 0x9f, 0x02, 0x11, 0x00, 0x01, 0x01, 0x28,
  0xff, 0x06, 0x00, 0x01, 0x01, 0x25, 0x02, 0x12, 0x00, 0x01, 0x01, 0x7c,
  0x02, 0x12, 0x00, 0x01, 0x01, 0x25, 0x00, 0x00, 0x00, 0x01, 0x01, 0x6a,
  0x03, 0x17, 0x00, 0x01, 0x01, 0xe6, 0x02, 0xa2, 0x00, 0x01, 0x01, 0x2e,
  0x02, 0xf5, 0x00, 0x01, 0x01, 0x2e, 0xfe, 0xf8, 0x00, 0x01, 0x00, 0xec,
  0x03, 0x38, 0x00, 0x01, 0x01, 0x33, 0x03, 0x50, 0x00, 0x01, 0x01, 0x20,
  0x02, 0x12, 0x00, 0x01, 0x01, 0x8c, 0x02, 0x11, 0x00, 0x01, 0x01, 0x20,
  0x00, 0x00, 0x00, 0x01, 0x02, 0x12, 0x00, 0x00, 0x00, 0x01, 0x01, 0x65,
  0x03, 0x17, 0x00, 0x01, 0x01, 0x29, 0x02, 0x12, 0x00, 0x01, 0x01, 0x29,
  0xfe, 0xf8, 0x00, 0x01, 0x00, 0xe7, 0x03, 0x38, 0x00, 0x01, 0x01, 0x2e,
  0x03, 0x50, 0x00, 0x01, 0x01, 0x29, 0x02, 0xf2, 0x00, 0x01, 0x01, 0x95,
  0x02, 0x11, 0x00, 0x01, 0x01, 0x29, 0x00, 0x00, 0x00, 0x01, 0x01, 0x52,
  0x03, 0x10, 0x00, 0x01, 0x01, 0x2e, 0x02, 0xda, 0x00, 0x01, 0x01, 0x2e,
  0x02, 0x12, 0x00, 0x01, 0x01, 0x2e, 0x03, 0x7e, 0x00, 0x01, 0x01, 0x2e,
  0x02, 0xf2, 0x00, 0x01, 0x01, 0x85, 0x02, 0x12, 0x00, 0x01, 0x01, 0x2e,
  0x00, 0x00, 0x00, 0x01, 0x02, 0x1b, 0x00, 0x00, 0x00, 0x01, 0x01, 0xba,
  0x02, 0x12, 0x00, 0x01, 0x01, 0xf6, 0x03, 0x17, 0x00, 0x01, 0x02, 0x72,
  0x02, 0xa2, 0x00, 0x01, 0x01, 0xba, 0x02, 0xf5, 0x00, 0x01, 0x01, 0x78,
  0x03, 0x38, 0x00, 0x01, 0x01, 0xba, 0x00, 0x00, 0x00, 0x01, 0x01, 0x67,
  0x03, 0x17, 0x00, 0x01, 0x01, 0xe2, 0x02, 0xa2, 0x00, 0x01, 0x01, 0x2b,
  0x02, 0xf5, 0x00, 0x01, 0x01, 0x2b, 0x02, 0x12, 0x00, 0x01, 0x01, 0xd9,
  0xfe, 0xf8, 0x00, 0x01, 0x00, 0xe9, 0x03, 0x38, 0x00, 0x01, 0x01, 0x30,
  0x03, 0x50, 0x00, 0x01, 0x01, 0x2b, 0x02, 0xf2, 0x00, 0x01, 0x01, 0xd9,
  0x00, 0x00, 0x00, 0x01, 0x00, 0xf8, 0x02, 0x11, 0x00, 0x01, 0x01, 0x34,
  0x03, 0x16, 0x00, 0x01, 0x00, 0xf8, 0x02, 0xf7, 0x00, 0x01, 0x00, 0xf8,
  0x03, 0x13, 0x00, 0x01, 0x00, 0xf2, 0x00, 0x00, 0x00, 0x01, 0x01, 0x28,
  0x02, 0x12, 0x00, 0x01, 0x01, 0x1f, 0x00, 0x00, 0x00, 0x01, 0x02, 0x10,
  0x00, 0x00, 0x00, 0x01, 0x01, 0x69, 0x03, 0x17, 0x00, 0x01, 0x01, 0x2d,
  0x03, 0xda, 0x00, 0x01, 0x01, 0x2d, 0x03, 0xd9, 0x00, 0x01, 0x01, 0x2d,
  0x03, 0x94, 0x00, 0x01, 0x01, 0xe4, 0x02, 0xa2, 0x00, 0x01, 0x01, 0x37,
  0x03, 0xe7, 0x00, 0x01, 0x01, 0x2c, 0x03, 0xa6, 0x00, 0x01, 0x01, 0x2d,
  0x02, 0xf5, 0x00, 0x01, 0x01, 0x24, 0xfe, 0xf8, 0x00, 0x01, 0x00, 0xea,
  0x03, 0x38, 0x00, 0x01, 0x01, 0x32, 0x03, 0x50, 0x00, 0x01, 0x01, 0x2d,
  0x02, 0xda, 0x00, 0x01, 0x01, 0x2d, 0x02, 0x12, 0x00, 0x01, 0x01, 0x2d,
  0x03, 0x7e, 0x00, 0x01, 0x01, 0x2d, 0x02, 0xf2, 0x00, 0x01, 0x01, 0x24,
  0x00, 0x00, 0x00, 0x01, 0x02, 0x15, 0x00, 0x00, 0x00, 0x01, 0x01, 0x90,
  0x02, 0x31, 0x00, 0x01, 0x01, 0xac, 0x00, 0x89, 0x00, 0x01, 0x00, 0xcd,
  0x02, 0x97, 0x00, 0x01, 0x00, 0xcd, 0x01, 0xd6, 0x00, 0x01, 0x00, 0xcb,
  0x01, 0xe5, 0x00, 0x01, 0x01, 0x4b, 0x02, 0x12, 0x00, 0x01, 0x01, 0x4f,
  0xff, 0xfe, 0x00, 0x01, 0x01, 0x69, 0x02, 0xe3, 0x00, 0x01, 0x01, 0x69,
  0x00, 0x00, 0x00, 0x01, 0x00, 0xf1, 0x02, 0xf5, 0x00, 0x01, 0x00, 0x84,
  0x03, 0x12, 0x00, 0x01, 0x00, 0x7d, 0x03, 0x38, 0x00, 0x01, 0x00, 0x8f,
  0x03, 0x17, 0x00, 0x01, 0x01, 0xe9, 0x02, 0x7e, 0x00, 0x01, 0x00, 0xd1,
  0x02, 0xf8, 0x00, 0x01, 0x00, 0xb8, 0x02, 0xda, 0x00, 0x01, 0x00, 0xc6,
  0x02, 0xf2, 0x00, 0x01, 0x00, 0xbc, 0x02, 0xfb, 0x00, 0x01, 0x00, 0x82,
  0xff, 0x07, 0x00, 0x06, 0x00, 0x10, 0x00, 0x01, 0x00, 0x0a, 0x00, 0x00,
  0x00, 0x01, 0x00, 0x0c, 0x00, 0x0c, 0x00, 0x01, 0x00, 0x16, 0x00, 0x36,
  0x00, 0x01, 0x00, 0x03, 0x01, 0xff, 0x02, 0x00, 0x02, 0x01, 0x00, 0x03,
  0x00, 0x00, 0x00, 0x0e, 0x00, 0x00, 0x00, 0x14, 0x00, 0x00, 0x00, 0x1a,
  0x00, 0x01, 0x00, 0x62, 0x00, 0x00, 0x00, 0x01, 0x00, 0x77, 0x00, 0x00,
  0x00, 0x01, 0x00, 0x62, 0x00, 0x1f, 0x00, 0x03, 0x00, 0x08, 0x00, 0x0e,
  0x00, 0x14, 0x00, 0x01, 0x00, 0x62, 0xfe, 0xf8, 0x00, 0x01, 0x00, 0x77,
  0xff, 0x1a, 0x00, 0x01, 0x00, 0x82, 0xff, 0x25, 0x00, 0x06, 0x00, 0x10,
  0x00, 0x01, 0x00, 0x0a, 0x00, 0x01, 0x00, 0x01, 0x00, 0x0c, 0x00, 0x16,
  0x00, 0x01, 0x00, 0x2c, 0x00, 0xdc, 0x00, 0x02, 0x00, 0x01, 0x01, 0xe9,
  0x01, 0xfd, 0x00, 0x00, 0x00, 0x02, 0x00, 0x03, 0x01, 0xe9, 0x01, 0xec,
  0x00, 0x00, 0x01, 0xee, 0x01, 0xee, 0x00, 0x04, 0x01, 0xf0, 0x01, 0xfd,
  0x00, 0x05, 0x00, 0x15, 0x00, 0x00, 0x00, 0x8c, 0x00, 0x00, 0x00, 0x56,
  0x00, 0x00, 0x00, 0x56, 0x00, 0x00, 0x00, 0x8c, 0x00, 0x00, 0x00, 0x86,
  0x00, 0x00, 0x00, 0x86, 0x00, 0x00, 0x00, 0x5c, 0x00, 0x00, 0x00, 0x62,
  0x00, 0x00, 0x00, 0x68, 0x00, 0x00, 0x00, 0x6e, 0x00, 0x00, 0x00, 0x74,
  0x00, 0x00, 0x00, 0x7a, 0x00, 0x00, 0x00, 0x80, 0x00, 0x00, 0x00, 0x86,
  0x00, 0x00, 0x00, 0x86, 0x00, 0x00, 0x00, 0x8c, 0x00, 0x00, 0x00, 0x92,
  0x00, 0x00, 0x00, 0x98, 0x00, 0x00, 0x00, 0x9e, 0x00, 0x00, 0x00, 0xa4,
  0x00, 0x00, 0x00, 0xaa, 0x00, 0x01, 0x00, 0xaf, 0x02, 0x12, 0x00, 0x01,
  0x00, 0xd8, 0x02, 0x12, 0x00, 0x01, 0x00, 0xd6, 0x02, 0x12, 0x00, 0x01,
  0x01, 0x15, 0x02, 0x12, 0x00, 0x01, 0x00, 0xaa, 0x02, 0x10, 0x00, 0x01,
  0x00, 0xa8, 0x02, 0x12, 0x00, 0x01, 0x00, 0x47, 0x02, 0x12, 0x00, 0x01,
  0x00, 0xb6, 0x02, 0x12, 0x00, 0x01, 0x00, 0xd5, 0x02, 0x12, 0x00, 0x01,
  0x00, 0xae, 0x02, 0x12, 0x00, 0x01, 0x00, 0xbb, 0x02, 0x10, 0x00, 0x01,
  0x00, 0xbc, 0x02, 0x12, 0x00, 0x01, 0x00, 0xf2, 0x02, 0x33, 0x00, 0x01,
  0x00, 0x9f, 0x02, 0x12, 0x00, 0x01, 0x00, 0x7b, 0x02, 0x12, 0x00, 0x13,
  0x00, 0x28, 0x00, 0x2e, 0x00, 0x34, 0x00, 0x3a, 0x00, 0x40, 0x00, 0x46,
  0x00, 0x4c, 0x00, 0x52, 0x00, 0x58, 0x00, 0x5e, 0x00, 0x64, 0x00, 0x6a,
  0x00, 0x70, 0x00, 0x76, 0x00, 0x7c, 0x00, 0x82, 0x00, 0x88, 0x00, 0x8e,
  0x00, 0x94, 0x00, 0x01, 0x00, 0xae, 0x03, 0xda, 0x00, 0x01, 0x00, 0xaf,
  0x03, 0xda, 0x00, 0x01, 0x00, 0xaf, 0x03, 0xd9, 0x00, 0x01, 0x00, 0xae,
  0x03, 0x94, 0x00, 0x01, 0x00, 0xe0, 0x03, 0xe7, 0x00, 0x01, 0x00, 0xd5,
  0x03, 0xa6, 0x00, 0x01, 0x01, 0x15, 0x02, 0xf5, 0x00, 0x01, 0x00, 0xaa,
  0x03, 0x12, 0x00, 0x01, 0x00, 0x66, 0x03, 0x38, 0x00, 0x01, 0x00, 0x83,
  0x03, 0x17, 0x00, 0x01, 0x00, 0xda, 0x03, 0x10, 0x00, 0x01, 0x01, 0x8c,
  0x02, 0xa2, 0x00, 0x01, 0x00, 0xd5, 0x02, 0xf8, 0x00, 0x01, 0x00, 0xae,
  0x02, 0xda, 0x00, 0x01, 0x00, 0xbb, 0x03, 0x7c, 0x00, 0x01, 0x00, 0xbc,
  0x02, 0xf2, 0x00, 0x01, 0x00, 0xf2, 0x02, 0xfb, 0x00, 0x01, 0x00, 0xa4,
  0x03, 0x50, 0x00, 0x01, 0x00, 0x7b, 0x03, 0x53, 0x00, 0x06, 0x00, 0x10,
  0x00, 0x01, 0x00, 0x0a, 0x00, 0x02, 0x00, 0x01, 0x00, 0x0c, 0x00, 0x0c,
  0x00, 0x01, 0x00, 0x12, 0x00, 0x1e, 0x00, 0x01, 0x00, 0x01, 0x01, 0xfe,
  0x00, 0x01, 0x00, 0x00, 0x00, 0x06, 0x00, 0x01, 0x00, 0x6a, 0x02, 0x12,
  0x00, 0x01, 0x00, 0x04, 0x00, 0x01, 0x00, 0x7a, 0x02, 0x11, 0x00, 0x00,
  0x00, 0x01, 0x00, 0x00, 0x00, 0x0a, 0x01, 0x1a, 0x02, 0x00, 0x00, 0x02,
  0x44, 0x46, 0x4c, 0x54, 0x00, 0x0e, 0x6c, 0x61, 0x74, 0x6e, 0x00, 0x30,
  0x00, 0x04, 0x00, 0x00, 0x00, 0x00, 0xff, 0xff, 0x00, 0x0c, 0x00, 0x00,
  0x00, 0x01, 0x00, 0x02, 0x00, 0x04, 0x00, 0x05, 0x00, 0x06, 0x00, 0x0c,
  0x00, 0x0d, 0x00, 0x0e, 0x00, 0x0f, 0x00, 0x10, 0x00, 0x11, 0x00, 0x22,
  0x00, 0x05, 0x41, 0x5a, 0x45, 0x20, 0x00, 0x40, 0x43, 0x52, 0x54, 0x20,
  0x00, 0x60, 0x4b, 0x41, 0x5a, 0x20, 0x00, 0x80, 0x54, 0x41, 0x54, 0x20,
  0x00, 0xa0, 0x54, 0x52, 0x4b, 0x20, 0x00, 0xc0, 0x00, 0x00, 0xff, 0xff,
  0x00, 0x0c, 0x00, 0x00, 0x00, 0x01, 0x00, 0x03, 0x00, 0x04, 0x00, 0x05,
  0x00, 0x06, 0x00, 0x0c, 0x00, 0x0d, 0x00, 0x0e, 0x00, 0x0f, 0x00, 0x10,
  0x00, 0x11, 0x00, 0x00, 0xff, 0xff, 0x00, 0x0d, 0x00, 0x00, 0x00, 0x01,
  0x00, 0x02, 0x00, 0x04, 0x00, 0x05, 0x00, 0x06, 0x00, 0x07, 0x00, 0x0c,
  0x00, 0x0d, 0x00, 0x0e, 0x00, 0x0f, 0x00, 0x10, 0x00, 0x11, 0x00, 0x00,
  0xff, 0xff, 0x00, 0x0d, 0x00, 0x00, 0x00, 0x01, 0x00, 0x02, 0x00, 0x04,
  0x00, 0x05, 0x00, 0x06, 0x00, 0x08, 0x00, 0x0c, 0x00, 0x0d, 0x00, 0x0e,
  0x00, 0x0f, 0x00, 0x10, 0x00, 0x11, 0x00, 0x00, 0xff, 0xff, 0x00, 0x0d,
  0x00, 0x00, 0x00, 0x01, 0x00, 0x02, 0x00, 0x04, 0x00, 0x05, 0x00, 0x06,
  0x00, 0x09, 0x00, 0x0c, 0x00, 0x0d, 0x00, 0x0e, 0x00, 0x0f, 0x00, 0x10,
  0x00, 0x11, 0x00, 0x00, 0xff, 0xff, 0x00, 0x0d, 0x00, 0x00, 0x00, 0x01,
  0x00, 0x02, 0x00, 0x04, 0x00, 0x05, 0x00, 0x06, 0x00, 0x0a, 0x00, 0x0c,
  0x00, 0x0d, 0x00, 0x0e, 0x00, 0x0f, 0x00, 0x10, 0x00, 0x11, 0x00, 0x00,
  0xff, 0xff, 0x00, 0x0d, 0x00, 0x00, 0x00, 0x01, 0x00, 0x02, 0x00, 0x04,
  0x00, 0x05, 0x00, 0x06, 0x00, 0x0b, 0x00, 0x0c, 0x00, 0x0d, 0x00, 0x0e,
  0x00, 0x0f, 0x00, 0x10, 0x00, 0x11, 0x00, 0x12, 0x61, 0x61, 0x6c, 0x74,
  0x00, 0x6e, 0x63, 0x61, 0x73, 0x65, 0x00, 0x76, 0x63, 0x63, 0x6d, 0x70,
  0x00, 0x7c, 0x63, 0x63, 0x6d, 0x70, 0x00, 0x84, 0x64, 0x6e, 0x6f, 0x6d,
  0x00, 0x8e, 0x66, 0x72, 0x61, 0x63, 0x00, 0x94, 0x6c, 0x69, 0x67, 0x61,
  0x00, 0x9e, 0x6c, 0x6f, 0x63, 0x6c, 0x00, 0xa4, 0x6c, 0x6f, 0x63, 0x6c,
  0x00, 0xaa, 0x6c, 0x6f, 0x63, 0x6c, 0x00, 0xb0, 0x6c, 0x6f, 0x63, 0x6c,
  0x00, 0xb6, 0x6c, 0x6f, 0x63, 0x6c, 0x00, 0xbc, 0x6e, 0x75, 0x6d, 0x72,
  0x00, 0xc2, 0x6f, 0x72, 0x64, 0x6e, 0x00, 0xc8, 0x73, 0x69, 0x6e, 0x66,
  0x00, 0xce, 0x73, 0x73, 0x30, 0x31, 0x00, 0xd4, 0x73, 0x75, 0x62, 0x73,
  0x00, 0xda, 0x73, 0x75, 0x70, 0x73, 0x00, 0xe0, 0x00, 0x00, 0x00, 0x02,
  0x00, 0x00, 0x00, 0x01, 0x00, 0x00, 0x00, 0x01, 0x00, 0x17, 0x00, 0x00,
  0x00, 0x02, 0x00, 0x02, 0x00, 0x05, 0x00, 0x00, 0x00, 0x03, 0x00, 0x02,
  0x00, 0x05, 0x00, 0x05, 0x00, 0x00, 0x00, 0x01, 0x00, 0x0f, 0x00, 0x00,
  0x00, 0x03, 0x00, 0x10, 0x00, 0x11, 0x00, 0x12, 0x00, 0x00, 0x00, 0x01,
  0x00, 0x18, 0x00, 0x00, 0x00, 0x01, 0x00, 0x06, 0x00, 0x00, 0x00, 0x01,
  0x00, 0x07, 0x00, 0x00, 0x00, 0x01, 0x00, 0x08, 0x00, 0x00, 0x00, 0x01,
  0x00, 0x09, 0x00, 0x00, 0x00, 0x01, 0x00, 0x0a, 0x00, 0x00, 0x00, 0x01,
  0x00, 0x0e, 0x00, 0x00, 0x00, 0x01, 0x00, 0x15, 0x00, 0x00, 0x00, 0x01,
  0x00, 0x0c, 0x00, 0x00, 0x00, 0x01, 0x00, 0x19, 0x00, 0x00, 0x00, 0x01,
  0x00, 0x0b, 0x00, 0x00, 0x00, 0x01, 0x00, 0x0d, 0x00, 0x1a, 0x00, 0x36,
  0x00, 0xd4, 0x01, 0x72, 0x01, 0xb8, 0x01, 0xb8, 0x01, 0xc6, 0x02, 0x24,
  0x02, 0x24, 0x02, 0x24, 0x02, 0x24, 0x02, 0x24, 0x02, 0x38, 0x02, 0x38,
  0x02, 0x46, 0x02, 0x76, 0x02, 0x54, 0x02, 0x62, 0x02, 0x76, 0x02, 0x84,
  0x02, 0xc2, 0x02, 0xc2, 0x02, 0xda, 0x03, 0x22, 0x03, 0x44, 0x03, 0x70,
  0x03, 0xd0, 0x00, 0x01, 0x00, 0x00, 0x00, 0x01, 0x00, 0x08, 0x00, 0x02,
  0x00, 0x5c, 0x00, 0x2b, 0x01, 0x51, 0x01, 0x52, 0x01, 0x39, 0x01, 0x3a,
  0x01, 0x3b, 0x01, 0x3c, 0x01, 0x3d, 0x01, 0x3e, 0x01, 0x3f, 0x01, 0x40,
  0x01, 0x41, 0x01, 0x42, 0x01, 0x43, 0x01, 0x44, 0x01, 0x45, 0x01, 0x46,
  0x01, 0x47, 0x01, 0x48, 0x01, 0x49, 0x01, 0x4a, 0x01, 0x4b, 0x01, 0x4c,
  0x01, 0x4d, 0x00, 0xdb, 0x01, 0x52, 0x01, 0x60, 0x01, 0x61, 0x01, 0x62,
  0x01, 0x63, 0x01, 0x64, 0x01, 0x65, 0x01, 0x66, 0x01, 0x67, 0x01, 0x68,
  0x01, 0x69, 0x01, 0xa5, 0x01, 0x88, 0x01, 0xb1, 0x01, 0xb2, 0x01, 0xb3,
  0x01, 0xb4, 0x01, 0xb5, 0x01, 0xb6, 0x00, 0x02, 0x00, 0x09, 0x00, 0x01,
  0x00, 0x01, 0x00, 0x00, 0x00, 0x51, 0x00, 0x51, 0x00, 0x01, 0x00, 0x9d,
  0x00, 0xb1, 0x00, 0x02, 0x00, 0xd6, 0x00, 0xd6, 0x00, 0x17, 0x00, 0xed,
  0x00, 0xed, 0x00, 0x18, 0x01, 0x74, 0x01, 0x7d, 0x00, 0x19, 0x01, 0x98,
  0x01, 0x98, 0x00, 0x23, 0x01, 0xa3, 0x01, 0xa3, 0x00, 0x24, 0x01, 0xab,
  0x01, 0xb0, 0x00, 0x25, 0x00, 0x03, 0x00, 0x00, 0x00, 0x01, 0x00, 0x08,
  0x00, 0x01, 0x00, 0x86, 0x00, 0x0b, 0x00, 0x1c, 0x00, 0x22, 0x00, 0x2c,
  0x00, 0x36, 0x00, 0x40, 0x00, 0x4a, 0x00, 0x54, 0x00, 0x5e, 0x00, 0x68,
  0x00, 0x72, 0x00, 0x7c, 0x00, 0x02, 0x01, 0x38, 0x01, 0x51, 0x00, 0x04,
  0x01, 0x60, 0x01, 0x6a, 0x01, 0x74, 0x01, 0x7e, 0x00, 0x04, 0x01, 0x61,
  0x01, 0x6b, 0x01, 0x75, 0x01, 0x7f, 0x00, 0x04, 0x01, 0x62, 0x01, 0x6c,
  0x01, 0x76, 0x01, 0x80, 0x00, 0x04, 0x01, 0x63, 0x01, 0x6d, 0x01, 0x77,
  0x01, 0x81, 0x00, 0x04, 0x01, 0x64, 0x01, 0x6e, 0x01, 0x78, 0x01, 0x82,
  0x00, 0x04, 0x01, 0x65, 0x01, 0x6f, 0x01, 0x79, 0x01, 0x83, 0x00, 0x04,
  0x01, 0x66, 0x01, 0x70, 0x01, 0x7a, 0x01, 0x84, 0x00, 0x04, 0x01, 0x67,
  0x01, 0x71, 0x01, 0x7b, 0x01, 0x85, 0x00, 0x04, 0x01, 0x68, 0x01, 0x72,
  0x01, 0x7c, 0x01, 0x86, 0x00, 0x04, 0x01, 0x69, 0x01, 0x73, 0x01, 0x7d,
  0x01, 0x87, 0x00, 0x02, 0x00, 0x02, 0x00, 0x9c, 0x00, 0x9c, 0x00, 0x00,
  0x01, 0x53, 0x01, 0x5c, 0x00, 0x01, 0x00, 0x06, 0x00, 0x00, 0x00, 0x02,
  0x00, 0x0a, 0x00, 0x1c, 0x00, 0x03, 0x00, 0x00, 0x00, 0x01, 0x00, 0xb6,
  0x00, 0x01, 0x00, 0x32, 0x00, 0x01, 0x00, 0x00, 0x00, 0x03, 0x00, 0x03,
  0x00, 0x00, 0x00, 0x01, 0x00, 0xa4, 0x00, 0x02, 0x00, 0x14, 0x00, 0x20,
  0x00, 0x01, 0x00, 0x00, 0x00, 0x04, 0x00, 0x01, 0x00, 0x04, 0x01, 0xfe,
  0x01, 0xff, 0x02, 0x01, 0x02, 0x02, 0x00, 0x02, 0x00, 0x01, 0x01, 0xf1,
  0x01, 0xfd, 0x00, 0x00, 0x00, 0x01, 0x00, 0x00, 0x00, 0x01, 0x00, 0x08,
  0x00, 0x01, 0x00, 0x72, 0x00, 0x01, 0x00, 0x04, 0x00, 0x00, 0x00, 0x01,
  0x00, 0x08, 0x00, 0x01, 0x00, 0x4e, 0x00, 0x02, 0x00, 0x0a, 0x00, 0x2c,
  0x00, 0x04, 0x00, 0x0a, 0x00, 0x10, 0x00, 0x16, 0x00, 0x1c, 0x01, 0xed,
  0x00, 0x02, 0x01, 0xf4, 0x01, 0xee, 0x00, 0x02, 0x01, 0xf3, 0x01, 0xef,
  0x00, 0x02, 0x01, 0xfc, 0x01, 0xf0, 0x00, 0x02, 0x01, 0xfa, 0x00, 0x04,
  0x00, 0x0a, 0x00, 0x10, 0x00, 0x16, 0x00, 0x1c, 0x01, 0xe9, 0x00, 0x02,
  0x01, 0xf4, 0x01, 0xea, 0x00, 0x02, 0x01, 0xf3, 0x01, 0xeb, 0x00, 0x02,
  0x01, 0xfc, 0x01, 0xec, 0x00, 0x02, 0x01, 0xfa, 0x00, 0x01, 0x00, 0x02,
  0x01, 0xf6, 0x01, 0xf8, 0x00, 0x01, 0x00, 0x00, 0x00, 0x01, 0x00, 0x08,
  0x00, 0x01, 0x00, 0x06, 0x00, 0x05, 0x00, 0x01, 0x00, 0x01, 0x00, 0xd6,
  0x00, 0x01, 0x00, 0x00, 0x00, 0x01, 0x00, 0x08, 0x00, 0x01, 0x00, 0xd0,
  0x00, 0x17, 0x00, 0x01, 0x00, 0x00, 0x00, 0x01, 0x00, 0x08, 0x00, 0x01,
  0x00, 0xc2, 0x00, 0x2b, 0x00, 0x01, 0x00, 0x00, 0x00, 0x01, 0x00, 0x08,
  0x00, 0x01, 0x00, 0xb4, 0x00, 0x0d, 0x00, 0x01, 0x00, 0x00, 0x00, 0x01,
  0x00, 0x08, 0x00, 0x01, 0x00, 0x06, 0xff, 0xe5, 0x00, 0x01, 0x00, 0x01,
  0x01, 0xa3, 0x00, 0x01, 0x00, 0x00, 0x00, 0x01, 0x00, 0x08, 0x00, 0x01,
  0x00, 0x92, 0x00, 0x21, 0x00, 0x06, 0x00, 0x00, 0x00, 0x02, 0x00, 0x0a,
  0x00, 0x22, 0x00, 0x03, 0x00, 0x01, 0x00, 0x12, 0x00, 0x01, 0x00, 0x42,
  0x00, 0x00, 0x00, 0x01, 0x00, 0x00, 0x00, 0x13, 0x00, 0x01, 0x00, 0x01,
  0x01, 0x88, 0x00, 0x03, 0x00, 0x01, 0x00, 0x12, 0x00, 0x01, 0x00, 0x2a,
  0x00, 0x00, 0x00, 0x01, 0x00, 0x00, 0x00, 0x14, 0x00, 0x02, 0x00, 0x01,
  0x01, 0x60, 0x01, 0x69, 0x00, 0x00, 0x00, 0x01, 0x00, 0x00, 0x00, 0x01,
  0x00, 0x08, 0x00, 0x01, 0x00, 0x06, 0xff, 0xec, 0x00, 0x02, 0x00, 0x01,
  0x01, 0x74, 0x01, 0x7d, 0x00, 0x00, 0x00, 0x06, 0x00, 0x00, 0x00, 0x02,
  0x00, 0x0a, 0x00, 0x24, 0x00, 0x03, 0x00, 0x01, 0x00, 0x2c, 0x00, 0x01,
  0x00, 0x12, 0x00, 0x00, 0x00, 0x01, 0x00, 0x00, 0x00, 0x16, 0x00, 0x01,
  0x00, 0x02, 0x00, 0x01, 0x00, 0x9c, 0x00, 0x03, 0x00, 0x01, 0x00, 0x12,
  0x00, 0x01, 0x00, 0x1c, 0x00, 0x00, 0x00, 0x01, 0x00, 0x00, 0x00, 0x16,
  0x00, 0x02, 0x00, 0x01, 0x01, 0x53, 0x01, 0x5c, 0x00, 0x00, 0x00, 0x01,
  0x00, 0x02, 0x00, 0x51, 0x00, 0xed, 0x00, 0x01, 0x00, 0x00, 0x00, 0x01,
  0x00, 0x08, 0x00, 0x02, 0x00, 0x0e, 0x00, 0x04, 0x01, 0x51, 0x01, 0x52,
  0x01, 0x51, 0x01, 0x52, 0x00, 0x01, 0x00, 0x04, 0x00, 0x01, 0x00, 0x51,
  0x00, 0x9c, 0x00, 0xed, 0x00, 0x01, 0x00, 0x00, 0x00, 0x01, 0x00, 0x08,
  0x00, 0x02, 0x00, 0x14, 0x00, 0x07, 0x01, 0xa5, 0x01, 0xb1, 0x01, 0xb2,
  0x01, 0xb3, 0x01, 0xb4, 0x01, 0xb5, 0x01, 0xb6, 0x00, 0x02, 0x00, 0x02,
  0x01, 0x98, 0x01, 0x98, 0x00, 0x00, 0x01, 0xab, 0x01, 0xb0, 0x00, 0x01,
  0x00, 0x04, 0x00, 0x08, 0x00, 0x01, 0x00, 0x08, 0x00, 0x01, 0x00, 0x50,
  0x00, 0x02, 0x00, 0x0a, 0x00, 0x26, 0x00, 0x03, 0x00, 0x08, 0x00, 0x10,
  0x00, 0x16, 0x01, 0x4f, 0x00, 0x03, 0x00, 0xce, 0x00, 0xd6, 0x01, 0x4e,
  0x00, 0x02, 0x00, 0xce, 0x01, 0x50, 0x00, 0x02, 0x00, 0xd6, 0x00, 0x03,
  0x00, 0x08, 0x00, 0x16, 0x00, 0x20, 0x01, 0x95, 0x00, 0x06, 0x01, 0x0a,
  0x01, 0x0f, 0x00, 0x9c, 0x01, 0x07, 0x01, 0x98, 0x01, 0x93, 0x00, 0x04,
  0x00, 0xb3, 0x00, 0xbd, 0x01, 0x98, 0x01, 0x94, 0x00, 0x04, 0x00, 0xb9,
  0x00, 0xb9, 0x01, 0x98, 0x00, 0x01, 0x00, 0x02, 0x00, 0xce, 0x01, 0x98,
  0x00, 0x01, 0x00, 0x00, 0x00, 0x01, 0x00, 0x08, 0x00, 0x01, 0x00, 0x06,
  0x00, 0x9c, 0x00, 0x02, 0x00, 0x01, 0x00, 0x9c, 0x00, 0xb1, 0x00, 0x00,
  0x00, 0x00, 0x00, 0x01, 0x00, 0x00, 0x00, 0x00,
};
unsigned int RoundedMplus1c_Bold_reduced_ttf_len = 140300;
